group	word	mushaf	heard	sim	prob	how	t0	t1
isti	0	أَعُوذُ		0.00	0.00	spread	0.00	0.25
isti	1	بِٱللَّهِ		0.00	0.00	spread	0.25	0.50
isti	2	مِنَ		0.00	0.00	spread	0.50	0.74
isti	3	ٱلشَّيْطَٰنِ		0.00	0.00	spread	0.74	0.99
isti	4	ٱلرَّجِيمِ		0.00	0.00	spread	0.99	1.24
header	0	بِسۡمِ	بِسْمِ	1.00	1.00	rec	1.24	1.52
header	1	ٱللَّهِ	اللَّهِ	1.00	0.96	rec	1.54	2.08
header	2	ٱلرَّحۡمَٰنِ	الرَّحْمَـٰنِ	1.00	0.99	rec	2.12	3.34
header	3	ٱلرَّحِيمِ	الرَّحِيمِ	1.00	1.00	rec	3.38	5.04
1	0	الٓمٓۚ	الم	1.00	1.00	rec	6.68	10.78
1	1	ذَٰلِكَ	ذَٰلِكَ	1.00	1.00	rec	14.04	14.68
1	2	ٱلْكِتَٰبُ	الْكِتَابُ	1.00	1.00	rec	14.74	15.56
1	3	لَا	لَا	1.00	0.98	rec	15.70	15.80
1	4	رَيْبَۛ	رَيْبَ	1.00	1.00	rec	16.08	16.46
1	5	فِيهِۛ	فِيهِ	1.00	1.00	rec	16.64	17.84
1	6	هُدًۭى	هُدًى	1.00	1.00	rec	18.70	18.98
1	7	لِّلْمُتَّقِينَ	لِلْمُتَّقِينَ	1.00	0.97	rec	19.24	21.28
2	0	ٱلَّذِينَ	الَّذِينَ	1.00	1.00	rec	22.26	23.10
2	1	يُؤْمِنُونَ	يُؤْمِنُونَ	1.00	1.00	rec	23.22	24.20
2	2	بِٱلْغَيْبِ	بِالْغَيْبِ	1.00	1.00	rec	24.30	25.10
2	3	وَيُقِيمُونَ	وَيُقِيمُونَ	1.00	1.00	rec	25.24	26.48
2	4	ٱلصَّلَوٰةَ	الصَّلَاةَ	0.86	1.00	rec	26.54	27.48
2	5	وَمِمَّا	وَمِمَّا	1.00	1.00	rec	27.60	28.62
2	6	رَزَقْنَٰهُمْ	رَزَغْنَاهُمْ	0.86	0.99	rec	28.84	30.28
2	7	يُنفِقُونَ	يُنْفِقُونَ	1.00	1.00	rec	30.38	32.62
3	0	وَٱلَّذِينَ	وَالَّذِينَ	1.00	0.98	rec	33.72	34.60
3	1	يُؤْمِنُونَ	يُؤْمِنُونَ	1.00	1.00	rec	34.72	35.72
3	2	بِمَآ	بِمَا	1.00	1.00	rec	35.86	36.26
3	3	أُنزِلَ	أُنْزِلَ	1.00	1.00	rec	36.64	37.56
3	4	إِلَيْكَ	إِلَيْكَ	1.00	1.00	rec	37.70	38.42
3	5	وَمَآ	وَمَا	1.00	1.00	rec	38.54	38.92
3	6	أُنزِلَ	أُنْزِلَ	1.00	1.00	rec	39.30	40.32
3	7	مِن	مِنْ	1.00	1.00	rec	40.44	40.96
3	8	قَبْلِكَ	قَبْلِكَ	1.00	1.00	rec	41.08	41.80
3	9	وَبِٱلْءَاخِرَةِ	وَبِالْآخِرَةِ	0.89	1.00	rec	41.90	43.50
3	10	هُمْ	هُمْ	1.00	1.00	rec	43.66	43.96
3	11	يُوقِنُونَ	يُوقِنُونَ	1.00	1.00	rec	44.06	45.76
4	0	أُو۟لَٰٓئِكَ	أُولَـٰئِكَ	1.00	0.96	rec	46.92	49.74
4	1	عَلَىٰ	عَلَىٰ	1.00	1.00	rec	49.84	50.14
4	2	هُدًۭى	هُدًى	1.00	1.00	rec	50.34	50.62
4	3	مِّن	مِنْ	1.00	1.00	rec	51.16	51.36
4	4	رَّبِّهِمْۖ	رَبِّهِمْ	1.00	0.93	rec	51.44	52.50
4	5	وَأُو۟لَٰٓئِكَ	وَأُولَـٰئِكَ	1.00	0.96	rec	53.18	56.38
4	6	هُمُ	هُمُ	1.00	1.00	rec	56.54	56.80
4	7	ٱلْمُفْلِحُونَ	الْمُفْلِحُونَ	1.00	1.00	rec	56.88	59.22
5	0	إِنَّ	إِنَّ	1.00	0.89	rec	60.94	61.92
5	1	ٱلَّذِينَ	الَّذِينَ	1.00	1.00	rec	61.98	62.74
5	2	كَفَرُوا۟	كَفَرُوا	1.00	1.00	rec	62.90	63.42
5	3	سَوَآءٌ	سَوَاءٌ	1.00	1.00	rec	63.76	65.70
5	4	عَلَيْهِمْ	عَلَيْهِمْ	1.00	1.00	rec	66.04	67.06
5	5	ءَأَنذَرْتَهُمْ	أَع+أَنْذَرْتَهُمْ	0.78	0.73	rec	67.22	69.46
5	6	أَمْ	أَمْ	1.00	1.00	rec	69.58	69.88
5	7	لَمْ	لَمْ	1.00	0.97	rec	69.96	70.20
5	8	تُنذِرْهُمْ	تُنْذِرْهُمْ	1.00	0.97	rec	70.34	71.70
5	9	لَا	لَا	1.00	1.00	rec	71.80	71.92
5	10	يُؤْمِنُونَ	يُؤْمِنُونَ	1.00	1.00	rec	72.26	74.06
6	0	خَتَمَ	خَتَمَ	1.00	1.00	rec	75.26	75.78
6	1	ٱللَّهُ	اللَّهُ	1.00	1.00	rec	75.84	76.58
6	2	عَلَىٰ	عَلَىٰ	1.00	1.00	rec	76.76	77.10
6	3	قُلُوبِهِمْ	قُلُوبِهِمْ	1.00	0.99	rec	77.40	78.54
6	4	وَعَلَىٰ	وَعَلَىٰ	1.00	1.00	rec	78.64	79.18
6	5	سَمْعِهِمْۖ	سَمْعِهِمْ	1.00	1.00	rec	79.56	80.60
6	6	وَعَلَىٰٓ	وَعَلَىٰ	1.00	1.00	rec	81.52	82.08
6	7	أَبْصَٰرِهِمْ	أَبْصِيرِهِمْ	0.86	1.00	rec	82.50	84.06
6	8	غِشَٰوَةٌۭۖ	غِشَاوَةٌ	1.00	1.00	rec	84.14	85.24
6	9	وَلَهُمْ	وَلَهُمْ	1.00	1.00	rec	86.28	86.94
6	10	عَذَابٌ	عَذَابٌ	1.00	1.00	rec	87.04	87.86
6	11	عَظِيمٌۭ	عَظِيمٌ	1.00	1.00	rec	88.30	89.58
7	0	وَمِنَ	وَمِنَ	1.00	1.00	rec	90.74	91.22
7	1	ٱلنَّاسِ	النَّاسِ	1.00	0.98	rec	91.26	92.90
7	2	مَن	مَنْ	1.00	1.00	rec	93.06	93.84
7	3	يَقُولُ	يَقُولُ	1.00	1.00	rec	93.88	94.50
7	4	ءَامَنَّا	آمَنَّا	0.80	0.91	rec	94.68	95.98
7	5	بِٱللَّهِ	بِاللَّهِ	1.00	1.00	rec	96.34	97.14
7	6	وَبِٱلْيَوْمِ	وَبِالْيَوْمِ	1.00	0.97	rec	97.30	98.24
7	7	ٱلْءَاخِرِ	الْآخِرِ	0.83	1.00	rec	98.30	99.30
7	8	وَمَا	وَمَا	1.00	0.92	rec	99.46	99.80
7	9	هُم	هُمْ	1.00	1.00	rec	100.12	101.02
7	10	بِمُؤْمِنِينَ	بِمُؤْمِنِينَ	1.00	1.00	rec	101.08	103.06
8	0	يُخَٰدِعُونَ	يُخَادِعُونَ	1.00	1.00	rec	104.20	105.44
8	1	ٱللَّهَ	اللَّهَ	1.00	0.99	rec	105.48	106.24
8	2	وَٱلَّذِينَ	وَالَّذِينَ	1.00	1.00	rec	106.36	107.46
8	3	ءَامَنُوا۟	آمَنُوا	0.83	0.96	rec	107.64	108.36
8	4	وَمَا	وَمَا	1.00	0.87	rec	108.62	108.98
8	5	يَخْدَعُونَ	يُخَادِعُونَ	0.86	1.00	rec	109.24	110.56
8	6	إِلَّآ	إِلَّا	1.00	1.00	rec	110.68	111.16
8	7	أَنفُسَهُمْ	أَنْفُسَهُمْ	1.00	1.00	rec	111.50	113.02
8	8	وَمَا	وَمَا	1.00	1.00	rec	113.12	113.48
8	9	يَشْعُرُونَ	يَشْعُرُونَ	1.00	1.00	rec	113.90	115.78
9	0	فِى	فِي	1.00	1.00	rec	116.84	117.00
9	1	قُلُوبِهِم	قُلُوبِهِمْ	1.00	1.00	rec	117.22	118.90
9	2	مَّرَضٌۭ	مَرَضٌ	1.00	1.00	rec	118.96	119.42
9	3	فَزَادَهُمُ	فَزَعَدَهُمُ	0.83	0.95	rec	120.16	121.38
9	4	ٱللَّهُ	اللَّهُ	1.00	1.00	rec	121.46	122.28
9	5	مَرَضًۭاۖ	مَرَضًا	1.00	1.00	rec	122.44	123.00
9	6	وَلَهُمْ	وَلَهُمْ	1.00	1.00	rec	124.10	124.64
9	7	عَذَابٌ	عَذَابٌ	1.00	1.00	rec	124.72	125.38
9	8	أَلِيمٌۢ	أَلِيمٌ	1.00	1.00	rec	125.74	126.34
9	9	بِمَا	بِمَا	1.00	1.00	rec	127.14	127.50
9	10	كَانُوا۟	كَانُوا	1.00	1.00	rec	127.86	128.52
9	11	يَكْذِبُونَ	يُكَذِّبُونَ	1.00	1.00	rec	128.94	130.86
10	0	وَإِذَا	وَإِذَا	1.00	1.00	rec	131.92	132.48
10	1	قِيلَ	قِيلَ	1.00	1.00	rec	132.90	133.40
10	2	لَهُمْ	لَهُمْ	1.00	1.00	rec	133.54	134.12
10	3	لَا	لَا	1.00	1.00	rec	134.18	134.30
10	4	تُفْسِدُوا۟	تُفْسِدُوا	1.00	0.96	rec	134.68	135.44
10	5	فِى	فِي	1.00	1.00	rec	135.84	135.94
10	6	ٱلْأَرْضِ	الْأَرْضِ	1.00	1.00	rec	136.00	136.68
10	7	قَالُوٓا۟	قَالُوا	1.00	1.00	rec	136.90	137.52
10	8	إِنَّمَا	إِنَّمَا	1.00	1.00	rec	138.04	139.24
10	9	نَحْنُ	نَحْنُ	1.00	0.97	rec	139.58	140.02
10	10	مُصْلِحُونَ	لِحُونَ	0.67	1.00	rec	140.60	142.06
11	0	أَلَآ	أَلَا	1.00	1.00	rec	142.92	143.22
11	1	إِنَّهُمْ	إِنَّهُمْ	1.00	1.00	rec	143.56	144.82
11	2	هُمُ	هُمُ	1.00	1.00	rec	144.90	145.14
11	3	ٱلْمُفْسِدُونَ	الْمُفْسِدُونَ	1.00	1.00	rec	145.22	146.40
11	4	وَلَٰكِن	وَلَـٰكِنْ	1.00	1.00	rec	146.50	147.52
11	5	لَّا	لَا	1.00	1.00	rec	147.62	147.74
11	6	يَشْعُرُونَ	يَشْعُرُونَ	1.00	1.00	rec	148.06	149.92
12	0	وَإِذَا	وَإِذَا	1.00	1.00	rec	150.90	151.46
12	1	قِيلَ	قِيلَ	1.00	1.00	rec	151.90	152.38
12	2	لَهُمْ	لَهُمْ	1.00	1.00	rec	152.52	153.08
12	3	ءَامِنُوا۟	آمِنُوا	0.83	0.97	rec	153.18	153.90
12	4	كَمَآ	كَمَا	1.00	1.00	rec	154.32	154.70
12	5	ءَامَنَ	آمَنَ	0.75	1.00	rec	155.12	155.82
12	6	ٱلنَّاسُ	النَّاسُ	1.00	1.00	rec	155.88	157.14
12	7	قَالُوٓا۟	قَالُوا	1.00	1.00	rec	157.36	157.88
12	8	أَنُؤْمِنُ	أَنُؤْمِنُ	1.00	1.00	rec	158.30	159.10
12	9	كَمَآ	كَمَا	1.00	1.00	rec	159.34	159.72
12	10	ءَامَنَ	آمَنَ	0.75	1.00	rec	160.22	160.88
12	11	ٱلسُّفَهَآءُۗ	السُّفَهَاءُ	1.00	1.00	rec	168.34	171.02
12	12	أَلَآ	وَلَا	0.67	1.00	rec	171.16	171.54
12	13	إِنَّهُمْ	إِنَّهُمْ	1.00	0.95	rec	171.84	173.28
12	14	هُمُ	هُمُ	1.00	1.00	rec	173.38	173.64
12	15	ٱلسُّفَهَآءُ	السُّفَهَاءُ	1.00	0.98	rec	173.74	176.28
12	16	وَلَٰكِن	وَلَـٰكِنْ	1.00	1.00	rec	176.40	177.48
12	17	لَّا	لَا	1.00	1.00	rec	177.56	177.68
12	18	يَعْلَمُونَ	يَعْلَمُونَ	1.00	0.99	rec	178.08	179.84
13	0	وَإِذَا	وَإِذَا	1.00	0.95	rec	180.84	181.26
13	1	لَقُوا۟	لَقُوا	1.00	1.00	rec	181.42	181.72
13	2	ٱلَّذِينَ	الَّذِينَ	1.00	1.00	rec	181.78	182.44
13	3	ءَامَنُوا۟	آمَنُوا	0.83	0.96	rec	182.58	183.20
13	4	قَالُوٓا۟	قَالُوا	1.00	0.96	rec	183.54	184.08
13	5	ءَامَنَّا	آمَنَّا	0.80	0.99	rec	184.52	185.66
13	6	وَإِذَا	وَإِذَا	1.00	0.99	rec	185.96	186.54
13	7	خَلَوْا۟	خَلَوْا	1.00	1.00	rec	186.86	187.32
13	8	إِلَىٰ	إِلَىٰ	1.00	1.00	rec	187.46	187.78
13	9	شَيَٰطِينِهِمْ	شَيَاطِينِهِمْ	1.00	0.99	rec	188.12	189.82
13	10	قَالُوٓا۟	قَالُوا	1.00	1.00	rec	189.98	190.58
13	11	إِنَّا	إِنَّا	1.00	1.00	rec	191.10	192.44
13	12	مَعَكُمْ	مَعَكُمْ	1.00	1.00	rec	192.82	193.66
13	13	إِنَّمَا	إِنَّمَا	1.00	0.96	rec	202.54	203.74
13	14	نَحْنُ	نَحْنُ	1.00	1.00	rec	204.02	204.44
13	15	مُسْتَهْزِءُونَ	مُسْتَهْزِئُونَ	0.88	1.00	rec	204.58	207.02
14	0	ٱللَّهُ	اللَّهُ	1.00	1.00	rec	207.80	208.44
14	1	يَسْتَهْزِئُ	يَسْتَهْزِئُ	1.00	1.00	rec	208.56	209.62
14	2	بِهِمْ	بِهِمْ	1.00	1.00	rec	209.74	210.24
14	3	وَيَمُدُّهُمْ	وَيَمُدُّ+دُّهُمْ	0.86	0.95	rec	210.34	211.68
14	4	فِى	فِي	1.00	1.00	rec	211.86	212.00
14	5	طُغْيَٰنِهِمْ	طُغْيَانِهِمْ	1.00	1.00	rec	212.38	213.88
14	6	يَعْمَهُونَ	عْمَهُونَ	0.83	0.98	rec	214.34	216.36
15	0	أُو۟لَٰٓئِكَ	أُولَـٰئِكَ	1.00	1.00	rec	217.14	219.06
15	1	ٱلَّذِينَ	الَّذِينَ	1.00	1.00	rec	219.10	219.98
15	2	ٱشْتَرَوُا۟	اشْتَرَوْا	1.00	1.00	rec	220.02	220.80
15	3	ٱلضَّلَٰلَةَ	ضَّلَالَتْ	0.57	0.93	rec	221.16	222.20
15	4	بِٱلْهُدَىٰ	بِالْهُدَىٰ	1.00	1.00	rec	222.34	223.14
15	5	فَمَا	فَمَا	1.00	1.00	rec	224.16	224.50
15	6	رَبِحَت	رَبِحَتْ	1.00	0.97	rec	224.80	225.48
15	7	تِّجَٰرَتُهُمْ	تِجَارَتُهُمْ	1.00	1.00	rec	225.66	227.06
15	8	وَمَا	وَمَا	1.00	1.00	rec	227.16	227.52
15	9	كَانُوا۟	كَانُوا	1.00	1.00	rec	227.90	228.46
15	10	مُهْتَدِينَ	هتدي	0.67	0.85	rec	229.18	229.68
16	0	مَثَلُهُمْ	مَثَلُهُمْ	1.00	1.00	rec	231.62	232.42
16	1	كَمَثَلِ	كَمَثَلِ	1.00	1.00	rec	232.56	233.18
16	2	ٱلَّذِى	الَّذِي	1.00	1.00	rec	233.24	233.64
16	3	ٱسْتَوْقَدَ	اسْتَوْقَدَ	1.00	0.99	rec	233.70	234.70
16	4	نَارًۭا	نَارًا	1.00	1.00	rec	234.82	235.36
16	5	فَلَمَّآ	فَلَمَّا	1.00	1.00	rec	236.34	237.54
16	6	أَضَآءَتْ	أَضَاءَتْ	1.00	1.00	rec	237.84	239.60
16	7	مَا	مَا	1.00	1.00	rec	239.72	239.82
16	8	حَوْلَهُۥ	حَوْلَهُ	1.00	1.00	rec	240.08	240.78
16	9	ذَهَبَ	ذَهَبَ	1.00	1.00	rec	241.10	241.56
16	10	ٱللَّهُ	اللَّهُ	1.00	1.00	rec	241.62	242.46
16	11	بِنُورِهِمْ	بِنُورِهِمْ	1.00	1.00	rec	246.18	247.44
16	12	وَتَرَكَهُمْ	وَتَرَكَهُمْ	1.00	0.96	rec	247.54	248.76
16	13	فِى	فِي	1.00	1.00	rec	248.92	249.08
16	14	ظُلُمَٰتٍۢ	ظُلُمَاتٍ	1.00	1.00	rec	249.36	250.34
16	15	لَّا	لَا	1.00	1.00	rec	250.70	250.84
16	16	يُبْصِرُونَ	يُبْصِرُونَ	1.00	1.00	rec	251.12	253.08
17	0	صُمٌّۢ	صُمٌّ	1.00	1.00	rec	253.90	254.82
17	1	بُكْمٌ	بُكْمٌ	1.00	1.00	rec	255.56	256.00
17	2	عُمْىٌۭ	عُمْيٌ	1.00	1.00	rec	256.38	256.84
17	3	فَهُمْ	فَهُمْ	1.00	1.00	rec	257.62	258.18
17	4	لَا	لَا	1.00	1.00	rec	258.28	258.40
17	5	يَرْجِعُونَ	يَرْدِعُونَ	0.83	0.99	rec	258.66	260.52
18	0	أَوْ	أَوْ	1.00	1.00	rec	261.18	261.38
18	1	كَصَيِّبٍۢ	كَصَيِّبٍ	1.00	1.00	rec	261.54	262.42
18	2	مِّنَ	مِنَ	1.00	1.00	rec	263.20	263.46
18	3	ٱلسَّمَآءِ	السَّمَعَاءِ	0.86	0.98	rec	263.52	265.56
18	4	فِيهِ	فِيهِ	1.00	1.00	rec	265.76	266.24
18	5	ظُلُمَٰتٌۭ	ظُلُمَاتٌ	1.00	1.00	rec	266.44	267.50
18	6	وَرَعْدٌۭ	وَرَعْدٌ	1.00	1.00	rec	268.20	268.88
18	7	وَبَرْقٌۭ	وَبَرْقٌ	1.00	0.93	rec	269.74	270.42
18	8	يَجْعَلُونَ	يَجْعَلُونَ	1.00	1.00	rec	271.14	272.10
18	9	أَصَٰبِعَهُمْ	أَصَابِعَهُمْ	1.00	1.00	rec	272.24	273.80
18	10	فِىٓ	فِي	1.00	1.00	rec	273.96	274.10
18	11	ءَاذَانِهِم	آذَانِهِمْ	0.86	1.00	rec	274.56	276.28
18	12	مِّنَ	مِنَ	1.00	1.00	rec	276.34	276.56
18	13	ٱلصَّوَٰعِقِ	الصَّوَاعِقِ	1.00	0.95	rec	276.60	277.82
18	14	حَذَرَ	حَذَرَ	1.00	1.00	rec	278.02	278.50
18	15	ٱلْمَوْتِۚ	الْمَوْتِ	1.00	1.00	rec	278.56	280.14
18	16	وَٱللَّهُ	وَاللَّهُ	1.00	1.00	rec	280.72	281.58
18	17	مُحِيطٌۢ	مُحِيطٌ	1.00	1.00	rec	281.72	282.54
18	18	بِٱلْكَٰفِرِينَ	بِالْكَافِرِينَ	1.00	1.00	rec	283.20	285.50
19	0	يَكَادُ	يَكَادُ	1.00	1.00	rec	287.26	287.74
19	1	ٱلْبَرْقُ	الْبَرْقُ	1.00	1.00	rec	287.80	288.44
19	2	يَخْطَفُ	يَخْطَفُ	1.00	0.97	rec	288.58	289.28
19	3	أَبْصَٰرَهُمْۖ	أَبْصَارَهُمْ	1.00	1.00	rec	289.44	291.08
19	4	كُلَّمَآ	كُلَّمَا	1.00	1.00	rec	291.68	292.28
19	5	أَضَآءَ	أَضَاءَ	1.00	1.00	rec	292.62	294.42
19	6	لَهُم	لَهُمْ	1.00	0.98	rec	294.56	295.32
19	7	مَّشَوْا۟	مَشَوْا	1.00	0.93	rec	295.38	295.94
19	8	فِيهِ	فِيهِ	1.00	1.00	rec	296.12	296.62
19	9	وَإِذَآ	وَإِذَا	1.00	1.00	rec	296.78	297.42
19	10	أَظْلَمَ	أَظْلَمَ	1.00	1.00	rec	297.88	298.62
19	11	عَلَيْهِمْ	عَلَيْهِمْ	1.00	1.00	rec	298.74	299.80
19	12	قَامُوا۟ۚ	قَامُوا	1.00	1.00	rec	299.96	300.58
19	13	وَلَوْ	وَلَوْ	1.00	0.96	rec	301.50	301.94
19	14	شَآءَ	شَاءَ	1.00	1.00	rec	302.14	303.70
19	15	ٱللَّهُ	اللَّهُ	1.00	1.00	rec	303.74	304.58
19	16	لَذَهَبَ	لَذَهَبَ	1.00	1.00	rec	304.70	305.40
19	17	بِسَمْعِهِمْ	بِسَمْعِهِمْ	1.00	1.00	rec	305.52	306.68
19	18	وَأَبْصَٰرِهِمْۚ	وَأَبْصِيرِهِمْ	0.88	0.97	rec	306.80	308.64
19	19	إِنَّ	إِنَّ	1.00	0.97	rec	309.18	310.10
19	20	ٱللَّهَ	اللَّهَ	1.00	0.94	rec	310.16	310.90
19	21	عَلَىٰ	عَلَىٰ	1.00	1.00	rec	311.04	311.40
19	22	كُلِّ	كُلِّ	1.00	1.00	rec	311.78	312.16
19	23	شَىْءٍۢ	شَيْءٍ	1.00	1.00	rec	312.34	312.80
19	24	قَدِيرٌۭ	قَدِيرٌ	1.00	0.97	rec	313.76	315.10
20	0	يَٰٓأَيُّهَا	يَا+أَيُّهَا	1.00	0.94	rec	316.00	317.26
20	1	ٱلنَّاسُ	النَّاسُ	1.00	0.95	rec	317.32	318.72
20	2	ٱعْبُدُوا۟	اعْبُدُوا	1.00	1.00	rec	318.80	319.48
20	3	رَبَّكُمُ	رَبَّكُمُ	1.00	0.98	rec	319.80	320.70
20	4	ٱلَّذِى	الَّذِي	1.00	0.90	rec	320.78	321.34
20	5	خَلَقَكُمْ	خَلَقَكُمْ	1.00	1.00	rec	321.78	322.82
20	6	وَٱلَّذِينَ	وَالَّذِينَ	1.00	1.00	rec	322.90	323.86
20	7	مِن	مِنْ	1.00	1.00	rec	323.98	324.78
20	8	قَبْلِكُمْ	قَبْلِكُمْ	1.00	1.00	rec	324.90	325.86
20	9	لَعَلَّكُمْ	لَعَلَّكُمْ	1.00	1.00	rec	325.94	327.04
20	10	تَتَّقُونَ	اتَّقُونَ	0.80	0.90	rec	327.46	329.26
21	0	ٱلَّذِى	الَّذِي	1.00	1.00	rec	329.94	330.44
21	1	جَعَلَ	جَعَلَ	1.00	1.00	rec	330.70	331.18
21	2	لَكُمُ	لَكُمُ	1.00	1.00	rec	331.30	331.82
21	3	ٱلْأَرْضَ	الْأَرْضَ	1.00	1.00	rec	331.92	332.70
21	4	فِرَٰشًۭا	فِرَاشًا	1.00	1.00	rec	332.88	333.70
21	5	وَٱلسَّمَآءَ	وَالسَّمَاءَ	1.00	1.00	rec	334.58	336.78
21	6	بِنَآءًۭ	بِنَاءً	1.00	1.00	rec	336.90	339.06
21	7	وَأَنزَلَ	وَأَنْزَلَ	1.00	1.00	rec	340.24	341.38
21	8	مِنَ	مِنَ	1.00	1.00	rec	341.50	341.74
21	9	ٱلسَّمَآءِ	السَّمَاءِ	1.00	1.00	rec	341.78	343.74
21	10	مَآءًۭ	مَاءً	1.00	0.95	rec	343.88	345.38
21	11	فَأَخْرَجَ	فَأَخْرَجْ	1.00	0.98	rec	346.08	346.98
21	12	بِهِۦ	بِهِ	1.00	1.00	rec	347.10	347.40
21	13	مِنَ	مِنَ	1.00	1.00	rec	347.76	348.00
21	14	ٱلثَّمَرَٰتِ	الثَّمَرَاتِ	1.00	1.00	rec	348.06	349.24
21	15	رِزْقًۭا	رِزْقًا	1.00	1.00	rec	349.34	349.88
21	16	لَّكُمْۖ	لَكُمْ	1.00	1.00	rec	350.16	350.84
21	17	فَلَا	فَلَا	1.00	0.97	rec	351.56	351.88
21	18	تَجْعَلُوا۟	تَدْعَلُوا	0.83	0.99	rec	352.28	353.06
21	19	لِلَّهِ	لِلَّهِ	1.00	0.94	rec	353.42	354.36
21	20	أَندَادًۭا	أَنْدَادًا	1.00	0.99	rec	354.56	356.04
21	21	وَأَنتُمْ	وَأَنْتُمْ	1.00	1.00	rec	356.66	358.00
21	22	تَعْلَمُونَ	تَعْلَمُونَ	1.00	1.00	rec	358.16	360.20
22	0	وَإِن	وَإِنْ	1.00	1.00	rec	361.04	362.28
22	1	كُنتُمْ	كُنْتُمْ	1.00	1.00	rec	362.40	363.84
22	2	فِى	فِي	1.00	1.00	rec	363.98	364.12
22	3	رَيْبٍۢ	رَيْبٍ	1.00	1.00	rec	364.34	364.82
22	4	مِّمَّا	مِمَّا	1.00	1.00	rec	365.58	366.38
22	5	نَزَّلْنَا	نَزَّلْنَا	1.00	0.98	rec	366.64	367.50
22	6	عَلَىٰ	عَلَىٰ	1.00	1.00	rec	367.78	368.12
22	7	عَبْدِنَا	عَبْدِنَا	1.00	1.00	rec	368.34	369.06
22	8	فَأْتُوا۟	أْتُوا	0.80	0.91	rec	369.76	370.00
22	9	بِسُورَةٍۢ	بِسُورَةٍ	1.00	1.00	rec	370.28	371.28
22	10	مِّن	مِنْ	1.00	0.99	rec	372.42	373.06
22	11	مِّثْلِهِۦ	مِثْلِهِ	1.00	1.00	rec	373.12	373.76
22	12	وَٱدْعُوا۟	وَادْعُوا	1.00	0.95	rec	374.18	374.72
22	13	شُهَدَآءَكُم	شُهَدَاءَكُمْ	1.00	1.00	rec	375.04	377.96
22	14	مِّن	مِنْ	1.00	1.00	rec	382.96	383.54
22	15	دُونِ	دُونِ	1.00	1.00	rec	383.62	384.06
22	16	ٱللَّهِ	اللَّهِ	1.00	0.93	rec	384.12	384.86
22	17	إِن	إِنْ	1.00	1.00	rec	385.00	385.78
22	18	كُنتُمْ	كُنْتُمْ	1.00	1.00	rec	385.90	387.12
22	19	صَٰدِقِينَ	صَادِقِينَ	1.00	0.99	rec	387.26	389.30
23	0	فَإِن	فَإِنْ	1.00	1.00	rec	390.18	390.60
23	1	لَّمْ	لَمْ	1.00	1.00	rec	390.66	390.96
23	2	تَفْعَلُوا۟	تَفْعَلُوا	1.00	1.00	rec	391.08	391.76
23	3	وَلَن	وَلَنْ	1.00	1.00	rec	392.00	393.20
23	4	تَفْعَلُوا۟	تَفْعَلُوا	1.00	0.94	rec	393.34	394.06
23	5	فَٱتَّقُوا۟	فَاتَّقُوا	1.00	0.98	rec	395.20	395.86
23	6	ٱلنَّارَ	النَّارَ	1.00	1.00	rec	395.90	397.36
23	7	ٱلَّتِى	الَّتِي	1.00	1.00	rec	397.42	398.00
23	8	وَقُودُهَا	وَقُودُهَا	1.00	1.00	rec	398.32	399.38
23	9	ٱلنَّاسُ	النَّاسُ	1.00	0.99	rec	399.42	400.68
23	10	وَٱلْحِجَارَةُۖ	وَالْحِجَارَةُ	1.00	0.99	rec	400.78	402.08
23	11	أُعِدَّتْ	أُعِدَّتْ	1.00	1.00	rec	402.24	403.16
23	12	لِلْكَٰفِرِينَ	لِلْكَافِرِينَ	1.00	1.00	rec	403.24	405.48
24	0	وَبَشِّرِ	وَبَشِّرِ	1.00	1.00	rec	407.36	408.18
24	1	ٱلَّذِينَ	الَّذِينَ	1.00	1.00	rec	408.26	409.18
24	2	ءَامَنُوا۟	آمَنُوا	0.83	1.00	rec	409.36	410.16
24	3	وَعَمِلُوا۟	وَعَمِلُوا	1.00	1.00	rec	410.46	411.22
24	4	ٱلصَّٰلِحَٰتِ	الصَّالِحَاتِ	1.00	1.00	rec	411.30	412.86
24	5	أَنَّ	أَنَّ	1.00	1.00	rec	413.02	414.32
24	6	لَهُمْ	لَهُمْ	1.00	1.00	rec	414.44	414.96
24	7	جَنَّٰتٍۢ	جَنَّاتٍ	1.00	1.00	rec	415.08	416.82
24	8	تَجْرِى	تَجْرِي	1.00	1.00	rec	417.60	418.12
24	9	مِن	مِنْ	1.00	1.00	rec	418.46	419.16
24	10	تَحْتِهَا	تَحْتِهَا	1.00	1.00	rec	419.28	419.98
24	11	ٱلْأَنْهَٰرُۖ	الْأَننَ+هَار	0.88	0.80	rec	420.02	421.92
24	12	كُلَّمَا	كُلَّمَا	1.00	0.96	rec	423.30	423.90
24	13	رُزِقُوا۟	رُزِقُوا	1.00	1.00	rec	424.22	424.82
24	14	مِنْهَا	مِنْهَا	1.00	1.00	rec	425.18	425.70
24	15	مِن	مِنْ	1.00	1.00	rec	426.12	426.80
24	16	ثَمَرَةٍۢ	ثَمَرَةٍ	1.00	1.00	rec	426.92	427.72
24	17	رِّزْقًۭاۙ	رِزْقًا	1.00	1.00	rec	428.02	428.58
24	18	قَالُوا۟	قَالُوا	1.00	1.00	rec	429.58	430.10
24	19	هَٰذَا	هَـٰذَا	1.00	0.92	rec	430.48	431.02
24	20	ٱلَّذِى	الَّذِي	1.00	1.00	rec	431.08	431.64
24	21	رُزِقْنَا	رُزِقْنَا	1.00	1.00	rec	431.94	432.72
24	22	مِن	مِنْ	1.00	1.00	rec	433.16	433.80
24	23	قَبْلُۖ	قَبْلُ	1.00	0.99	rec	433.94	434.40
24	24	وَأُتُوا۟	وَأُتُوا	1.00	0.99	rec	434.54	435.14
24	25	بِهِۦ	بِهِ	1.00	1.00	rec	435.50	435.82
24	26	مُتَشَٰبِهًۭاۖ	مُتَشَابِهًا	1.00	0.99	rec	441.78	443.22
24	27	وَلَهُمْ	وَلَهُمْ	1.00	1.00	rec	443.96	444.74
24	28	فِيهَآ	فِيهَا	1.00	0.98	rec	444.90	445.50
24	29	أَزْوَٰجٌۭ	أَزْوَاجٌ	1.00	1.00	rec	446.16	447.16
24	30	مُّطَهَّرَةٌۭۖ	مُطَهَّرَةٌ	1.00	1.00	rec	447.78	448.94
24	31	وَهُمْ	وَهُمْ	1.00	1.00	rec	449.82	450.34
24	32	فِيهَا	فِيهَا	1.00	1.00	rec	450.48	451.04
24	33	خَٰلِدُونَ	خَالِدُونَ	1.00	1.00	rec	451.46	453.60
25	0	إِنَّ	إِنَّ	1.00	1.00	rec	454.58	455.60
25	1	ٱللَّهَ	اللَّهَ	1.00	1.00	rec	455.66	456.56
25	2	لَا	لَا	1.00	1.00	rec	456.72	456.84
25	3	يَسْتَحْىِۦٓ	يَسْدَحُْ+ِيِي	0.67	0.70	rec	457.20	458.30
25	4	أَن	أَنْ	1.00	1.00	rec	458.86	459.62
25	5	يَضْرِبَ	يَضْرِبَ	1.00	1.00	rec	459.66	460.34
25	6	مَثَلًۭا	مَثَلًا	1.00	1.00	rec	460.46	461.06
25	7	مَّا	مَا	1.00	1.00	rec	461.84	461.98
25	8	بَعُوضَةًۭ	بَعُوضَةً	1.00	1.00	rec	462.26	463.18
25	9	فَمَا	فَمَا	1.00	1.00	rec	463.96	464.32
25	10	فَوْقَهَاۚ	فَوْقَهَا	1.00	1.00	rec	464.68	465.50
25	11	فَأَمَّا	فَأَمَّا	1.00	1.00	rec	467.00	468.16
25	12	ٱلَّذِينَ	الَّذِينَ	1.00	1.00	rec	468.22	469.08
25	13	ءَامَنُوا۟	آمَنُوا	0.83	1.00	rec	469.22	469.96
25	14	فَيَعْلَمُونَ	فَيَعْلَمُونَ	1.00	1.00	rec	470.28	471.66
25	15	أَنَّهُ	أَنَّهُ	1.00	1.00	rec	471.82	472.98
25	16	ٱلْحَقُّ	الْحَقُّ	1.00	0.92	rec	473.08	473.66
25	17	مِن	مِنْ	1.00	1.00	rec	474.04	474.30
25	18	رَّبِّهِمْۖ	رَبِّهِمْ	1.00	1.00	rec	474.42	475.40
25	19	وَأَمَّا	وَأَمَّا	1.00	0.93	rec	476.22	477.62
25	20	ٱلَّذِينَ	الَّذِينَ	1.00	1.00	rec	477.68	478.50
25	21	كَفَرُوا۟	كَفَرُوا	1.00	0.90	rec	478.68	479.20
25	22	فَيَقُولُونَ	فَيَقُولُونَ	1.00	1.00	rec	479.52	480.86
25	23	مَاذَآ	مَعَذَا	0.75	0.99	rec	481.00	481.64
25	24	أَرَادَ	أَرَادَ	1.00	1.00	rec	482.10	482.82
25	25	ٱللَّهُ	اللَّهُ	1.00	1.00	rec	482.88	483.66
25	26	بِهَٰذَا	بِهَـٰذَا	1.00	0.96	rec	483.86	484.68
25	27	مَثَلًۭاۘ	مَثَلًا	1.00	0.95	rec	485.08	485.68
25	28	يُضِلُّ	يُضِلُّ	1.00	1.00	rec	487.24	487.84
25	29	بِهِۦ	بِهِ	1.00	1.00	rec	488.02	488.34
25	30	كَثِيرًۭا	كَثِيرًا	1.00	1.00	rec	488.86	489.62
25	31	وَيَهْدِى	أَيَهْدِي	0.80	1.00	rec	490.34	491.12
25	32	بِهِۦ	بِهِ	1.00	1.00	rec	491.46	491.76
25	33	كَثِيرًۭاۚ	كَثِيرًا	1.00	1.00	rec	492.28	493.26
25	34	وَمَا	وَمَا	1.00	1.00	rec	494.30	494.66
25	35	يُضِلُّ	يُضِلُّ	1.00	1.00	rec	495.04	495.82
25	36	بِهِۦٓ	بِهِ	1.00	1.00	rec	496.02	496.40
25	37	إِلَّا	إِلَّا	1.00	1.00	rec	497.16	497.68
25	38	ٱلْفَٰسِقِينَ	الْفَاسِقِينَ	1.00	1.00	rec	497.72	500.06
26	0	ٱلَّذِينَ	الَّذِينَ	1.00	1.00	rec	500.80	501.52
26	1	يَنقُضُونَ	يَنْقُضُونَ	1.00	1.00	rec	501.64	503.48
26	2	عَهْدَ	عَهْدَ	1.00	1.00	rec	503.62	504.08
26	3	ٱللَّهِ	اللَّهِ	1.00	1.00	rec	504.14	504.94
26	4	مِنۢ	مِنْ	1.00	0.87	rec	505.12	506.14
26	5	بَعْدِ	بَعْدِ	1.00	1.00	rec	506.20	506.64
26	6	مِيثَٰقِهِۦ	مِيثَاقِهِ	1.00	1.00	rec	506.80	508.06
26	7	وَيَقْطَعُونَ	وَيَقْطَعُونَ	1.00	1.00	rec	516.00	517.34
26	8	مَآ	مَا	1.00	1.00	rec	517.54	517.66
26	9	أَمَرَ	أَمَرَ	1.00	1.00	rec	518.04	518.50
26	10	ٱللَّهُ	اللَّهُ	1.00	1.00	rec	518.56	519.36
26	11	بِهِۦٓ	بِهِ	1.00	1.00	rec	519.60	519.98
26	12	أَن	أَنْ	1.00	1.00	rec	520.48	521.24
26	13	يُوصَلَ	يُوصَلَ	1.00	1.00	rec	521.28	522.08
26	14	وَيُفْسِدُونَ	وَيُفْسِدُونَ	1.00	0.95	rec	522.22	523.54
26	15	فِى	فِي	1.00	1.00	rec	523.74	523.86
26	16	ٱلْأَرْضِۚ	الْأَرْضِ	1.00	0.96	rec	523.90	524.78
26	17	أُو۟لَٰٓئِكَ	أُولَـٰئِكَ	1.00	1.00	rec	524.92	527.34
26	18	هُمُ	هُمُ	1.00	1.00	rec	527.50	527.78
26	19	ٱلْخَٰسِرُونَ	الْخَاسِرُونَ	1.00	1.00	rec	527.86	530.12
27	0	كَيْفَ	كَيْفَ	1.00	1.00	rec	531.32	531.62
27	1	تَكْفُرُونَ	تَكْفُرُونَ	1.00	1.00	rec	531.74	532.58
27	2	بِٱللَّهِ	بِاللَّهِ	1.00	0.95	rec	532.72	533.56
27	3	وَكُنتُمْ	وَكُنْتُمْ	1.00	1.00	rec	533.70	534.92
27	4	أَمْوَٰتًۭا	أَمْوَاتًا	1.00	0.97	rec	535.00	535.92
27	5	فَأَحْيَٰكُمْۖ	فَأَحْيَاكُمْ	1.00	1.00	rec	536.52	537.84
27	6	ثُمَّ	ثُمَّ	1.00	0.91	rec	538.74	539.54
27	7	يُمِيتُكُمْ	يُمِيتُكُمْ	1.00	1.00	rec	539.66	540.88
27	8	ثُمَّ	ثُمَّ	1.00	0.85	rec	541.04	541.62
27	9	يُحْيِيكُمْ	مَ+يُحْيِيكُمْ	0.86	0.98	rec	541.80	543.36
27	10	ثُمَّ	ثُمَّ	1.00	0.99	rec	543.50	544.38
27	11	إِلَيْهِ	إِلَيْهِ	1.00	1.00	rec	544.54	545.26
27	12	تُرْجَعُونَ	تُرْجَعُونَ	1.00	0.99	rec	545.44	547.06
28	0	هُوَ	هُوَ	1.00	1.00	rec	548.02	548.26
28	1	ٱلَّذِى	الَّذِي	1.00	1.00	rec	548.32	548.80
28	2	خَلَقَ	خَلَقَ	1.00	0.93	rec	549.10	549.60
28	3	لَكُم	لَكُمْ	1.00	1.00	rec	549.70	550.54
28	4	مَّا	مَا	1.00	0.99	rec	550.60	550.72
28	5	فِى	فِي	1.00	1.00	rec	551.04	551.14
28	6	ٱلْأَرْضِ	الْأَرْضِ	1.00	1.00	rec	551.18	551.84
28	7	جَمِيعًۭا	جَمِيعًا	1.00	1.00	rec	551.96	552.80
28	8	ثُمَّ	ثُمَّ	1.00	1.00	rec	554.04	554.74
28	9	ٱسْتَوَىٰٓ	اسْتَوَىٰ	1.00	1.00	rec	554.80	555.34
28	10	إِلَى	إِلَى	1.00	1.00	rec	555.76	556.04
28	11	ٱلسَّمَآءِ	السَّمَاءِ	1.00	1.00	rec	556.06	558.00
28	12	فَسَوَّىٰهُنَّ	فَسَوَّاهُنَّ	0.86	1.00	rec	558.14	560.24
28	13	سَبْعَ	سَبْعَ	1.00	1.00	rec	560.40	560.84
28	14	سَمَٰوَٰتٍۢۚ	سَمَاوَاتٍ	1.00	1.00	rec	561.04	562.50
28	15	وَهُوَ	وَهُوَ	1.00	1.00	rec	567.86	568.30
28	16	بِكُلِّ	بِكُلِّ	1.00	1.00	rec	568.42	569.12
28	17	شَىْءٍ	شَيْءٍ	1.00	1.00	rec	569.30	569.78
28	18	عَلِيمٌۭ	عَلِيمٌ	1.00	1.00	rec	570.24	571.52
29	0	وَإِذْ	وَإِذْ	1.00	0.95	rec	572.42	572.84
29	1	قَالَ	قَالَ	1.00	1.00	rec	572.96	573.40
29	2	رَبُّكَ	رَبُّكَ	1.00	1.00	rec	573.54	574.20
29	3	لِلْمَلَٰٓئِكَةِ	لِلْمَلَائِكَةِ	1.00	0.97	rec	574.32	576.96
29	4	إِنِّى	إِنِّي	1.00	1.00	rec	577.10	578.06
29	5	جَاعِلٌۭ	دَاعِلٌ	0.75	0.93	rec	578.42	579.22
29	6	فِى	فِي	1.00	1.00	rec	580.06	580.18
29	7	ٱلْأَرْضِ	الْأَرْضِ	1.00	1.00	rec	580.24	580.94
29	8	خَلِيفَةًۭۖ	خَلِيفَةٌ	1.00	0.99	rec	581.12	582.10
29	9	قَالُوٓا۟	قَالُوا	1.00	1.00	rec	583.08	583.70
29	10	أَتَجْعَلُ	أَتَجْعَلُ	1.00	1.00	rec	584.08	585.10
29	11	فِيهَا	فِيهَا	1.00	1.00	rec	585.40	585.98
29	12	مَن	مَنْ	1.00	1.00	rec	586.42	587.22
29	13	يُفْسِدُ	يُفْسِدُ	1.00	1.00	rec	587.28	587.92
29	14	فِيهَا	فِيهَا	1.00	0.99	rec	588.12	588.64
29	15	وَيَسْفِكُ	وَيَسْفِكُ	1.00	0.99	rec	588.98	589.78
29	16	ٱلدِّمَآءَ	الدِّمَاءَ	1.00	1.00	rec	589.84	591.68
29	17	وَنَحْنُ	وَنَحْنُ	1.00	1.00	rec	591.80	592.34
29	18	نُسَبِّحُ	نُسَبِّحُ	1.00	1.00	rec	592.48	593.34
29	19	بِحَمْدِكَ	بِحَمْدِكَ	1.00	1.00	rec	593.52	594.54
29	20	وَنُقَدِّسُ	وَنُقَدْ+دِّسُ	0.83	0.87	rec	594.66	595.82
29	21	لَكَۖ	لَكَ	1.00	0.98	rec	595.96	596.36
29	22	قَالَ	قَالَ	1.00	1.00	rec	597.26	597.68
29	23	إِنِّىٓ	إِنِّيَ	1.00	0.99	rec	597.82	599.08
29	24	أَعْلَمُ	أَعْلَمُ	1.00	1.00	rec	599.22	599.88
29	25	مَا	مَا	1.00	1.00	rec	600.04	600.16
29	26	لَا	لَاا	0.67	0.89	rec	600.46	600.90
29	27	تَعْلَمُونَ	تَعْلَمُونَ	1.00	0.95	rec	601.16	602.66
30	0	وَعَلَّمَ	وَعَلَّمَ	1.00	1.00	rec	603.40	604.12
30	1	ءَادَمَ	آدَمَ	0.75	1.00	rec	604.28	604.84
30	2	ٱلْأَسْمَآءَ	الْأَسْمَاءَ	1.00	1.00	rec	604.90	607.04
30	3	كُلَّهَا	كُلَّهَا	1.00	1.00	rec	607.22	607.84
30	4	ثُمَّ	ثُمَّ	1.00	1.00	rec	608.18	609.06
30	5	عَرَضَهُمْ	عَرَضَهُمْ	1.00	1.00	rec	609.18	610.04
30	6	عَلَى	عَلَى	1.00	1.00	rec	610.14	610.40
30	7	ٱلْمَلَٰٓئِكَةِ	الْمَلَائِكَةِ	1.00	1.00	rec	610.44	612.84
30	8	فَقَالَ	فَقَالَ	1.00	1.00	rec	619.22	619.98
30	9	أَنۢبِـُٔونِى	أَنْبِئُونِي	0.86	0.98	rec	620.18	621.82
30	10	بِأَسْمَآءِ	بِأَسْمَاءِ	1.00	1.00	rec	622.22	624.96
30	11	هَٰٓؤُلَآءِ	هَـٰؤُلَاءِ	1.00	0.99	rec	625.18	626.68
30	12	إِن	نْ	0.50	0.82	rec	627.50	627.58
30	13	كُنتُمْ	كُنْتُمْ	1.00	1.00	rec	627.68	628.96
30	14	صَٰدِقِينَ	صَادِقِينَ	1.00	1.00	rec	629.08	631.40
31	0	قَالُوا۟	قَالُوا	1.00	1.00	rec	633.64	634.20
31	1	سُبْحَٰنَكَ	سُبْحَانَكَ	1.00	0.99	rec	634.62	636.08
31	2	لَا	لَا	1.00	1.00	rec	636.22	636.32
31	3	عِلْمَ	عِلْمَ	1.00	1.00	rec	636.68	637.18
31	4	لَنَآ	لَنَا	1.00	1.00	rec	637.34	637.64
31	5	إِلَّا	إِلَّا	1.00	1.00	rec	638.00	638.44
31	6	مَا	مَا	1.00	1.00	rec	638.72	638.86
31	7	عَلَّمْتَنَآۖ	عَلَّمْتَنَا	1.00	1.00	rec	639.10	640.28
31	8	إِنَّكَ	إِنَّكَ	1.00	0.98	rec	640.68	642.16
31	9	أَنتَ	أَنْتَ	1.00	1.00	rec	642.30	643.12
31	10	ٱلْعَلِيمُ	الْعَلِيمُ	1.00	1.00	rec	643.18	644.14
31	11	ٱلْحَكِيمُ	الْحَكِيمُ	1.00	1.00	rec	644.22	646.06
32	0	قَالَ	قَالَ	1.00	1.00	rec	646.98	647.48
32	1	يَٰٓـَٔادَمُ	يَا+أَعْدَمُ	0.83	1.00	rec	647.62	648.76
32	2	أَنۢبِئْهُم	أَنْبِئْهُمْ	1.00	0.97	rec	648.94	651.24
32	3	بِأَسْمَآئِهِمْۖ	بِأَسْمَائِهِمْ	1.00	1.00	rec	651.30	654.68
32	4	فَلَمَّآ	فَلَمَّا	1.00	0.98	rec	655.48	656.52
32	5	أَنۢبَأَهُم	أَنْبَأَهُمْ	1.00	1.00	rec	657.00	658.86
32	6	بِأَسْمَآئِهِمْ	بِأَسْمَائِهِمْ	1.00	1.00	rec	658.92	661.58
32	7	قَالَ	قَالَ	1.00	1.00	rec	661.72	662.20
32	8	أَلَمْ	أَلَمْ	1.00	1.00	rec	662.32	662.78
32	9	أَقُل	أَقُلْ	1.00	1.00	rec	662.88	663.40
32	10	لَّكُمْ	لَكُمْ	1.00	1.00	rec	663.48	664.10
32	11	إِنِّىٓ	إِنِّيَ	1.00	1.00	rec	667.50	668.58
32	12	أَعْلَمُ	أَعْلَمُ	1.00	1.00	rec	668.76	669.46
32	13	غَيْبَ	غَيْبَ	1.00	0.98	rec	669.68	670.12
32	14	ٱلسَّمَٰوَٰتِ	السَّمَاوَاتِ	1.00	1.00	rec	670.18	671.68
32	15	وَٱلْأَرْضِ	وَالْأَرْضِ	1.00	1.00	rec	671.80	672.46
32	16	وَأَعْلَمُ	وَأَعْلَمُ	1.00	1.00	rec	673.38	674.16
32	17	مَا	مَا	1.00	1.00	rec	674.34	674.46
32	18	تُبْدُونَ	تُبْدُونَ	1.00	1.00	rec	674.90	675.78
32	19	وَمَا	وَمَا	1.00	1.00	rec	675.92	676.26
32	20	كُنتُمْ	كُنْتُمْ	1.00	1.00	rec	676.62	677.92
32	21	تَكْتُمُونَ	تَكْتُمُونَ	1.00	1.00	rec	678.04	679.84
33	0	وَإِذْ	وَإِذْ	1.00	1.00	rec	681.62	682.02
33	1	قُلْنَا	قُلْنَا	1.00	1.00	rec	682.16	682.64
33	2	لِلْمَلَٰٓئِكَةِ	لِلْمَلَائِكَةِ	1.00	1.00	rec	682.96	685.66
33	3	ٱسْجُدُوا۟	اسْجُدُوا	1.00	1.00	rec	685.70	686.32
33	4	لِءَادَمَ	لِأَعْدَمَ	0.60	0.98	rec	686.62	687.58
33	5	فَسَجَدُوٓا۟	فَسَجَدُوا	1.00	0.98	rec	687.76	688.58
33	6	إِلَّآ	إِلَّا	1.00	1.00	rec	688.98	689.52
33	7	إِبْلِيسَ	إِبْلِيسَ	1.00	1.00	rec	689.90	690.94
33	8	أَبَىٰ	أَبَىٰ	1.00	1.00	rec	691.08	691.42
33	9	وَٱسْتَكْبَرَ	وَاسْتَكْبَرَ	1.00	1.00	rec	691.80	692.84
33	10	وَكَانَ	وَكَانَ	1.00	1.00	rec	692.96	693.76
33	11	مِنَ	مِنَ	1.00	1.00	rec	693.86	694.14
33	12	ٱلْكَٰفِرِينَ	الْكَافِرِينَ	1.00	0.99	rec	694.18	696.50
34	0	وَقُلْنَا	وَقُلْنَا	1.00	1.00	rec	697.52	698.24
34	1	يَٰٓـَٔادَمُ	يَا+آدَمُ	1.00	1.00	rec	698.54	699.62
34	2	ٱسْكُنْ	اسْكُنْ	1.00	1.00	rec	699.70	700.18
34	3	أَنتَ	أَنْتَ	1.00	1.00	rec	700.26	701.22
34	4	وَزَوْجُكَ	وَزَوْجُكَ	1.00	1.00	rec	701.32	702.18
34	5	ٱلْجَنَّةَ	الْجَنَّةَ	1.00	1.00	rec	702.24	703.72
34	6	وَكُلَا	وَكُلَا	1.00	1.00	rec	703.82	704.36
34	7	مِنْهَا	مِنْهَا	1.00	1.00	rec	704.68	705.24
34	8	رَغَدًا	رَغَدًا	1.00	1.00	rec	705.54	706.04
34	9	حَيْثُ	حَيْثُ	1.00	0.92	rec	706.34	706.88
34	10	شِئْتُمَا	ئْتُمَا	0.80	0.89	rec	707.38	707.84
34	11	وَلَا	وَلَا	1.00	1.00	rec	713.68	714.02
34	12	تَقْرَبَا	تَقْرَبَعَ	0.80	0.95	rec	714.40	715.34
34	13	هَٰذِهِ	هَـٰذِهِ	1.00	1.00	rec	715.48	716.18
34	14	ٱلشَّجَرَةَ	الشَّجَرَةَ	1.00	0.94	rec	716.22	717.24
34	15	فَتَكُونَا	فَتَكُونَا	1.00	1.00	rec	717.38	718.36
34	16	مِنَ	مِنَ	1.00	1.00	rec	718.66	718.92
34	17	ٱلظَّٰلِمِينَ	الظَّالِمِينَ	1.00	1.00	rec	718.98	721.18
35	0	فَأَزَلَّهُمَا	فَأَزَلَّهُمَا	1.00	0.97	rec	722.22	723.40
35	1	ٱلشَّيْطَٰنُ	الشَّيْطَانُ	1.00	1.00	rec	723.44	724.50
35	2	عَنْهَا	عَنْهَا	1.00	1.00	rec	724.64	725.22
35	3	فَأَخْرَجَهُمَا	فَأَخْرَجَهُمَا	1.00	1.00	rec	725.62	726.86
35	4	مِمَّا	مِمَّا	1.00	1.00	rec	727.16	728.12
35	5	كَانَا	كَانَا	1.00	1.00	rec	728.58	729.24
35	6	فِيهِۖ	فِيهِ	1.00	1.00	rec	729.64	730.40
35	7	وَقُلْنَا	وَقُلْنَا	1.00	1.00	rec	731.34	732.02
35	8	ٱهْبِطُوا۟	اهْبِطُوا	1.00	0.93	rec	732.06	732.62
35	9	بَعْضُكُمْ	بَعْضُكُمْ	1.00	1.00	rec	732.96	733.98
35	10	لِبَعْضٍ	لِبَعْضٍ	1.00	1.00	rec	734.06	734.76
35	11	عَدُوٌّۭۖ	عَدُوٌ	1.00	0.91	rec	735.10	735.82
35	12	وَلَكُمْ	وَلَكُمْ	1.00	1.00	rec	736.42	737.18
35	13	فِى	فِي	1.00	1.00	rec	737.28	737.38
35	14	ٱلْأَرْضِ	الْأَرْضِ	1.00	1.00	rec	737.42	738.06
35	15	مُسْتَقَرٌّۭ	مُسْتَقَرٌّ	1.00	1.00	rec	738.18	739.16
35	16	وَمَتَٰعٌ	وَمَتَاعٌ	1.00	1.00	rec	740.06	741.06
35	17	إِلَىٰ	إِلَىٰ	1.00	1.00	rec	741.50	741.82
35	18	حِينٍۢ	حِينٍ	1.00	1.00	rec	742.16	743.40
36	0	فَتَلَقَّىٰٓ	فَتَلَقَّىٰ	1.00	1.00	rec	744.52	745.52
36	1	ءَادَمُ	آعدَمُ	0.50	0.91	rec	746.06	746.80
36	2	مِن	مِنْ	1.00	1.00	rec	746.94	747.20
36	3	رَّبِّهِۦ	رَبِّهِ	1.00	1.00	rec	747.26	747.88
36	4	كَلِمَٰتٍۢ	كَلِمَاتٍ	1.00	1.00	rec	748.34	749.40
36	5	فَتَابَ	فَتَابَ	1.00	1.00	rec	750.06	750.84
36	6	عَلَيْهِۚ	عَلَيْهِ	1.00	1.00	rec	750.98	751.64
36	7	إِنَّهُۥ	إِنَّهُ+ُ	1.00	0.55	rec	751.78	753.32
36	8	هُوَ	التَّوَّابُ⌐	0.75	0.90	rec	753.76	754.04
36	9	ٱلتَّوَّابُ	التَّوَّابُ¬	0.75	0.90	rec	754.04	754.90
36	10	ٱلرَّحِيمُ	الرَّحِيمِ	1.00	0.98	rec	754.96	756.46
37	0	قُلْنَا	قُلْنَا	1.00	1.00	rec	757.50	757.96
37	1	ٱهْبِطُوا۟	اهْبِضُوا	0.83	1.00	rec	758.00	758.62
37	2	مِنْهَا	مِنْهَا	1.00	1.00	rec	758.96	759.56
37	3	جَمِيعًۭاۖ	جَمِيعًا	1.00	1.00	rec	760.02	760.74
37	4	فَإِمَّا	فَإِمَّايَ	0.80	0.95	rec	761.62	763.24
37	5	يَأْتِيَنَّكُم	َأْتِيَنَّكُمْ	0.86	0.95	rec	763.48	765.84
37	6	مِّنِّى	مِنِّي	1.00	0.98	rec	765.88	766.72
37	7	هُدًۭى	هُدًى	1.00	1.00	rec	767.18	767.50
37	8	فَمَن	فَمَنْ	1.00	1.00	rec	768.56	769.50
37	9	تَبِعَ	تَبِعَ	1.00	1.00	rec	769.66	770.16
37	10	هُدَاىَ	هُدَايَ	1.00	0.97	rec	770.30	770.96
37	11	فَلَا	فَلَا	1.00	1.00	rec	771.12	771.44
37	12	خَوْفٌ	خَوْفٌ	1.00	1.00	rec	771.76	772.26
37	13	عَلَيْهِمْ	عَلَيْهِمْ	1.00	1.00	rec	772.58	773.50
37	14	وَلَا	وَلَا	1.00	1.00	rec	773.60	773.90
37	15	هُمْ	هُمْ	1.00	1.00	rec	774.26	774.58
37	16	يَحْزَنُونَ	يَحْزَنُونَ	1.00	1.00	rec	774.70	776.48
38	0	وَٱلَّذِينَ	وَالَّذِينَ	1.00	1.00	rec	777.28	778.10
38	1	كَفَرُوا۟	كَفَرُوا	1.00	0.95	rec	778.28	778.78
38	2	وَكَذَّبُوا۟	وَكَذَّبُوا	1.00	1.00	rec	779.04	779.94
38	3	بِـَٔايَٰتِنَآ	بِآيَاتِنَا	1.00	1.00	rec	780.14	781.56
38	4	أُو۟لَٰٓئِكَ	أُولَـٰئِكَ	1.00	0.96	rec	782.08	784.74
38	5	أَصْحَٰبُ	أَصْحَابُ	1.00	0.94	rec	784.84	785.70
38	6	ٱلنَّارِۖ	النَّارِ	1.00	0.93	rec	785.76	786.86
38	7	هُمْ	هُمْ	1.00	1.00	rec	787.04	787.38
38	8	فِيهَا	فِيهَا	1.00	1.00	rec	787.54	788.06
38	9	خَٰلِدُونَ	خَالِدُونَ	1.00	1.00	rec	788.52	790.54
39	0	يَٰبَنِىٓ	يَا+بَنِي	1.00	1.00	rec	791.78	792.52
39	1	إِسْرَٰٓءِيلَ	إِسْرَائِيلَ	0.86	1.00	rec	792.90	795.58
39	2	ٱذْكُرُوا۟	اذْكُرُوا	1.00	0.99	rec	795.62	796.22
39	3	نِعْمَتِىَ	نِعْمَتِيَ	1.00	1.00	rec	796.54	797.52
39	4	ٱلَّتِىٓ	الَّتِي	1.00	0.97	rec	797.58	798.22
39	5	أَنْعَمْتُ	أَنْعَمْتُ	1.00	1.00	rec	798.54	799.42
39	6	عَلَيْكُمْ	عَلَيْكُمْ	1.00	1.00	rec	799.56	800.64
39	7	وَأَوْفُوا۟	وَأَوْفُوا	1.00	1.00	rec	801.40	802.26
39	8	بِعَهْدِىٓ	بِعَهْدِي	1.00	1.00	rec	802.64	803.40
39	9	أُوفِ	أُوفِ	1.00	0.89	rec	804.04	804.62
39	10	بِعَهْدِكُمْ	بِعَهْدِكُمْ	1.00	1.00	rec	804.76	805.92
39	11	وَإِيَّٰىَ	وَإِيَّايَ	1.00	1.00	rec	806.04	807.24
39	12	فَٱرْهَبُونِ	فَارْهَبُونِ	1.00	0.96	rec	807.44	809.12
40	0	وَءَامِنُوا۟	وَآمِنُوا	0.86	1.00	rec	810.44	811.30
40	1	بِمَآ	بِمَا	1.00	1.00	rec	811.60	811.98
40	2	أَنزَلْتُ	أَنْزَلْتُ	1.00	1.00	rec	812.38	813.56
40	3	مُصَدِّقًۭا	مُصَدِّقًا	1.00	0.99	rec	813.74	814.76
40	4	لِّمَا	لِمَا	1.00	1.00	rec	815.08	815.42
40	5	مَعَكُمْ	مَعَكُمْ	1.00	1.00	rec	815.70	816.44
40	6	وَلَا	وَلَا	1.00	1.00	rec	816.56	816.84
40	7	تَكُونُوٓا۟	تَكُونُوا	1.00	1.00	rec	817.14	818.02
40	8	أَوَّلَ	أَوَّلَ	1.00	0.98	rec	818.40	819.00
40	9	كَافِرٍۭ	كَافِرٍ	1.00	1.00	rec	819.20	819.92
40	10	بِهِۦۖ	بِهِ	1.00	1.00	rec	820.54	820.84
40	11	وَلَا	وَلَا	1.00	1.00	rec	828.00	828.26
40	12	تَشْتَرُوا۟	تَشْتَرُوا	1.00	1.00	rec	828.56	829.22
40	13	بِـَٔايَٰتِى	بِآيَاتِي	1.00	0.94	rec	829.50	830.80
40	14	ثَمَنًۭا	ثَمَنًا	1.00	1.00	rec	831.18	831.76
40	15	قَلِيلًۭا	قَلِيلًا	1.00	1.00	rec	832.60	833.52
40	16	وَإِيَّٰىَ	وَإِيَايَ	1.00	1.00	rec	834.24	835.50
40	17	فَٱتَّقُونِ	فَاتَّقُونِ	1.00	1.00	rec	835.64	837.42
41	0	وَلَا	وَلَا	1.00	1.00	rec	838.18	838.46
41	1	تَلْبِسُوا۟	تَلْبِسُوا	1.00	1.00	rec	838.86	839.56
41	2	ٱلْحَقَّ	الْحَقَّ	1.00	1.00	rec	839.60	840.26
41	3	بِٱلْبَٰطِلِ	بِالْبَاطِلِ	1.00	0.95	rec	840.40	841.52
41	4	وَتَكْتُمُوا۟	وَتَكْتُمُوا	1.00	1.00	rec	841.66	842.54
41	5	ٱلْحَقَّ	الْحَقُّ	1.00	0.85	rec	842.56	843.06
41	6	وَأَنتُمْ	قَوَأَنْتُمْ	0.83	0.96	rec	843.26	845.00
41	7	تَعْلَمُونَ	تَعْلَمُونَ	1.00	0.99	rec	845.16	847.18
42	0	وَأَقِيمُوا۟	وَأَقِيمُوا	1.00	1.00	rec	848.12	849.06
42	1	ٱلصَّلَوٰةَ	الصَّلَاةَ	0.86	1.00	rec	849.12	850.14
42	2	وَءَاتُوا۟	وَآتُوا	0.83	0.91	rec	850.26	851.06
42	3	ٱلزَّكَوٰةَ	الزَّكَاةَ	0.86	1.00	rec	851.12	852.18
42	4	وَٱرْكَعُوا۟	وَارْكَعُوا	1.00	0.97	rec	852.30	853.04
42	5	مَعَ	مَعَ	1.00	1.00	rec	853.44	853.72
42	6	ٱلرَّٰكِعِينَ	الرَّاكِعِينَ	1.00	1.00	rec	853.80	856.26
43	0	أَتَأْمُرُونَ	أَتَأْمُرُونَ	1.00	0.99	rec	856.88	858.18
43	1	ٱلنَّاسَ	النَّعَاسَ	0.83	0.97	rec	858.24	859.74
43	2	بِٱلْبِرِّ	بِالْبِرِّ	1.00	1.00	rec	859.84	860.66
43	3	وَتَنسَوْنَ	وَتَنْسَوْنَ	1.00	1.00	rec	860.82	862.50
43	4	أَنفُسَكُمْ	أَنْفُسَكُمْ	1.00	1.00	rec	862.66	864.40
43	5	وَأَنتُمْ	وَأَنْتُمْ	1.00	0.93	rec	864.52	865.86
43	6	تَتْلُونَ	تَتْلُونَ	1.00	1.00	rec	865.98	866.76
43	7	ٱلْكِتَٰبَۚ	الْكِتَابَ	1.00	1.00	rec	866.82	867.84
43	8	أَفَلَا	أَفَلَا	1.00	0.95	rec	867.98	868.52
43	9	تَعْقِلُونَ	ْقِلُونَ	0.67	0.93	rec	869.56	871.16
44	0	وَٱسْتَعِينُوا۟	وَاسْتَعِينُوا	1.00	1.00	rec	872.06	873.06
44	1	بِٱلصَّبْرِ	بِالصَّبْرِ	1.00	0.99	rec	873.44	874.18
44	2	وَٱلصَّلَوٰةِۚ	وَالصَّلَعَاةِ	0.88	0.94	rec	874.30	875.46
44	3	وَإِنَّهَا	وَإِنَّهَا	1.00	0.98	rec	875.58	876.82
44	4	لَكَبِيرَةٌ	لَكَبِيرَةٌ	1.00	1.00	rec	877.18	878.32
44	5	إِلَّا	إِلَّا	1.00	1.00	rec	878.70	879.22
44	6	عَلَى	عَلَى	1.00	1.00	rec	879.50	879.78
44	7	ٱلْخَٰشِعِينَ	الْخَافِعِينَ	0.88	0.97	rec	879.82	882.16
45	0	ٱلَّذِينَ	الَّذِينَ	1.00	1.00	rec	883.24	884.02
45	1	يَظُنُّونَ	يَظُنُّونَ	1.00	1.00	rec	884.12	885.82
45	2	أَنَّهُم	عَنَّهُمْ	0.75	0.96	rec	886.00	887.84
45	3	مُّلَٰقُوا۟	مُلَاغُو	0.67	1.00	rec	887.90	888.74
45	4	رَبِّهِمْ	رَبِّهِمْ	1.00	1.00	rec	889.06	889.98
45	5	وَأَنَّهُمْ	وَأَنَّهُمْ	1.00	1.00	rec	890.10	891.80
45	6	إِلَيْهِ	إِلَيْهِ	1.00	1.00	rec	891.90	892.58
45	7	رَٰجِعُونَ	رَاجِعُونَ	1.00	1.00	rec	892.74	894.68
46	0	يَٰبَنِىٓ	يَا+بَنِي	1.00	1.00	rec	895.74	896.60
46	1	إِسْرَٰٓءِيلَ	إِسْرَائِيلَ	0.86	1.00	rec	897.26	900.30
46	2	ٱذْكُرُوا۟	اذْكُرُوا	1.00	0.97	rec	900.32	900.90
46	3	نِعْمَتِىَ	نِعْمَتِيَ	1.00	1.00	rec	901.26	902.24
46	4	ٱلَّتِىٓ	الَّتِي	1.00	1.00	rec	902.30	902.96
46	5	أَنْعَمْتُ	أَنْعَمْتُ	1.00	1.00	rec	903.52	904.44
46	6	عَلَيْكُمْ	عَلَيْكُمْ	1.00	1.00	rec	904.58	905.48
46	7	وَأَنِّى	وَأَنِّي	1.00	0.96	rec	905.60	906.76
46	8	فَضَّلْتُكُمْ	فَضَّلْتُكُمْ	1.00	0.98	rec	907.18	908.58
46	9	عَلَى	عَلَى	1.00	1.00	rec	908.66	908.94
46	10	ٱلْعَٰلَمِينَ	الْعَالَمِينَ	1.00	1.00	rec	908.98	911.02
47	0	وَٱتَّقُوا۟	وَاتَّقُوا	1.00	0.98	rec	912.10	912.74
47	1	يَوْمًۭا	يَوْمًا	1.00	0.97	rec	913.02	913.52
47	2	لَّا	لَا	1.00	1.00	rec	913.80	913.92
47	3	تَجْزِى	تَجْذِي	0.75	0.99	rec	914.32	914.94
47	4	نَفْسٌ	نَفْسٌ	1.00	1.00	rec	915.26	915.70
47	5	عَن	عَنْ	1.00	1.00	rec	916.00	917.02
47	6	نَّفْسٍۢ	نَفْسٍ	1.00	1.00	rec	917.08	917.54
47	7	شَيْـًۭٔا	شَيْئًا	0.75	0.99	rec	918.30	918.94
47	8	وَلَا	وَلَا	1.00	1.00	rec	920.12	920.44
47	9	يُقْبَلُ	تُقْبَلُ	0.75	1.00	rec	920.86	921.48
47	10	مِنْهَا	مِنْهَا	1.00	1.00	rec	921.64	922.16
47	11	شَفَٰعَةٌۭ	شَفَاعَةٌ	1.00	1.00	rec	922.54	923.62
47	12	وَلَا	وَلَا	1.00	1.00	rec	924.30	924.64
47	13	يُؤْخَذُ	يُؤْخَذُ	1.00	1.00	rec	925.00	925.78
47	14	مِنْهَا	مِنْهَا	1.00	1.00	rec	925.92	926.48
47	15	عَدْلٌۭ	عَدْلٌ	1.00	1.00	rec	926.82	927.28
47	16	وَلَا	وَلَا	1.00	1.00	rec	928.14	928.48
47	17	هُمْ	هُمْ	1.00	1.00	rec	928.88	929.20
47	18	يُنصَرُونَ	يُنْصَرُونَ	1.00	1.00	rec	929.32	931.70
48	0	وَإِذْ	وَإِذْ	1.00	1.00	rec	932.94	933.42
48	1	نَجَّيْنَٰكُم	نَجَّيْنَعَاكُمْ	0.88	0.98	rec	933.50	935.60
48	2	مِّنْ	مِنْ	1.00	1.00	rec	935.68	935.96
48	3	ءَالِ	آلِ	0.67	1.00	rec	936.04	936.48
48	4	فِرْعَوْنَ	فِرْعَوْنَ	1.00	0.98	rec	936.68	937.50
48	5	يَسُومُونَكُمْ	يَسُومُونَكُمْ	1.00	1.00	rec	937.62	939.42
48	6	سُوٓءَ	سُوءَ	1.00	1.00	rec	939.58	941.28
48	7	ٱلْعَذَابِ	الْعَذَابِ	1.00	1.00	rec	941.34	942.76
48	8	يُذَبِّحُونَ	يُذَبِّحُونَ	1.00	1.00	rec	943.80	945.00
48	9	أَبْنَآءَكُمْ	أَبْنَاءَكُمْ	1.00	1.00	rec	945.16	947.62
48	10	وَيَسْتَحْيُونَ	وَيَسْتَحْيُونَ	1.00	1.00	rec	947.74	949.10
48	11	نِسَآءَكُمْۚ	نِسَاءَكُمْ	1.00	1.00	rec	949.22	951.90
48	12	وَفِى	وَفِي	1.00	1.00	rec	952.66	953.04
48	13	ذَٰلِكُم	ذَٰلِكُمْ	1.00	1.00	rec	953.36	954.76
48	14	بَلَآءٌۭ	بَلَاءٌ	1.00	1.00	rec	954.84	956.72
48	15	مِّن	مِنْ	1.00	1.00	rec	957.50	957.72
48	16	رَّبِّكُمْ	رَبِّكُمْ	1.00	1.00	rec	957.80	958.76
48	17	عَظِيمٌۭ	عَظِيمٌ	1.00	1.00	rec	958.86	960.12
49	0	وَإِذْ	وَإِذْ	1.00	1.00	rec	960.98	961.48
49	1	فَرَقْنَا	فَرَقْنَا	1.00	1.00	rec	961.60	962.28
49	2	بِكُمُ	بِكُمُ	1.00	1.00	rec	962.56	963.06
49	3	ٱلْبَحْرَ	الْبَحْرَ	1.00	1.00	rec	963.14	963.90
49	4	فَأَنجَيْنَٰكُمْ	فَأَنْجَيْنَاكُمْ	1.00	1.00	rec	964.10	966.30
49	5	وَأَغْرَقْنَآ	وَأَغْرَقْنَا	1.00	1.00	rec	966.44	967.62
49	6	ءَالَ	آلَ	0.67	1.00	rec	968.18	968.64
49	7	فِرْعَوْنَ	فِرْعَوْنَ	1.00	1.00	rec	968.82	969.70
49	8	وَأَنتُمْ	وَأَنْتُمْ	1.00	1.00	rec	969.82	971.28
49	9	تَنظُرُونَ	تَنْظُرُونَ	1.00	1.00	rec	971.42	974.02
50	0	وَإِذْ	وَإِذْ	1.00	1.00	rec	975.38	975.80
50	1	وَٰعَدْنَا	وَعَدْنَا	0.83	1.00	rec	975.86	976.60
50	2	مُوسَىٰٓ	مُوسَىٰ	1.00	1.00	rec	976.94	977.60
50	3	أَرْبَعِينَ	أَرْبَعِينَ	1.00	1.00	rec	978.08	979.22
50	4	لَيْلَةًۭ	لَيْلَةً	1.00	1.00	rec	979.34	980.10
50	5	ثُمَّ	ثُمَّ	1.00	1.00	rec	980.86	981.62
50	6	ٱتَّخَذْتُمُ	اتَّخَذْ+ْتُمُ	1.00	0.88	rec	981.68	982.84
50	7	ٱلْعِجْلَ	الْعِجْلَ	1.00	0.93	rec	982.92	983.64
50	8	مِنۢ	مِنْ	1.00	1.00	rec	983.80	984.50
50	9	بَعْدِهِۦ	بَعْدِهِ	1.00	1.00	rec	984.58	985.26
50	10	وَأَنتُمْ	وَأَنْتُمْ	1.00	1.00	rec	985.60	986.92
50	11	ظَٰلِمُونَ	ظَالِمُونَ	1.00	1.00	rec	987.04	989.02
51	0	ثُمَّ	ثُمَّ	1.00	1.00	rec	989.96	991.10
51	1	عَفَوْنَا	عَفَوْنَا	1.00	1.00	rec	991.24	992.02
51	2	عَنكُم	عَنْكُمْ	1.00	1.00	rec	992.36	994.06
51	3	مِّنۢ	مِنْ	1.00	1.00	rec	994.12	995.10
51	4	بَعْدِ	بَعْدِ	1.00	1.00	rec	995.16	995.62
51	5	ذَٰلِكَ	ذَٰلِكَ	1.00	1.00	rec	995.76	996.46
51	6	لَعَلَّكُمْ	لَعَلَّكُمْ	1.00	1.00	rec	996.58	997.68
51	7	تَشْكُرُونَ	تَشْكُرُونَ	1.00	1.00	rec	997.80	999.76
52	0	وَإِذْ	وَإِذْ	1.00	1.00	rec	1000.60	1001.04
52	1	ءَاتَيْنَا	آتَيْنَا	0.83	1.00	rec	1001.10	1001.92
52	2	مُوسَى	مُوسَى	1.00	1.00	rec	1002.18	1002.68
52	3	ٱلْكِتَٰبَ	الْكِتَابَ	1.00	1.00	rec	1002.74	1003.74
52	4	وَٱلْفُرْقَانَ	وَالْفُرْقَانَ	1.00	1.00	rec	1003.84	1005.16
52	5	لَعَلَّكُمْ	لَعَلَّكُمْ	1.00	0.99	rec	1005.30	1006.50
52	6	تَهْتَدُونَ	تَهُ+هْتَدُونَ	0.86	0.75	rec	1006.64	1008.76
53	0	وَإِذْ	وَإِذْ	1.00	1.00	rec	1009.94	1010.26
53	1	قَالَ	قَالَ	1.00	1.00	rec	1010.36	1010.74
53	2	مُوسَىٰ	مُوسَىٰ	1.00	1.00	rec	1010.84	1011.38
53	3	لِقَوْمِهِۦ	لِقَوْمِهِ	1.00	1.00	rec	1011.74	1012.80
53	4	يَٰقَوْمِ	يَا+قَوْمِ	1.00	1.00	rec	1013.24	1014.16
53	5	إِنَّكُمْ	إِنَّكُمْ	1.00	1.00	rec	1014.34	1015.68
53	6	ظَلَمْتُمْ	ظَلَمْتُمْ	1.00	0.97	rec	1015.80	1016.76
53	7	أَنفُسَكُم	أَنْفُسَكُمْ	1.00	1.00	rec	1016.88	1018.98
53	8	بِٱتِّخَاذِكُمُ	بِاتِّخَاذِكُمُ	1.00	1.00	rec	1019.04	1020.58
53	9	ٱلْعِجْلَ	الْعِجْلَ	1.00	1.00	rec	1020.66	1021.34
53	10	فَتُوبُوٓا۟	فَتُوبُوا	1.00	0.99	rec	1021.50	1022.32
53	11	إِلَىٰ	إِلَىٰ	1.00	1.00	rec	1024.78	1025.10
53	12	بَارِئِكُمْ	بَارِئ+كُمْ	1.00	0.91	rec	1025.48	1026.64
53	13	فَٱقْتُلُوٓا۟	فَاقْتُلُوا	1.00	1.00	rec	1026.78	1027.66
53	14	أَنفُسَكُمْ	أَنْفُسَكُمْ	1.00	1.00	rec	1028.02	1029.88
53	15	ذَٰلِكُمْ	ذَٰلِكُمْ	1.00	1.00	rec	1029.98	1030.92
53	16	خَيْرٌۭ	خَيْرٌ	1.00	1.00	rec	1031.10	1031.62
53	17	لَّكُمْ	لَكُمْ	1.00	1.00	rec	1031.90	1032.46
53	18	عِندَ	عِنْدَ	1.00	1.00	rec	1032.56	1033.38
53	19	بَارِئِكُمْ	بَارٍ+كُمْ	0.83	0.96	rec	1033.56	1034.88
53	20	فَتَابَ	فَتَابَ	1.00	1.00	rec	1035.00	1035.80
53	21	عَلَيْكُمْۚ	عَلَيْكُمْ	1.00	1.00	rec	1035.94	1037.08
53	22	إِنَّهُۥ	إِنَّهُ	1.00	1.00	rec	1039.94	1041.08
53	23	هُوَ	هُوَ	1.00	0.95	rec	1041.40	1041.64
53	24	ٱلتَّوَّابُ	لتَوَّابُ	0.83	0.97	rec	1041.88	1043.02
53	25	ٱلرَّحِيمُ	الرَّحِيمِ	1.00	0.99	rec	1043.10	1044.58
54	0	وَإِذْ	وَإِذْ	1.00	1.00	rec	1045.40	1045.86
54	1	قُلْتُمْ	قُلْتُمْ	1.00	1.00	rec	1046.00	1046.70
54	2	يَٰمُوسَىٰ	يَا+مُوسَىٰ	1.00	1.00	rec	1046.78	1047.82
54	3	لَن	لَنْ	1.00	1.00	rec	1048.20	1049.06
54	4	نُّؤْمِنَ	نُؤْمِنَ	1.00	1.00	rec	1049.10	1049.72
54	5	لَكَ	لَكَ	1.00	1.00	rec	1049.84	1050.14
54	6	حَتَّىٰ	حَ+تَا	0.75	0.88	rec	1050.28	1050.82
54	7	نَرَى	نَرَى	1.00	0.97	rec	1051.22	1051.46
54	8	ٱللَّهَ	اللَّهَ	1.00	1.00	rec	1051.50	1052.34
54	9	جَهْرَةًۭ	جَهْرَهُ	0.75	1.00	rec	1052.54	1053.18
54	10	فَأَخَذَتْكُمُ	فَأَخَذَتْكُمُ	1.00	1.00	rec	1054.08	1055.28
54	11	ٱلصَّٰعِقَةُ	الصَّاعِقَةُ	1.00	1.00	rec	1055.36	1056.66
54	12	وَأَنتُمْ	وَأَنْتُمْ	1.00	1.00	rec	1056.78	1058.28
54	13	تَنظُرُونَ	تَنْظُرُونَ	1.00	0.97	rec	1058.44	1060.72
55	0	ثُمَّ	ثُمَّ	1.00	1.00	rec	1061.44	1062.54
55	1	بَعَثْنَٰكُم	بَعَثْنَاكُمْ	1.00	1.00	rec	1062.66	1064.18
55	2	مِّنۢ	مِنْ	1.00	1.00	rec	1064.24	1064.88
55	3	بَعْدِ	بَعْدِ	1.00	1.00	rec	1064.94	1065.34
55	4	مَوْتِكُمْ	مَوْتِكُمْ	1.00	1.00	rec	1065.46	1066.34
55	5	لَعَلَّكُمْ	لَعَلَّكُمْ	1.00	1.00	rec	1066.42	1067.48
55	6	تَشْكُرُونَ	تَشْكُرُونَ	1.00	1.00	rec	1067.60	1069.80
56	0	وَظَلَّلْنَا	وَظَلَّلْنَا	1.00	1.00	rec	1070.56	1071.68
56	1	عَلَيْكُمُ	عَلَيْكُمُ	1.00	1.00	rec	1072.04	1072.94
56	2	ٱلْغَمَامَ	الْعَمَامَ	0.83	0.96	rec	1073.02	1074.22
56	3	وَأَنزَلْنَا	وَأَنْزَلْنَا	1.00	1.00	rec	1074.32	1075.94
56	4	عَلَيْكُمُ	عَلَيْكُمُ	1.00	1.00	rec	1076.36	1077.40
56	5	ٱلْمَنَّ	الْمَنَّ	1.00	1.00	rec	1077.48	1078.76
56	6	وَٱلسَّلْوَىٰۖ	وَالسَّلْوَىٰ	1.00	1.00	rec	1078.88	1079.94
56	7	كُلُوا۟	كُلُوا	1.00	1.00	rec	1081.04	1081.34
56	8	مِن	مِنْ	1.00	1.00	rec	1081.64	1082.40
56	9	طَيِّبَٰتِ	طَيِّبَاتِ	1.00	1.00	rec	1082.52	1083.68
56	10	مَا	مَا	1.00	1.00	rec	1083.82	1083.96
56	11	رَزَقْنَٰكُمْۖ	رَزَقْنَاكُمْ	1.00	1.00	rec	1084.22	1085.90
56	12	وَمَا	وَمَا	1.00	1.00	rec	1086.50	1086.84
56	13	ظَلَمُونَا	ظَلَمُونَا	1.00	0.98	rec	1087.18	1088.12
56	14	وَلَٰكِن	وَلَـٰكِنْ	1.00	1.00	rec	1088.38	1089.88
56	15	كَانُوٓا۟	كَانُوا	1.00	1.00	rec	1090.00	1090.50
56	16	أَنفُسَهُمْ	أَنْفُسَهُمْ	1.00	0.97	rec	1091.24	1093.06
56	17	يَظْلِمُونَ	يَظْلِمُونَ	1.00	1.00	rec	1093.20	1094.94
57	0	وَإِذْ	وَإِذْ	1.00	1.00	rec	1096.82	1097.26
57	1	قُلْنَا	قُلْنَا	1.00	1.00	rec	1097.40	1097.90
57	2	ٱدْخُلُوا۟	ادْخُلُوا	1.00	0.99	rec	1097.94	1098.54
57	3	هَٰذِهِ	هَـٰذِهِ	1.00	1.00	rec	1098.86	1099.64
57	4	ٱلْقَرْيَةَ	الْقَرْيَةَ	1.00	1.00	rec	1099.70	1100.74
57	5	فَكُلُوا۟	فَكُلُوا	1.00	1.00	rec	1100.90	1101.44
57	6	مِنْهَا	مِنْهَا	1.00	1.00	rec	1101.84	1102.40
57	7	حَيْثُ	حَيْثُ	1.00	1.00	rec	1108.34	1108.88
57	8	شِئْتُمْ	سِئْتُمْ	0.75	1.00	rec	1109.08	1109.80
57	9	رَغَدًۭا	رَغَدًا	1.00	0.95	rec	1109.88	1110.46
57	10	وَٱدْخُلُوا۟	وَادْخُلُوا	1.00	0.98	rec	1111.12	1111.84
57	11	ٱلْبَابَ	الْبَعَابَ	0.83	1.00	rec	1111.90	1112.74
57	12	سُجَّدًۭا	سُجَّدًا	1.00	1.00	rec	1112.94	1113.68
57	13	وَقُولُوا۟	وَقُولُوا	1.00	1.00	rec	1114.24	1115.08
57	14	حِطَّةٌۭ	حِطَّةٌ	1.00	1.00	rec	1115.50	1116.16
57	15	نَّغْفِرْ	نَغْفِرْ	1.00	0.89	rec	1117.00	1117.68
57	16	لَكُمْ	لَكُمْ	1.00	1.00	rec	1117.76	1118.38
57	17	خَطَٰيَٰكُمْۚ	خَطَايَعكُمْ	0.86	0.94	rec	1123.90	1125.40
57	18	وَسَنَزِيدُ	وَسَنَزِيدُ	1.00	1.00	rec	1125.54	1126.96
57	19	ٱلْمُحْسِنِينَ	لْمه+حْسِنِينَ	0.75	0.75	rec	1127.10	1129.04
58	0	فَبَدَّلَ	فَبَدَّلَ	1.00	1.00	rec	1129.82	1130.56
58	1	ٱلَّذِينَ	الَّذِينَ	1.00	1.00	rec	1130.64	1131.54
58	2	ظَلَمُوا۟	ظَلَمُوا	1.00	1.00	rec	1131.68	1132.24
58	3	قَوْلًا	قَوْلًا	1.00	1.00	rec	1132.64	1133.10
58	4	غَيْرَ	غَيْرَ	1.00	1.00	rec	1133.44	1133.86
58	5	ٱلَّذِى	الَّذِي	1.00	1.00	rec	1133.92	1134.46
58	6	قِيلَ	قِيلَ	1.00	1.00	rec	1134.82	1135.26
58	7	لَهُمْ	لَهُمْ	1.00	1.00	rec	1135.38	1135.96
58	8	فَأَنزَلْنَا	فَأَنْزَلْنَا	1.00	1.00	rec	1136.74	1138.38
58	9	عَلَى	عَلَى	1.00	1.00	rec	1138.76	1139.04
58	10	ٱلَّذِينَ	الَّذِينَ	1.00	1.00	rec	1139.10	1139.96
58	11	ظَلَمُوا۟	ظَلَمُوا	1.00	0.97	rec	1140.10	1140.64
58	12	رِجْزًۭا	رِجْزًا	1.00	1.00	rec	1140.88	1141.44
58	13	مِّنَ	مِنَ	1.00	1.00	rec	1142.10	1142.34
58	14	ٱلسَّمَآءِ	السَّمَاءِ	1.00	0.99	rec	1142.38	1144.26
58	15	بِمَا	بِمَا	1.00	1.00	rec	1144.40	1144.74
58	16	كَانُوا۟	كَانُوا	1.00	1.00	rec	1145.10	1145.72
58	17	يَفْسُقُونَ	يَفْسُقُونَ	1.00	1.00	rec	1146.04	1148.14
59	0	وَإِذِ	وَإِذِ	1.00	1.00	rec	1149.08	1149.52
59	1	ٱسْتَسْقَىٰ	اسْتَسْقَىٰ	1.00	1.00	rec	1149.56	1150.32
59	2	مُوسَىٰ	مُوسَىٰ	1.00	1.00	rec	1150.66	1151.20
59	3	لِقَوْمِهِۦ	لِقَوْمِهِ	1.00	1.00	rec	1151.52	1152.42
59	4	فَقُلْنَا	فَقُلْنَا	1.00	1.00	rec	1152.78	1153.52
59	5	ٱضْرِب	اضْرِبْ	1.00	1.00	rec	1153.56	1154.12
59	6	بِّعَصَاكَ	بِعَصَاكَ	1.00	1.00	rec	1154.18	1155.26
59	7	ٱلْحَجَرَۖ	الْحَجَرَ	1.00	0.94	rec	1155.32	1156.24
59	8	فَٱنفَجَرَتْ	فَانْفَجَرَتْ	1.00	1.00	rec	1157.22	1159.02
59	9	مِنْهُ	مِنْهُ	1.00	1.00	rec	1159.12	1159.54
59	10	ٱثْنَتَا	اثْنَتَا	1.00	0.97	rec	1159.62	1160.26
59	11	عَشْرَةَ	عَشْرَةَ	1.00	0.97	rec	1160.62	1161.42
59	12	عَيْنًۭاۖ	عَيْنًا	1.00	0.93	rec	1161.56	1162.20
59	13	قَدْ	قَدْ	1.00	1.00	rec	1163.34	1163.62
59	14	عَلِمَ	عَلِمَ	1.00	1.00	rec	1163.74	1164.24
59	15	كُلُّ	كُلُّ	1.00	1.00	rec	1164.48	1164.94
59	16	أُنَاسٍۢ	أُنْعَاسٍ	0.80	0.99	rec	1165.08	1165.90
59	17	مَّشْرَبَهُمْۖ	مَشْرَبَهُمْ	1.00	1.00	rec	1166.76	1168.02
59	18	كُلُوا۟	كُلُوا	1.00	0.91	rec	1168.78	1169.06
59	19	وَٱشْرَبُوا۟	وَاشْرَبُوا	1.00	1.00	rec	1169.36	1170.06
59	20	مِن	مِنْ	1.00	1.00	rec	1170.40	1170.64
59	21	رِّزْقِ	رِزْقِ	1.00	1.00	rec	1170.74	1171.26
59	22	ٱللَّهِ	اللَّهِ	1.00	1.00	rec	1171.30	1172.06
59	23	وَلَا	وَلَا	1.00	1.00	rec	1172.20	1172.50
59	24	تَعْثَوْا۟	تَعْثَوْا	1.00	0.99	rec	1172.86	1173.54
59	25	فِى	فِي	1.00	0.89	rec	1173.76	1173.86
59	26	ٱلْأَرْضِ	الْأَرْضِ	1.00	1.00	rec	1173.92	1174.64
59	27	مُفْسِدِينَ	سِدِينَ	0.67	0.92	rec	1175.20	1176.60
60	0	وَإِذْ	وَإِذْ	1.00	1.00	rec	1177.42	1177.84
60	1	قُلْتُمْ	قُلْتُمْ	1.00	0.99	rec	1178.00	1178.72
60	2	يَٰمُوسَىٰ	يَا+مُوسَىٰ	1.00	1.00	rec	1178.82	1179.82
60	3	لَن	لَنْ	1.00	1.00	rec	1180.18	1181.06
60	4	نَّصْبِرَ	نَصْبِرَ	1.00	0.99	rec	1181.10	1181.72
60	5	عَلَىٰ	عَلَىٰ	1.00	1.00	rec	1181.88	1182.20
60	6	طَعَامٍۢ	طَعَامٍ	1.00	1.00	rec	1182.46	1183.18
60	7	وَٰحِدٍۢ	وَاحِدٍ	1.00	0.95	rec	1183.82	1184.52
60	8	فَٱدْعُ	فَادْعُ	1.00	1.00	rec	1185.40	1185.90
60	9	لَنَا	لَنَا	1.00	1.00	rec	1188.88	1189.18
60	10	رَبَّكَ	رَبَّكَ	1.00	0.99	rec	1189.52	1190.22
60	11	يُخْرِجْ	يُخْرِجْ	1.00	1.00	rec	1190.36	1191.06
60	12	لَنَا	لَنَا	1.00	1.00	rec	1191.14	1191.46
60	13	مِمَّا	مِمَّا	1.00	1.00	rec	1191.86	1192.98
60	14	تُنۢبِتُ	تُنْبِتُ	1.00	1.00	rec	1193.34	1194.58
60	15	ٱلْأَرْضُ	الْأَرْضُ	1.00	1.00	rec	1194.64	1195.42
60	16	مِنۢ	مِنْ	1.00	1.00	rec	1195.56	1196.42
60	17	بَقْلِهَا	بَقْلِهَا+وَ	0.83	0.69	rec	1196.48	1197.70
60	18	وَقِثَّآئِهَا	وَقِثَّائِهَا	1.00	1.00	rec	1210.06	1212.54
60	19	وَفُومِهَا	وَفُومِهَا	1.00	1.00	rec	1212.88	1213.84
60	20	وَعَدَسِهَا	وَعَدَسِهَا	1.00	1.00	rec	1214.18	1215.18
60	21	وَبَصَلِهَاۖ	وَبَصَلِهَا	1.00	1.00	rec	1215.58	1216.64
60	22	قَالَ	قَالَ	1.00	1.00	rec	1217.96	1218.44
60	23	أَتَسْتَبْدِلُونَ	أَتَسْتَبْدِلُونَ	1.00	1.00	rec	1218.56	1220.06
60	24	ٱلَّذِى	الَّذِي	1.00	1.00	rec	1220.10	1220.60
60	25	هُوَ	هُوَ	1.00	1.00	rec	1220.86	1221.12
60	26	أَدْنَىٰ	أَدْنَىٰ	1.00	1.00	rec	1221.26	1221.78
60	27	بِٱلَّذِى	بِالَّذِي	1.00	1.00	rec	1222.12	1222.78
60	28	هُوَ	هُوَ	1.00	1.00	rec	1223.10	1223.36
60	29	خَيْرٌۚ	خَيْرٍ	1.00	0.92	rec	1223.58	1224.60
60	30	ٱهْبِطُوا۟	اهْبِطُوا	1.00	1.00	rec	1225.32	1225.98
60	31	مِصْرًۭا	مِصْرًا	1.00	1.00	rec	1226.26	1226.74
60	32	فَإِنَّ	فَإِنَّ	1.00	0.99	rec	1227.48	1228.48
60	33	لَكُم	لَكُمْ	1.00	1.00	rec	1228.60	1229.64
60	34	مَّا	مَا	1.00	1.00	rec	1229.70	1229.82
60	35	سَأَلْتُمْۗ	سَأَلْتُمْ	1.00	1.00	rec	1230.14	1231.22
60	36	وَضُرِبَتْ	وَضُلِبَتْ	0.80	1.00	rec	1232.00	1232.84
60	37	عَلَيْهِمُ	عَلَيْهِمِ	1.00	1.00	rec	1232.92	1233.82
60	38	ٱلذِّلَّةُ	الذِّلَّةُ	1.00	1.00	rec	1233.88	1234.78
60	39	وَٱلْمَسْكَنَةُ	وَالْمَسْكَنَةُ	1.00	1.00	rec	1234.90	1236.06
60	40	وَبَآءُو	وَبَاءُوا	0.83	1.00	rec	1236.20	1238.24
60	41	بِغَضَبٍۢ	بِغَضَبٍ	1.00	1.00	rec	1238.58	1239.24
60	42	مِّنَ	مِنَ	1.00	1.00	rec	1240.04	1240.26
60	43	ٱللَّهِۗ	اللَّهِ	1.00	0.99	rec	1240.30	1241.30
60	44	ذَٰلِكَ	ذَٰلِكَ	1.00	1.00	rec	1242.22	1242.80
60	45	بِأَنَّهُمْ	بِأَنَّهُمْ	1.00	0.99	rec	1242.92	1244.32
60	46	كَانُوا۟	كَانُوا	1.00	0.92	rec	1244.50	1245.08
60	47	يَكْفُرُونَ	يَكْفُرُونَ	1.00	0.95	rec	1245.38	1246.42
60	48	بِـَٔايَٰتِ	بِآيَاتِ	1.00	0.92	rec	1246.56	1247.72
60	49	ٱللَّهِ	اللَّهِ	1.00	1.00	rec	1247.78	1248.58
60	50	وَيَقْتُلُونَ	وَيَقْتُلُونَ	1.00	1.00	rec	1248.70	1250.08
60	51	ٱلنَّبِيِّۦنَ	النَّبِيِّينَ	0.86	1.00	rec	1250.12	1252.02
60	52	بِغَيْرِ	بِغَيْرِ	1.00	1.00	rec	1252.16	1252.88
60	53	ٱلْحَقِّۗ	الْحَقِّ	1.00	0.97	rec	1252.94	1253.50
60	54	ذَٰلِكَ	قذَٰلِكَ	0.80	0.96	rec	1253.90	1255.72
60	55	بِمَا	بِمَا	1.00	1.00	rec	1255.84	1256.16
60	56	عَصَوا۟	عَصَوْا	1.00	1.00	rec	1256.42	1256.96
60	57	وَّكَانُوا۟	وَكَانُوا	1.00	0.96	rec	1257.06	1257.86
60	58	يَعْتَدُونَ	تَدُونَ	0.67	0.99	rec	1258.78	1260.46
61	0	إِنَّ	إِنَّ	1.00	1.00	rec	1261.14	1261.98
61	1	ٱلَّذِينَ	الَّذِينَ	1.00	0.93	rec	1262.02	1262.72
61	2	ءَامَنُوا۟	آمَنُوا	0.83	1.00	rec	1262.86	1263.50
61	3	وَٱلَّذِينَ	وَالَّذِينَ	1.00	1.00	rec	1263.72	1264.58
61	4	هَادُوا۟	هَادُوا	1.00	1.00	rec	1264.74	1265.30
61	5	وَٱلنَّصَٰرَىٰ	وَالنَّصَارِي	0.89	1.00	rec	1265.52	1267.02
61	6	وَٱلصَّٰبِـِٔينَ	وَالصَّابِئِينَ	0.89	0.99	rec	1267.32	1268.74
61	7	مَنْ	مَنْ	1.00	1.00	rec	1268.86	1269.14
61	8	ءَامَنَ	مَنْ+آمَنَ	0.60	0.98	rec	1273.98	1274.76
61	9	بِٱللَّهِ	بِاللَّهِ	1.00	1.00	rec	1274.90	1275.86
61	10	وَٱلْيَوْمِ	وَالْيَوْمِ	1.00	1.00	rec	1276.02	1276.84
61	11	ٱلْءَاخِرِ	الْآخِرِ	0.83	1.00	rec	1276.90	1278.00
61	12	وَعَمِلَ	وَعَمِلَ	1.00	1.00	rec	1278.14	1278.90
61	13	صَٰلِحًۭا	صَالِحًا	1.00	1.00	rec	1279.10	1280.04
61	14	فَلَهُمْ	فَلَهُمْ	1.00	1.00	rec	1280.84	1281.56
61	15	أَجْرُهُمْ	أَجْرُهُمْ	1.00	0.95	rec	1281.66	1282.54
61	16	عِندَ	عِنْدَ	1.00	1.00	rec	1282.64	1283.44
61	17	رَبِّهِمْ	رَبِّهِمْ	1.00	1.00	rec	1283.56	1284.50
61	18	وَلَا	وَلَا	1.00	1.00	rec	1289.28	1289.56
61	19	خَوْفٌ	خَوْفٌ	1.00	1.00	rec	1289.86	1290.34
61	20	عَلَيْهِمْ	عَلَيْهِمْ	1.00	1.00	rec	1290.62	1291.60
61	21	وَلَا	وَلَا	1.00	1.00	rec	1291.72	1292.00
61	22	هُمْ	هُمْيَحٌ	0.50	0.75	rec	1292.36	1292.90
61	23	يَحْزَنُونَ	حْزَنُونَ	0.83	0.96	rec	1293.02	1294.52
62	0	وَإِذْ	وَإِذْ	1.00	1.00	rec	1296.42	1296.88
62	1	أَخَذْنَا	أَخَذْنَا	1.00	1.00	rec	1296.94	1297.60
62	2	مِيثَٰقَكُمْ	مِيثَاقَكُمْ	1.00	1.00	rec	1297.88	1299.32
62	3	وَرَفَعْنَا	وَرَفَعْنَا	1.00	1.00	rec	1299.40	1300.34
62	4	فَوْقَكُمُ	فَوْقَكُمُ	1.00	1.00	rec	1300.76	1301.64
62	5	ٱلطُّورَ	الطُّورَ	1.00	0.98	rec	1301.72	1302.44
62	6	خُذُوا۟	خُذُوا	1.00	1.00	rec	1302.64	1302.96
62	7	مَآ	مَا	1.00	1.00	rec	1303.32	1303.44
62	8	ءَاتَيْنَٰكُم	مَا+آتَيْنَاكُمْ	0.78	1.00	rec	1310.20	1312.76
62	9	بِقُوَّةٍۢ	بِقُوَّةٍ	1.00	1.00	rec	1312.82	1313.78
62	10	وَٱذْكُرُوا۟	وَاذْكُرُوا	1.00	1.00	rec	1314.46	1315.12
62	11	مَا	مَا	1.00	1.00	rec	1315.42	1315.54
62	12	فِيهِ	فِيهِ	1.00	1.00	rec	1315.88	1316.38
62	13	لَعَلَّكُمْ	لَعَلَّكُمْ	1.00	1.00	rec	1316.54	1317.70
62	14	تَتَّقُونَ	تَتَّقُونَ	1.00	1.00	rec	1317.82	1319.84
63	0	ثُمَّ	ثُمَّ	1.00	1.00	rec	1320.74	1321.48
63	1	تَوَلَّيْتُم	تَوَلَّيْتُمْ	1.00	1.00	rec	1321.64	1323.14
63	2	مِّنۢ	مِنْ	1.00	1.00	rec	1323.20	1323.94
63	3	بَعْدِ	بَعْدِ	1.00	1.00	rec	1324.00	1324.40
63	4	ذَٰلِكَۖ	ذَٰلِكَ	1.00	0.96	rec	1324.54	1325.42
63	5	فَلَوْلَا	فَلَوْلَا	1.00	1.00	rec	1326.16	1326.88
63	6	فَضْلُ	فَضْلُ	1.00	1.00	rec	1327.32	1327.78
63	7	ٱللَّهِ	اللَّهِ	1.00	1.00	rec	1327.86	1328.66
63	8	عَلَيْكُمْ	عَلَيْكُمْ	1.00	1.00	rec	1328.80	1329.70
63	9	وَرَحْمَتُهُۥ	وَرَحْمَتُهُ	1.00	0.99	rec	1329.80	1330.90
63	10	لَكُنتُم	لَكُنْتُمْ	1.00	1.00	rec	1331.24	1333.14
63	11	مِّنَ	مِنَ	1.00	1.00	rec	1333.20	1333.44
63	12	ٱلْخَٰسِرِينَ	الْخَاسِرِينَ	1.00	1.00	rec	1333.50	1335.62
64	0	وَلَقَدْ	وَلَقَدْ	1.00	1.00	rec	1336.76	1337.36
64	1	عَلِمْتُمُ	عَلِمْتُمُ	1.00	1.00	rec	1337.46	1338.32
64	2	ٱلَّذِينَ	الَّذِينَ	1.00	1.00	rec	1338.42	1339.24
64	3	ٱعْتَدَوْا۟	اعْتَدَوْا	1.00	1.00	rec	1339.28	1340.10
64	4	مِنكُمْ	مِنْكُمْ	1.00	1.00	rec	1340.26	1341.34
64	5	فِى	فِي	1.00	1.00	rec	1341.44	1341.56
64	6	ٱلسَّبْتِ	السَّبْتِ	1.00	0.97	rec	1341.60	1342.32
64	7	فَقُلْنَا	فَقُلْنَا	1.00	1.00	rec	1342.50	1343.28
64	8	لَهُمْ	لَهُمْ	1.00	1.00	rec	1343.54	1344.06
64	9	كُونُوا۟	كُونُوا	1.00	1.00	rec	1344.22	1344.76
64	10	قِرَدَةً	قِرَدَةً	1.00	1.00	rec	1345.08	1345.76
64	11	خَٰسِـِٔينَ	خَاسِئِينَ	0.83	1.00	rec	1346.12	1348.10
65	0	فَجَعَلْنَٰهَا	فَجَعَلْنَاهَا	1.00	1.00	rec	1348.80	1350.12
65	1	نَكَٰلًۭا	نَكَالًا	1.00	1.00	rec	1350.44	1351.28
65	2	لِّمَا	لِمَا	1.00	1.00	rec	1351.54	1351.86
65	3	بَيْنَ	بَيْنَ	1.00	1.00	rec	1352.10	1352.54
65	4	يَدَيْهَا	يَدَيْهَا	1.00	1.00	rec	1352.64	1353.36
65	5	وَمَا	وَمَا	1.00	1.00	rec	1353.70	1354.06
65	6	خَلْفَهَا	خَلْفَهَا	1.00	1.00	rec	1354.38	1355.10
65	7	وَمَوْعِظَةًۭ	وَمَوْعِظَةً	1.00	1.00	rec	1355.46	1356.68
65	8	لِّلْمُتَّقِينَ	لِلْمُتَّقِينَ	1.00	0.98	rec	1357.04	1359.40
66	0	وَإِذْ	وَإِذْ	1.00	0.93	rec	1360.46	1360.88
66	1	قَالَ	قَالَ	1.00	1.00	rec	1361.02	1361.44
66	2	مُوسَىٰ	مُوسَىٰ	1.00	1.00	rec	1361.56	1362.10
66	3	لِقَوْمِهِۦٓ	لِقَوْمِهِ	1.00	1.00	rec	1362.38	1363.32
66	4	إِنَّ	إِنَّ	1.00	1.00	rec	1363.74	1364.58
66	5	ٱللَّهَ	اللَّهَ	1.00	1.00	rec	1364.64	1365.30
66	6	يَأْمُرُكُمْ	يَأْمُرُكُمْ	1.00	0.98	rec	1365.46	1366.54
66	7	أَن	أَنْ	1.00	1.00	rec	1366.64	1367.44
66	8	تَذْبَحُوا۟	تَذْبَحُوا	1.00	1.00	rec	1367.56	1368.28
66	9	بَقَرَةًۭۖ	بَقَرَةً	1.00	0.98	rec	1368.58	1369.22
66	10	قَالُوٓا۟	قَالُوا	1.00	0.96	rec	1370.18	1370.74
66	11	أَتَتَّخِذُنَا	أَتَتَّخِذُنَا	1.00	0.99	rec	1371.30	1372.70
66	12	هُزُوًۭاۖ	هُزُئًا	0.75	0.98	rec	1373.06	1373.70
66	13	قَالَ	قَالَ	1.00	1.00	rec	1374.80	1375.28
66	14	أَعُوذُ	أَعُوذُ	1.00	1.00	rec	1375.40	1376.10
66	15	بِٱللَّهِ	بِاللَّهِ	1.00	0.98	rec	1376.26	1377.18
66	16	أَنْ	أَنْ	1.00	1.00	rec	1377.32	1377.64
66	17	أَكُونَ	أَكُونَ	1.00	1.00	rec	1377.70	1378.46
66	18	مِنَ	مِنَ	1.00	1.00	rec	1378.60	1378.84
66	19	ٱلْجَٰهِلِينَ	الْجَاهِلِينَ	1.00	0.98	rec	1378.88	1380.90
67	0	قَالُوا۟	قَالُوا	1.00	0.98	rec	1381.70	1382.24
67	1	ٱدْعُ	ادْعُ	1.00	1.00	rec	1382.30	1382.64
67	2	لَنَا	لَنَا	1.00	0.98	rec	1382.76	1383.06
67	3	رَبَّكَ	رَبَّكَ	1.00	0.96	rec	1383.34	1384.00
67	4	يُبَيِّن	يُبَيِّنْ	1.00	0.94	rec	1384.16	1385.06
67	5	لَّنَا	لَنَا	1.00	1.00	rec	1385.14	1385.48
67	6	مَا	مَا	1.00	1.00	rec	1385.82	1385.94
67	7	هِىَۚ	هِيَ	1.00	1.00	rec	1386.46	1386.98
67	8	قَالَ	قَالَ	1.00	1.00	rec	1387.80	1388.26
67	9	إِنَّهُۥ	إِنَّهُ	1.00	0.98	rec	1388.40	1389.56
67	10	يَقُولُ	يَقُولُ	1.00	1.00	rec	1390.02	1390.72
67	11	إِنَّهَا	إِنَّهَا	1.00	1.00	rec	1390.88	1392.00
67	12	بَقَرَةٌۭ	بَقَرَةٌ	1.00	1.00	rec	1392.36	1393.12
67	13	لَّا	لَا	1.00	1.00	rec	1393.42	1393.56
67	14	فَارِضٌۭ	فَارِضٌ	1.00	1.00	rec	1393.88	1394.64
67	15	وَلَا	وَلَا	1.00	1.00	rec	1395.24	1395.58
67	16	بِكْرٌ	بِكْرٌ	1.00	0.99	rec	1395.98	1396.44
67	17	عَوَانٌۢ	عَوَانٌ	1.00	1.00	rec	1396.78	1397.56
67	18	بَيْنَ	بَيْنَ	1.00	1.00	rec	1398.16	1398.62
67	19	ذَٰلِكَۖ	ذَٰلِكَ	1.00	1.00	rec	1398.78	1399.62
67	20	فَٱفْعَلُوا۟	فَافْعَلُوا	1.00	1.00	rec	1399.76	1400.50
67	21	مَا	مَا	1.00	1.00	rec	1400.86	1401.00
67	22	تُؤْمَرُونَ	تُؤْمَرُونَ	1.00	1.00	rec	1401.44	1403.50
68	0	قَالُوا۟	قَالُوا	1.00	0.99	rec	1404.50	1404.92
68	1	ٱدْعُ	ادْعُ	1.00	1.00	rec	1404.98	1405.26
68	2	لَنَا	لَنَا	1.00	1.00	rec	1405.38	1405.64
68	3	رَبَّكَ	رَبَّكَ	1.00	1.00	rec	1405.92	1406.52
68	4	يُبَيِّن	يُبَيِّنْ	1.00	1.00	rec	1406.66	1407.56
68	5	لَّنَا	لَنَا	1.00	1.00	rec	1407.64	1407.96
68	6	مَا	مَعْ	0.50	1.00	rec	1408.22	1408.54
68	7	لَوْنُهَاۚ	لَوْنُهَا	1.00	1.00	rec	1408.64	1409.34
68	8	قَالَ	قَالَ	1.00	1.00	rec	1410.54	1410.96
68	9	إِنَّهُۥ	إِنَّهُ	1.00	1.00	rec	1411.08	1412.12
68	10	يَقُولُ	يَقُولُ	1.00	1.00	rec	1412.54	1413.28
68	11	إِنَّهَا	إِنَّهَا	1.00	1.00	rec	1413.44	1414.60
68	12	بَقَرَةٌۭ	بَقَرَةٌ	1.00	1.00	rec	1415.02	1415.82
68	13	صَفْرَآءُ	صَفْرَاءُ	1.00	1.00	rec	1416.60	1418.84
68	14	فَاقِعٌۭ	فَاقِعٌ	1.00	1.00	rec	1419.04	1419.78
68	15	لَّوْنُهَا	لَوْنُهَا	1.00	1.00	rec	1420.08	1420.80
68	16	تَسُرُّ	تَسُرُّ	1.00	0.92	rec	1421.22	1421.90
68	17	ٱلنَّٰظِرِينَ	النَّاظِرِينَ	1.00	0.99	rec	1421.98	1424.64
69	0	قَالُوا۟	قَالُوا	1.00	1.00	rec	1425.66	1426.14
69	1	ٱدْعُ	ادْعُ	1.00	1.00	rec	1426.20	1426.48
69	2	لَنَا	لَنَا	1.00	1.00	rec	1426.62	1426.90
69	3	رَبَّكَ	رَبَّكَ	1.00	1.00	rec	1427.16	1427.80
69	4	يُبَيِّن	يُبَيِّنْ	1.00	1.00	rec	1427.92	1428.80
69	5	لَّنَا	لَنَا	1.00	1.00	rec	1428.88	1429.20
69	6	مَا	مَا	1.00	1.00	rec	1429.54	1429.66
69	7	هِىَ	هِيَ	1.00	0.85	rec	1430.02	1430.32
69	8	إِنَّ	إِنَّ	1.00	1.00	rec	1430.46	1431.44
69	9	ٱلْبَقَرَ	الْبَقَرَ	1.00	1.00	rec	1431.50	1432.20
69	10	تَشَٰبَهَ	تَشَابَهَ	1.00	1.00	rec	1432.38	1433.42
69	11	عَلَيْنَا	عَلَيْنَا	1.00	1.00	rec	1433.58	1434.40
69	12	وَإِنَّآ	وَإِنَّا	1.00	0.98	rec	1435.64	1436.82
69	13	إِن	إِنْ	1.00	1.00	rec	1437.34	1438.00
69	14	شَآءَ	شَاءَ	1.00	1.00	rec	1438.14	1439.68
69	15	ٱللَّهُ	اللَّهُ	1.00	0.91	rec	1439.72	1440.56
69	16	لَمُهْتَدُونَ	لَمُهْتَدُونَ	1.00	0.99	rec	1440.70	1442.80
70	0	قَالَ	قَالَ	1.00	1.00	rec	1443.54	1443.94
70	1	إِنَّهُۥ	إِنَّهُ	1.00	1.00	rec	1444.06	1445.10
70	2	يَقُولُ	يَقُولُ	1.00	1.00	rec	1445.42	1446.08
70	3	إِنَّهَا	إِنَّهَا	1.00	1.00	rec	1446.26	1447.26
70	4	بَقَرَةٌۭ	بَقَرَةٌ	1.00	1.00	rec	1447.58	1448.30
70	5	لَّا	لَا	1.00	1.00	rec	1448.62	1448.76
70	6	ذَلُولٌۭ	ذَلُولٌ	1.00	1.00	rec	1449.00	1449.60
70	7	تُثِيرُ	تُثِيرُ	1.00	1.00	rec	1450.34	1451.02
70	8	ٱلْأَرْضَ	الْأَرْضَ	1.00	1.00	rec	1451.10	1451.80
70	9	وَلَا	وَلَا	1.00	1.00	rec	1451.94	1452.24
70	10	تَسْقِى	تَسْقِي	1.00	0.99	rec	1452.66	1453.10
70	11	ٱلْحَرْثَ	الْحَرْثِ	1.00	0.97	rec	1453.14	1453.94
70	12	مُسَلَّمَةٌۭ	مُسَلَّمَةٌ	1.00	1.00	rec	1454.74	1455.94
70	13	لَّا	الْعَاشِيَةَ⌐	0.71	0.93	rec	1456.26	1456.76
70	14	شِيَةَ	الْعَاشِيَةَ¬	0.71	0.93	rec	1456.76	1457.50
70	15	فِيهَاۚ	فِيهَا	1.00	1.00	rec	1457.70	1458.38
70	16	قَالُوا۟	قَالُوا	1.00	0.97	rec	1459.50	1460.16
70	17	ٱلْـَٰٔنَ	الْأَعَانَجُ	0.57	0.88	rec	1460.22	1461.46
70	18	جِئْتَ	تَبِالْحَقِّ⌐	0.75	0.98	rec	1461.86	1462.30
70	19	بِٱلْحَقِّۚ	تَبِالْحَقِّ¬	0.75	0.98	rec	1462.30	1463.04
70	20	فَذَبَحُوهَا	فَذَبْحُوهَا	1.00	0.98	rec	1463.22	1464.40
70	21	وَمَا	وَمَا	1.00	1.00	rec	1464.72	1465.08
70	22	كَادُوا۟	كَادُوا	1.00	1.00	rec	1465.44	1466.14
70	23	يَفْعَلُونَ	يَفْعَلُونَ	1.00	1.00	rec	1466.56	1468.36
71	0	وَإِذْ	وَإِذْ	1.00	1.00	rec	1469.12	1469.56
71	1	قَتَلْتُمْ	قَتَلْتُمْ	1.00	1.00	rec	1469.68	1470.50
71	2	نَفْسًۭا	نَفْسًا	1.00	1.00	rec	1470.58	1471.10
71	3	فَٱدَّٰرَْٰٔتُمْ	فَادَّارَأْتُمْ	1.00	1.00	rec	1471.84	1473.34
71	4	فِيهَاۖ	فِيهَا	1.00	1.00	rec	1473.48	1474.20
71	5	وَٱللَّهُ	وَاللَّهُ	1.00	1.00	rec	1475.30	1476.10
71	6	مُخْرِجٌۭ	مُخْرِجٌ	1.00	1.00	rec	1476.26	1476.90
71	7	مَّا	مَا	1.00	1.00	rec	1477.64	1477.78
71	8	كُنتُمْ	كُنْتُمْ	1.00	1.00	rec	1478.12	1479.30
71	9	تَكْتُمُونَ	تَكْتُمُونَ	1.00	1.00	rec	1479.42	1481.24
72	0	فَقُلْنَا	فَقُلْنَا	1.00	1.00	rec	1481.94	1482.64
72	1	ٱضْرِبُوهُ	اضْرِبُوهُ	1.00	1.00	rec	1482.70	1483.56
72	2	بِبَعْضِهَاۚ	ابِ+عْضِهَا	0.83	0.69	rec	1483.64	1484.72
72	3	كَذَٰلِكَ	كَذَٰلِكَ	1.00	1.00	rec	1485.80	1486.76
72	4	يُحْىِ	يُحْيِي	0.75	1.00	rec	1486.88	1487.28
72	5	ٱللَّهُ	اللَّعَاهُ	0.67	0.98	rec	1487.34	1488.26
72	6	ٱلْمَوْتَىٰ	الْمَوْتَىٰ	1.00	1.00	rec	1488.32	1489.08
72	7	وَيُرِيكُمْ	وَيُرِيكُمْ	1.00	1.00	rec	1489.66	1490.80
72	8	ءَايَٰتِهِۦ	آيَاتِهِ	0.83	1.00	rec	1490.92	1492.10
72	9	لَعَلَّكُمْ	لَعَلَّكُمْ	1.00	0.99	rec	1492.46	1493.66
72	10	تَعْقِلُونَ	تَعْقِلُونَ	1.00	1.00	rec	1493.80	1495.90
73	0	ثُمَّ	ثُمَّ	1.00	1.00	rec	1496.78	1497.66
73	1	قَسَتْ	قَسَتْ	1.00	1.00	rec	1497.86	1498.36
73	2	قُلُوبُكُم	قُلُوبُكُمْ	1.00	1.00	rec	1498.46	1500.14
73	3	مِّنۢ	مِنْ	1.00	1.00	rec	1500.20	1500.98
73	4	بَعْدِ	بَعْدِ	1.00	1.00	rec	1501.06	1501.54
73	5	ذَٰلِكَ	ذَٰلِكَ	1.00	1.00	rec	1501.70	1502.60
73	6	فَهِىَ	فَهِيَ	1.00	0.99	rec	1502.80	1503.30
73	7	كَٱلْحِجَارَةِ	كَالْحِيَارَةِ	0.88	1.00	rec	1503.48	1504.98
73	8	أَوْ	أَوْ	1.00	1.00	rec	1505.14	1505.40
73	9	أَشَدُّ	أَشَدُّ	1.00	1.00	rec	1505.48	1506.16
73	10	قَسْوَةًۭۚ	قَسْوَةٌ	1.00	0.90	rec	1506.34	1506.98
73	11	وَإِنَّ	وَإِنَّ	1.00	1.00	rec	1507.80	1508.92
73	12	مِنَ	مِنَ	1.00	1.00	rec	1509.02	1509.28
73	13	ٱلْحِجَارَةِ	الْحِجَارَةِ	1.00	0.99	rec	1509.32	1510.52
73	14	لَمَا	لَمَا	1.00	1.00	rec	1510.66	1510.98
73	15	يَتَفَجَّرُ	يَتَفَيَّرُ	0.80	0.96	rec	1511.28	1512.40
73	16	مِنْهُ	مِنْهُ	1.00	1.00	rec	1512.56	1513.06
73	17	ٱلْأَنْهَٰرُۚ	الْأَنْهَارُ	1.00	0.98	rec	1513.12	1514.94
73	18	وَإِنَّ	وَإِنَّ	1.00	1.00	rec	1515.66	1516.98
73	19	مِنْهَا	مِنْهَا	1.00	1.00	rec	1517.08	1517.56
73	20	لَمَا	لَمَا	1.00	1.00	rec	1517.90	1518.22
73	21	يَشَّقَّقُ	يَشَّقَّقُ	1.00	0.93	rec	1518.48	1519.48
73	22	فَيَخْرُجُ	فَيَخْرُجُ	1.00	1.00	rec	1519.68	1520.60
73	23	مِنْهُ	مِنْهُ	1.00	1.00	rec	1520.72	1521.20
73	24	ٱلْمَآءُۚ	الْمَاءُ	1.00	0.99	rec	1521.26	1523.08
73	25	وَإِنَّ	وَإِنَّ	1.00	0.98	rec	1523.84	1524.92
73	26	مِنْهَا	مِنْهَا	1.00	1.00	rec	1525.04	1525.64
73	27	لَمَا	لَمَا	1.00	1.00	rec	1526.10	1526.46
73	28	يَهْبِطُ	يَهْبِطُ	1.00	1.00	rec	1526.92	1527.64
73	29	مِنْ	مِنْ	1.00	1.00	rec	1527.80	1528.12
73	30	خَشْيَةِ	خَشْيَةِ	1.00	1.00	rec	1528.24	1528.88
73	31	ٱللَّهِۗ	اللَّهِ	1.00	1.00	rec	1528.94	1530.16
73	32	وَمَا	وَمَا	1.00	0.97	rec	1530.88	1531.14
73	33	ٱللَّهُ	اللَّهُ	1.00	1.00	rec	1531.20	1532.02
73	34	بِغَٰفِلٍ	بِغَافِلٍ	1.00	1.00	rec	1532.18	1533.36
73	35	عَمَّا	عَمَّا	1.00	1.00	rec	1533.66	1534.74
73	36	تَعْمَلُونَ	تَعْمَلُونَ	1.00	1.00	rec	1535.18	1537.06
74	0	أَفَتَطْمَعُونَ	أَفَتَطْمَعُونَ	1.00	1.00	rec	1538.90	1540.48
74	1	أَن	أَنْ	1.00	1.00	rec	1540.68	1541.64
74	2	يُؤْمِنُوا۟	يُؤْمِنُوا	1.00	1.00	rec	1541.70	1542.38
74	3	لَكُمْ	لَكُمْ	1.00	1.00	rec	1542.70	1543.22
74	4	وَقَدْ	وَقَدْ	1.00	1.00	rec	1543.32	1543.86
74	5	كَانَ	كَانَ	1.00	0.99	rec	1544.08	1544.60
74	6	فَرِيقٌۭ	فَرِيقٌ	1.00	1.00	rec	1544.80	1545.56
74	7	مِّنْهُمْ	مِنْهُمْ	1.00	1.00	rec	1546.26	1546.98
74	8	يَسْمَعُونَ	يَسْمَعُونَ	1.00	1.00	rec	1547.06	1548.06
74	9	كَلَٰمَ	كَلَامَ	1.00	1.00	rec	1548.22	1548.96
74	10	ٱللَّهِ	اللَّهِ	1.00	0.99	rec	1549.02	1549.76
74	11	ثُمَّ	ثُمَّ	1.00	1.00	rec	1549.96	1550.86
74	12	يُحَرِّفُونَهُۥ	يُحَرِّفُونَه	1.00	0.99	rec	1550.98	1552.46
74	13	مِنۢ	مِنْ	1.00	1.00	rec	1556.44	1557.12
74	14	بَعْدِ	بَعْدِ	1.00	1.00	rec	1557.20	1557.64
74	15	مَا	مَا	1.00	1.00	rec	1557.78	1557.92
74	16	عَقَلُوهُ	عَقَلُوهُ	1.00	1.00	rec	1558.18	1559.10
74	17	وَهُمْ	وَهُمْ	1.00	1.00	rec	1559.26	1559.80
74	18	يَعْلَمُونَ	يَعْلَمُونَ	1.00	1.00	rec	1559.92	1561.84
75	0	وَإِذَا	وَإِذَا	1.00	0.99	rec	1562.68	1563.12
75	1	لَقُوا۟	لَقُوا	1.00	0.99	rec	1563.36	1563.68
75	2	ٱلَّذِينَ	الَّذِينَ	1.00	1.00	rec	1563.74	1564.52
75	3	ءَامَنُوا۟	آمَنُوا	0.83	1.00	rec	1564.68	1565.46
75	4	قَالُوٓا۟	قَالُوا	1.00	0.98	rec	1565.82	1566.46
75	5	ءَامَنَّا	أَعْمَنَّا	0.60	0.98	rec	1566.86	1568.50
75	6	وَإِذَا	وَإِذَا	1.00	1.00	rec	1569.58	1570.12
75	7	خَلَا	خَلَأَ	1.00	0.85	rec	1570.52	1571.10
75	8	بَعْضُهُمْ	بَعْضُهُمْ	1.00	0.98	rec	1571.26	1572.26
75	9	إِلَىٰ	إِلَىٰ	1.00	0.96	rec	1572.34	1572.68
75	10	بَعْضٍۢ	بَعْضٍ	1.00	1.00	rec	1573.00	1573.52
75	11	قَالُوٓا۟	قَالُوا	1.00	1.00	rec	1574.34	1574.92
75	12	أَتُحَدِّثُونَهُم	أَتُحَدِّثُونَهُمْ	1.00	1.00	rec	1575.36	1577.56
75	13	بِمَا	بِمَا	1.00	1.00	rec	1577.62	1577.94
75	14	فَتَحَ	فَتَحَ	1.00	1.00	rec	1578.22	1578.72
75	15	ٱللَّهُ	اللَّهُ	1.00	1.00	rec	1578.80	1579.54
75	16	عَلَيْكُمْ	عَلَيْكُمْ	1.00	0.99	rec	1579.68	1581.08
75	17	لِيُحَآجُّوكُم	لِيُحَاجُ+َجُوكُمْ	0.89	0.90	rec	1588.34	1592.66
75	18	بِهِۦ	بِهِ	1.00	1.00	rec	1592.72	1593.04
75	19	عِندَ	عِنْدَ	1.00	1.00	rec	1593.44	1594.28
75	20	رَبِّكُمْۚ	رَبِّكُمْ	1.00	1.00	rec	1594.40	1595.42
75	21	أَفَلَا	أَفَلَا	1.00	1.00	rec	1596.08	1596.58
75	22	تَعْقِلُونَ	تَعْ+عقِلُونَ	0.86	0.89	rec	1597.02	1599.34
76	0	أَوَلَا	أَوَلَا	1.00	1.00	rec	1600.20	1600.70
76	1	يَعْلَمُونَ	يَعْلَمُونَ	1.00	1.00	rec	1601.00	1602.00
76	2	أَنَّ	أَنَّ	1.00	0.93	rec	1602.14	1602.98
76	3	ٱللَّهَ	اللَّهَ	1.00	0.98	rec	1603.04	1603.84
76	4	يَعْلَمُ	يَعْلَمُ	1.00	1.00	rec	1604.02	1604.72
76	5	مَا	مَا	1.00	1.00	rec	1604.90	1605.04
76	6	يُسِرُّونَ	يُسِرُّونَ	1.00	1.00	rec	1605.32	1606.44
76	7	وَمَا	وَمَا	1.00	0.99	rec	1606.58	1606.94
76	8	يُعْلِنُونَ	يُعْلِنُونَ	1.00	1.00	rec	1607.36	1609.26
77	0	وَمِنْهُمْ	وَمِنْهُمْ	1.00	1.00	rec	1609.98	1610.82
77	1	أُمِّيُّونَ	أُمِّيُّونَ	1.00	0.96	rec	1610.92	1612.48
77	2	لَا	لَا	1.00	1.00	rec	1612.62	1612.74
77	3	يَعْلَمُونَ	يَعْلَمُونَ	1.00	1.00	rec	1613.08	1614.08
77	4	ٱلْكِتَٰبَ	الْكِتَابَ	1.00	1.00	rec	1614.14	1615.14
77	5	إِلَّآ	إِلَّا	1.00	1.00	rec	1615.30	1615.82
77	6	أَمَانِىَّ	أَمَانِيَّ	1.00	1.00	rec	1616.10	1617.26
77	7	وَإِنْ	وَإِنْ	1.00	1.00	rec	1617.38	1617.96
77	8	هُمْ	هُمْ	1.00	1.00	rec	1618.04	1618.32
77	9	إِلَّا	إِلَّا	1.00	0.99	rec	1618.46	1618.98
77	10	يَظُنُّونَ	يَظُنُّونَ	1.00	1.00	rec	1619.34	1621.40
78	0	فَوَيْلٌۭ	فَوَيْلٌ	1.00	1.00	rec	1622.30	1623.02
78	1	لِّلَّذِينَ	لِلَّذِينَ	1.00	1.00	rec	1623.38	1624.40
78	2	يَكْتُبُونَ	يَكْتُبُونَ	1.00	1.00	rec	1624.50	1625.54
78	3	ٱلْكِتَٰبَ	الْكِتَابَ	1.00	1.00	rec	1625.60	1626.84
78	4	بِأَيْدِيهِمْ	بِأَيْدِيهِمْ	1.00	1.00	rec	1626.96	1628.50
78	5	ثُمَّ	ثُمَّ	1.00	1.00	rec	1628.64	1629.52
78	6	يَقُولُونَ	يَقُولُونَ	1.00	1.00	rec	1629.66	1630.80
78	7	هَٰذَا	هَـٰذَا	1.00	0.91	rec	1630.98	1631.60
78	8	مِنْ	مِنْ	1.00	1.00	rec	1631.92	1632.26
78	9	عِندِ	عِنْدِ	1.00	1.00	rec	1632.34	1633.08
78	10	ٱللَّهِ	اللَّهِ	1.00	1.00	rec	1633.14	1634.02
78	11	لِيَشْتَرُوا۟	لِيَشْتَرُوا	1.00	1.00	rec	1634.16	1634.98
78	12	بِهِۦ	بِهِ	1.00	1.00	rec	1635.26	1635.54
78	13	ثَمَنًۭا	ثَمَنًا	1.00	1.00	rec	1635.96	1636.46
78	14	قَلِيلًۭاۖ	قَلِيلًا	1.00	1.00	rec	1637.18	1638.02
78	15	فَوَيْلٌۭ	فَوَيْلٌ	1.00	1.00	rec	1639.58	1640.36
78	16	لَّهُم	لَهُمْ	1.00	1.00	rec	1640.58	1641.60
78	17	مِّمَّا	مِمَّا	1.00	1.00	rec	1641.68	1642.60
78	18	كَتَبَتْ	كَتَبَتْ	1.00	1.00	rec	1643.02	1643.66
78	19	أَيْدِيهِمْ	أَيْدِيهِمْ	1.00	0.96	rec	1643.76	1645.02
78	20	وَوَيْلٌۭ	وَوَيْلٌ	1.00	1.00	rec	1645.66	1646.30
78	21	لَّهُم	لَهُمْ	1.00	1.00	rec	1646.56	1647.74
78	22	مِّمَّا	مِمَّا	1.00	1.00	rec	1647.80	1648.72
78	23	يَكْسِبُونَ	يَكْسِبُونَ	1.00	1.00	rec	1649.10	1651.02
79	0	وَقَالُوا۟	وَقَالُوا	1.00	1.00	rec	1651.74	1652.44
79	1	لَن	لَنْ	1.00	1.00	rec	1652.82	1653.50
79	2	تَمَسَّنَا	تَمَسَّنَا	1.00	0.96	rec	1653.64	1654.46
79	3	ٱلنَّارُ	النَّارُ	1.00	1.00	rec	1654.52	1655.86
79	4	إِلَّآ	إِلَّا	1.00	1.00	rec	1655.98	1656.50
79	5	أَيَّامًۭا	أَيَّامًا	1.00	1.00	rec	1656.82	1657.86
79	6	مَّعْدُودَةًۭۚ	مَعْدُودَةً	1.00	1.00	rec	1658.68	1659.72
79	7	قُلْ	قُلْ	1.00	1.00	rec	1660.58	1660.74
79	8	أَتَّخَذْتُمْ	أَتَّخَذْتُمْ	1.00	0.98	rec	1660.82	1661.92
79	9	عِندَ	عِنْدَ	1.00	0.96	rec	1662.02	1662.86
79	10	ٱللَّهِ	اللَّهِ	1.00	1.00	rec	1662.92	1663.72
79	11	عَهْدًۭا	عَهْدًا	1.00	1.00	rec	1663.88	1664.38
79	12	فَلَن	فَلَنْ	1.00	0.99	rec	1665.52	1666.80
79	13	يُخْلِفَ	يُخْلِفَ	1.00	1.00	rec	1666.84	1667.52
79	14	ٱللَّهُ	اللَّهُ	1.00	1.00	rec	1667.58	1668.52
79	15	عَهْدَهُۥٓۖ	عَهْدَهُ	1.00	1.00	rec	1668.70	1669.36
79	16	أَمْ	أَمْ	1.00	1.00	rec	1670.10	1670.28
79	17	تَقُولُونَ	تَقُولُونَ	1.00	1.00	rec	1670.40	1671.48
79	18	عَلَى	عَلَى	1.00	1.00	rec	1671.60	1671.88
79	19	ٱللَّهِ	اللَّهِ	1.00	0.93	rec	1671.92	1672.62
79	20	مَا	مَا	1.00	1.00	rec	1672.78	1672.92
79	21	لَا	لَا	1.00	1.00	rec	1673.18	1673.32
79	22	تَعْلَمُونَ	تَعْلَمُونَ	1.00	1.00	rec	1673.78	1675.54
80	0	بَلَىٰ	بَلَ	0.50	1.00	rec	1677.40	1677.64
80	1	مَن	عمَنْ	0.67	0.95	rec	1677.70	1678.98
80	2	كَسَبَ	كَسَبَ	1.00	1.00	rec	1679.14	1679.64
80	3	سَيِّئَةًۭ	سَيِّئَةً	1.00	1.00	rec	1679.80	1680.84
80	4	وَأَحَٰطَتْ	وَأَحَاطَتْ	1.00	1.00	rec	1681.50	1682.76
80	5	بِهِۦ	بِهِ	1.00	1.00	rec	1682.84	1683.14
80	6	خَطِيٓـَٔتُهُۥ	خَطِيئَتُهُ	0.83	0.99	rec	1683.54	1686.44
80	7	فَأُو۟لَٰٓئِكَ	فَأُولَـٰئِكَ	1.00	1.00	rec	1687.28	1689.46
80	8	أَصْحَٰبُ	أَصْحَابُ	1.00	1.00	rec	1689.58	1690.44
80	9	ٱلنَّارِۖ	النَّيْرِ	0.80	0.92	rec	1690.50	1691.62
80	10	هُمْ	هُمْ	1.00	1.00	rec	1691.78	1692.10
80	11	فِيهَا	فِيهَا	1.00	1.00	rec	1692.26	1692.82
80	12	خَٰلِدُونَ	خَالِدُونَ	1.00	1.00	rec	1693.22	1695.28
81	0	وَٱلَّذِينَ	وَالَّذِينَ	1.00	0.91	rec	1696.46	1697.32
81	1	ءَامَنُوا۟	آمَنُوا	0.83	1.00	rec	1697.46	1698.12
81	2	وَعَمِلُوا۟	وَعَمِلُوا	1.00	0.99	rec	1698.32	1699.00
81	3	ٱلصَّٰلِحَٰتِ	الصَّالِحَاتِ	1.00	1.00	rec	1699.06	1700.52
81	4	أُو۟لَٰٓئِكَ	أُولَـٰئِكَ	1.00	1.00	rec	1700.66	1702.86
81	5	أَصْحَٰبُ	أَصْحَابُ	1.00	1.00	rec	1702.96	1703.78
81	6	ٱلْجَنَّةِۖ	الْجَنَّةِ	1.00	1.00	rec	1703.84	1705.28
81	7	هُمْ	هُمْ	1.00	1.00	rec	1705.42	1705.78
81	8	فِيهَا	فِيهَا	1.00	1.00	rec	1705.92	1706.42
81	9	خَٰلِدُونَ	خَالِدُونَ	1.00	1.00	rec	1706.78	1708.88
82	0	وَإِذْ	وَإِذْ	1.00	1.00	rec	1709.88	1710.26
82	1	أَخَذْنَا	أَخَذْنَا	1.00	1.00	rec	1710.32	1711.02
82	2	مِيثَٰقَ	مِيثَاقَ	1.00	0.99	rec	1711.28	1712.16
82	3	بَنِىٓ	بَنِي	1.00	0.91	rec	1712.30	1712.66
82	4	إِسْرَٰٓءِيلَ	إِسْرَائِيلَ	0.86	1.00	rec	1713.04	1715.54
82	5	لَا	لَا	1.00	1.00	rec	1715.66	1715.78
82	6	تَعْبُدُونَ	تَعْبُدُونَ	1.00	1.00	rec	1716.10	1717.16
82	7	إِلَّا	إِلَّا	1.00	1.00	rec	1717.32	1717.82
82	8	ٱللَّهَ	اللَّهَ	1.00	1.00	rec	1717.84	1718.66
82	9	وَبِٱلْوَٰلِدَيْنِ	وَبِالْوَالِدَيْنِ	1.00	0.98	rec	1718.78	1720.68
82	10	إِحْسَانًۭا	إِحْسَانًا	1.00	0.95	rec	1728.62	1729.54
82	11	وَذِى	وَذِي	1.00	1.00	rec	1730.34	1730.68
82	12	ٱلْقُرْبَىٰ	الْقُرْبَىٰ	1.00	0.99	rec	1730.74	1731.54
82	13	وَٱلْيَتَٰمَىٰ	وَالْيَتَامَىٰ	1.00	0.97	rec	1731.94	1733.16
82	14	وَٱلْمَسَٰكِينِ	وَالْمَسَاكِينِ	1.00	0.99	rec	1733.54	1735.12
82	15	وَقُولُوا۟	وَقُولُوا	1.00	0.98	rec	1735.28	1736.10
82	16	لِلنَّاسِ	لِلنَّاسِ	1.00	1.00	rec	1736.38	1738.22
82	17	حُسْنًۭا	حُسْنًا	1.00	1.00	rec	1738.36	1738.86
82	18	وَأَقِيمُوا۟	وَأَقِيمُوا	1.00	0.98	rec	1744.38	1745.34
82	19	ٱلصَّلَوٰةَ	الصَّلَاةَ	0.86	1.00	rec	1745.38	1746.32
82	20	وَءَاتُوا۟	وَآتُوا	0.83	0.97	rec	1746.40	1747.18
82	21	ٱلزَّكَوٰةَ	الزَّكَاةَ	0.86	0.95	rec	1747.22	1748.70
82	22	ثُمَّ	ثُمَّ	1.00	1.00	rec	1749.48	1750.18
82	23	تَوَلَّيْتُمْ	تَوَلَّيْتُمْ	1.00	1.00	rec	1750.34	1751.46
82	24	إِلَّا	إِلَّا	1.00	1.00	rec	1751.56	1752.00
82	25	قَلِيلًۭا	قَلِيلًا	1.00	0.95	rec	1752.30	1752.94
82	26	مِّنكُمْ	مِنْكُمْ	1.00	1.00	rec	1753.54	1754.62
82	27	وَأَنتُم	وَأَنْتُمْ	1.00	0.92	rec	1754.72	1756.38
82	28	مُّعْرِضُونَ	مُعْرِضُونَ	1.00	1.00	rec	1756.44	1758.44
83	0	وَإِذْ	وَإِذْ	1.00	1.00	rec	1759.22	1759.62
83	1	أَخَذْنَا	أَخَذْنَا	1.00	1.00	rec	1759.68	1760.38
83	2	مِيثَٰقَكُمْ	مِيثَاقَكُمْ	1.00	1.00	rec	1760.76	1762.26
83	3	لَا	لَا	1.00	1.00	rec	1762.36	1762.48
83	4	تَسْفِكُونَ	تَسْفِكُونَ	1.00	1.00	rec	1762.82	1763.96
83	5	دِمَآءَكُمْ	دِمَاءَكُمْ	1.00	1.00	rec	1764.10	1766.50
83	6	وَلَا	وَلَا	1.00	1.00	rec	1771.20	1771.54
83	7	تُخْرِجُونَ	تُخْرِجُونَ	1.00	0.99	rec	1771.84	1772.90
83	8	أَنفُسَكُم	أَنْفُسَكُمْ	1.00	1.00	rec	1773.08	1775.36
83	9	مِّن	مِنْ	1.00	1.00	rec	1775.42	1776.10
83	10	دِيَٰرِكُمْ	دِيَالِكُمْ	0.83	0.96	rec	1776.20	1777.64
83	11	ثُمَّ	ثُمَّ	1.00	1.00	rec	1778.34	1779.26
83	12	أَقْرَرْتُمْ	أَقْرَرْتُمْ	1.00	1.00	rec	1779.42	1780.52
83	13	وَأَنتُمْ	وَأَنْتُمْ	1.00	1.00	rec	1780.62	1782.18
83	14	تَشْهَدُونَ	تَشْهَدُو	0.83	0.98	rec	1782.32	1783.04
84	0	ثُمَّ	ثُمَّ	1.00	1.00	rec	1785.12	1785.82
84	1	أَنتُمْ	أَنْتُمْ	1.00	1.00	rec	1785.96	1786.98
84	2	هَٰٓؤُلَآءِ	هَـٰؤُلَاءِ	1.00	0.99	rec	1787.08	1789.44
84	3	تَقْتُلُونَ	تَقْتُلُونَ	1.00	1.00	rec	1789.60	1790.66
84	4	أَنفُسَكُمْ	أَنْفُسَكُمْ	1.00	1.00	rec	1790.80	1792.44
84	5	وَتُخْرِجُونَ	وَتُخْرِجُونَ	1.00	1.00	rec	1792.54	1793.76
84	6	فَرِيقًۭا	فَرِيقًا	1.00	0.95	rec	1793.92	1794.62
84	7	مِّنكُم	مِنْكُمْ	1.00	1.00	rec	1795.38	1797.00
84	8	مِّن	مِنْ	1.00	1.00	rec	1797.06	1797.60
84	9	دِيَٰرِهِمْ	دِيَارِهِمْ	1.00	0.97	rec	1797.70	1798.98
84	10	تَظَٰهَرُونَ	تَالظَّاهَرُونَ	0.78	0.97	rec	1799.12	1800.58
84	11	عَلَيْهِم	عَلَيْهِمْ	1.00	1.00	rec	1800.68	1801.86
84	12	بِٱلْإِثْمِ	بِالْإِثْمِ	1.00	1.00	rec	1806.08	1806.96
84	13	وَٱلْعُدْوَٰنِ	وَالْعُدْوَانِ	1.00	0.99	rec	1807.10	1809.02
84	14	وَإِن	وَإِيَْ	0.67	0.98	rec	1809.68	1810.88
84	15	يَأْتُوكُمْ	ْتُوكُمْ	0.67	0.98	rec	1811.02	1812.04
84	16	أُسَٰرَىٰ	أُسَعرِ	0.50	0.95	rec	1812.16	1812.96
84	17	تُفَٰدُوهُمْ	تَفْدُوهُمْ	0.86	0.97	rec	1813.42	1814.62
84	18	وَهُوَ	وَهُوَ	1.00	0.96	rec	1814.70	1815.18
84	19	مُحَرَّمٌ	مُحَرَّمٌ	1.00	0.99	rec	1815.30	1816.30
84	20	عَلَيْكُمْ	عَلَيْكُمْ	1.00	1.00	rec	1816.62	1817.70
84	21	إِخْرَاجُهُمْۚ	إِخْرَاجُهُمْ	1.00	1.00	rec	1817.84	1819.34
84	22	أَفَتُؤْمِنُونَ	أَفَتُؤْمِنُونَ	1.00	0.98	rec	1820.12	1821.60
84	23	بِبَعْضِ	بِبَعْضِ	1.00	1.00	rec	1821.72	1822.42
84	24	ٱلْكِتَٰبِ	الْكِتَاَبِوَتَت	0.67	0.92	rec	1822.48	1824.16
84	25	وَتَكْفُرُونَ	فُرُونَ	0.57	0.99	rec	1824.42	1825.34
84	26	بِبَعْضٍۢۚ	بِبَعْضٍ	1.00	1.00	rec	1825.44	1825.98
84	27	فَمَا	فَمَا	1.00	1.00	rec	1826.78	1827.06
84	28	جَزَآءُ	جَزَاءُ	1.00	1.00	rec	1827.24	1828.94
84	29	مَن	مَنْ	1.00	1.00	rec	1829.08	1829.88
84	30	يَفْعَلُ	يَفْعَلُ	1.00	1.00	rec	1829.92	1830.52
84	31	ذَٰلِكَ	ذَٰلِكَ	1.00	1.00	rec	1830.66	1831.40
84	32	مِنكُمْ	مِنْكُمْ	1.00	1.00	rec	1831.56	1832.82
84	33	إِلَّا	إِلَّا	1.00	0.98	rec	1832.94	1833.38
84	34	خِزْىٌۭ	خِزْيٌ	1.00	1.00	rec	1833.74	1834.26
84	35	فِى	فِي	1.00	1.00	rec	1835.06	1835.16
84	36	ٱلْحَيَوٰةِ	الْحَيَاةِ	0.86	1.00	rec	1835.20	1836.20
84	37	ٱلدُّنْيَاۖ	الدُّنْيَا	1.00	0.97	rec	1836.26	1836.96
84	38	وَيَوْمَ	وَيَوْمَ	1.00	1.00	rec	1838.70	1839.14
84	39	ٱلْقِيَٰمَةِ	الْقِيَامَةِ	1.00	1.00	rec	1839.18	1840.30
84	40	يُرَدُّونَ	يُرَدُّونَ	1.00	1.00	rec	1840.40	1841.36
84	41	إِلَىٰٓ	إِلَىٰ	1.00	0.99	rec	1841.50	1841.86
84	42	أَشَدِّ	أَشَدِّ	1.00	1.00	rec	1842.26	1843.08
84	43	ٱلْعَذَابِۗ	الْعَذَابِ	1.00	1.00	rec	1843.14	1844.66
84	44	وَمَا	وَمَا	1.00	1.00	rec	1845.46	1845.72
84	45	ٱللَّهُ	اللَّهُ	1.00	1.00	rec	1845.76	1846.52
84	46	بِغَٰفِلٍ	بِغَافِلٍ	1.00	1.00	rec	1846.66	1847.70
84	47	عَمَّا	عَمَّا	1.00	1.00	rec	1848.02	1849.06
84	48	تَعْمَلُونَ	تَعْمَلُونَ	1.00	1.00	rec	1849.44	1851.42
85	0	أُو۟لَٰٓئِكَ	أُولَـٰئِكَ	1.00	1.00	rec	1852.16	1853.98
85	1	ٱلَّذِينَ	الَّذِينَ	1.00	0.97	rec	1854.04	1854.84
85	2	ٱشْتَرَوُا۟	اشْتَرَوُا	1.00	1.00	rec	1854.90	1855.64
85	3	ٱلْحَيَوٰةَ	الْحَيَاةَ	0.86	1.00	rec	1855.72	1856.78
85	4	ٱلدُّنْيَا	الدُّنْيَا	1.00	0.94	rec	1856.82	1857.56
85	5	بِٱلْءَاخِرَةِۖ	بِالْآخِرَةِ	0.88	1.00	rec	1857.88	1859.08
85	6	فَلَا	فَلَا	1.00	1.00	rec	1859.92	1860.20
85	7	يُخَفَّفُ	يُخَفَّفُ	1.00	1.00	rec	1860.40	1861.28
85	8	عَنْهُمُ	عَنْهُمُ	1.00	1.00	rec	1861.46	1862.12
85	9	ٱلْعَذَابُ	الْعَذَابُ	1.00	1.00	rec	1862.20	1863.16
85	10	وَلَا	وَلَا	1.00	1.00	rec	1863.28	1863.62
85	11	هُمْ	هُمْ	1.00	0.99	rec	1863.92	1864.28
85	12	يُنصَرُونَ	يُنْصَرُونَ	1.00	1.00	rec	1864.40	1866.84
86	0	وَلَقَدْ	وَلَقَدْ	1.00	1.00	rec	1867.72	1868.36
86	1	ءَاتَيْنَا	آتَيْنَا	0.83	1.00	rec	1868.48	1869.34
86	2	مُوسَى	مُوسَى	1.00	1.00	rec	1869.58	1870.00
86	3	ٱلْكِتَٰبَ	الْكِتَابَ	1.00	0.99	rec	1870.04	1870.92
86	4	وَقَفَّيْنَا	وَقَفَّيْنَا	1.00	0.99	rec	1871.02	1872.10
86	5	مِنۢ	مِنْ	1.00	1.00	rec	1872.38	1873.16
86	6	بَعْدِهِۦ	بَعْدِهِ	1.00	1.00	rec	1873.24	1873.88
86	7	بِٱلرُّسُلِۖ	بِالرُّسُلِ	1.00	1.00	rec	1874.26	1875.30
86	8	وَءَاتَيْنَا	وَآتَيْنَا	0.86	1.00	rec	1876.08	1877.08
86	9	عِيسَى	عِيسَى	1.00	1.00	rec	1877.30	1877.84
86	10	ٱبْنَ	ابْنَ	1.00	1.00	rec	1877.88	1878.20
86	11	مَرْيَمَ	مَرْيَمَ	1.00	1.00	rec	1878.36	1878.96
86	12	ٱلْبَيِّنَٰتِ	الْبَيِّنَاتِ	1.00	1.00	rec	1879.02	1880.30
86	13	وَأَيَّدْنَٰهُ	وَأَيَّدْنَعَاهُ	0.88	0.96	rec	1880.44	1881.94
86	14	بِرُوحِ	بِرُوحِ	1.00	1.00	rec	1882.06	1882.76
86	15	ٱلْقُدُسِۗ	الْقُدُسِ	1.00	1.00	rec	1882.82	1883.78
86	16	أَفَكُلَّمَا	أَفَكُلَّمَا	1.00	1.00	rec	1884.54	1885.50
86	17	جَآءَكُمْ	جَاءَكُمْ	1.00	1.00	rec	1885.72	1888.06
86	18	رَسُولٌۢ	رَسُولٌ	1.00	1.00	rec	1888.14	1888.76
86	19	بِمَا	بِمَا	1.00	1.00	rec	1889.56	1889.86
86	20	لَا	لَا	1.00	1.00	rec	1890.14	1890.26
86	21	تَهْوَىٰٓ	تَهْوَىٰ	1.00	0.99	rec	1890.64	1891.14
86	22	أَنفُسُكُمُ	أَنْفُسُكُمُ	1.00	1.00	rec	1891.78	1893.46
86	23	ٱسْتَكْبَرْتُمْ	اسْتَكْبَرْتُمْ	1.00	1.00	rec	1893.58	1895.12
86	24	فَفَرِيقًۭا	فَفَرِيقًا	1.00	1.00	rec	1896.00	1896.96
86	25	كَذَّبْتُمْ	كَذَّبْتُمْ	1.00	1.00	rec	1898.02	1899.12
86	26	وَفَرِيقًۭا	وَفَرِيقًا	1.00	1.00	rec	1899.22	1900.38
86	27	تَقْتُلُونَ	تَقْتُلُونَ	1.00	0.96	rec	1901.44	1903.40
87	0	وَقَالُوا۟	وَقَالُوا	1.00	1.00	rec	1904.14	1904.92
87	1	قُلُوبُنَا	قُلُوبُنَا	1.00	1.00	rec	1905.30	1906.32
87	2	غُلْفٌۢۚ	غُلْفٌ	1.00	1.00	rec	1906.68	1907.32
87	3	بَل	بَلْ	1.00	1.00	rec	1908.10	1908.40
87	4	لَّعَنَهُمُ	لَعَنَهُمُ	1.00	0.98	rec	1908.48	1909.44
87	5	ٱللَّهُ	اللَّهُ	1.00	1.00	rec	1909.52	1910.28
87	6	بِكُفْرِهِمْ	بِكُفْرِهِمْ	1.00	1.00	rec	1910.40	1911.52
87	7	فَقَلِيلًۭا	فَقَلِيلًا	1.00	1.00	rec	1911.64	1912.54
87	8	مَّا	مَا	1.00	1.00	rec	1913.42	1913.56
87	9	يُؤْمِنُونَ	يُؤْمِنُونَ	1.00	1.00	rec	1913.96	1915.68
88	0	وَلَمَّا	وَلَمَّا	1.00	1.00	rec	1916.54	1917.48
88	1	جَآءَهُمْ	جَاءَهُمْ	1.00	1.00	rec	1917.78	1919.52
88	2	كِتَٰبٌۭ	كِتَابٌ	1.00	1.00	rec	1919.66	1920.36
88	3	مِّنْ	مِنْ	1.00	1.00	rec	1920.88	1921.16
88	4	عِندِ	عِنْدِ	1.00	1.00	rec	1921.22	1921.94
88	5	ٱللَّهِ	اللَّهِ	1.00	1.00	rec	1921.98	1922.76
88	6	مُصَدِّقٌۭ	مُصَدِّقٌ	1.00	1.00	rec	1922.88	1923.74
88	7	لِّمَا	لِمَا	1.00	1.00	rec	1924.04	1924.34
88	8	مَعَهُمْ	مَعَهُمْ	1.00	1.00	rec	1924.62	1925.46
88	9	وَكَانُوا۟	وَكَانُوا	1.00	1.00	rec	1926.18	1927.10
88	10	مِن	مِنْ	1.00	1.00	rec	1927.46	1928.22
88	11	قَبْلُ	قَبْلُ	1.00	1.00	rec	1928.32	1928.82
88	12	يَسْتَفْتِحُونَ	يَسْتَفْتِحُونَ	1.00	1.00	rec	1928.96	1930.40
88	13	عَلَى	عَلَى	1.00	1.00	rec	1930.54	1930.84
88	14	ٱلَّذِينَ	الَّذِينَ	1.00	1.00	rec	1930.88	1931.92
88	15	كَفَرُوا۟	كَفَرُوا	1.00	1.00	rec	1932.12	1932.70
88	16	فَلَمَّا	فَلَمَّا	1.00	1.00	rec	1933.74	1934.96
88	17	جَآءَهُم	جَاءَهُمْ	1.00	1.00	rec	1935.32	1938.30
88	18	مَّا	مَا	1.00	1.00	rec	1938.36	1938.48
88	19	عَرَفُوا۟	عَرَفُوا	1.00	1.00	rec	1938.72	1939.32
88	20	كَفَرُوا۟	كَفَرُوا	1.00	1.00	rec	1939.72	1940.26
88	21	بِهِۦۚ	بِهِ	1.00	1.00	rec	1940.52	1940.80
88	22	فَلَعْنَةُ	فَلَعْنَتُ	0.80	0.99	rec	1941.52	1942.44
88	23	ٱللَّهِ	اللَّهِ	1.00	1.00	rec	1942.52	1943.40
88	24	عَلَى	عَلَى	1.00	1.00	rec	1943.54	1943.84
88	25	ٱلْكَٰفِرِينَ	الْكَافِرِينَ	1.00	1.00	rec	1943.88	1946.08
89	0	بِئْسَمَا	بِئْسَمَا	1.00	1.00	rec	1947.80	1948.46
89	1	ٱشْتَرَوْا۟	اشْتَرَوْا	1.00	1.00	rec	1948.50	1949.24
89	2	بِهِۦٓ	بِهِ	1.00	1.00	rec	1949.42	1949.80
89	3	أَنفُسَهُمْ	أَنْفُسَهُمْ	1.00	1.00	rec	1950.38	1952.10
89	4	أَن	أَنْيَّتْ	0.50	0.77	rec	1952.20	1953.14
89	5	يَكْفُرُوا۟	كُرُوا	0.67	0.88	rec	1953.36	1953.68
89	6	بِمَآ	بِمَا	1.00	1.00	rec	1954.00	1954.38
89	7	أَنزَلَ	أَنْزَلَ	1.00	1.00	rec	1954.86	1956.00
89	8	ٱللَّهُ	اللَّهُ	1.00	0.99	rec	1956.06	1956.78
89	9	بَغْيًا	بَغْيًا	1.00	1.00	rec	1956.96	1957.50
89	10	أَن	أَنْ	1.00	1.00	rec	1957.92	1958.48
89	11	يُنَزِّلَ	يُنْزِلَ	1.00	1.00	rec	1958.52	1959.62
89	12	ٱللَّهُ	اللَّهُ	1.00	0.96	rec	1959.68	1960.34
89	13	مِن	مِنْ	1.00	1.00	rec	1960.48	1961.36
89	14	فَضْلِهِۦ	فَضْلِهِ	1.00	1.00	rec	1961.48	1962.16
89	15	عَلَىٰ	عَلَىٰ	1.00	1.00	rec	1969.34	1969.68
89	16	مَن	مَنْ	1.00	1.00	rec	1969.98	1970.66
89	17	يَشَآءُ	يَشَاءُ	1.00	1.00	rec	1970.72	1973.10
89	18	مِنْ	مِنْ	1.00	1.00	rec	1973.24	1973.56
89	19	عِبَادِهِۦۖ	عِبَادِهِ	1.00	1.00	rec	1973.62	1974.60
89	20	فَبَآءُو	فَبَاءُوا	0.83	0.95	rec	1975.56	1977.58
89	21	بِغَضَبٍ	بِغَضَبٍ	1.00	1.00	rec	1977.94	1978.66
89	22	عَلَىٰ	عَلَىٰ	1.00	1.00	rec	1979.02	1979.36
89	23	غَضَبٍۢۚ	غَضَبٍ	1.00	1.00	rec	1979.64	1980.14
89	24	وَلِلْكَٰفِرِينَ	وَلِلْكَافِرِينَ	1.00	1.00	rec	1981.08	1982.72
89	25	عَذَابٌۭ	عَذَابٌ	1.00	1.00	rec	1982.84	1983.84
89	26	مُّهِينٌۭ	مُهِينٌ	1.00	1.00	rec	1984.52	1986.30
90	0	وَإِذَا	وَإِذَا	1.00	0.97	rec	1987.74	1988.24
90	1	قِيلَ	قِيلَ	1.00	1.00	rec	1988.56	1988.96
90	2	لَهُمْ	لَهُمْ	1.00	1.00	rec	1989.08	1989.60
90	3	ءَامِنُوا۟	أعْمِلُوا	0.50	0.87	rec	1989.70	1990.38
90	4	بِمَآ	بِمَا	1.00	1.00	rec	1990.64	1991.00
90	5	أَنزَلَ	أَنْزَلَ	1.00	1.00	rec	1991.32	1992.22
90	6	ٱللَّهُ	اللَّهُ	1.00	0.99	rec	1992.28	1993.22
90	7	قَالُوا۟	قَالُوا	1.00	1.00	rec	1994.04	1994.62
90	8	نُؤْمِنُ	نُؤْمِنُ	1.00	1.00	rec	1994.94	1995.56
90	9	بِمَآ	بِمَا	1.00	1.00	rec	1995.74	1996.10
90	10	أُنزِلَ	أُنْزِلَ	1.00	1.00	rec	1996.42	1997.30
90	11	عَلَيْنَا	عَلَيْنَا	1.00	1.00	rec	1997.46	1998.20
90	12	وَيَكْفُرُونَ	وَيَكْفُرُونَ	1.00	1.00	rec	1998.56	1999.80
90	13	بِمَا	بِمَا	1.00	1.00	rec	1999.92	2000.26
90	14	وَرَآءَهُۥ	وَرَاءَهُ	1.00	1.00	rec	2000.50	2002.50
90	15	وَهُوَ	وَهُوَ	1.00	1.00	rec	2002.76	2003.14
90	16	ٱلْحَقُّ	الْحَقُّ	1.00	1.00	rec	2003.18	2003.88
90	17	مُصَدِّقًۭا	مُصَدِّقًا	1.00	1.00	rec	2004.00	2004.88
90	18	لِّمَا	لِمَا	1.00	1.00	rec	2005.14	2005.48
90	19	مَعَهُمْۗ	مَعَهُمْ	1.00	1.00	rec	2005.78	2006.60
90	20	قُلْ	قُلْ	1.00	1.00	rec	2007.52	2007.84
90	21	فَلِمَ	فَلِمَ	1.00	1.00	rec	2007.96	2008.48
90	22	تَقْتُلُونَ	تَقْتُلُونَ	1.00	1.00	rec	2008.68	2009.80
90	23	أَنۢبِيَآءَ	عَنْ+بِيَاءَ	0.83	0.98	rec	2009.94	2012.76
90	24	ٱللَّهِ	اللَّهِ	1.00	1.00	rec	2012.80	2013.50
90	25	مِن	مِنْ	1.00	1.00	rec	2013.66	2014.20
90	26	قَبْلُ	قَبْلُ	1.00	1.00	rec	2014.34	2014.78
90	27	إِن	إِنْ	1.00	1.00	rec	2014.96	2015.74
90	28	كُنتُم	كُنْتُمْ	1.00	1.00	rec	2015.86	2017.56
90	29	مُّؤْمِنِينَ	مُؤْمِنِينَ	1.00	1.00	rec	2017.62	2019.44
91	0	وَلَقَدْ	وَلَقَدْ	1.00	1.00	rec	2021.22	2021.96
91	1	جَآءَكُم	جَاءَكُمْ	1.00	1.00	rec	2022.04	2024.76
91	2	مُّوسَىٰ	مُوسَىٰ	1.00	1.00	rec	2024.84	2025.54
91	3	بِٱلْبَيِّنَٰتِ	بِالْبَيِّنَاتِ	1.00	1.00	rec	2025.90	2027.26
91	4	ثُمَّ	ثُمَّ	1.00	1.00	rec	2027.42	2028.18
91	5	ٱتَّخَذْتُمُ	اتَّخَذْتُمُ	1.00	0.99	rec	2028.24	2029.18
91	6	ٱلْعِجْلَ	الْعِجْلَ	1.00	1.00	rec	2029.28	2029.94
91	7	مِنۢ	مِنْ	1.00	1.00	rec	2030.08	2030.80
91	8	بَعْدِهِۦ	بَعْدِهِ	1.00	1.00	rec	2030.86	2031.50
91	9	وَأَنتُمْ	وَأَنْتُمْ	1.00	1.00	rec	2031.86	2033.20
91	10	ظَٰلِمُونَ	ظَالِمُونَ	1.00	1.00	rec	2033.32	2035.24
92	0	وَإِذْ	وَإِذْ	1.00	1.00	rec	2036.28	2036.70
92	1	أَخَذْنَا	أَخَذْنَا	1.00	1.00	rec	2036.78	2037.50
92	2	مِيثَٰقَكُمْ	مِيثَاقَكُمْ	1.00	0.97	rec	2037.88	2039.26
92	3	وَرَفَعْنَا	وَرَفَعْنَا	1.00	1.00	rec	2039.36	2040.38
92	4	فَوْقَكُمُ	فَوْقَكُمُ	1.00	1.00	rec	2040.82	2041.68
92	5	ٱلطُّورَ	الطُّورَ	1.00	0.97	rec	2041.76	2042.52
92	6	خُذُوا۟	خُذُوا	1.00	1.00	rec	2042.70	2043.06
92	7	مَآ	مَا	1.00	1.00	rec	2043.32	2043.46
92	8	ءَاتَيْنَٰكُم	مَا+آتَيْنَاكُمْ	0.78	1.00	rec	2049.00	2051.84
92	9	بِقُوَّةٍۢ	بِقُوَّةٍ	1.00	1.00	rec	2051.90	2052.86
92	10	وَٱسْمَعُوا۟ۖ	وَاسْمَعُونَ	0.86	0.98	rec	2053.76	2054.96
92	11	قَالُوا۟	قَالُوا	1.00	0.98	rec	2055.66	2056.26
92	12	سَمِعْنَا	سَمِعْنَا	1.00	1.00	rec	2056.58	2057.34
92	13	وَعَصَيْنَا	وَعَصَيْنَا	1.00	1.00	rec	2057.68	2058.68
92	14	وَأُشْرِبُوا۟	وَأُشْرِبُوا	1.00	1.00	rec	2059.00	2059.92
92	15	فِى	فِي	1.00	1.00	rec	2060.30	2060.46
92	16	قُلُوبِهِمُ	قُلُوبِهِمِ	1.00	1.00	rec	2060.76	2061.86
92	17	ٱلْعِجْلَ	الْعِجْلَ	1.00	1.00	rec	2061.94	2062.64
92	18	بِكُفْرِهِمْۚ	بِكُفْرِهِمْ	1.00	1.00	rec	2062.80	2064.06
92	19	قُلْ	قُلْ	1.00	1.00	rec	2064.84	2065.10
92	20	بِئْسَمَا	بِئْسَ+مَا	1.00	1.00	rec	2065.18	2065.84
92	21	يَأْمُرُكُم	يَأْمُرُكُمْ	1.00	0.95	rec	2066.20	2067.78
92	22	بِهِۦٓ	بِهِ	1.00	1.00	rec	2067.84	2068.16
92	23	إِيمَٰنُكُمْ	إِيمَانُكُمْ	1.00	1.00	rec	2068.76	2070.20
92	24	إِن	إِنْ	1.00	1.00	rec	2070.32	2071.02
92	25	كُنتُم	كُنْتُمْ	1.00	1.00	rec	2071.12	2072.74
92	26	مُّؤْمِنِينَ	مُؤْمِنِينَ	1.00	1.00	rec	2072.78	2074.40
93	0	قُلْ	قُلْ	1.00	1.00	rec	2075.64	2075.98
93	1	إِن	إِنْ	1.00	1.00	rec	2076.06	2076.82
93	2	كَانَتْ	كَانَتْ	1.00	1.00	rec	2076.94	2077.76
93	3	لَكُمُ	لَكُمُ	1.00	1.00	rec	2077.82	2078.34
93	4	ٱلدَّارُ	الدَّارُ	1.00	1.00	rec	2078.42	2079.24
93	5	ٱلْءَاخِرَةُ	الْآخِرَةُ	0.86	1.00	rec	2079.32	2080.64
93	6	عِندَ	عِنْدَ	1.00	1.00	rec	2080.80	2081.72
93	7	ٱللَّهِ	اللَّهِ	1.00	1.00	rec	2081.78	2082.60
93	8	خَالِصَةًۭ	خَالِصَةً	1.00	0.99	rec	2082.82	2083.90
93	9	مِّن	مِنْ	1.00	1.00	rec	2084.64	2085.40
93	10	دُونِ	دُونِ	1.00	1.00	rec	2085.48	2085.96
93	11	ٱلنَّاسِ	النَّاسِ	1.00	1.00	rec	2086.00	2087.30
93	12	فَتَمَنَّوُا۟	فَتَمَنَّوُا	1.00	1.00	rec	2087.42	2089.16
93	13	ٱلْمَوْتَ	الْمَوْتِ	1.00	0.94	rec	2089.24	2090.64
93	14	إِن	إِنْ	1.00	1.00	rec	2094.26	2095.06
93	15	كُنتُمْ	كُنْتُمْ	1.00	1.00	rec	2095.18	2096.46
93	16	صَٰدِقِينَ	صَادِقِينَ	1.00	0.93	rec	2096.58	2098.90
94	0	وَلَن	وَلَنْ	1.00	1.00	rec	2100.20	2101.24
94	1	يَتَمَنَّوْهُ	يَتَمَنَّوْهُ	1.00	0.96	rec	2101.28	2103.14
94	2	أَبَدًۢا	أَبَدًا	1.00	1.00	rec	2103.32	2103.90
94	3	بِمَا	بِمَا	1.00	1.00	rec	2104.82	2105.20
94	4	قَدَّمَتْ	قَدَّمَتْ	1.00	1.00	rec	2105.60	2106.44
94	5	أَيْدِيهِمْۗ	أَيْدِيهِمْ	1.00	0.96	rec	2106.52	2107.82
94	6	وَٱللَّهُ	وَاللَّهُ	1.00	1.00	rec	2108.46	2109.22
94	7	عَلِيمٌۢ	عَلِيمٌ	1.00	1.00	rec	2109.36	2110.02
94	8	بِٱلظَّٰلِمِينَ	بِالظَّالِمِينَ	1.00	0.99	rec	2110.90	2113.12
95	0	وَلَتَجِدَنَّهُمْ	وَلَتَجِدَنَّهُمْ	1.00	0.97	rec	2113.92	2115.96
95	1	أَحْرَصَ	أَحْرَصَ	1.00	1.00	rec	2116.08	2116.78
95	2	ٱلنَّاسِ	النِّاسِ	1.00	0.93	rec	2116.84	2117.96
95	3	عَلَىٰ	عَلَىٰ	1.00	1.00	rec	2118.12	2118.44
95	4	حَيَوٰةٍۢ	حَيَااتٍ	0.60	0.99	rec	2118.64	2119.60
95	5	وَمِنَ	وَمِنَ	1.00	1.00	rec	2120.14	2120.54
95	6	ٱلَّذِينَ	الَّذِينَ	1.00	1.00	rec	2120.60	2121.60
95	7	أَشْرَكُوا۟ۚ	أَشْرَكُوا	1.00	0.99	rec	2121.72	2122.42
95	8	يَوَدُّ	يَوَدُّ	1.00	1.00	rec	2126.18	2126.86
95	9	أَحَدُهُمْ	أَحَدُهُمْ	1.00	1.00	rec	2126.98	2128.18
95	10	لَوْ	لَوْ	1.00	1.00	rec	2128.28	2128.54
95	11	يُعَمَّرُ	يُعَمَّرُ	1.00	0.93	rec	2128.62	2130.08
95	12	أَلْفَ	أَلْفَ	1.00	1.00	rec	2130.22	2130.70
95	13	سَنَةٍۢ	سَنَةٍ	1.00	1.00	rec	2130.86	2131.48
95	14	وَمَا	وَمَا	1.00	1.00	rec	2132.26	2132.66
95	15	هُوَ	هُوَ	1.00	1.00	rec	2133.02	2133.32
95	16	بِمُزَحْزِحِهِۦ	بِمُزَحْزِحِهِ	1.00	1.00	rec	2133.46	2134.96
95	17	مِنَ	مِنَ	1.00	1.00	rec	2135.40	2135.68
95	18	ٱلْعَذَابِ	الْعَذَابِ	1.00	1.00	rec	2135.72	2136.80
95	19	أَن	أَنْ	1.00	0.98	rec	2137.00	2137.78
95	20	يُعَمَّرَۗ	يُعَمَّرَ	1.00	0.96	rec	2137.82	2139.50
95	21	وَٱللَّهُ	وَاللَّهُ	1.00	1.00	rec	2140.36	2141.10
95	22	بَصِيرٌۢ	بَصِيرٌ	1.00	1.00	rec	2141.24	2141.90
95	23	بِمَا	بِمَا	1.00	1.00	rec	2142.64	2142.96
95	24	يَعْمَلُونَ	يَعْمَلُونَ	1.00	1.00	rec	2143.28	2145.14
96	0	قُلْ	قُلْ	1.00	1.00	rec	2145.98	2146.26
96	1	مَن	مَنْ	1.00	1.00	rec	2146.36	2147.10
96	2	كَانَ	كَانَ	1.00	0.94	rec	2147.22	2147.82
96	3	عَدُوًّۭا	عَدُوًّا	1.00	1.00	rec	2147.94	2148.58
96	4	لِّجِبْرِيلَ	لِإِبْرِيلَ	0.83	0.92	rec	2148.80	2149.74
96	5	فَإِنَّهُۥ	فَإِنَّهُ	1.00	1.00	rec	2149.90	2151.16
96	6	نَزَّلَهُۥ	نَزَّلَهُ	1.00	1.00	rec	2151.52	2152.32
96	7	عَلَىٰ	عَلَىٰ	1.00	0.99	rec	2152.64	2152.96
96	8	قَلْبِكَ	قَلْبِكَ	1.00	1.00	rec	2153.24	2153.94
96	9	بِإِذْنِ	بِإِذْنِ	1.00	1.00	rec	2154.08	2154.70
96	10	ٱللَّهِ	اللَّهِ	1.00	1.00	rec	2154.76	2155.42
96	11	مُصَدِّقًۭا	مُصَدِّقًا	1.00	1.00	rec	2155.56	2156.50
96	12	لِّمَا	لِمَا	1.00	1.00	rec	2156.72	2157.04
96	13	بَيْنَ	بَيْنَ	1.00	1.00	rec	2157.36	2157.80
96	14	يَدَيْهِ	يَدَيْهِ	1.00	1.00	rec	2157.92	2158.92
96	15	وَهُدًۭى	وَهُدًى	1.00	1.00	rec	2161.16	2161.64
96	16	وَبُشْرَىٰ	وَبُشْرَىٰ	1.00	0.99	rec	2162.52	2163.26
96	17	لِلْمُؤْمِنِينَ	لِلْمُؤْمِنِينَ	1.00	1.00	rec	2163.62	2165.38
97	0	مَن	مَنْ	1.00	1.00	rec	2166.42	2167.28
97	1	كَانَ	كَانَ	1.00	1.00	rec	2167.40	2168.02
97	2	عَدُوًّۭا	عَدُوًّا	1.00	1.00	rec	2168.14	2168.78
97	3	لِّلَّهِ	لِلَّهِ	1.00	1.00	rec	2169.04	2169.94
97	4	وَمَلَٰٓئِكَتِهِۦ	وَمَلَائِكَتِهِ	1.00	1.00	rec	2170.08	2173.24
97	5	وَرُسُلِهِۦ	وَرُسُلِهِ	1.00	1.00	rec	2173.62	2174.56
97	6	وَجِبْرِيلَ	وَجِبْرِيلَ	1.00	1.00	rec	2174.96	2175.98
97	7	وَمِيكَىٰلَ	وَمِيكَالَ	0.86	0.98	rec	2176.10	2177.44
97	8	فَإِنَّ	فَإِنَّ	1.00	1.00	rec	2178.18	2179.40
97	9	ٱللَّهَ	اللَّهَ	1.00	1.00	rec	2179.44	2180.16
97	10	عَدُوٌّۭ	عَدُوٌّ	1.00	0.98	rec	2180.30	2180.98
97	11	لِّلْكَٰفِرِينَ	لِلْكَافِرِينَ	1.00	1.00	rec	2181.32	2183.68
98	0	وَلَقَدْ	وَلَقَدْ	1.00	1.00	rec	2184.44	2185.26
98	1	أَنزَلْنَآ	أَنْزَلْنَا	1.00	1.00	rec	2185.40	2186.52
98	2	إِلَيْكَ	إِلَيْكَ	1.00	1.00	rec	2186.98	2187.64
98	3	ءَايَٰتٍۭ	آيَاتٍ	0.80	1.00	rec	2187.76	2188.66
98	4	بَيِّنَٰتٍۢۖ	بَيِّنَاتٍ	1.00	1.00	rec	2189.48	2190.58
98	5	وَمَا	وَمَا	1.00	1.00	rec	2191.24	2191.60
98	6	يَكْفُرُ	يَكْفُرُ	1.00	1.00	rec	2191.92	2192.58
98	7	بِهَآ	بِهَا	1.00	1.00	rec	2192.74	2193.14
98	8	إِلَّا	إِلَّا	1.00	0.99	rec	2193.62	2194.06
98	9	ٱلْفَٰسِقُونَ	الْفَاسِقُونَ	1.00	1.00	rec	2194.10	2196.46
99	0	أَوَكُلَّمَا	أَوَكُلَّمَا	1.00	1.00	rec	2197.38	2198.60
99	1	عَٰهَدُوا۟	عَاهَدُوا	1.00	1.00	rec	2198.98	2199.92
99	2	عَهْدًۭا	عَهْدًا	1.00	1.00	rec	2200.32	2200.80
99	3	نَّبَذَهُۥ	نَبَذَهُ	1.00	1.00	rec	2201.70	2202.44
99	4	فَرِيقٌۭ	فَرِيقٌ	1.00	1.00	rec	2202.88	2203.60
99	5	مِّنْهُمۚ	مِنْهُمْ	1.00	1.00	rec	2204.46	2205.20
99	6	بَلْ	بَلْ	1.00	1.00	rec	2205.92	2206.22
99	7	أَكْثَرُهُمْ	أَكْثَرُهُمْ	1.00	1.00	rec	2206.30	2207.42
99	8	لَا	لَا	1.00	1.00	rec	2207.50	2207.62
99	9	يُؤْمِنُونَ	يُؤْمِنُونَ	1.00	0.99	rec	2208.02	2209.72
100	0	وَلَمَّا	وَلَمَّا	1.00	1.00	rec	2210.54	2211.68
100	1	جَآءَهُمْ	جَاءَهُمْ	1.00	1.00	rec	2212.14	2214.18
100	2	رَسُولٌۭ	رَسُولٌ	1.00	1.00	rec	2214.26	2214.98
100	3	مِّنْ	مِنْ	1.00	1.00	rec	2215.66	2215.98
100	4	عِندِ	عِنْدِ	1.00	1.00	rec	2216.04	2216.78
100	5	ٱللَّهِ	اللَّهِ	1.00	1.00	rec	2216.82	2217.52
100	6	مُصَدِّقٌۭ	مُصَدِّقٌ	1.00	1.00	rec	2217.66	2218.56
100	7	لِّمَا	لِمَا	1.00	1.00	rec	2218.82	2219.14
100	8	مَعَهُمْ	مَعَهُمْ	1.00	1.00	rec	2219.48	2220.38
100	9	نَبَذَ	نَبَذَ	1.00	1.00	rec	2221.28	2221.66
100	10	فَرِيقٌۭ	فَرِيقٌ	1.00	1.00	rec	2221.80	2222.42
100	11	مِّنَ	مِنَ	1.00	1.00	rec	2223.26	2223.50
100	12	ٱلَّذِينَ	الَّذِينَ	1.00	1.00	rec	2223.54	2224.36
100	13	أُوتُوا۟	أُوتُوا	1.00	1.00	rec	2224.50	2225.10
100	14	ٱلْكِتَٰبَ	الْكِتَابَ	1.00	1.00	rec	2225.16	2226.18
100	15	كِتَٰبَ	كِتَابَ	1.00	1.00	rec	2226.36	2227.08
100	16	ٱللَّهِ	اللَّهِ	1.00	1.00	rec	2227.14	2227.94
100	17	وَرَآءَ	وَرَاءَ	1.00	0.99	rec	2228.12	2230.18
100	18	ظُهُورِهِمْ	ظُهُورِهِمْ	1.00	1.00	rec	2230.34	2231.50
100	19	كَأَنَّهُمْ	كَأَنَّهُمْ	1.00	1.00	rec	2231.62	2233.10
100	20	لَا	لَا	1.00	1.00	rec	2233.20	2233.32
100	21	يَعْلَمُونَ	يَعْلَمُونَ	1.00	1.00	rec	2233.72	2235.54
101	0	وَٱتَّبَعُوا۟	وَاتَّبَعُوا	1.00	0.98	rec	2236.50	2237.32
101	1	مَا	مَا	1.00	0.99	rec	2237.66	2237.78
101	2	تَتْلُوا۟	تَتْلُو	0.80	0.96	rec	2238.20	2238.68
101	3	ٱلشَّيَٰطِينُ	الشَّيَاطِينُ	1.00	0.99	rec	2238.74	2240.20
101	4	عَلَىٰ	وَعَلَىٰ	0.80	0.86	rec	2240.30	2240.78
101	5	مُلْكِ	مُلْكِ	1.00	1.00	rec	2241.14	2241.64
101	6	سُلَيْمَٰنَۖ	سُلَيْمَانِ	1.00	1.00	rec	2241.80	2243.48
101	7	وَمَا	وَمَا	1.00	1.00	rec	2244.26	2244.60
101	8	كَفَرَ	كَفَرَ	1.00	1.00	rec	2244.98	2245.48
101	9	سُلَيْمَٰنُ	سُلَيْمَانُ	1.00	1.00	rec	2245.66	2246.70
101	10	وَلَٰكِنَّ	وَلَـٰكِنَّ	1.00	0.98	rec	2246.84	2248.90
101	11	ٱلشَّيَٰطِينَ	الشَّيَاطِينَ	1.00	1.00	rec	2255.36	2256.70
101	12	كَفَرُوا۟	كَفَرُوا	1.00	0.97	rec	2256.86	2257.34
101	13	يُعَلِّمُونَ	يُعَلِّمُونَ	1.00	1.00	rec	2257.60	2258.66
101	14	ٱلنَّاسَ	النَّاسَ	1.00	1.00	rec	2258.70	2259.98
101	15	ٱلسِّحْرَ	السِّحْرَ	1.00	1.00	rec	2260.04	2260.72
101	16	وَمَآ	وَمَا	1.00	1.00	rec	2260.88	2261.26
101	17	أُنزِلَ	أُنْزِلَ	1.00	1.00	rec	2261.56	2262.54
101	18	عَلَى	عَلَى	1.00	0.99	rec	2262.68	2262.94
101	19	ٱلْمَلَكَيْنِ	الْمَلَكَيْنِ	1.00	1.00	rec	2262.96	2264.12
101	20	بِبَابِلَ	بِبَابِلَ	1.00	0.94	rec	2264.26	2265.18
101	21	هَٰرُوتَ	هَارُوتَ	1.00	1.00	rec	2265.34	2266.32
101	22	وَمَٰرُوتَۚ	وَمَا+رُوتَ	1.00	0.93	rec	2266.42	2267.92
101	23	وَمَا	وَمَا	1.00	1.00	rec	2268.84	2269.14
101	24	يُعَلِّمَانِ	يُعَلِّمَعنِ	0.83	0.94	rec	2269.40	2270.70
101	25	مِنْ	مِنْ	1.00	1.00	rec	2270.80	2271.08
101	26	أَحَدٍ	أَحَدٍ	1.00	0.93	rec	2271.14	2271.64
101	27	حَتَّىٰ	حَتَّىٰ	1.00	1.00	rec	2271.96	2272.44
101	28	يَقُولَآ	يَقُولَا	1.00	0.98	rec	2272.76	2273.54
101	29	إِنَّمَا	إِنَّمَا	1.00	1.00	rec	2274.02	2275.20
101	30	نَحْنُ	نَحْنُ	1.00	1.00	rec	2275.54	2275.96
101	31	فِتْنَةٌۭ	فِتْنَةٌ	1.00	1.00	rec	2276.16	2276.82
101	32	فَلَا	فَلَا	1.00	1.00	rec	2277.64	2277.98
101	33	تَكْفُرْۖ	تَكْفُرُ	1.00	1.00	rec	2278.48	2279.14
101	34	فَيَتَعَلَّمُونَ	فَيَتَعْلَمُونَ	1.00	0.97	rec	2280.06	2281.38
101	35	مِنْهُمَا	مِنْهُمَا	1.00	0.98	rec	2281.48	2282.14
101	36	مَا	مَا	1.00	1.00	rec	2282.44	2282.58
101	37	يُفَرِّقُونَ	يُفَرِّقُونَ	1.00	0.99	rec	2282.78	2284.02
101	38	بِهِۦ	بِهِ	1.00	1.00	rec	2284.16	2284.48
101	39	بَيْنَ	بَيْنَ	1.00	1.00	rec	2284.84	2285.26
101	40	ٱلْمَرْءِ	الْمَرْءِ	1.00	1.00	rec	2285.32	2286.00
101	41	وَزَوْجِهِۦۚ	وَزَوْجِهِ	1.00	1.00	rec	2286.14	2287.04
101	42	وَمَا	وَمَعَهُمْ⌐	0.80	0.98	rec	2287.94	2288.67
101	43	هُم	وَمَعَهُمْ¬	0.80	0.98	rec	2288.67	2289.16
101	44	بِضَآرِّينَ	بِضَالِّينَ	0.83	0.96	rec	2289.22	2292.34
101	45	بِهِۦ	بِهِ	1.00	1.00	rec	2292.46	2292.78
101	46	مِنْ	مِنْ	1.00	1.00	rec	2293.14	2293.42
101	47	أَحَدٍ	أَحَدٍ	1.00	1.00	rec	2293.50	2293.98
101	48	إِلَّا	إِلَّا	1.00	0.91	rec	2294.30	2294.78
101	49	بِإِذْنِ	بِإِذْنِ	1.00	1.00	rec	2295.10	2295.72
101	50	ٱللَّهِۚ	اللَّهِ	1.00	1.00	rec	2295.78	2296.68
101	51	وَيَتَعَلَّمُونَ	وَيَتَعَلَمُونَ	1.00	1.00	rec	2297.48	2298.94
101	52	مَا	مَا	1.00	1.00	rec	2299.08	2299.20
101	53	يَضُرُّهُمْ	يَضُرُّهُمْ	1.00	1.00	rec	2299.48	2300.52
101	54	وَلَا	وَلَا	1.00	1.00	rec	2300.62	2300.94
101	55	يَنفَعُهُمْۚ	يَنْفَعُهُمْ	1.00	1.00	rec	2301.18	2302.92
101	56	وَلَقَدْ	وَلَقَدْ	1.00	1.00	rec	2303.58	2304.30
101	57	عَلِمُوا۟	عَلِمُوا	1.00	1.00	rec	2304.42	2304.92
101	58	لَمَنِ	لَمَنِ	1.00	1.00	rec	2305.20	2305.62
101	59	ٱشْتَرَىٰهُ	اشْتَرِيهُ	0.86	0.94	rec	2305.66	2306.46
101	60	مَا	مَعَلَهُ⌐	0.75	0.96	rec	2306.56	2306.92
101	61	لَهُۥ	مَعَلَهُ¬	0.75	0.96	rec	2306.92	2307.28
101	62	فِى	فِي	1.00	1.00	rec	2307.72	2307.82
101	63	ٱلْءَاخِرَةِ	الْآخِرَةِ	0.86	1.00	rec	2307.86	2309.02
101	64	مِنْ	مِنْ	1.00	1.00	rec	2309.12	2309.46
101	65	خَلَٰقٍۢۚ	خَلَاقٍ	1.00	1.00	rec	2309.58	2311.02
101	66	وَلَبِئْسَ	وَلَبِئْسَ	1.00	1.00	rec	2311.68	2312.52
101	67	مَا	مَع	0.50	0.80	rec	2312.68	2312.80
101	68	شَرَوْا۟	شَرَوْا	1.00	1.00	rec	2313.18	2313.64
101	69	بِهِۦٓ	بِهِ	1.00	1.00	rec	2313.78	2314.14
101	70	أَنفُسَهُمْۚ	أَنْفُسَهُمْ	1.00	1.00	rec	2314.68	2316.38
101	71	لَوْ	لَوْ	1.00	1.00	rec	2316.46	2316.70
101	72	كَانُوا۟	كَانُوا	1.00	1.00	rec	2316.86	2317.44
101	73	يَعْلَمُونَ	يَعْلَمُونَ	1.00	1.00	rec	2317.96	2319.74
102	0	وَلَوْ	وَلَوْ	1.00	1.00	rec	2320.52	2321.00
102	1	أَنَّهُمْ	أَنَّهُمْ	1.00	1.00	rec	2321.10	2322.36
102	2	ءَامَنُوا۟	آمَنُوا	0.83	1.00	rec	2322.48	2323.26
102	3	وَٱتَّقَوْا۟	وَاتَّقَوْا	1.00	0.97	rec	2323.52	2324.38
102	4	لَمَثُوبَةٌۭ	لَمَثُوبَةٌ	1.00	1.00	rec	2324.54	2325.82
102	5	مِّنْ	مِنْ	1.00	1.00	rec	2326.62	2326.94
102	6	عِندِ	عِنْدِ	1.00	1.00	rec	2327.02	2327.76
102	7	ٱللَّهِ	اللَّهِ	1.00	0.97	rec	2327.82	2328.58
102	8	خَيْرٌۭۖ	خَيْرٌ	1.00	1.00	rec	2328.82	2329.38
102	9	لَّوْ	لَوْ	1.00	1.00	rec	2329.70	2329.96
102	10	كَانُوا۟	كَانُوا	1.00	0.88	rec	2330.14	2330.94
102	11	يَعْلَمُونَ	يَعْلَمُونَ	1.00	1.00	rec	2331.30	2333.16
103	0	يَٰٓأَيُّهَا	يَا+أَيُّهَا	1.00	0.98	rec	2334.00	2335.40
103	1	ٱلَّذِينَ	الَّذِينَ	1.00	1.00	rec	2335.46	2336.20
103	2	ءَامَنُوا۟	آمَنُوا	0.83	1.00	rec	2336.36	2337.06
103	3	لَا	لَا	1.00	1.00	rec	2337.42	2337.54
103	4	تَقُولُوا۟	تَقُولُوا	1.00	0.99	rec	2337.86	2338.58
103	5	رَٰعِنَا	رَاعِنَا	1.00	1.00	rec	2338.86	2339.54
103	6	وَقُولُوا۟	وَقُولُوا	1.00	0.96	rec	2339.84	2340.60
103	7	ٱنظُرْنَا	انْظُرْنَا	1.00	1.00	rec	2340.66	2341.92
103	8	وَٱسْمَعُوا۟ۗ	وَاسْمَعُوا	1.00	0.95	rec	2342.26	2343.02
103	9	وَلِلْكَٰفِرِينَ	وَلِلْكَافِرِينَ	1.00	1.00	rec	2344.96	2346.42
103	10	عَذَابٌ	عَذَابٌ	1.00	1.00	rec	2346.54	2347.30
103	11	أَلِيمٌۭ	أَلِيمٌ	1.00	1.00	rec	2347.70	2349.12
104	0	مَّا	مَع	0.50	0.97	rec	2349.82	2349.96
104	1	يَوَدُّ	يَوَدُّ	1.00	1.00	rec	2350.18	2350.80
104	2	ٱلَّذِينَ	الَّذِينَ	1.00	0.99	rec	2350.86	2351.72
104	3	كَفَرُوا۟	كَفَرُوا	1.00	0.97	rec	2351.90	2352.42
104	4	مِنْ	مِنْ	1.00	1.00	rec	2352.76	2353.04
104	5	أَهْلِ	أَهْلِ	1.00	1.00	rec	2353.12	2353.50
104	6	ٱلْكِتَٰبِ	الْكِتَابِ	1.00	1.00	rec	2353.56	2354.52
104	7	وَلَا	وَلَا	1.00	1.00	rec	2354.64	2354.92
104	8	ٱلْمُشْرِكِينَ	الْمُشْرِكِينَ	1.00	1.00	rec	2354.96	2356.20
104	9	أَن	أَنْ	1.00	1.00	rec	2356.36	2356.94
104	10	يُنَزَّلَ	يُنْزَلَ	1.00	1.00	rec	2356.98	2358.04
104	11	عَلَيْكُم	عَلَيْكُمْ	1.00	1.00	rec	2358.18	2359.60
104	12	مِّنْ	مِنْ	1.00	1.00	rec	2359.66	2359.94
104	13	خَيْرٍۢ	خَيْرٍ	1.00	1.00	rec	2360.08	2360.52
104	14	مِّن	مِنْ	1.00	1.00	rec	2361.56	2361.80
104	15	رَّبِّكُمْۗ	رَبِّكُمْ	1.00	0.99	rec	2361.90	2363.02
104	16	وَٱللَّهُ	وَاللَّهُ	1.00	0.97	rec	2363.72	2364.56
104	17	يَخْتَصُّ	يَخْتَصُّ	1.00	1.00	rec	2364.76	2365.62
104	18	بِرَحْمَتِهِۦ	بِرَحْمَتِهِ	1.00	1.00	rec	2365.80	2366.88
104	19	مَن	مَنْ	1.00	1.00	rec	2367.28	2367.82
104	20	يَشَآءُۚ	يَشَاءُ	1.00	1.00	rec	2367.88	2369.80
104	21	وَٱللَّهُ	وَاللَّهُ	1.00	1.00	rec	2370.42	2371.22
104	22	ذُو	ذُو	1.00	1.00	rec	2371.38	2371.48
104	23	ٱلْفَضْلِ	الْفَضْلِ	1.00	0.98	rec	2371.54	2372.28
104	24	ٱلْعَظِيمِ	الْعَظِيمِ	1.00	1.00	rec	2372.36	2374.24
105	0	مَا	مَا	1.00	1.00	rec	2375.16	2375.30
105	1	نَنسَخْ	نَنْسَخْ	1.00	1.00	rec	2375.60	2376.72
105	2	مِنْ	مِنْ	1.00	1.00	rec	2376.80	2377.12
105	3	ءَايَةٍ	آيَةٍ	0.75	1.00	rec	2377.20	2378.02
105	4	أَوْ	أَوْ	1.00	1.00	rec	2378.36	2378.72
105	5	نُنسِهَا	نَنْسَأْهَا	0.83	0.99	rec	2378.80	2380.24
105	6	نَأْتِ	نَأْتِ	1.00	1.00	rec	2380.66	2381.16
105	7	بِخَيْرٍۢ	بِخَيْنٍ	0.75	0.99	rec	2381.28	2382.04
105	8	مِّنْهَآ	مِنْهَا	1.00	1.00	rec	2382.70	2383.24
105	9	أَوْ	أَوْ	1.00	1.00	rec	2383.68	2384.06
105	10	مِثْلِهَآۗ	مِثْلِهَا	1.00	1.00	rec	2384.14	2384.94
105	11	أَلَمْ	أَلَمْ	1.00	1.00	rec	2385.98	2386.46
105	12	تَعْلَمْ	تَعْلَمْ	1.00	1.00	rec	2386.58	2387.22
105	13	أَنَّ	أَنَّ	1.00	1.00	rec	2387.32	2388.28
105	14	ٱللَّهَ	اللَّهَ	1.00	1.00	rec	2388.34	2389.18
105	15	عَلَىٰ	عَلَىٰ	1.00	1.00	rec	2389.34	2389.68
105	16	كُلِّ	كُلِّ	1.00	1.00	rec	2390.02	2390.42
105	17	شَىْءٍۢ	شَيْءٍ	1.00	1.00	rec	2390.62	2391.12
105	18	قَدِيرٌ	قَدِيرٌ	1.00	1.00	rec	2391.98	2393.24
106	0	أَلَمْ	أَلَمْ	1.00	1.00	rec	2393.84	2394.26
106	1	تَعْلَمْ	تَعْلَمْ	1.00	1.00	rec	2394.38	2394.98
106	2	أَنَّ	أَنَّ	1.00	0.95	rec	2395.06	2395.94
106	3	ٱللَّهَ	اللَّهَ	1.00	1.00	rec	2396.00	2396.82
106	4	لَهُۥ	لَهُ	1.00	1.00	rec	2396.94	2397.22
106	5	مُلْكُ	مُلْكُ	1.00	1.00	rec	2397.56	2398.02
106	6	ٱلسَّمَٰوَٰتِ	السَّمَاوَاتِ	1.00	1.00	rec	2398.08	2399.50
106	7	وَٱلْأَرْضِۗ	وَالْأَرْضِ	1.00	1.00	rec	2399.60	2400.26
106	8	وَمَا	وَمَا	1.00	1.00	rec	2400.94	2401.26
106	9	لَكُم	لَكُمْ	1.00	1.00	rec	2401.52	2402.42
106	10	مِّن	مِنْ	1.00	1.00	rec	2402.46	2403.12
106	11	دُونِ	دُونِ	1.00	1.00	rec	2403.22	2403.68
106	12	ٱللَّهِ	اللَّهِ	1.00	0.93	rec	2403.72	2404.42
106	13	مِن	مِنْ	1.00	1.00	rec	2404.60	2405.38
106	14	وَلِىٍّۢ	وَلِيٍّ	1.00	0.99	rec	2405.44	2406.14
106	15	وَلَا	وَلَا	1.00	1.00	rec	2407.04	2407.40
106	16	نَصِيرٍ	نَصِيرٍ	1.00	1.00	rec	2407.82	2409.26
107	0	أَمْ	أَمْ	1.00	1.00	rec	2410.84	2411.04
107	1	تُرِيدُونَ	تُرِيدُونَ	1.00	1.00	rec	2411.14	2412.00
107	2	أَن	أَنْ	1.00	1.00	rec	2412.12	2412.82
107	3	تَسْـَٔلُوا۟	تَسْأَلُوا	0.83	0.96	rec	2412.94	2413.62
107	4	رَسُولَكُمْ	رَسُولَكُمْ	1.00	1.00	rec	2413.94	2415.16
107	5	كَمَا	كَمَا	1.00	1.00	rec	2415.32	2415.68
107	6	سُئِلَ	سُئِلَ	1.00	1.00	rec	2416.04	2416.52
107	7	مُوسَىٰ	مُوسَىٰ	1.00	1.00	rec	2416.66	2417.26
107	8	مِن	مِنْ	1.00	1.00	rec	2417.68	2418.50
107	9	قَبْلُۗ	قَبْلُ	1.00	1.00	rec	2418.62	2419.08
107	10	وَمَن	وَمَنْ	1.00	1.00	rec	2419.76	2420.74
107	11	يَتَبَدَّلِ	يَتَبَدَّلِ	1.00	1.00	rec	2420.78	2421.84
107	12	ٱلْكُفْرَ	الْكُفْرَ	1.00	1.00	rec	2421.90	2422.70
107	13	بِٱلْإِيمَٰنِ	بِالْإِيمَانِ	1.00	1.00	rec	2422.86	2424.24
107	14	فَقَدْ	فَقَضْ	0.67	0.99	rec	2424.42	2424.96
107	15	ضَلَّ	ضَلَّ	1.00	1.00	rec	2425.08	2425.54
107	16	سَوَآءَ	سَوَاءَ	1.00	1.00	rec	2425.72	2428.26
107	17	ٱلسَّبِيلِ	السَّبِيلِ	1.00	0.97	rec	2428.32	2429.84
108	0	وَدَّ	وَدَّ	1.00	1.00	rec	2430.52	2430.92
108	1	كَثِيرٌۭ	كَثِيرٌ	1.00	0.99	rec	2431.08	2431.78
108	2	مِّنْ	مِنْ	1.00	1.00	rec	2432.56	2432.86
108	3	أَهْلِ	أَهْلِ	1.00	0.99	rec	2432.94	2433.26
108	4	ٱلْكِتَٰبِ	الْكِتَابِ	1.00	1.00	rec	2433.34	2434.20
108	5	لَوْ	لَوْ	1.00	1.00	rec	2434.36	2434.66
108	6	يَرُدُّونَكُم	يَرُدُّونَكُمْ	1.00	1.00	rec	2434.74	2436.54
108	7	مِّنۢ	مِنْ	1.00	1.00	rec	2436.60	2437.58
108	8	بَعْدِ	بَعْدِ	1.00	1.00	rec	2437.66	2438.08
108	9	إِيمَٰنِكُمْ	إِيمَانِكُمْ	1.00	1.00	rec	2438.26	2439.60
108	10	كُفَّارًا		0.00	0.17	forced	2439.72	2440.86
108	11	حَسَدًۭا	حَسَدًا	1.00	1.00	rec	2442.12	2442.64
108	12	مِّنْ	مِنْ	1.00	1.00	rec	2443.38	2443.72
108	13	عِندِ	عِنْدِ	1.00	1.00	rec	2443.80	2444.70
108	14	أَنفُسِهِم	أَنْفُسِهِمْ	1.00	1.00	rec	2444.84	2446.92
108	15	مِّنۢ	مِنْ	1.00	1.00	rec	2446.98	2447.74
108	16	بَعْدِ	بَعْدِ	1.00	1.00	rec	2447.80	2448.24
108	17	مَا	مَا	1.00	1.00	rec	2448.40	2448.52
108	18	تَبَيَّنَ	تَبَيَّنَ	1.00	0.96	rec	2448.92	2449.82
108	19	لَهُمُ	لَهُمُ	1.00	1.00	rec	2449.94	2450.42
108	20	ٱلْحَقُّۖ	الْحَقُّ	1.00	0.99	rec	2450.50	2451.12
108	21	فَٱعْفُوا۟	قفَاعْفُوا	0.86	0.86	rec	2451.42	2453.06
108	22	وَٱصْفَحُوا۟	وَاصْفَحُوا	1.00	0.98	rec	2453.32	2454.00
108	23	حَتَّىٰ	حَتَّىٰ	1.00	1.00	rec	2454.40	2454.92
108	24	يَأْتِىَ	يَأْتِيَ	1.00	1.00	rec	2455.24	2455.82
108	25	ٱللَّهُ	اللَّهُ	1.00	1.00	rec	2455.88	2456.62
108	26	بِأَمْرِهِۦٓۗ	بِأَمْرِهِ	1.00	1.00	rec	2456.78	2457.64
108	27	إِنَّ	إِنَّ	1.00	0.98	rec	2458.34	2459.24
108	28	ٱللَّهَ	اللَّهَ	1.00	1.00	rec	2459.28	2460.00
108	29	عَلَىٰ	عَلَىٰ	1.00	1.00	rec	2460.14	2460.46
108	30	كُلِّ	كُلِّ	1.00	1.00	rec	2460.78	2461.12
108	31	شَىْءٍۢ	شَيْءٍ	1.00	1.00	rec	2461.30	2461.72
108	32	قَدِيرٌۭ	قَدِيرٌ	1.00	1.00	rec	2462.64	2463.86
109	0	وَأَقِيمُوا۟	وَأَقِيمُوا	1.00	1.00	rec	2464.62	2465.54
109	1	ٱلصَّلَوٰةَ	الصَّلْعَاةَ	0.86	0.86	rec	2465.58	2466.64
109	2	وَءَاتُوا۟	وَأَعَاتُوا	0.71	0.97	rec	2466.76	2467.60
109	3	ٱلزَّكَوٰةَۚ	الزَّكَاةِ	0.86	0.94	rec	2467.64	2469.04
109	4	وَمَا	وَمَا	1.00	1.00	rec	2469.74	2470.06
109	5	تُقَدِّمُوا۟	تُقَدِّمُوا	1.00	0.99	rec	2470.42	2471.30
109	6	لِأَنفُسِكُم	لِأَنْفُسِكُمْ	1.00	1.00	rec	2471.66	2474.14
109	7	مِّنْ	مِنْ	1.00	1.00	rec	2474.20	2474.48
109	8	خَيْرٍۢ	خَيْرٍ	1.00	0.97	rec	2474.60	2475.24
109	9	تَجِدُوهُ	تَجِدُوهُ	1.00	1.00	rec	2476.06	2477.02
109	10	عِندَ	عِنْدَ	1.00	1.00	rec	2477.16	2478.00
109	11	ٱللَّهِۗ	اللَّهِ	1.00	0.99	rec	2478.04	2479.02
109	12	إِنَّ	إِنَّ	1.00	0.98	rec	2479.60	2480.44
109	13	ٱللَّهَ	اللَّهَ	1.00	1.00	rec	2480.50	2481.22
109	14	بِمَا	بِمَا	1.00	1.00	rec	2481.34	2481.68
109	15	تَعْمَلُونَ	تَعْمَلُونَ	1.00	1.00	rec	2481.98	2483.32
109	16	بَصِيرٌۭ	بَصِيرٌ	1.00	1.00	rec	2483.46	2484.74
110	0	وَقَالُوا۟	وَقَالُوا	1.00	1.00	rec	2485.34	2486.14
110	1	لَن	لَنْ	1.00	1.00	rec	2486.52	2487.18
110	2	يَدْخُلَ	يَدْخُلَ	1.00	1.00	rec	2487.24	2487.86
110	3	ٱلْجَنَّةَ	الْجَنَّةَ	1.00	1.00	rec	2487.92	2489.32
110	4	إِلَّا	إِلَّا	1.00	0.99	rec	2489.46	2489.90
110	5	مَن	مَنْ	1.00	1.00	rec	2490.28	2491.04
110	6	كَانَ	كَانَ	1.00	1.00	rec	2491.18	2491.72
110	7	هُودًا	هُودًا	1.00	1.00	rec	2491.90	2492.44
110	8	أَوْ	أَوْ	1.00	1.00	rec	2492.74	2493.12
110	9	نَصَٰرَىٰۗ	نَصَارِرٍ	0.67	0.95	rec	2493.20	2494.60
110	10	تِلْكَ	تِلْكَ	1.00	1.00	rec	2495.06	2495.56
110	11	أَمَانِيُّهُمْۗ	أَمَانِيُّهُمْ	1.00	1.00	rec	2495.74	2497.62
110	12	قُلْ	قُلْ	1.00	1.00	rec	2498.18	2498.50
110	13	هَاتُوا۟	هَاتُوا	1.00	1.00	rec	2498.62	2499.32
110	14	بُرْهَٰنَكُمْ	بُرْهَانَكُمْ	1.00	1.00	rec	2499.66	2501.28
110	15	إِن	إِنْ	1.00	1.00	rec	2501.38	2502.16
110	16	كُنتُمْ	كُنْتُمْ	1.00	1.00	rec	2502.30	2503.56
110	17	صَٰدِقِينَ	صَادِقِينَ	1.00	1.00	rec	2503.70	2505.92
111	0	بَلَىٰ	بَلَىٰ	1.00	1.00	rec	2506.98	2507.32
111	1	مَنْ	مَنْ	1.00	1.00	rec	2507.74	2508.06
111	2	أَسْلَمَ	أَسْلَمَ	1.00	1.00	rec	2508.16	2508.90
111	3	وَجْهَهُۥ	وَجْهَهُ	1.00	1.00	rec	2509.08	2509.94
111	4	لِلَّهِ	لِلَّهِ	1.00	1.00	rec	2510.32	2511.24
111	5	وَهُوَ	وَهْوَ	1.00	1.00	rec	2511.42	2511.88
111	6	مُحْسِنٌۭ	مُحْسِنٌ	1.00	1.00	rec	2512.00	2512.66
111	7	فَلَهُۥٓ	فَلَهُ	1.00	1.00	rec	2513.44	2513.98
111	8	أَجْرُهُۥ	أَجْرُهُ	1.00	1.00	rec	2514.68	2515.38
111	9	عِندَ	عِنْدَ	1.00	1.00	rec	2515.86	2516.66
111	10	رَبِّهِۦ	رَبِّهِ	1.00	1.00	rec	2516.78	2517.42
111	11	وَلَا	وَلَا	1.00	1.00	rec	2522.64	2522.98
111	12	خَوْفٌ	خَوْفٌ	1.00	1.00	rec	2523.36	2523.90
111	13	عَلَيْهِمْ	عَلَيْهِمْ	1.00	1.00	rec	2524.26	2525.28
111	14	وَلَا	وَلَا	1.00	1.00	rec	2525.40	2525.72
111	15	هُمْ	هُمْ	1.00	1.00	rec	2526.02	2526.36
111	16	يَحْزَنُونَ	يَحْزَنُونَ	1.00	1.00	rec	2526.48	2528.62
112	0	وَقَالَتِ	وَقَالَتِ	1.00	1.00	rec	2529.76	2530.72
112	1	ٱلْيَهُودُ	الْيَهُودُ	1.00	1.00	rec	2530.78	2531.72
112	2	لَيْسَتِ	لَيْسَتِ	1.00	1.00	rec	2531.86	2532.70
112	3	ٱلنَّصَٰرَىٰ	النَّصَارِي	0.88	0.99	rec	2532.78	2534.56
112	4	عَلَىٰ	عَلَىٰ	1.00	1.00	rec	2534.86	2535.22
112	5	شَىْءٍۢ	شَيْءٍ	1.00	1.00	rec	2535.56	2536.06
112	6	وَقَالَتِ	وَقَالَتِ	1.00	1.00	rec	2536.90	2537.94
112	7	ٱلنَّصَٰرَىٰ	النَّصَارِعِ	0.75	0.94	rec	2538.00	2539.70
112	8	لَيْسَتِ	لَيْسَتِ	1.00	1.00	rec	2539.82	2540.48
112	9	ٱلْيَهُودُ	الْيَهُودُ	1.00	0.99	rec	2540.52	2541.46
112	10	عَلَىٰ	عَلَىٰ	1.00	0.98	rec	2541.60	2541.92
112	11	شَىْءٍۢ	شَيْءٍ	1.00	1.00	rec	2542.26	2542.76
112	12	وَهُمْ	وَهُمْ	1.00	0.99	rec	2543.50	2544.06
112	13	يَتْلُونَ	يَتْلُونَ	1.00	1.00	rec	2544.16	2545.14
112	14	ٱلْكِتَٰبَۗ	الْكِتَابُ	1.00	0.93	rec	2545.20	2546.90
112	15	كَذَٰلِكَ	كَذَٰلِكَ	1.00	1.00	rec	2547.90	2548.78
112	16	قَالَ	قَالَ	1.00	1.00	rec	2548.96	2549.40
112	17	ٱلَّذِينَ	الَّذِينَ	1.00	1.00	rec	2549.46	2550.32
112	18	لَا	لَا	1.00	1.00	rec	2550.46	2550.58
112	19	يَعْلَمُونَ	يَعْلَمُونَ	1.00	1.00	rec	2550.88	2551.88
112	20	مِثْلَ	مِثْلَ	1.00	1.00	rec	2551.98	2552.42
112	21	قَوْلِهِمْۚ	قَوْلِهِمْ	1.00	1.00	rec	2552.62	2553.62
112	22	فَٱللَّهُ	فَاللَّهُ	1.00	0.99	rec	2554.32	2555.04
112	23	يَحْكُمُ	يَحْكُمُ	1.00	1.00	rec	2555.16	2555.78
112	24	بَيْنَهُمْ	بَيْنَهُمْ	1.00	1.00	rec	2555.94	2556.84
112	25	يَوْمَ	يَوْمَ	1.00	0.99	rec	2556.92	2557.34
112	26	ٱلْقِيَٰمَةِ	الْقِيَامَةِ	1.00	1.00	rec	2557.38	2558.52
112	27	فِيمَا	فِيمَا	1.00	1.00	rec	2558.70	2559.24
112	28	كَانُوا۟	كَانُوا	1.00	1.00	rec	2559.66	2560.24
112	29	فِيهِ	فِيهِ	1.00	0.98	rec	2560.66	2561.16
112	30	يَخْتَلِفُونَ	اخْتَلِفُونَ	0.86	0.93	rec	2561.56	2563.54
113	0	وَمَنْ	وَمَنْ	1.00	1.00	rec	2565.44	2566.02
113	1	أَظْلَمُ	أَظْلَمُ	1.00	1.00	rec	2566.12	2566.80
113	2	مِمَّن	مِمَّنْ	1.00	1.00	rec	2566.98	2568.80
113	3	مَّنَعَ	مَنَعَ	1.00	1.00	rec	2568.86	2569.38
113	4	مَسَٰجِدَ	مَسَاجِدَ	1.00	1.00	rec	2569.50	2570.62
113	5	ٱللَّهِ	اللَّهِ⌐	0.67	0.99	rec	2570.68	2571.20
113	6	أَن	اللَّهِ¬	0.67	0.99	rec	2571.20	2571.46
113	7	يُذْكَرَ	أَيُّهُ+ْكَرَ	0.60	0.70	rec	2571.72	2573.24
113	8	فِيهَا	فِيهَا	1.00	0.97	rec	2573.44	2573.96
113	9	ٱسْمُهُۥ	اسْمُهُ	1.00	1.00	rec	2574.00	2574.64
113	10	وَسَعَىٰ	وَسَعَىٰ	1.00	1.00	rec	2574.98	2575.62
113	11	فِى	فِي	1.00	0.94	rec	2576.04	2576.18
113	12	خَرَابِهَآۚ	خَرَابِهَا	1.00	1.00	rec	2576.52	2577.54
113	13	أُو۟لَٰٓئِكَ	أُولَـٰئِكَ	1.00	1.00	rec	2578.72	2581.38
113	14	مَا	مَا	1.00	1.00	rec	2581.56	2581.68
113	15	كَانَ	كَانَ	1.00	1.00	rec	2582.08	2582.58
113	16	لَهُمْ	لَهُمْ	1.00	1.00	rec	2582.70	2583.22
113	17	أَن	أَنْ	1.00	1.00	rec	2583.32	2583.90
113	18	يَدْخُلُوهَآ	يَدْخُلُوهَا	1.00	1.00	rec	2583.94	2585.08
113	19	إِلَّا	إِلَّا	1.00	1.00	rec	2585.48	2586.00
113	20	خَآئِفِينَۚ	خَائِفِينَ	1.00	1.00	rec	2586.30	2589.42
113	21	لَهُمْ	لَهُمْ	1.00	1.00	rec	2590.18	2590.58
113	22	فِى	فِي	1.00	1.00	rec	2590.66	2590.76
113	23	ٱلدُّنْيَا	الدُّنْيَا	1.00	1.00	rec	2590.80	2591.40
113	24	خِزْىٌۭ	خِزْيٌ	1.00	0.97	rec	2591.74	2592.22
113	25	وَلَهُمْ	وَلَهُمْ	1.00	1.00	rec	2592.88	2593.50
113	26	فِى	فِي	1.00	0.99	rec	2593.60	2593.70
113	27	ٱلْءَاخِرَةِ	الْآخِرَةِ	0.86	1.00	rec	2593.76	2594.88
113	28	عَذَابٌ	عَذَابٌ	1.00	1.00	rec	2595.00	2595.92
113	29	عَظِيمٌۭ	عَظِيمٌ	1.00	1.00	rec	2596.26	2597.54
114	0	وَلِلَّهِ	وَلِلَّهِ	1.00	1.00	rec	2598.44	2599.54
114	1	ٱلْمَشْرِقُ	الْمَشْرِقُ	1.00	0.97	rec	2599.58	2600.54
114	2	وَٱلْمَغْرِبُۚ	وَالْمَغْذِبُ	0.86	0.94	rec	2600.66	2601.76
114	3	فَأَيْنَمَا	فَأَيْنَمَا	1.00	1.00	rec	2601.98	2602.92
114	4	تُوَلُّوا۟	تُوَلُّوا	1.00	1.00	rec	2603.28	2603.96
114	5	فَثَمَّ	فَثَمَّ	1.00	1.00	rec	2604.34	2605.52
114	6	وَجْهُ	وَجْهُ	1.00	1.00	rec	2605.66	2606.14
114	7	ٱللَّهِۚ	اللَّهُ	1.00	0.99	rec	2606.22	2607.36
114	8	إِنَّ	إِنَّ	1.00	1.00	rec	2608.00	2608.96
114	9	ٱللَّهَ	اللَّهَ	1.00	1.00	rec	2609.00	2609.70
114	10	وَٰسِعٌ	وَاسِعٌ	1.00	1.00	rec	2609.84	2610.68
114	11	عَلِيمٌۭ	عَلِيمٌ	1.00	1.00	rec	2611.14	2612.24
115	0	وَقَالُوا۟	وَقَالُوا	1.00	1.00	rec	2612.88	2613.58
115	1	ٱتَّخَذَ	اتَّخَذَ	1.00	1.00	rec	2613.62	2614.36
115	2	ٱللَّهُ	اللَّهُ	1.00	0.99	rec	2614.42	2615.08
115	3	وَلَدًۭاۗ	وَلَدًا	1.00	1.00	rec	2615.18	2615.66
115	4	سُبْحَٰنَهُۥۖ	سُبْحَانَهُ	1.00	1.00	rec	2616.50	2617.80
115	5	بَل	بَلْ	1.00	1.00	rec	2618.60	2618.82
115	6	لَّهُۥ	لَهُ	1.00	1.00	rec	2618.90	2619.14
115	7	مَا	مَا	1.00	1.00	rec	2619.40	2619.52
115	8	فِى	فِي	1.00	1.00	rec	2619.74	2619.84
115	9	ٱلسَّمَٰوَٰتِ	السَّمَاوَاتِ	1.00	0.99	rec	2619.88	2621.08
115	10	وَٱلْأَرْضِۖ	وَالْأَرْضِ	1.00	0.99	rec	2621.16	2621.94
115	11	كُلٌّۭ	كُلٌّ	1.00	1.00	rec	2622.14	2622.54
115	12	لَّهُۥ	لَهُ	1.00	1.00	rec	2622.82	2623.08
115	13	قَٰنِتُونَ	قَانِتُونَ	1.00	1.00	rec	2623.44	2625.40
116	0	بَدِيعُ	بَدِيعُ	1.00	1.00	rec	2625.90	2626.56
116	1	ٱلسَّمَٰوَٰتِ	السَّمَاوَاتِ	1.00	1.00	rec	2626.64	2627.96
116	2	وَٱلْأَرْضِۖ	وَالْأَرْضِ	1.00	1.00	rec	2628.06	2628.72
116	3	وَإِذَا	وَإِذَا	1.00	1.00	rec	2629.44	2629.88
116	4	قَضَىٰٓ	قَضَىٰ	1.00	1.00	rec	2630.12	2630.44
116	5	أَمْرًۭا	أَمْرًا	1.00	1.00	rec	2630.92	2631.38
116	6	فَإِنَّمَا	فَإِنَّمَا	1.00	1.00	rec	2632.02	2633.16
116	7	يَقُولُ	يَقُولُ	1.00	1.00	rec	2633.44	2634.12
116	8	لَهُۥ	لَهُ	1.00	1.00	rec	2634.26	2634.58
116	9	كُن	كُنْ	1.00	1.00	rec	2635.02	2635.90
116	10	فَيَكُونُ	فَيَكُونُ	1.00	1.00	rec	2636.02	2638.06
117	0	وَقَالَ	وَقَالَ	1.00	1.00	rec	2639.32	2639.94
117	1	ٱلَّذِينَ	الَّذِينَ	1.00	1.00	rec	2640.00	2640.74
117	2	لَا	لَا	1.00	1.00	rec	2640.86	2640.98
117	3	يَعْلَمُونَ	يَعْلَمُونَ	1.00	1.00	rec	2641.28	2642.42
117	4	لَوْلَا	لَوْلَا	1.00	1.00	rec	2642.56	2643.02
117	5	يُكَلِّمُنَا	يُكَلِّمُنَا	1.00	0.95	rec	2643.36	2644.54
117	6	ٱللَّهُ	اللَّهُ	1.00	1.00	rec	2644.58	2645.30
117	7	أَوْ	أَوْ	1.00	1.00	rec	2645.50	2645.84
117	8	تَأْتِينَآ	تَأْتِينَا	1.00	1.00	rec	2645.98	2646.86
117	9	ءَايَةٌۭۗ	آيَةً	0.75	1.00	rec	2647.44	2648.20
117	10	كَذَٰلِكَ	كَذَٰلِكَ	1.00	1.00	rec	2649.30	2650.26
117	11	قَالَ	قَالَ	1.00	1.00	rec	2650.44	2650.94
117	12	ٱلَّذِينَ	الَّذِينَ	1.00	1.00	rec	2651.00	2651.76
117	13	مِن	مِنْ	1.00	1.00	rec	2651.88	2652.62
117	14	قَبْلِهِم	قَبْلِهِمْ	1.00	1.00	rec	2652.76	2654.22
117	15	مِّثْلَ	مِثْلَ	1.00	1.00	rec	2654.28	2654.70
117	16	قَوْلِهِمْۘ	قَوْلِهِمْ	1.00	1.00	rec	2654.88	2655.96
117	17	تَشَٰبَهَتْ	تَشَابَهَتْ	1.00	0.99	rec	2656.78	2658.06
117	18	قُلُوبُهُمْۗ	قُلُوبُهُمْ	1.00	1.00	rec	2658.16	2659.36
117	19	قَدْ	قَدْ	1.00	1.00	rec	2660.04	2660.28
117	20	بَيَّنَّا	بَيَّنَّا	1.00	1.00	rec	2660.38	2661.66
117	21	ٱلْءَايَٰتِ	الْآيَاتِ	0.86	1.00	rec	2661.70	2662.90
117	22	لِقَوْمٍۢ	لِقَوْمٍ	1.00	1.00	rec	2663.04	2663.90
117	23	يُوقِنُونَ	يُوقِنُونَ	1.00	1.00	rec	2664.74	2666.76
118	0	إِنَّآ	إِنَّا	1.00	1.00	rec	2667.62	2668.72
118	1	أَرْسَلْنَٰكَ	أَرْسَلْنَاكَ	1.00	1.00	rec	2669.24	2670.58
118	2	بِٱلْحَقِّ	بِالْحَقِّ	1.00	0.99	rec	2670.68	2671.48
118	3	بَشِيرًۭا	بَشِيرًا	1.00	0.98	rec	2671.56	2672.34
118	4	وَنَذِيرًۭاۖ	وَنَذِيرًا	1.00	1.00	rec	2673.06	2674.10
118	5	وَلَا	وَلَا	1.00	1.00	rec	2675.00	2675.28
118	6	تُسْـَٔلُ	تُسْأَلُ	0.75	1.00	rec	2675.58	2676.20
118	7	عَنْ	عَنْ	1.00	1.00	rec	2676.38	2676.70
118	8	أَصْحَٰبِ	أَصْحَابِ	1.00	1.00	rec	2676.80	2677.84
118	9	ٱلْجَحِيمِ	الْجَحِيمِ	1.00	1.00	rec	2677.90	2679.56
119	0	وَلَن	وَلَنْ	1.00	1.00	rec	2680.34	2681.38
119	1	تَرْضَىٰ	تَرْضَىٰ	1.00	0.99	rec	2681.52	2682.10
119	2	عَنكَ	عَنْكَ	1.00	0.99	rec	2682.46	2683.50
119	3	ٱلْيَهُودُ	الْيَهُودُ	1.00	0.95	rec	2683.56	2684.60
119	4	وَلَا	وَلَنْ	0.67	0.98	rec	2684.74	2685.94
119	5	ٱلنَّصَٰرَىٰ	نَصَارِيحُ	0.62	0.91	rec	2686.02	2687.30
119	6	حَتَّىٰ	تَىٰ	0.75	0.80	rec	2687.68	2687.82
119	7	تَتَّبِعَ	تَتَّبِعَ	1.00	0.92	rec	2688.22	2689.06
119	8	مِلَّتَهُمْۗ	مِلَّتَهُمْ	1.00	1.00	rec	2689.20	2690.40
119	9	قُلْ	قُلْ	1.00	1.00	rec	2691.10	2691.38
119	10	إِنَّ	إِنَّ	1.00	1.00	rec	2691.46	2692.18
119	11	هُدَى	هُدَى	1.00	1.00	rec	2692.32	2692.60
119	12	ٱللَّهِ	اللَّهِ	1.00	0.92	rec	2692.62	2693.52
119	13	هُوَ	هُوَ	1.00	1.00	rec	2693.68	2693.92
119	14	ٱلْهُدَىٰۗ	الْهُدَىٰ	1.00	1.00	rec	2693.96	2694.58
119	15	وَلَئِنِ	وَلَئِنِ	1.00	1.00	rec	2695.82	2696.36
119	16	ٱتَّبَعْتَ	اتَّبَعْتَ	1.00	0.99	rec	2696.40	2697.22
119	17	أَهْوَآءَهُم	أَهْوَاءَهُمْ	1.00	1.00	rec	2697.34	2700.64
119	18	بَعْدَ	بَعْدَ	1.00	1.00	rec	2700.70	2701.10
119	19	ٱلَّذِى	الَّذِي	1.00	0.99	rec	2701.14	2701.70
119	20	جَآءَكَ	جَاءَكَ	1.00	1.00	rec	2702.00	2703.80
119	21	مِنَ	مِنَ	1.00	1.00	rec	2703.94	2704.20
119	22	ٱلْعِلْمِۙ	الْعِلْمِ	1.00	1.00	rec	2704.24	2704.96
119	23	مَا	مَع	0.50	0.92	rec	2705.14	2705.28
119	24	لَكَ	لَكَ	1.00	0.89	rec	2705.56	2705.90
119	25	مِنَ	مِنَ	1.00	1.00	rec	2706.06	2706.30
119	26	ٱللَّهِ	اللَّهِ	1.00	1.00	rec	2706.36	2707.18
119	27	مِن	مِنْ	1.00	1.00	rec	2707.36	2707.98
119	28	وَلِىٍّۢ	وَلِيٍّ	1.00	1.00	rec	2708.02	2708.70
119	29	وَلَا	وَلَا	1.00	1.00	rec	2709.42	2709.76
119	30	نَصِيرٍ	نَصِيرٍ	1.00	1.00	rec	2710.14	2711.44
120	0	ٱلَّذِينَ	الَّذِينَ	1.00	1.00	rec	2712.30	2712.92
120	1	ءَاتَيْنَٰهُمُ	آتَيْنَعَاهُمُ	0.75	0.97	rec	2713.02	2714.46
120	2	ٱلْكِتَٰبَ	الْكِتَابَ	1.00	1.00	rec	2714.54	2715.44
120	3	يَتْلُونَهُۥ	يَتْلُونَهُ	1.00	1.00	rec	2715.52	2716.54
120	4	حَقَّ	حَقَّ	1.00	0.87	rec	2716.96	2717.38
120	5	تِلَاوَتِهِۦٓ	تِلَاوَتِهِ	1.00	1.00	rec	2717.52	2718.60
120	6	أُو۟لَٰٓئِكَ	أُولَـٰئِكَ	1.00	1.00	rec	2719.00	2721.14
120	7	يُؤْمِنُونَ	يُؤْمِنُونَ	1.00	1.00	rec	2721.22	2722.10
120	8	بِهِۦۗ	بِهِ	1.00	1.00	rec	2722.20	2722.44
120	9	وَمَن	وَمَنْ	1.00	0.89	rec	2723.46	2724.54
120	10	يَكْفُرْ	يَكْفُرْ	1.00	1.00	rec	2724.58	2725.12
120	11	بِهِۦ	بِهِ	1.00	1.00	rec	2725.22	2725.52
120	12	فَأُو۟لَٰٓئِكَ	فَأُولَـٰئِكَ	1.00	1.00	rec	2725.90	2728.80
120	13	هُمُ	هُمُ	1.00	1.00	rec	2728.94	2729.20
120	14	ٱلْخَٰسِرُونَ	الْخَاسِرُونَ	1.00	1.00	rec	2729.28	2731.40
121	0	يَٰبَنِىٓ	يَا+بَنِي	1.00	1.00	rec	2732.22	2732.92
121	1	إِسْرَٰٓءِيلَ	إِسْرَائِيلَ	0.86	1.00	rec	2733.36	2736.04
121	2	ٱذْكُرُوا۟	اذْكُرُوا	1.00	0.99	rec	2736.08	2736.64
121	3	نِعْمَتِىَ	نِعْمَتِيَ	1.00	1.00	rec	2736.96	2737.84
121	4	ٱلَّتِىٓ	الَّتِي	1.00	0.96	rec	2737.88	2738.48
121	5	أَنْعَمْتُ	أَنْعَمْتُ	1.00	1.00	rec	2738.92	2739.78
121	6	عَلَيْكُمْ	عَلَيْكُمْ	1.00	1.00	rec	2739.92	2740.84
121	7	وَأَنِّى	وَأَنِّي	1.00	0.98	rec	2740.94	2742.02
121	8	فَضَّلْتُكُمْ	فَضَّلْتُكُمْ	1.00	1.00	rec	2742.38	2743.74
121	9	عَلَى	عَلَى	1.00	1.00	rec	2743.82	2744.10
121	10	ٱلْعَٰلَمِينَ	الْعَالَمِينَ	1.00	1.00	rec	2744.14	2746.04
122	0	وَٱتَّقُوا۟	وَاتَّقُوا	1.00	0.96	rec	2746.68	2747.30
122	1	يَوْمًۭا	يَوْمًا	1.00	1.00	rec	2747.58	2748.10
122	2	لَّا	لَا	1.00	0.97	rec	2748.36	2748.52
122	3	تَجْزِى	تَجْزِي	1.00	1.00	rec	2748.94	2749.56
122	4	نَفْسٌ	نَفْسٌ	1.00	1.00	rec	2749.90	2750.36
122	5	عَن	عَنْ	1.00	1.00	rec	2750.70	2751.56
122	6	نَّفْسٍۢ	نَفْسٍ	1.00	1.00	rec	2751.60	2752.08
122	7	شَيْـًۭٔا	شَيْئًا	0.75	1.00	rec	2753.02	2753.60
122	8	وَلَا	وَلَا	1.00	1.00	rec	2754.60	2754.92
122	9	يُقْبَلُ	يُقْبَلُ	1.00	1.00	rec	2755.30	2755.96
122	10	مِنْهَا	مِنْهَا	1.00	1.00	rec	2756.14	2756.66
122	11	عَدْلٌۭ	عَدْلٌ	1.00	1.00	rec	2757.02	2757.50
122	12	وَلَا	وَلَا	1.00	1.00	rec	2758.22	2758.54
122	13	تَنفَعُهَا	تَنْفَعُهَا	1.00	1.00	rec	2758.90	2760.32
122	14	شَفَٰعَةٌۭ	شَفَاعَةٌ	1.00	1.00	rec	2760.74	2762.02
122	15	وَلَا	وَلَا	1.00	1.00	rec	2762.88	2763.22
122	16	هُمْ	هُمْ	1.00	1.00	rec	2763.56	2763.94
122	17	يُنصَرُونَ	يُنْصَرُونَ	1.00	1.00	rec	2764.04	2766.26
123	0	وَإِذِ	وَإِذِ	1.00	1.00	rec	2767.08	2767.50
123	1	ٱبْتَلَىٰٓ	ابْتَلَىٰ	1.00	0.98	rec	2767.56	2768.18
123	2	إِبْرَٰهِۦمَ	إِبْرَاهِيمَ	0.86	1.00	rec	2768.52	2769.74
123	3	رَبُّهُۥ	رَبُّهُ	1.00	1.00	rec	2769.86	2770.50
123	4	بِكَلِمَٰتٍۢ	بِكَلِمَعاتٍ	0.86	0.98	rec	2770.84	2772.20
123	5	فَأَتَمَّهُنَّۖ	فَأَتَمَّهُنَّ	1.00	0.99	rec	2772.92	2775.74
123	6	قَالَ	قَالَ	1.00	1.00	rec	2776.38	2776.80
123	7	إِنِّى	إِنِّي	1.00	1.00	rec	2776.90	2777.80
123	8	جَاعِلُكَ	جَاعِلُكَ	1.00	1.00	rec	2778.26	2779.28
123	9	لِلنَّاسِ	لِلنَّاسِ	1.00	1.00	rec	2779.44	2781.06
123	10	إِمَامًۭاۖ	إِمْامًا	1.00	0.75	rec	2781.18	2782.04
123	11	قَالَ	قَالَ	1.00	1.00	rec	2783.00	2783.62
123	12	وَمِن	وَمِنْ	1.00	1.00	rec	2783.76	2784.78
123	13	ذُرِّيَّتِىۖ	ذُرِّيَّتِي	1.00	1.00	rec	2784.88	2786.04
123	14	قَالَ	قَالَ	1.00	1.00	rec	2786.42	2786.94
123	15	لَا	لَا	1.00	0.99	rec	2787.06	2787.20
123	16	يَنَالُ	يَنَالُ	1.00	0.99	rec	2787.46	2788.20
123	17	عَهْدِى	عَهْدِيَ	1.00	1.00	rec	2788.36	2788.98
123	18	ٱلظَّٰلِمِينَ	الظَّالِمِينَ	1.00	1.00	rec	2789.04	2791.02
124	0	وَإِذْ	وَإِذْ	1.00	0.93	rec	2791.80	2792.30
124	1	جَعَلْنَا	يَعَلْنَا	0.80	0.94	rec	2792.38	2793.08
124	2	ٱلْبَيْتَ	الْبَيْتَ	1.00	1.00	rec	2793.12	2793.82
124	3	مَثَابَةًۭ	مَثَابَةً	1.00	1.00	rec	2793.94	2794.86
124	4	لِّلنَّاسِ	لِلنَّاسِ	1.00	0.98	rec	2795.14	2796.86
124	5	وَأَمْنًۭا	وَأَمْنًا	1.00	0.97	rec	2797.00	2797.90
124	6	وَٱتَّخِذُوا۟	وَاتَّخِذُوا	1.00	0.97	rec	2799.04	2799.88
124	7	مِن	مِنْ	1.00	1.00	rec	2800.14	2801.00
124	8	مَّقَامِ	مَقَامِ	1.00	1.00	rec	2801.04	2801.92
124	9	إِبْرَٰهِۦمَ	إِبْرَاهِيمَ	0.86	1.00	rec	2802.10	2803.50
124	10	مُصَلًّۭىۖ	مُصَلَّىٰ	0.80	1.00	rec	2803.64	2804.58
124	11	وَعَهِدْنَآ	وَعَهِدْنَا	1.00	1.00	rec	2805.60	2806.56
124	12	إِلَىٰٓ	إِلَىٰ	1.00	1.00	rec	2807.10	2807.44
124	13	إِبْرَٰهِۦمَ	إِبْرَاهِيمَ	0.86	1.00	rec	2807.90	2809.28
124	14	وَإِسْمَٰعِيلَ	وَإِسْمَاعِيلَ	1.00	1.00	rec	2809.40	2810.88
124	15	أَن	أَنْ	1.00	1.00	rec	2811.04	2812.02
124	16	طَهِّرَا	طَهِّرَا	1.00	1.00	rec	2812.16	2812.84
124	17	بَيْتِىَ	بَيْتِي	1.00	1.00	rec	2813.28	2814.00
124	18	لِلطَّآئِفِينَ	طَائِفِينَ	0.75	1.00	rec	2819.24	2822.30
124	19	وَٱلْعَٰكِفِينَ	وَالْعَاكِفِينَ	1.00	0.98	rec	2822.44	2824.12
124	20	وَٱلرُّكَّعِ	وَالرُُّ+كَعِ	1.00	0.85	rec	2824.24	2825.22
124	21	ٱلسُّجُودِ	السُّجُودِ	1.00	0.99	rec	2825.28	2826.76
125	0	وَإِذْ	وَإِذْ	1.00	1.00	rec	2827.62	2828.04
125	1	قَالَ	قَالَ	1.00	1.00	rec	2828.18	2828.64
125	2	إِبْرَٰهِۦمُ	إِبْرَاهِيمُ	0.86	1.00	rec	2828.80	2830.06
125	3	رَبِّ	رَبِّ	1.00	1.00	rec	2830.18	2830.60
125	4	ٱجْعَلْ	ادْعَلْ	0.75	0.97	rec	2830.68	2831.30
125	5	هَٰذَا	هَـٰذَا	1.00	1.00	rec	2831.40	2832.02
125	6	بَلَدًا	بَلَدًا	1.00	1.00	rec	2832.34	2832.84
125	7	ءَامِنًۭا	آمِنًا	0.80	1.00	rec	2833.22	2834.14
125	8	وَٱرْزُقْ	وَارْزُقْ	1.00	0.99	rec	2834.94	2835.66
125	9	أَهْلَهُۥ	أَهْلَهُ	1.00	0.99	rec	2835.78	2836.42
125	10	مِنَ	مِنَ	1.00	1.00	rec	2836.92	2837.14
125	11	ٱلثَّمَرَٰتِ	الثَّمَرَاتِ	1.00	1.00	rec	2837.20	2838.94
125	12	مَنْ	مِنَ	1.00	1.00	rec	2841.88	2842.12
125	13	ءَامَنَ	مَنْ+آمَنَ	0.60	1.00	rec	2843.50	2844.50
125	14	مِنْهُم	مِنْهُمْ	1.00	1.00	rec	2844.60	2845.72
125	15	بِٱللَّهِ	بِاللَّهِ	1.00	1.00	rec	2845.78	2846.60
125	16	وَٱلْيَوْمِ	وَالْيَوْمِ	1.00	0.99	rec	2846.76	2847.74
125	17	ٱلْءَاخِرِۖ	الْآخِرِ	0.83	1.00	rec	2847.80	2849.02
125	18	قَالَ	قَالَ	1.00	1.00	rec	2849.80	2850.26
125	19	وَمَن	وَمَنْ	1.00	1.00	rec	2850.38	2851.48
125	20	كَفَرَ	كَفَرَ	1.00	1.00	rec	2851.64	2852.16
125	21	فَأُمَتِّعُهُۥ	فَأُمَتِّعُهُ	1.00	0.97	rec	2852.34	2853.80
125	22	قَلِيلًۭا	قَلِيلًا	1.00	1.00	rec	2854.32	2855.20
125	23	ثُمَّ	ثُمَّ	1.00	0.95	rec	2855.86	2857.12
125	24	أَضْطَرُّهُۥٓ	أَضِى+قَرُّوهُ	0.57	0.62	rec	2857.28	2858.58
125	25	إِلَىٰ	إِلَىٰ	1.00	1.00	rec	2859.02	2859.36
125	26	عَذَابِ	عَذَابِ	1.00	1.00	rec	2859.60	2860.38
125	27	ٱلنَّارِۖ	النِّيرِ	0.80	0.88	rec	2860.44	2861.86
125	28	وَبِئْسَ	وَب	0.50	0.92	rec	2862.02	2862.26
125	29	ٱلْمَصِيرُ	سَالْمَصِيرُ	0.86	1.00	rec	2862.76	2864.72
126	0	وَإِذْ	وَإِذْ	1.00	1.00	rec	2865.72	2866.20
126	1	يَرْفَعُ	يَرْفَعُ	1.00	1.00	rec	2866.30	2866.98
126	2	إِبْرَٰهِۦمُ	إِبْرَاهِيمُ	0.86	1.00	rec	2867.18	2868.58
126	3	ٱلْقَوَاعِدَ	الْقَوَاعِدَ	1.00	1.00	rec	2868.66	2869.94
126	4	مِنَ	مِنَ	1.00	1.00	rec	2870.08	2870.32
126	5	ٱلْبَيْتِ	الْبَيْتِ	1.00	1.00	rec	2870.36	2871.20
126	6	وَإِسْمَٰعِيلُ	وَإِسْمَاعِيلُ	1.00	1.00	rec	2871.32	2872.92
126	7	رَبَّنَا	رَبَّنَا	1.00	0.98	rec	2873.08	2873.66
126	8	تَقَبَّلْ	تَقَبَّلْ	1.00	1.00	rec	2874.08	2874.94
126	9	مِنَّآۖ	مِنَّا	1.00	0.99	rec	2875.04	2876.16
126	10	إِنَّكَ	إِنَّكَ	1.00	0.99	rec	2881.12	2882.46
126	11	أَنتَ	أَنْتَ	1.00	1.00	rec	2882.60	2883.56
126	12	ٱلسَّمِيعُ	السَّمِيعُ	1.00	1.00	rec	2883.62	2884.46
126	13	ٱلْعَلِيمُ	الْعَلِيمُ	1.00	1.00	rec	2884.52	2886.12
127	0	رَبَّنَا	رَبَّنَا	1.00	0.99	rec	2887.18	2887.72
127	1	وَٱجْعَلْنَا	وَجَعَلْنَا	0.86	1.00	rec	2888.14	2889.20
127	2	مُسْلِمَيْنِ	مُسْلِمَيْنِ	1.00	1.00	rec	2889.64	2890.84
127	3	لَكَ	لَكَ	1.00	1.00	rec	2890.96	2891.28
127	4	وَمِن	وَمِنْ	1.00	1.00	rec	2891.42	2892.34
127	5	ذُرِّيَّتِنَآ	ذُرِّيَّتِنَا	1.00	1.00	rec	2892.42	2893.66
127	6	أُمَّةًۭ	أُمَّةً	1.00	0.92	rec	2894.06	2895.16
127	7	مُّسْلِمَةًۭ	مُسْلِمَةً	1.00	1.00	rec	2896.14	2897.08
127	8	لَّكَ	لَكَ	1.00	1.00	rec	2897.38	2897.70
127	9	وَأَرِنَا	وَأَرْنَا	1.00	0.99	rec	2897.82	2898.56
127	10	مَنَاسِكَنَا	مَنَاسِكَنَا	1.00	1.00	rec	2898.88	2900.10
127	11	وَتُبْ	وَتُبْ	1.00	1.00	rec	2900.42	2900.90
127	12	عَلَيْنَآۖ	عَلَيْنَا	1.00	1.00	rec	2901.00	2901.74
127	13	إِنَّكَ	إِنَّكَ	1.00	1.00	rec	2902.20	2903.66
127	14	أَنتَ	أَنْتَ	1.00	1.00	rec	2903.80	2905.04
127	15	ٱلتَّوَّابُ	التَّوَّعابُ	0.86	0.87	rec	2905.10	2906.36
127	16	ٱلرَّحِيمُ	الرَّحِيمُ	1.00	0.99	rec	2906.42	2907.88
128	0	رَبَّنَا	رَبَّنَا	1.00	0.99	rec	2909.48	2910.10
128	1	وَٱبْعَثْ	وَابْعَثْ	1.00	0.97	rec	2910.50	2911.26
128	2	فِيهِمْ	فِيهِمْ	1.00	1.00	rec	2911.32	2912.06
128	3	رَسُولًۭا	رَسُولًا	1.00	1.00	rec	2912.14	2912.88
128	4	مِّنْهُمْ	مِنْهُمْ	1.00	1.00	rec	2913.60	2914.22
128	5	يَتْلُوا۟	يَتْلُو	0.80	1.00	rec	2914.32	2914.74
128	6	عَلَيْهِمْ	عَلَيْهِمْ	1.00	1.00	rec	2915.00	2915.88
128	7	ءَايَٰتِكَ	آيَاتِكَ	0.83	1.00	rec	2915.96	2917.18
128	8	وَيُعَلِّمُهُمُ	وَيُعَلِّمُهُمُ	1.00	0.99	rec	2917.30	2918.80
128	9	ٱلْكِتَٰبَ	الْكِتَابَ	1.00	1.00	rec	2918.88	2919.90
128	10	وَٱلْحِكْمَةَ	وَالْحِكْمَةَ	1.00	0.99	rec	2920.00	2921.14
128	11	وَيُزَكِّيهِمْۚ	زَكِّيهِمْ	0.71	0.99	rec	2921.68	2923.02
128	12	إِنَّكَ	إِنَّكَ	1.00	1.00	rec	2923.72	2924.94
128	13	أَنتَ	أَنْتَ	1.00	0.95	rec	2925.08	2926.02
128	14	ٱلْعَزِيزُ	الْعَزِيزُ	1.00	1.00	rec	2926.08	2927.22
128	15	ٱلْحَكِيمُ	الْحَكُّ+م	0.83	0.29	rec	2927.28	2927.96
129	0	وَمَن	وَمَنْ	1.00	0.99	rec	2929.92	2931.08
129	1	يَرْغَبُ	يَرْغَبُ	1.00	0.98	rec	2931.14	2931.82
129	2	عَن	عَنْ	1.00	1.00	rec	2932.00	2932.72
129	3	مِّلَّةِ	مِلَّةِ	1.00	1.00	rec	2932.78	2933.42
129	4	إِبْرَٰهِۦمَ	إِبْرَاهِيمَ	0.86	1.00	rec	2933.58	2934.88
129	5	إِلَّا	إِلَّا	1.00	1.00	rec	2935.00	2935.46
129	6	مَن	مَنْ	1.00	1.00	rec	2935.76	2936.40
129	7	سَفِهَ	سَفِهَ	1.00	1.00	rec	2936.50	2937.00
129	8	نَفْسَهُۥۚ	نَفْسَهُ	1.00	1.00	rec	2937.16	2937.78
129	9	وَلَقَدِ	وَلَقَدِ	1.00	1.00	rec	2938.60	2939.28
129	10	ٱصْطَفَيْنَٰهُ	اصْطَفَيْنَاهُ	1.00	1.00	rec	2939.34	2940.62
129	11	فِى	فِي	1.00	1.00	rec	2940.78	2940.88
129	12	ٱلدُّنْيَاۖ	الدُّنْيَا	1.00	1.00	rec	2940.92	2941.66
129	13	وَإِنَّهُۥ	وَإِنَّهُ	1.00	1.00	rec	2941.94	2943.10
129	14	فِى	فِي	1.00	1.00	rec	2943.50	2943.60
129	15	ٱلْءَاخِرَةِ	الْآخِرَةِ	0.86	1.00	rec	2943.64	2944.86
129	16	لَمِنَ	لَمِنَ	1.00	1.00	rec	2945.00	2945.42
129	17	ٱلصَّٰلِحِينَ	الصَّالِحِينَ	1.00	0.99	rec	2945.48	2947.74
130	0	إِذْ	إِذْ	1.00	1.00	rec	2948.52	2948.70
130	1	قَالَ	قَالَ	1.00	1.00	rec	2948.80	2949.10
130	2	لَهُۥ	لَهُ	1.00	1.00	rec	2949.22	2949.50
130	3	رَبُّهُۥٓ	رَبُّهُ	1.00	0.91	rec	2949.72	2950.38
130	4	أَسْلِمْۖ	أَسْلِمْ	1.00	0.99	rec	2950.90	2951.62
130	5	قَالَ	قَالَ	1.00	1.00	rec	2952.18	2952.72
130	6	أَسْلَمْتُ	أَسْلَمْتُ	1.00	1.00	rec	2952.84	2953.60
130	7	لِرَبِّ	لِرَبِّ	1.00	1.00	rec	2953.72	2954.26
130	8	ٱلْعَٰلَمِينَ	الْعَالَمِينَ	1.00	1.00	rec	2954.32	2956.20
131	0	وَوَصَّىٰ	وَوَصَّىٰ	1.00	1.00	rec	2957.04	2957.70
131	1	بِهَآ	بِهَا	1.00	0.96	rec	2958.06	2958.40
131	2	إِبْرَٰهِۦمُ	إِبْرَاهِيمُ	0.86	1.00	rec	2958.74	2960.04
131	3	بَنِيهِ	بَنِيهِ	1.00	1.00	rec	2960.20	2960.88
131	4	وَيَعْقُوبُ	وَيَعْ+طُوب	0.83	0.85	rec	2961.04	2962.64
131	5	يَٰبَنِىَّ	يَا+بَنِيَّ	1.00	1.00	rec	2963.42	2964.32
131	6	إِنَّ	إِنَّ	1.00	1.00	rec	2964.42	2965.50
131	7	ٱللَّهَ	اللَّهَ	1.00	1.00	rec	2965.56	2966.36
131	8	ٱصْطَفَىٰ	اصْطَفَعَ	0.67	0.97	rec	2966.42	2967.20
131	9	لَكُمُ	لَكُمْ	1.00	1.00	rec	2967.36	2967.90
131	10	ٱلدِّينَ	لدِّينِ	0.80	0.90	rec	2968.16	2969.54
131	11	فَلَا	فَلَا	1.00	1.00	rec	2970.04	2970.32
131	12	تَمُوتُنَّ	تَمُوتُنَّ	1.00	1.00	rec	2970.58	2972.16
131	13	إِلَّا	إِلَّا	1.00	1.00	rec	2972.26	2972.74
131	14	وَأَنتُم	وَأَنْتُمْ	1.00	1.00	rec	2973.04	2974.88
131	15	مُّسْلِمُونَ	مُسْلِمُونَ	1.00	1.00	rec	2974.92	2976.64
132	0	أَمْ	أَمْ	1.00	1.00	rec	2977.42	2977.72
132	1	كُنتُمْ	كُنْتُمْ	1.00	1.00	rec	2977.88	2979.06
132	2	شُهَدَآءَ	شُهَدَاءً	1.00	0.98	rec	2979.20	2981.70
132	3	إِذْ	إِذْ	1.00	0.99	rec	2981.88	2982.20
132	4	حَضَرَ	حَضَرَ	1.00	1.00	rec	2982.32	2982.84
132	5	يَعْقُوبَ	يَعْقُوبَ	1.00	1.00	rec	2983.00	2983.90
132	6	ٱلْمَوْتُ	الْمَوْتِ	1.00	0.92	rec	2983.96	2985.14
132	7	إِذْ	إِذْ	1.00	1.00	rec	2985.94	2986.12
132	8	قَالَ	قَالَ	1.00	1.00	rec	2986.24	2986.72
132	9	لِبَنِيهِ	لِبَنِيهِمَا⌐	1.00	0.95	rec	2986.84	2987.68
132	10	مَا	لِبَنِيهِمَا¬	1.00	0.95	rec	2987.68	2988.02
132	11	تَعْبُدُونَ	تَعْبُدُونَ	1.00	0.99	rec	2988.40	2989.48
132	12	مِنۢ	م	0.50	0.51	rec	2989.62	2989.64
132	13	بَعْدِى	بَعْدِي	1.00	1.00	rec	2990.68	2991.20
132	14	قَالُوا۟	قَالُوا	1.00	1.00	rec	2992.38	2993.00
132	15	نَعْبُدُ	نَعْبُدُ	1.00	1.00	rec	2993.32	2994.00
132	16	إِلَٰهَكَ	إِلَـٰهَكَ	1.00	1.00	rec	2994.18	2995.20
132	17	وَإِلَٰهَ	وَإِلَـٰهَ	1.00	1.00	rec	2995.32	2996.26
132	18	ءَابَآئِكَ	آبَائِكَ	0.83	1.00	rec	2996.44	2998.86
132	19	إِبْرَٰهِۦمَ	إِبْرَاهِيمَ	0.86	1.00	rec	2998.96	3000.28
132	20	وَإِسْمَٰعِيلَ	وَإِسْمَاعِيلَ	1.00	1.00	rec	3000.38	3002.04
132	21	وَإِسْحَٰقَ	وَإِسْحَاقَ	1.00	0.99	rec	3002.16	3003.98
132	22	إِلَٰهًۭا	إِلَـٰهًا	1.00	1.00	rec	3005.02	3005.70
132	23	وَٰحِدًۭا	وَاحِدًا	1.00	1.00	rec	3006.50	3007.30
132	24	وَنَحْنُ	وَنَحْنُ	1.00	1.00	rec	3008.18	3008.80
132	25	لَهُۥ	لَهُ	1.00	1.00	rec	3008.94	3009.20
132	26	مُسْلِمُونَ	مُسْلِمُونَ	1.00	1.00	rec	3009.68	3011.40
133	0	تِلْكَ	تِلْكَ	1.00	1.00	rec	3012.22	3012.60
133	1	أُمَّةٌۭ	أُمَّةٌ	1.00	1.00	rec	3012.68	3013.84
133	2	قَدْ	قَدْ	1.00	1.00	rec	3015.04	3015.28
133	3	خَلَتْۖ	خَلَتْ	1.00	1.00	rec	3015.42	3015.94
133	4	لَهَا	لَهَا	1.00	1.00	rec	3016.74	3017.02
133	5	مَا	مَا	1.00	1.00	rec	3017.38	3017.50
133	6	كَسَبَتْ	كَسَبَتْ	1.00	1.00	rec	3017.84	3018.54
133	7	وَلَكُم	وَلَكُمْ	1.00	1.00	rec	3018.60	3019.68
133	8	مَّا	مَا	1.00	1.00	rec	3019.74	3019.86
133	9	كَسَبْتُمْۖ	كَسَبْتُمْ	1.00	1.00	rec	3020.22	3021.12
133	10	وَلَا	وَلَا	1.00	1.00	rec	3021.22	3021.52
133	11	تُسْـَٔلُونَ	تُسْأَلُونَ	0.83	1.00	rec	3021.80	3022.78
133	12	عَمَّا	عَمَّا	1.00	0.99	rec	3022.90	3023.94
133	13	كَانُوا۟	كَانُوا	1.00	1.00	rec	3024.32	3024.88
133	14	يَعْمَلُونَ	يَعْمَلُونَ	1.00	1.00	rec	3025.36	3027.08
134	0	وَقَالُوا۟	وَقَالُوا	1.00	0.96	rec	3028.52	3029.26
134	1	كُونُوا۟	كُونُوا	1.00	0.98	rec	3029.68	3030.22
134	2	هُودًا	هُودًا	1.00	1.00	rec	3030.60	3031.12
134	3	أَوْ	أَوْ	1.00	1.00	rec	3031.42	3031.72
134	4	نَصَٰرَىٰ	نَصَعرِي	0.67	0.91	rec	3031.80	3032.68
134	5	تَهْتَدُوا۟ۗ	تَهْتَدُوا	1.00	0.94	rec	3033.12	3033.82
134	6	قُلْ	قُلْ	1.00	1.00	rec	3034.78	3035.06
134	7	بَلْ	بَلْ	1.00	1.00	rec	3035.16	3035.44
134	8	مِلَّةَ	مِلَّةَ	1.00	0.98	rec	3035.54	3036.24
134	9	إِبْرَٰهِۦمَ	إِبْرَاهِيمَ	0.86	0.99	rec	3036.36	3037.68
134	10	حَنِيفًۭاۖ	حَنِيفًا	1.00	1.00	rec	3037.84	3038.74
134	11	وَمَا	وَمَا	1.00	1.00	rec	3039.28	3039.62
134	12	كَانَ	كَانَ	1.00	1.00	rec	3040.00	3040.58
134	13	مِنَ	مِنَ	1.00	1.00	rec	3040.70	3040.90
134	14	ٱلْمُشْرِكِينَ	الْمُشْرِكِينَ	1.00	1.00	rec	3040.96	3043.16
135	0	قُولُوٓا۟	قُولُوا	1.00	1.00	rec	3044.42	3044.98
135	1	ءَامَنَّا	آمَنَّا	0.80	1.00	rec	3045.44	3046.80
135	2	بِٱللَّهِ	بِاللَّهِ	1.00	1.00	rec	3047.12	3047.92
135	3	وَمَآ	وَمَا	1.00	1.00	rec	3048.06	3048.44
135	4	أُنزِلَ	أُنْزِلَ	1.00	1.00	rec	3048.68	3049.68
135	5	إِلَيْنَا	إِلَيْنَا	1.00	1.00	rec	3049.82	3050.52
135	6	وَمَآ	وَمَا	1.00	1.00	rec	3050.78	3051.18
135	7	أُنزِلَ	أُنْزِلَ	1.00	0.97	rec	3051.52	3052.40
135	8	إِلَىٰٓ	إِلَىٰ	1.00	1.00	rec	3052.54	3052.86
135	9	إِبْرَٰهِۦمَ	إِبْرَاهِيمَ	0.86	1.00	rec	3053.26	3054.56
135	10	وَإِسْمَٰعِيلَ	وَإِسْمَاعِيلَ	1.00	0.99	rec	3054.68	3056.18
135	11	وَإِسْحَٰقَ	حَاقَ	0.50	1.00	rec	3056.88	3057.40
135	12	وَيَعْقُوبَ	وَيَعْقُوبَ	1.00	1.00	rec	3057.54	3058.64
135	13	وَٱلْأَسْبَاطِ	وَالْأَس+سْبَعْطِ	0.78	0.89	rec	3058.74	3060.04
135	14	وَمَآ	وَمَا	1.00	1.00	rec	3060.18	3060.58
135	15	أُوتِىَ	أُوتِيَ	1.00	1.00	rec	3060.88	3061.56
135	16	مُوسَىٰ	مُوسَىٰ	1.00	1.00	rec	3061.70	3062.28
135	17	وَعِيسَىٰ	وَعِيسَىٰ	1.00	0.95	rec	3062.64	3063.42
135	18	وَمَآ	وَمَا	1.00	1.00	rec	3065.74	3066.08
135	19	أُوتِىَ	أُوتِيَ	1.00	1.00	rec	3066.40	3067.08
135	20	ٱلنَّبِيُّونَ	النَّبِيُّونَ	1.00	1.00	rec	3070.68	3072.54
135	21	مِن	مِنْ	1.00	1.00	rec	3072.66	3072.88
135	22	رَّبِّهِمْ	رَبِّهِمْ	1.00	1.00	rec	3072.96	3073.98
135	23	لَا	لَا	1.00	1.00	rec	3074.70	3074.80
135	24	نُفَرِّقُ	نُفَرِّقُ	1.00	0.98	rec	3075.10	3076.02
135	25	بَيْنَ	بَيْنَ	1.00	1.00	rec	3076.16	3076.54
135	26	أَحَدٍۢ	أَحَدٍ	1.00	1.00	rec	3076.66	3077.12
135	27	مِّنْهُمْ	مِنْهُمْ	1.00	1.00	rec	3077.74	3078.38
135	28	وَنَحْنُ	وَنَح+َحْنُ	0.80	0.81	rec	3078.50	3079.12
135	29	لَهُۥ	لَهُ	1.00	1.00	rec	3079.24	3079.52
135	30	مُسْلِمُونَ	مُسْلِمُونَ	1.00	1.00	rec	3080.02	3081.48
136	0	فَإِنْ	فَإِنْ	1.00	1.00	rec	3082.74	3083.18
136	1	ءَامَنُوا۟	آمَنُوا	0.83	1.00	rec	3083.26	3083.82
136	2	بِمِثْلِ	بِمِثْلِ	1.00	1.00	rec	3084.12	3084.72
136	3	مَآ	مَا	1.00	1.00	rec	3084.90	3085.04
136	4	ءَامَنتُم	آمَنْتُمْ	0.83	1.00	rec	3085.26	3087.24
136	5	بِهِۦ	بِهِ	1.00	1.00	rec	3087.28	3087.60
136	6	فَقَدِ	فَقَدِ	1.00	1.00	rec	3088.00	3088.48
136	7	ٱهْتَدَوا۟ۖ	اهْتَدَوْا	1.00	1.00	rec	3088.52	3089.22
136	8	وَّإِن	وَإِنْ	1.00	1.00	rec	3090.10	3091.10
136	9	تَوَلَّوْا۟	تَوَلَّوْا	1.00	1.00	rec	3091.22	3092.02
136	10	فَإِنَّمَا	فَإِنَّمَا	1.00	1.00	rec	3092.20	3093.52
136	11	هُمْ	هُمْ	1.00	1.00	rec	3093.92	3094.30
136	12	فِى	فِي	1.00	1.00	rec	3094.42	3094.58
136	13	شِقَاقٍۢۖ	شِقَاقٍ	1.00	1.00	rec	3094.98	3096.58
136	14	فَسَيَكْفِيكَهُمُ	فَسَيَكْفِيكَهُمُ	1.00	1.00	rec	3097.42	3098.90
136	15	ٱللَّهُۚ	اللَّهُ	1.00	1.00	rec	3098.96	3099.64
136	16	وَهُوَ	وَهُوَ	1.00	0.92	rec	3099.76	3100.12
136	17	ٱلسَّمِيعُ	السَّمِيعُ	1.00	1.00	rec	3100.16	3101.28
136	18	ٱلْعَلِيمُ	الْعَلِيمُ	1.00	1.00	rec	3101.34	3102.60
137	0	صِبْغَةَ	صِبْغَةَ	1.00	0.98	rec	3103.42	3104.12
137	1	ٱللَّهِۖ	اللَّهِ	1.00	1.00	rec	3104.18	3104.98
137	2	وَمَنْ	وَمَنْ	1.00	1.00	rec	3105.18	3105.70
137	3	أَحْسَنُ	أَحْسَنُ	1.00	1.00	rec	3105.84	3106.58
137	4	مِنَ	مِنَ	1.00	1.00	rec	3106.72	3106.96
137	5	ٱللَّهِ	اللَّهِ	1.00	1.00	rec	3107.00	3107.84
137	6	صِبْغَةًۭۖ	صِبْغَةٌ	1.00	0.92	rec	3108.04	3108.72
137	7	وَنَحْنُ	وَنَحْنُ	1.00	0.99	rec	3109.54	3110.06
137	8	لَهُۥ	لَهُ	1.00	1.00	rec	3110.18	3110.46
137	9	عَٰبِدُونَ	عَابِدُونَ	1.00	1.00	rec	3110.82	3112.80
138	0	قُلْ	قُلْ	1.00	1.00	rec	3113.54	3113.72
138	1	أَتُحَآجُّونَنَا	أَتُحَاجُّونَنَا	1.00	0.98	rec	3113.78	3117.60
138	2	فِى	فِي	1.00	0.98	rec	3117.90	3118.00
138	3	ٱللَّهِ	اللَّهِ	1.00	1.00	rec	3118.04	3118.70
138	4	وَهُوَ	وَهُوَ	1.00	1.00	rec	3118.82	3119.22
138	5	رَبُّنَا	رَبُّنَا	1.00	0.99	rec	3119.32	3119.94
138	6	وَرَبُّكُمْ	وَرَبُّكُمْ	1.00	1.00	rec	3120.28	3121.42
138	7	وَلَنَآ	وَلَنَا	1.00	1.00	rec	3122.12	3122.64
138	8	أَعْمَٰلُنَا	أَعْمَالُنَا	1.00	1.00	rec	3122.98	3124.08
138	9	وَلَكُمْ	وَلَكُمْ	1.00	1.00	rec	3124.34	3125.04
138	10	أَعْمَٰلُكُمْ	أَعْمَالُكُمْ	1.00	1.00	rec	3125.16	3126.54
138	11	وَنَحْنُ	وَنَحْنُ	1.00	1.00	rec	3126.62	3127.24
138	12	لَهُۥ	لَهُ	1.00	1.00	rec	3127.38	3127.66
138	13	مُخْلِصُونَ	مُخْلِصُونَ	1.00	1.00	rec	3128.02	3130.28
139	0	أَمْ	أَمْ	1.00	1.00	rec	3131.12	3131.30
139	1	تَقُولُونَ	يَقُولُونَ	0.83	0.94	rec	3131.36	3132.16
139	2	إِنَّ	إِنَّ	1.00	0.98	rec	3132.26	3133.02
139	3	إِبْرَٰهِۦمَ	إِبْرَاهِيمَ	0.86	1.00	rec	3133.16	3134.50
139	4	وَإِسْمَٰعِيلَ	وَإِسْمَاعِيلَ	1.00	0.96	rec	3134.60	3136.02
139	5	وَإِسْحَٰقَ	وَإِسْحَاقَ	1.00	1.00	rec	3136.14	3137.24
139	6	وَيَعْقُوبَ	وَيَعْقُوبَ	1.00	1.00	rec	3137.38	3138.56
139	7	وَٱلْأَسْبَاطَ	وَالْأَسْبَاطَ	1.00	1.00	rec	3138.66	3139.98
139	8	كَانُوا۟	كَانُوا	1.00	1.00	rec	3140.18	3140.70
139	9	هُودًا	هُودًا	1.00	1.00	rec	3141.00	3141.54
139	10	أَوْ	أَوْ	1.00	1.00	rec	3141.86	3142.12
139	11	نَصَٰرَىٰۗ	نَصَارِرَ	0.67	0.85	rec	3142.20	3143.44
139	12	قُلْ	قُلْ	1.00	1.00	rec	3144.24	3144.52
139	13	ءَأَنتُمْ	أَعَنْتُمْ	0.60	0.93	rec	3144.62	3146.26
139	14	أَعْلَمُ	أَعْلَمُ	1.00	1.00	rec	3146.36	3147.00
139	15	أَمِ	أَمِلَّاهُ⌐	0.67	0.95	rec	3147.20	3147.71
139	16	ٱللَّهُۗ	أَمِلَّاهُ¬	0.67	0.95	rec	3147.71	3148.74
139	17	وَمَنْ	وَمَنْ	1.00	1.00	rec	3149.50	3149.96
139	18	أَظْلَمُ	أَظْلَمُ	1.00	1.00	rec	3150.06	3150.78
139	19	مِمَّن	مِمَّنْ	1.00	1.00	rec	3150.92	3152.44
139	20	كَتَمَ	كَتَمَ	1.00	0.98	rec	3152.56	3153.04
139	21	شَهَٰدَةً	شَهَادَةً	1.00	1.00	rec	3153.22	3154.22
139	22	عِندَهُۥ	عِنْدَهُ	1.00	1.00	rec	3154.58	3155.64
139	23	مِنَ	مِنَ	1.00	1.00	rec	3156.02	3156.28
139	24	ٱللَّهِۗ	اللَّهِ	1.00	1.00	rec	3156.32	3157.44
139	25	وَمَا	وَمَا	1.00	1.00	rec	3158.24	3158.50
139	26	ٱللَّهُ	اللَّهُ	1.00	1.00	rec	3158.54	3159.28
139	27	بِغَٰفِلٍ	بِغَافِلٍ	1.00	1.00	rec	3159.42	3160.42
139	28	عَمَّا	عَمَّا	1.00	1.00	rec	3160.74	3161.62
139	29	تَعْمَلُونَ	تَعْمَلُونَ	1.00	0.99	rec	3161.98	3163.88
140	0	تِلْكَ	تِلْكَ	1.00	0.91	rec	3164.62	3164.94
140	1	أُمَّةٌۭ	أُمَّةٌ	1.00	0.92	rec	3165.02	3166.12
140	2	قَدْ	قَدْ	1.00	1.00	rec	3166.98	3167.24
140	3	خَلَتْۖ	خَلَتْ	1.00	1.00	rec	3167.40	3167.92
140	4	لَهَا	لَهَا	1.00	1.00	rec	3168.02	3168.30
140	5	مَا	مَا	1.00	1.00	rec	3168.66	3168.80
140	6	كَسَبَتْ	كَسَبَتْ	1.00	1.00	rec	3169.16	3169.86
140	7	وَلَكُم	وَلَكُمْ	1.00	1.00	rec	3169.92	3171.20
140	8	مَّا	مَا	1.00	1.00	rec	3171.26	3171.38
140	9	كَسَبْتُمْۖ	كَسَبْتُمْ	1.00	0.99	rec	3171.76	3172.80
140	10	وَلَا	وَلَا	1.00	1.00	rec	3173.42	3173.70
140	11	تُسْـَٔلُونَ	تُسْأَلُونَ	0.83	1.00	rec	3174.04	3175.08
140	12	عَمَّا	عَمَّا	1.00	1.00	rec	3175.22	3176.22
140	13	كَانُوا۟	كَانُوا	1.00	1.00	rec	3176.62	3177.22
140	14	يَعْمَلُونَ	يَعْمَلُونَ	1.00	1.00	rec	3177.70	3179.70
141	0	سَيَقُولُ	سَيَقُولُ	1.00	1.00	rec	3181.86	3182.68
141	1	ٱلسُّفَهَآءُ	السُّفَهَاءُ	1.00	1.00	rec	3182.74	3185.20
141	2	مِنَ	مِنَ	1.00	1.00	rec	3185.32	3185.56
141	3	ٱلنَّاسِ	النَّاسِ	1.00	1.00	rec	3185.60	3187.04
141	4	مَا	مَا	1.00	1.00	rec	3187.16	3187.28
141	5	وَلَّىٰهُمْ	وَلَّاهُمْ	0.83	1.00	rec	3187.48	3188.36
141	6	عَن	عَنْ	1.00	1.00	rec	3188.44	3189.06
141	7	قِبْلَتِهِمُ	قِبْلَتِهِمِ	1.00	1.00	rec	3189.18	3190.06
141	8	ٱلَّتِى	الَّتِي	1.00	1.00	rec	3190.14	3190.68
141	9	كَانُوا۟	كَانُوا	1.00	1.00	rec	3191.02	3191.60
141	10	عَلَيْهَاۚ	عَلَيْهَا	1.00	1.00	rec	3191.90	3192.56
141	11	قُل	قُلْ	1.00	1.00	rec	3193.90	3194.12
141	12	لِّلَّهِ	لِلَّهِ	1.00	0.94	rec	3194.20	3194.92
141	13	ٱلْمَشْرِقُ	الْمَشْرِقُ	1.00	1.00	rec	3194.98	3195.76
141	14	وَٱلْمَغْرِبُۚ	وَالْمَغْرِبُ	1.00	0.98	rec	3195.86	3196.90
141	15	يَهْدِى	يَهْدِي	1.00	1.00	rec	3197.76	3198.22
141	16	مَن	مَنْ	1.00	1.00	rec	3198.58	3199.04
141	17	يَشَآءُ	يَشَاءُ	1.00	1.00	rec	3199.08	3201.26
141	18	إِلَىٰ	إِلَىٰ	1.00	0.96	rec	3201.40	3201.72
141	19	صِرَٰطٍۢ	صِرَاطٍ	1.00	1.00	rec	3201.98	3202.66
141	20	مُّسْتَقِيمٍۢ	مُسْتَقِيمٍ	1.00	1.00	rec	3203.64	3205.18
142	0	وَكَذَٰلِكَ	وَكَذَٰلِكَ	1.00	1.00	rec	3206.22	3207.22
142	1	جَعَلْنَٰكُمْ	جَعَلْنَاكُمْ	1.00	1.00	rec	3207.34	3208.46
142	2	أُمَّةًۭ	أُمَّةً	1.00	1.00	rec	3208.54	3209.64
142	3	وَسَطًۭا	وَسَطًا	1.00	0.96	rec	3210.32	3210.88
142	4	لِّتَكُونُوا۟	لِتَكُونُوا	1.00	1.00	rec	3211.10	3212.00
142	5	شُهَدَآءَ	شُهَدَاءَ	1.00	1.00	rec	3212.32	3214.28
142	6	عَلَى	عَلَى	1.00	1.00	rec	3214.40	3214.68
142	7	ٱلنَّاسِ	النَّاسِ	1.00	0.98	rec	3220.82	3221.96
142	8	وَيَكُونَ	وَيَكُونَ	1.00	1.00	rec	3222.06	3222.88
142	9	ٱلرَّسُولُ	الرَّسُولُ	1.00	1.00	rec	3222.94	3223.76
142	10	عَلَيْكُمْ	عَلَيْكُمْ	1.00	1.00	rec	3223.90	3224.80
142	11	شَهِيدًۭاۗ	شَهِيدًا	1.00	1.00	rec	3224.96	3225.88
142	12	وَمَا	وَمَا	1.00	1.00	rec	3227.76	3228.06
142	13	جَعَلْنَا	جَعَلْنَا	1.00	1.00	rec	3228.26	3228.90
142	14	ٱلْقِبْلَةَ	الْقِبْلَةَ	1.00	0.99	rec	3228.94	3229.88
142	15	ٱلَّتِى	الَّتِي	1.00	1.00	rec	3229.94	3230.50
142	16	كُنتَ	كُنْتَ	1.00	1.00	rec	3230.82	3231.82
142	17	عَلَيْهَآ	عَلَيْهَا	1.00	1.00	rec	3231.92	3232.66
142	18	إِلَّا	إِلَّا	1.00	0.90	rec	3233.04	3233.50
142	19	لِنَعْلَمَ	لِنَعْلَمَ	1.00	1.00	rec	3233.80	3234.66
142	20	مَن	مَنْ	1.00	1.00	rec	3234.82	3235.80
142	21	يَتَّبِعُ	يَتَّبِعُ	1.00	0.97	rec	3235.84	3236.62
142	22	ٱلرَّسُولَ	الرَّسُولُ	1.00	0.98	rec	3236.72	3238.22
142	23	مِمَّن	مِمَّنْ	1.00	1.00	rec	3243.54	3244.98
142	24	يَنقَلِبُ	يَنْقَلِبُ	1.00	1.00	rec	3245.02	3246.12
142	25	عَلَىٰ	عَلَىٰ	1.00	1.00	rec	3246.26	3246.60
142	26	عَقِبَيْهِۚ	عَقِبَيِهِ	1.00	0.93	rec	3246.86	3248.04
142	27	وَإِن	وَإِنْ	1.00	1.00	rec	3248.90	3249.82
142	28	كَانَتْ	كَانَتْ	1.00	1.00	rec	3249.94	3250.74
142	29	لَكَبِيرَةً	لَكَبِيرَةً	1.00	1.00	rec	3250.80	3251.94
142	30	إِلَّا	إِلَّا	1.00	1.00	rec	3252.28	3252.76
142	31	عَلَى	عَلَى	1.00	1.00	rec	3253.02	3253.30
142	32	ٱلَّذِينَ	الَّذِينَ	1.00	0.98	rec	3253.36	3254.18
142	33	هَدَى	هَدَى	1.00	0.99	rec	3254.34	3254.62
142	34	ٱللَّهُۗ	اللَّهِ	1.00	0.99	rec	3254.68	3255.54
142	35	وَمَا	وَمَا	1.00	1.00	rec	3256.30	3256.62
142	36	كَانَ	كَانَ	1.00	1.00	rec	3256.92	3257.36
142	37	ٱللَّهُ	اللَّهُ	1.00	0.99	rec	3257.40	3258.12
142	38	لِيُضِيعَ	لِيُضِيعَ	1.00	1.00	rec	3258.26	3259.18
142	39	إِيمَٰنَكُمْۚ	إِيمَانَكُمْ	1.00	1.00	rec	3259.32	3260.94
142	40	إِنَّ	إِنَّ	1.00	1.00	rec	3261.66	3262.68
142	41	ٱللَّهَ	اللَّهَ	1.00	1.00	rec	3262.74	3263.42
142	42	بِٱلنَّاسِ	مِالنَّاسِ	0.83	1.00	rec	3263.56	3264.80
142	43	لَرَءُوفٌۭ	لَرَؤْفٌ	0.60	0.99	rec	3264.92	3265.58
142	44	رَّحِيمٌۭ	رَحِيمٌ	1.00	0.98	rec	3265.84	3267.10
143	0	قَدْ	قَدْ	1.00	1.00	rec	3267.88	3268.14
143	1	نَرَىٰ		0.00	0.17	forced	3268.26	3268.84
143	2	تَقَلُّبَ	تَقَلُّبَ	1.00	1.00	rec	3268.98	3269.90
143	3	وَجْهِكَ	وَجْهِكَ	1.00	1.00	rec	3270.04	3270.78
143	4	فِى	فِي	1.00	1.00	rec	3270.90	3271.00
143	5	ٱلسَّمَآءِۖ	السَّمَاءِ	1.00	0.99	rec	3271.04	3273.02
143	6	فَلَنُوَلِّيَنَّكَ	فَلَنُوَلِّيَنَّكَ	1.00	1.00	rec	3273.68	3276.08
143	7	قِبْلَةًۭ	قِبْلَةً	1.00	1.00	rec	3276.26	3276.98
143	8	تَرْضَىٰهَاۚ	تَرْضَاهَا	0.86	1.00	rec	3277.88	3278.86
143	9	فَوَلِّ	فَوَلِّ	1.00	1.00	rec	3279.26	3279.94
143	10	وَجْهَكَ	وَجْهَكَ	1.00	1.00	rec	3280.08	3280.80
143	11	شَطْرَ	شَطْرَ	1.00	0.99	rec	3280.96	3281.44
143	12	ٱلْمَسْجِدِ	الْمَسِْ+سْجِدِ	0.86	0.78	rec	3281.50	3282.50
143	13	ٱلْحَرَامِۚ	الْحَرَامِ	1.00	1.00	rec	3282.56	3284.04
143	14	وَحَيْثُ	وَحَيْثُ	1.00	1.00	rec	3285.22	3285.86
143	15	مَا	مَا	1.00	1.00	rec	3286.00	3286.12
143	16	كُنتُمْ	كُنْتُمْ	1.00	1.00	rec	3286.42	3287.88
143	17	فَوَلُّوا۟	فَوَلُّوا	1.00	0.93	rec	3288.00	3288.74
143	18	وُجُوهَكُمْ	وُجُوهَكُمْ	1.00	1.00	rec	3289.02	3290.18
143	19	شَطْرَهُۥۗ	شَطْرَةٌ	0.75	0.88	rec	3290.32	3291.00
143	20	وَإِنَّ	وَإِنَّ	1.00	1.00	rec	3291.78	3292.86
143	21	ٱلَّذِينَ	الَّذِينَ	1.00	0.99	rec	3292.92	3293.64
143	22	أُوتُوا۟	أُوتُوا	1.00	1.00	rec	3293.80	3294.38
143	23	ٱلْكِتَٰبَ	الْكِتَابَ	1.00	1.00	rec	3294.42	3295.38
143	24	لَيَعْلَمُونَ	لَيَعْلَمُونَ	1.00	1.00	rec	3295.50	3296.56
143	25	أَنَّهُ	أَنَّهُ	1.00	1.00	rec	3296.66	3297.60
143	26	ٱلْحَقُّ	الْحَقُّ	1.00	1.00	rec	3297.66	3298.36
143	27	مِن	مِنْ	1.00	1.00	rec	3298.46	3298.70
143	28	رَّبِّهِمْۗ	رَبِّهِمْ	1.00	1.00	rec	3298.78	3299.72
143	29	وَمَا	وَمَا	1.00	0.98	rec	3300.46	3300.70
143	30	ٱللَّهُ	اللَّهُ	1.00	0.98	rec	3300.74	3301.44
143	31	بِغَٰفِلٍ	بِغَافِلٍ	1.00	1.00	rec	3301.60	3302.54
143	32	عَمَّا	عَمَّا	1.00	1.00	rec	3302.92	3303.80
143	33	يَعْمَلُونَ	يَعْمَلُونَ	1.00	1.00	rec	3304.20	3305.90
144	0	وَلَئِنْ	وَلَئِنْ	1.00	1.00	rec	3306.88	3307.40
144	1	أَتَيْتَ	أَتَيْتَ	1.00	1.00	rec	3307.46	3308.14
144	2	ٱلَّذِينَ	الَّذِينَ	1.00	0.99	rec	3308.22	3309.00
144	3	أُوتُوا۟	أُوتُوا	1.00	0.99	rec	3309.16	3309.80
144	4	ٱلْكِتَٰبَ	الْكِتَابَ	1.00	0.99	rec	3309.86	3310.86
144	5	بِكُلِّ	بِكُلِّ	1.00	1.00	rec	3311.00	3311.64
144	6	ءَايَةٍۢ	آيَةٍ	0.75	1.00	rec	3311.80	3312.42
144	7	مَّا	مَا	1.00	0.92	rec	3313.26	3313.40
144	8	تَبِعُوا۟	تَبِعُوا	1.00	1.00	rec	3313.76	3314.32
144	9	قِبْلَتَكَۚ	قِبْلَتَكَ	1.00	0.95	rec	3314.68	3315.58
144	10	وَمَآ	وَمَا	1.00	1.00	rec	3315.72	3316.10
144	11	أَنتَ	أَنْتَ	1.00	1.00	rec	3316.38	3317.28
144	12	بِتَابِعٍۢ	بِتَاْبِعٍ	1.00	0.97	rec	3317.40	3318.36
144	13	قِبْلَتَهُمْۚ	قِبْلَتَهُمْ	1.00	1.00	rec	3319.24	3320.62
144	14	وَمَا	وَمَا	1.00	1.00	rec	3321.44	3321.84
144	15	بَعْضُهُم	بَعْضُهُمْ	1.00	1.00	rec	3322.24	3323.58
144	16	بِتَابِعٍۢ	بِتَعابِئٍ	0.67	0.81	rec	3323.64	3324.74
144	17	قِبْلَةَ	قِبْلَ	0.75	1.00	rec	3325.60	3326.08
144	18	بَعْضٍۢۚ		0.00	0.26	forced	3326.46	3326.80
144	19	وَلَئِنِ	وَلَئِنِ	1.00	1.00	rec	3327.74	3328.24
144	20	ٱتَّبَعْتَ	اتَّبَعْتَ	1.00	0.97	rec	3328.28	3329.02
144	21	أَهْوَآءَهُم	أَهْوَاءَهُمْ	1.00	1.00	rec	3329.12	3331.80
144	22	مِّنۢ	مِنْ	1.00	1.00	rec	3331.86	3332.54
144	23	بَعْدِ	بَعْدِ	1.00	1.00	rec	3332.62	3333.00
144	24	مَا	مَا	1.00	1.00	rec	3333.14	3333.26
144	25	جَآءَكَ	جَاءَكَ	1.00	1.00	rec	3333.48	3335.16
144	26	مِنَ	مِنَ	1.00	1.00	rec	3335.32	3335.56
144	27	ٱلْعِلْمِۙ	الْعِلْمِإنَّ	0.71	0.92	rec	3335.62	3336.64
144	28	إِنَّكَ	إنَّكَ	1.00	0.88	rec	3336.70	3337.42
144	29	إِذًۭا	إِذًا	1.00	1.00	rec	3337.52	3337.80
144	30	لَّمِنَ	لَمِنَ	1.00	1.00	rec	3338.06	3338.54
144	31	ٱلظَّٰلِمِينَ	الظَّالِمِينَ	1.00	0.99	rec	3338.58	3340.62
145	0	ٱلَّذِينَ	الَّذِينَ	1.00	1.00	rec	3341.80	3342.50
145	1	ءَاتَيْنَٰهُمُ	آتَيْنَاعهُمُ	0.75	0.97	rec	3342.64	3344.26
145	2	ٱلْكِتَٰبَ	الْكِتَابَ	1.00	1.00	rec	3344.36	3345.44
145	3	يَعْرِفُونَهُۥ	يَعْرِفُونَهُ	1.00	1.00	rec	3345.58	3346.90
145	4	كَمَا	كَمَا	1.00	1.00	rec	3347.34	3347.70
145	5	يَعْرِفُونَ	يَعْرِفُونَ	1.00	1.00	rec	3347.98	3348.98
145	6	أَبْنَآءَهُمْۖ	أَبْنَاءَهُمْ	1.00	1.00	rec	3349.10	3351.76
145	7	وَإِنَّ	وَإِنَّ	1.00	0.97	rec	3352.38	3353.22
145	8	فَرِيقًۭا	فَرِيقًا	1.00	1.00	rec	3353.38	3354.08
145	9	مِّنْهُمْ	مِنْهُمْ	1.00	1.00	rec	3354.72	3355.36
145	10	لَيَكْتُمُونَ	لَيَكْتُمُونَ	1.00	1.00	rec	3355.44	3356.50
145	11	ٱلْحَقَّ	الْحَقَّ	1.00	1.00	rec	3356.54	3357.24
145	12	وَهُمْ	وَهُمْ	1.00	1.00	rec	3357.36	3357.90
145	13	يَعْلَمُونَ	يَعْلَمُونَ	1.00	1.00	rec	3358.02	3359.62
146	0	ٱلْحَقُّ	الْحَقُّ	1.00	1.00	rec	3360.24	3360.92
146	1	مِن	مِنْ	1.00	1.00	rec	3361.04	3361.26
146	2	رَّبِّكَۖ	رَبِّكَ	1.00	0.95	rec	3361.34	3361.98
146	3	فَلَا	فَلَا	1.00	1.00	rec	3362.12	3362.42
146	4	تَكُونَنَّ	تَكُونَنَّ	1.00	1.00	rec	3362.74	3364.20
146	5	مِنَ	مِنَ	1.00	1.00	rec	3364.32	3364.56
146	6	ٱلْمُمْتَرِينَ	الْمُمْتَرِينَ	1.00	1.00	rec	3364.62	3366.76
147	0	وَلِكُلٍّۢ	وَلِكُلٍّ	1.00	1.00	rec	3367.62	3368.50
147	1	وِجْهَةٌ	وِجْهَةٌ	1.00	1.00	rec	3369.12	3369.94
147	2	هُوَ	هُوَ	1.00	1.00	rec	3370.32	3370.60
147	3	مُوَلِّيهَاۖ	مُوَلِّيهَا	1.00	1.00	rec	3370.72	3371.86
147	4	فَٱسْتَبِقُوا۟	تَّبِقُوا	0.62	0.87	rec	3372.72	3373.28
147	5	ٱلْخَيْرَٰتِۚ	الْخَيْرَاتِ	1.00	1.00	rec	3373.32	3374.96
147	6	أَيْنَ	أَيْنَ	1.00	1.00	rec	3375.76	3376.22
147	7	مَا	مَا	1.00	1.00	rec	3376.38	3376.52
147	8	تَكُونُوا۟	تَكُونُويَ	0.83	0.98	rec	3376.86	3378.18
147	9	يَأْتِ		0.00	0.19	forced	3378.38	3378.60
147	10	بِكُمُ	بِكُمُ	1.00	1.00	rec	3378.72	3379.26
147	11	ٱللَّهُ	اللَّهُ	1.00	1.00	rec	3379.34	3380.04
147	12	جَمِيعًاۚ	جَمِيعًا	1.00	1.00	rec	3380.20	3381.06
147	13	إِنَّ	إِنَّ	1.00	0.98	rec	3382.00	3382.92
147	14	ٱللَّهَ	اللَّهَ	1.00	0.97	rec	3382.98	3383.70
147	15	عَلَىٰ	عَلَىٰ	1.00	1.00	rec	3383.86	3384.20
147	16	كُلِّ	كُلِّ	1.00	1.00	rec	3384.50	3384.88
147	17	شَىْءٍۢ	شَيْءٍ	1.00	1.00	rec	3385.06	3385.54
147	18	قَدِيرٌۭ	قَدِيرٌ	1.00	0.97	rec	3386.36	3387.56
148	0	وَمِنْ	وَمِنْ	1.00	1.00	rec	3388.28	3388.64
148	1	حَيْثُ	حَيْثُ	1.00	1.00	rec	3388.74	3389.16
148	2	خَرَجْتَ	خَرَجْتَ	1.00	1.00	rec	3389.30	3389.96
148	3	فَوَلِّ	فَوَلِّوَجْهَكَ⌐	1.00	0.99	rec	3390.08	3390.70
148	4	وَجْهَكَ	فَوَلِّوَجْهَكَ¬	1.00	0.99	rec	3390.70	3391.52
148	5	شَطْرَ	شَغْرَ	0.67	1.00	rec	3391.68	3392.14
148	6	ٱلْمَسْجِدِ	الْمَسْلِنِ	0.67	0.94	rec	3392.20	3393.08
148	7	ٱلْحَرَامِۖ	الْحَرَامِ	1.00	0.98	rec	3393.14	3394.26
148	8	وَإِنَّهُۥ	وَإِنَّهُ	1.00	1.00	rec	3395.04	3396.32
148	9	لَلْحَقُّ	لَلْحَقُّ	1.00	0.93	rec	3396.72	3397.28
148	10	مِن	مِنْ	1.00	1.00	rec	3397.68	3397.90
148	11	رَّبِّكَۗ	رَبِّكَ	1.00	1.00	rec	3397.98	3398.70
148	12	وَمَا	وَمَا	1.00	1.00	rec	3398.82	3399.12
148	13	ٱللَّهُ	اللَّهُ	1.00	1.00	rec	3399.16	3399.88
148	14	بِغَٰفِلٍ	بِغَافِلٍ	1.00	1.00	rec	3400.02	3400.98
148	15	عَمَّا	عَمَّا	1.00	0.98	rec	3401.26	3402.40
148	16	تَعْمَلُونَ	يَعْمَلُونَ	0.83	1.00	rec	3402.80	3404.52
149	0	وَمِنْ	وَمِنْ	1.00	1.00	rec	3405.30	3405.80
149	1	حَيْثُ	حَيْثُ	1.00	1.00	rec	3405.90	3406.40
149	2	خَرَجْتَ	حَرَجْتَ	0.75	0.98	rec	3406.56	3407.32
149	3	فَوَلِّ	فَوَلِّ	1.00	1.00	rec	3407.50	3408.20
149	4	وَجْهَكَ	وَدْهَكَ	0.75	0.98	rec	3408.36	3409.14
149	5	شَطْرَ	شَطْرَ	1.00	1.00	rec	3409.34	3409.78
149	6	ٱلْمَسْجِدِ	الْمَسْجِدِ	1.00	0.97	rec	3409.84	3410.72
149	7	ٱلْحَرَامِۚ	الْحَرَامِ	1.00	1.00	rec	3410.78	3411.74
149	8	وَحَيْثُ	وَحَيْثُ	1.00	0.99	rec	3411.88	3412.66
149	9	مَا	مَا	1.00	1.00	rec	3412.84	3412.96
149	10	كُنتُمْ	كُنْتُمْ	1.00	0.98	rec	3413.32	3414.38
149	11	فَوَلُّوا۟	فَوَلُّوا	1.00	1.00	rec	3414.50	3415.22
149	12	وُجُوهَكُمْ	وُجُوهَكُمْ	1.00	1.00	rec	3415.44	3416.62
149	13	شَطْرَهُۥ	شَطْرَةٌ	0.75	0.97	rec	3416.74	3417.40
149	14	لِئَلَّا	لِئَلَّا	1.00	1.00	rec	3418.68	3419.34
149	15	يَكُونَ	يَكُونَ	1.00	1.00	rec	3419.66	3420.40
149	16	لِلنَّاسِ	لِلنَّاسِ	1.00	1.00	rec	3420.52	3422.06
149	17	عَلَيْكُمْ	عَلَيْكُمْ	1.00	1.00	rec	3422.20	3423.06
149	18	حُجَّةٌ	حُجَّةٌ	1.00	0.98	rec	3423.20	3423.82
149	19	إِلَّا	إِلَّا	1.00	1.00	rec	3424.20	3424.64
149	20	ٱلَّذِينَ	الَّذِينَ	1.00	1.00	rec	3424.68	3425.50
149	21	ظَلَمُوا۟	ظَلَمُوا	1.00	1.00	rec	3425.64	3426.16
149	22	مِنْهُمْ	مِنْهُمْ	1.00	1.00	rec	3426.46	3427.12
149	23	فَلَا	فَلَا	1.00	1.00	rec	3427.24	3427.58
149	24	تَخْشَوْهُمْ	تَخْشَوْهُمْ	1.00	0.93	rec	3427.94	3429.10
149	25	وَٱخْشَوْنِى	وَاخْشَوْنِي	1.00	0.96	rec	3429.20	3430.16
149	26	وَلِأُتِمَّ	وَلِأُتِمَّ	1.00	1.00	rec	3431.58	3433.20
149	27	نِعْمَتِى	نِعْمَتِي	1.00	1.00	rec	3433.34	3434.14
149	28	عَلَيْكُمْ	عَلَيْكُمْ	1.00	1.00	rec	3434.48	3435.50
149	29	وَلَعَلَّكُمْ	وَلَعَلَّكُمْ	1.00	1.00	rec	3435.58	3437.02
149	30	تَهْتَدُونَ	تَهْتَدُونَ	1.00	1.00	rec	3437.12	3438.76
150	0	كَمَآ	كَمَا	1.00	1.00	rec	3439.46	3439.76
150	1	أَرْسَلْنَا	أَرْسَلْنَا	1.00	1.00	rec	3440.26	3441.10
150	2	فِيكُمْ	فِيكُمْ	1.00	1.00	rec	3441.48	3442.16
150	3	رَسُولًۭا	رَسُولًا	1.00	1.00	rec	3442.26	3442.98
150	4	مِّنكُمْ	مِنْكُمْ	1.00	1.00	rec	3443.48	3444.48
150	5	يَتْلُوا۟	يَتْلُو	0.80	1.00	rec	3444.56	3445.00
150	6	عَلَيْكُمْ	عَلَيْكُمْ	1.00	1.00	rec	3445.22	3446.12
150	7	ءَايَٰتِنَا	آيَاتِنَا	0.86	1.00	rec	3446.22	3447.50
150	8	وَيُزَكِّيكُمْ	وَيُزِرْ+كِيكُمْ	0.88	0.87	rec	3447.88	3449.78
150	9	وَيُعَلِّمُكُمُ	وَيُعَلِّمُكُمُ	1.00	1.00	rec	3452.20	3453.66
150	10	ٱلْكِتَٰبَ	الْكِتَابَ	1.00	1.00	rec	3453.74	3454.70
150	11	وَٱلْحِكْمَةَ	وَالْحِكْمَةَ	1.00	1.00	rec	3454.80	3455.88
150	12	وَيُعَلِّمُكُم	وَيُعَلِّمُكُمْ	1.00	1.00	rec	3456.00	3457.86
150	13	مَّا	مَا	1.00	1.00	rec	3457.92	3458.06
150	14	لَمْ	لَمْ	1.00	1.00	rec	3458.36	3458.64
150	15	تَكُونُوا۟	تَكُونُوا	1.00	1.00	rec	3458.74	3459.52
150	16	تَعْلَمُونَ	تَعْلَمُونَ	1.00	0.96	rec	3459.96	3461.78
151	0	فَٱذْكُرُونِىٓ	فَاذْكُرُونِي	1.00	1.00	rec	3462.58	3463.64
151	1	أَذْكُرْكُمْ	أَذْكُرْكُمْ	1.00	1.00	rec	3463.98	3465.00
151	2	وَٱشْكُرُوا۟	وَاشْكُرُوا	1.00	1.00	rec	3465.08	3465.70
151	3	لِى	لِي	1.00	1.00	rec	3465.96	3466.08
151	4	وَلَا	وَلَا	1.00	0.94	rec	3466.38	3466.72
151	5	تَكْفُرُونِ	فُرُونَ	0.67	0.98	rec	3467.52	3468.94
152	0	يَٰٓأَيُّهَا	يَا+أَيُّهَا	1.00	1.00	rec	3469.74	3470.84
152	1	ٱلَّذِينَ	الَّذِينَ	1.00	1.00	rec	3470.88	3471.56
152	2	ءَامَنُوا۟	آمَنُوا	0.83	0.99	rec	3471.68	3472.28
152	3	ٱسْتَعِينُوا۟	اسْتَعِينُوا	1.00	0.99	rec	3472.32	3473.20
152	4	بِٱلصَّبْرِ	بِالصَّبْرِ	1.00	1.00	rec	3473.46	3474.24
152	5	وَٱلصَّلَوٰةِۚ	وَالصَّلَاةِ	0.88	0.99	rec	3474.34	3475.78
152	6	إِنَّ	إِنَّ	1.00	1.00	rec	3476.42	3477.58
152	7	ٱللَّهَ	اللَّهَ	1.00	1.00	rec	3477.64	3478.42
152	8	مَعَ	مَعَ	1.00	1.00	rec	3478.58	3478.84
152	9	ٱلصَّٰبِرِينَ	الصَّابِرِينَ	1.00	1.00	rec	3478.90	3480.98
153	0	وَلَا	وَلَا	1.00	1.00	rec	3481.88	3482.16
153	1	تَقُولُوا۟	تَقُولُوا	1.00	1.00	rec	3482.44	3483.16
153	2	لِمَن	لِمَنْ	1.00	1.00	rec	3483.52	3484.54
153	3	يُقْتَلُ	يُقْتَلُ	1.00	1.00	rec	3484.60	3485.34
153	4	فِى	فِي	1.00	1.00	rec	3485.58	3485.72
153	5	سَبِيلِ	سَبِيلِ	1.00	1.00	rec	3486.10	3486.78
153	6	ٱللَّهِ	اللَّهِ	1.00	1.00	rec	3486.84	3487.60
153	7	أَمْوَٰتٌۢۚ	أَمْوَاتٌ	1.00	1.00	rec	3487.76	3488.74
153	8	بَلْ	بَلْ	1.00	1.00	rec	3489.54	3489.82
153	9	أَحْيَآءٌۭ	أَحْيَاءٌ	1.00	1.00	rec	3489.92	3492.08
153	10	وَلَٰكِن	وَلَـٰكِنْ	1.00	1.00	rec	3492.60	3493.66
153	11	لَّا	لَا	1.00	1.00	rec	3493.72	3493.86
153	12	تَشْعُرُونَ	تَشْعُرُونَ	1.00	1.00	rec	3494.26	3496.04
154	0	وَلَنَبْلُوَنَّكُم	وَلَنَبْلُوَنَّكُمْ	1.00	1.00	rec	3497.04	3499.82
154	1	بِشَىْءٍۢ	بِشَيْءٍ	1.00	1.00	rec	3499.88	3500.68
154	2	مِّنَ	مِنَ	1.00	1.00	rec	3501.28	3501.54
154	3	ٱلْخَوْفِ	الْخَوْفِ	1.00	1.00	rec	3501.58	3502.44
154	4	وَٱلْجُوعِ	وَالْجُوعِ	1.00	0.97	rec	3502.56	3503.46
154	5	وَنَقْصٍۢ	وَنَقْصٍ	1.00	1.00	rec	3503.58	3504.36
154	6	مِّنَ	مِنَ	1.00	1.00	rec	3505.06	3505.30
154	7	ٱلْأَمْوَٰلِ	الْأَمْوَالِ	1.00	1.00	rec	3505.36	3506.36
154	8	وَٱلْأَنفُسِ	وَالْأَنْفُسِ	1.00	1.00	rec	3506.46	3508.00
154	9	وَٱلثَّمَرَٰتِۗ	وَالثَّمَرَاتِ	1.00	1.00	rec	3508.10	3509.56
154	10	وَبَشِّرِ	وَبَشِّرِ	1.00	0.90	rec	3510.08	3510.90
154	11	ٱلصَّٰبِرِينَ	الصَّابِرِينَ	1.00	1.00	rec	3510.96	3512.84
155	0	ٱلَّذِينَ	الَّذِينَ	1.00	0.99	rec	3516.42	3517.38
155	1	إِذَآ	إِذَا	1.00	1.00	rec	3517.54	3517.96
155	2	أَصَٰبَتْهُم	أَصَابَتْهُمْ	1.00	1.00	rec	3518.30	3520.48
155	3	مُّصِيبَةٌۭ	مُصِيبَةٌ	1.00	1.00	rec	3520.54	3521.64
155	4	قَالُوٓا۟	قَالُوا	1.00	0.95	rec	3522.70	3523.32
155	5	إِنَّا	إِنَّا	1.00	0.96	rec	3525.68	3526.52
155	6	لِلَّهِ	لِلَّهِ	1.00	0.95	rec	3526.88	3527.74
155	7	وَإِنَّآ	وَإِنَّا	1.00	1.00	rec	3527.90	3528.86
155	8	إِلَيْهِ	إِلَيْهِ	1.00	1.00	rec	3529.22	3529.96
155	9	رَٰجِعُونَ	رَاجِعُونَ	1.00	0.94	rec	3530.10	3531.82
156	0	أُو۟لَٰٓئِكَ	أُولَـٰئِكَ	1.00	1.00	rec	3532.52	3534.62
156	1	عَلَيْهِمْ	عَلَيْهِمْ	1.00	1.00	rec	3534.74	3535.84
156	2	صَلَوَٰتٌۭ	صَلَوَاتٌ	1.00	1.00	rec	3535.94	3536.92
156	3	مِّن	مِنْ	1.00	1.00	rec	3537.54	3537.78
156	4	رَّبِّهِمْ	رَبِّهِمْ	1.00	1.00	rec	3537.86	3538.62
156	5	وَرَحْمَةٌۭۖ	وَرَحْمَةٌ	1.00	1.00	rec	3538.74	3539.64
156	6	وَأُو۟لَٰٓئِكَ	وَأُولَـٰئِكَ	1.00	1.00	rec	3540.44	3543.08
156	7	هُمُ	هُمُ	1.00	1.00	rec	3543.26	3543.56
156	8	ٱلْمُهْتَدُونَ	الْمُهْتَدُونَ	1.00	1.00	rec	3543.64	3546.06
157	0	إِنَّ	إِنَّ	1.00	1.00	rec	3546.82	3547.76
157	1	ٱلصَّفَا	الصَّفَا	1.00	0.96	rec	3547.82	3548.40
157	2	وَٱلْمَرْوَةَ	وَالْمَرْوَةَ	1.00	0.97	rec	3548.76	3549.90
157	3	مِن	مِنْ	1.00	0.94	rec	3550.00	3550.58
157	4	شَعَآئِرِ	شَعَائِرِ	1.00	0.95	rec	3550.70	3552.82
157	5	ٱللَّهِۖ	اللَّهِ	1.00	1.00	rec	3552.88	3553.86
157	6	فَمَنْ	فَمَنْ	1.00	0.98	rec	3554.70	3555.22
157	7	حَجَّ	حَجَّ	1.00	1.00	rec	3555.32	3555.76
157	8	ٱلْبَيْتَ	الْبَيْتَ	1.00	0.95	rec	3555.82	3556.58
157	9	أَوِ	أَوِ	1.00	1.00	rec	3556.74	3557.04
157	10	ٱعْتَمَرَ	اعْتَمَرَ	1.00	0.96	rec	3557.10	3557.92
157	11	فَلَا	فَلَا	1.00	1.00	rec	3558.12	3558.44
157	12	جُنَاحَ	جُنَاحَ	1.00	1.00	rec	3558.74	3559.46
157	13	عَلَيْهِ	عَلَيْهِ	1.00	1.00	rec	3559.62	3560.36
157	14	أَن	أَنْ	1.00	1.00	rec	3560.56	3561.30
157	15	يَطَّوَّفَ	يَضَّوَّفَ	0.75	0.99	rec	3561.34	3562.36
157	16	بِهِمَاۚ	بِهِمَا	1.00	1.00	rec	3562.52	3563.08
157	17	وَمَن	وَمَنْ	1.00	1.00	rec	3564.10	3565.26
157	18	تَطَوَّعَ	تَطَوَّعَ	1.00	0.95	rec	3565.38	3566.32
157	19	خَيْرًۭا	خَيْرًا	1.00	0.98	rec	3566.52	3567.06
157	20	فَإِنَّ	فَإِنَّ	1.00	1.00	rec	3567.56	3568.46
157	21	ٱللَّهَ	اللَّهَ	1.00	1.00	rec	3568.50	3569.20
157	22	شَاكِرٌ	شَاكِرٌ	1.00	1.00	rec	3569.40	3570.42
157	23	عَلِيمٌ	عَلِيمٌ	1.00	1.00	rec	3570.74	3571.86
158	0	إِنَّ	إِنَّ	1.00	1.00	rec	3572.60	3573.50
158	1	ٱلَّذِينَ	الَّذِينَ	1.00	0.99	rec	3573.54	3574.26
158	2	يَكْتُمُونَ	يَكْتُمُونَ	1.00	1.00	rec	3574.36	3575.30
158	3	مَآ	مَا	1.00	1.00	rec	3575.46	3575.58
158	4	أَنزَلْنَا	أَنْزَلْنَا	1.00	1.00	rec	3575.92	3576.90
158	5	مِنَ	مِنَ	1.00	1.00	rec	3577.14	3577.38
158	6	ٱلْبَيِّنَٰتِ	الْبَيِّنَاتِ	1.00	0.99	rec	3577.42	3578.80
158	7	وَٱلْهُدَىٰ	وَالْهُدَىٰ	1.00	1.00	rec	3578.92	3579.64
158	8	مِنۢ	مِنْ	1.00	1.00	rec	3580.00	3580.84
158	9	بَعْدِ	بَعْدِ	1.00	1.00	rec	3580.92	3581.34
158	10	مَا	مَا	1.00	1.00	rec	3581.50	3581.62
158	11	بَيَّنَّٰهُ	بَيَّنَّاهُ	1.00	1.00	rec	3581.90	3583.52
158	12	لِلنَّاسِ	لِلنِّيسِ	0.80	0.99	rec	3583.66	3585.12
158	13	فِى	فِي	1.00	1.00	rec	3585.30	3585.40
158	14	ٱلْكِتَٰبِۙ	الْكِتَابِ	1.00	1.00	rec	3585.44	3587.08
158	15	أُو۟لَٰٓئِكَ	أُولَـٰئِكَ	1.00	0.98	rec	3587.88	3590.04
158	16	يَلْعَنُهُمُ	يَلْعَنُهُمُ	1.00	1.00	rec	3590.16	3591.30
158	17	ٱللَّهُ	اللَّهُ	1.00	0.99	rec	3591.38	3592.18
158	18	وَيَلْعَنُهُمُ	وَيَلْعَنُهُمُ	1.00	1.00	rec	3592.34	3593.66
158	19	ٱللَّٰعِنُونَ	اللَّاعِنُونَ	1.00	0.95	rec	3593.72	3595.74
159	0	إِلَّا	إِلَّا	1.00	1.00	rec	3596.40	3596.80
159	1	ٱلَّذِينَ	الَّذِينَ	1.00	1.00	rec	3596.84	3597.50
159	2	تَابُوا۟	تَابُوا	1.00	1.00	rec	3597.68	3598.20
159	3	وَأَصْلَحُوا۟	وَأَصْلَحُوا	1.00	0.93	rec	3598.36	3599.16
159	4	وَبَيَّنُوا۟	وَبَيَّنُوا	1.00	0.94	rec	3599.38	3600.18
159	5	فَأُو۟لَٰٓئِكَ	فَأُولَـٰئِكَ	1.00	1.00	rec	3600.44	3602.68
159	6	أَتُوبُ	أَتُوبُ	1.00	1.00	rec	3602.78	3603.38
159	7	عَلَيْهِمْۚ	عَلَيْهِمْ	1.00	1.00	rec	3603.54	3604.32
159	8	وَأَنَا	وَأَنَا	1.00	1.00	rec	3604.42	3604.86
159	9	ٱلتَّوَّابُ	التَّوَّابُ	1.00	0.98	rec	3604.90	3606.06
159	10	ٱلرَّحِيمُ	الرَّحِيمُ	1.00	1.00	rec	3606.14	3607.58
160	0	إِنَّ	إِنَّ	1.00	1.00	rec	3608.54	3609.40
160	1	ٱلَّذِينَ	الَّذِينَ	1.00	1.00	rec	3609.46	3610.14
160	2	كَفَرُوا۟	كَفَرُوا	1.00	1.00	rec	3610.30	3610.80
160	3	وَمَاتُوا۟	وَمَاتُوا	1.00	0.93	rec	3610.98	3611.82
160	4	وَهُمْ	وَهُمْ	1.00	1.00	rec	3612.02	3612.50
160	5	كُفَّارٌ	كُفَّارٌ	1.00	1.00	rec	3612.64	3613.42
160	6	أُو۟لَٰٓئِكَ	أُولَـٰئِكَ	1.00	1.00	rec	3613.74	3616.04
160	7	عَلَيْهِمْ	عَلَيْهِمْ	1.00	1.00	rec	3616.14	3616.92
160	8	لَعْنَةُ	لَعْنَةُ	1.00	0.99	rec	3617.00	3617.56
160	9	ٱللَّهِ	اللَّهِ	1.00	1.00	rec	3617.64	3618.28
160	10	وَٱلْمَلَٰٓئِكَةِ	وَالْمَلَائِكَةِ	1.00	1.00	rec	3618.38	3621.18
160	11	وَٱلنَّاسِ	وَالنَّاسِ	1.00	0.99	rec	3621.28	3622.72
160	12	أَجْمَعِينَ	أَجْمَعِينَ	1.00	1.00	rec	3622.88	3624.72
161	0	خَٰلِدِينَ	خَالِدِينَ	1.00	1.00	rec	3625.62	3626.46
161	1	فِيهَاۖ	فِيهَا	1.00	1.00	rec	3626.64	3627.24
161	2	لَا	لَا	1.00	1.00	rec	3627.68	3627.80
161	3	يُخَفَّفُ	يُخَفَّفُ	1.00	1.00	rec	3628.04	3629.02
161	4	عَنْهُمُ	عَنْهُمُ	1.00	1.00	rec	3629.20	3629.88
161	5	ٱلْعَذَابُ	الْعَذَابُ	1.00	1.00	rec	3629.96	3630.84
161	6	وَلَا	وَلَا	1.00	1.00	rec	3630.96	3631.30
161	7	هُمْ	هُمْ	1.00	1.00	rec	3631.58	3631.86
161	8	يُنظَرُونَ	يُنْظَرُونَ	1.00	1.00	rec	3631.94	3634.08
162	0	وَإِلَٰهُكُمْ	وَإِلَـٰهُكُمْ	1.00	0.94	rec	3634.74	3635.84
162	1	إِلَٰهٌۭ	إِلَـٰهٌ	1.00	1.00	rec	3635.94	3636.58
162	2	وَٰحِدٌۭۖ	وَاحِدٌ	1.00	1.00	rec	3637.24	3637.94
162	3	لَّآ	لَا	1.00	1.00	rec	3638.30	3638.42
162	4	إِلَٰهَ	إِلَـٰهَ	1.00	1.00	rec	3638.80	3639.44
162	5	إِلَّا	إِلَّا	1.00	0.98	rec	3639.58	3640.06
162	6	هُوَ	هُوَ	1.00	1.00	rec	3640.32	3640.56
162	7	ٱلرَّحْمَٰنُ	الرَّحْمَـٰ+آمُ	0.75	0.89	rec	3640.60	3641.88
162	8	ٱلرَّحِيمُ	الرَّحِيمُ	1.00	0.99	rec	3641.96	3643.42
163	0	إِنَّ	إِنَّ	1.00	1.00	rec	3644.20	3644.96
163	1	فِى	فِي	1.00	1.00	rec	3645.14	3645.28
163	2	خَلْقِ	خَلْقِ	1.00	1.00	rec	3645.52	3645.92
163	3	ٱلسَّمَٰوَٰتِ	السَّمَاوَاتِ	1.00	1.00	rec	3645.98	3647.20
163	4	وَٱلْأَرْضِ	وَالْأَرْضِ	1.00	1.00	rec	3647.30	3648.06
163	5	وَٱخْتِلَٰفِ	وَاخْتِلَافِ	1.00	1.00	rec	3648.18	3649.06
163	6	ٱلَّيْلِ	اللَّيْلِ	0.80	1.00	rec	3649.12	3649.72
163	7	وَٱلنَّهَارِ	وَالنَّهِيرِ	0.86	1.00	rec	3649.84	3651.26
163	8	وَٱلْفُلْكِ	وَالْفُلْكِ	1.00	0.99	rec	3651.38	3652.16
163	9	ٱلَّتِى	الَّتِي	1.00	1.00	rec	3652.22	3652.74
163	10	تَجْرِى	تَجْرِي	1.00	0.98	rec	3653.16	3653.70
163	11	فِى	فِي	1.00	1.00	rec	3654.08	3654.18
163	12	ٱلْبَحْرِ	الْبَحْرِ	1.00	1.00	rec	3654.22	3654.92
163	13	بِمَا	بِمَا	1.00	1.00	rec	3659.68	3660.06
163	14	يَنفَعُ	يَنْفَأُ	0.75	0.97	rec	3660.44	3661.64
163	15	ٱلنَّاسَ	النَّاسِ	1.00	0.94	rec	3661.68	3662.84
163	16	وَمَآ	وَمَا	1.00	1.00	rec	3663.40	3663.72
163	17	أَنزَلَ	أَنْزَلَ	1.00	1.00	rec	3664.04	3665.06
163	18	ٱللَّهُ	اللَّهُ	1.00	1.00	rec	3665.10	3665.84
163	19	مِنَ	مِنَ	1.00	1.00	rec	3666.06	3666.32
163	20	ٱلسَّمَآءِ	السَّمَاءِ	1.00	0.97	rec	3666.38	3668.28
163	21	مِن	مِنْ	1.00	1.00	rec	3668.42	3668.92
163	22	مَّآءٍۢ	مَاءٍ	1.00	1.00	rec	3668.98	3670.54
163	23	فَأَحْيَا	فَأَحْيَا	1.00	1.00	rec	3671.20	3671.84
163	24	بِهِ	بِهِ	1.00	1.00	rec	3672.14	3672.42
163	25	ٱلْأَرْضَ	الْأَرْضَ	1.00	1.00	rec	3672.48	3673.18
163	26	بَعْدَ	بَعْدَ	1.00	1.00	rec	3673.30	3673.72
163	27	مَوْتِهَا	مَوْتِهَا	1.00	0.99	rec	3673.84	3674.80
163	28	وَبَثَّ	وَبَثَّ	1.00	1.00	rec	3676.48	3677.04
163	29	فِيهَا	فِيهَا	1.00	1.00	rec	3677.18	3677.60
163	30	مِن	مِنْ	1.00	1.00	rec	3677.96	3678.62
163	31	كُلِّ	كُلِّ	1.00	1.00	rec	3678.72	3679.08
163	32	دَآبَّةٍۢ	دَابٍ+بَّةٍ	0.80	0.92	rec	3679.22	3682.00
163	33	وَتَصْرِيفِ	وَتَصْرِي+فِي	0.86	0.99	rec	3682.80	3683.88
163	34	ٱلرِّيَٰحِ	الرِّيَاحِ	1.00	0.96	rec	3683.92	3684.80
163	35	وَٱلسَّحَابِ	وَالسَّحَابِ	1.00	1.00	rec	3684.92	3685.86
163	36	ٱلْمُسَخَّرِ	الْمُسَخَّرِ	1.00	1.00	rec	3685.92	3686.92
163	37	بَيْنَ	بَيْنَ	1.00	1.00	rec	3687.06	3687.38
163	38	ٱلسَّمَآءِ	السَّمَاءِ	1.00	1.00	rec	3687.42	3689.50
163	39	وَٱلْأَرْضِ	وَالْأَرْضِ	1.00	1.00	rec	3689.60	3690.24
163	40	لَءَايَٰتٍۢ	لَآيَاتٍ	0.83	1.00	rec	3691.04	3691.94
163	41	لِّقَوْمٍۢ	لِقَوْمٍ	1.00	1.00	rec	3692.18	3692.84
163	42	يَعْقِلُونَ	يَعْقِلُونَ	1.00	1.00	rec	3693.82	3695.58
164	0	وَمِنَ	وَمِنَ	1.00	1.00	rec	3696.40	3696.84
164	1	ٱلنَّاسِ	النِّيسِ	0.80	0.95	rec	3696.90	3698.40
164	2	مَن	مَنْ	1.00	1.00	rec	3698.58	3699.36
164	3	يَتَّخِذُ	يَتَّخِذُ	1.00	1.00	rec	3699.40	3700.18
164	4	مِن	مِنْ	1.00	1.00	rec	3700.32	3700.80
164	5	دُونِ	دُونِ	1.00	1.00	rec	3700.90	3701.28
164	6	ٱللَّهِ	اللَّهِ	1.00	1.00	rec	3701.34	3701.94
164	7	أَندَادًۭا	عَنْ+دَادًا	0.83	0.87	rec	3702.10	3703.30
164	8	يُحِبُّونَهُمْ	يُحِبُّونَهُمْ	1.00	1.00	rec	3703.78	3705.12
164	9	كَحُبِّ	كَحُبِّ	1.00	0.93	rec	3705.26	3705.86
164	10	ٱللَّهِۖ	اللَّهِ	1.00	1.00	rec	3705.92	3706.80
164	11	وَٱلَّذِينَ	وَالَّذِينَ	1.00	1.00	rec	3707.80	3708.50
164	12	ءَامَنُوٓا۟	آمَنُوا	0.83	1.00	rec	3708.62	3709.42
164	13	أَشَدُّ	أَشَدُّ	1.00	1.00	rec	3709.72	3710.46
164	14	حُبًّۭا	حُبًّا	1.00	0.94	rec	3710.66	3711.12
164	15	لِّلَّهِۗ	لِلَّهِ	1.00	0.98	rec	3711.38	3712.30
164	16	وَلَوْ	وَلَوْ	1.00	1.00	rec	3713.02	3713.44
164	17	يَرَى	يَرَى	1.00	1.00	rec	3713.54	3713.80
164	18	ٱلَّذِينَ	الَّذِينَ	1.00	0.97	rec	3713.86	3714.66
164	19	ظَلَمُوٓا۟	ظَلَمُوا	1.00	1.00	rec	3714.84	3715.38
164	20	إِذْ	إِذْ	1.00	1.00	rec	3715.70	3715.98
164	21	يَرَوْنَ	يَرَوْنَ	1.00	1.00	rec	3716.08	3716.74
164	22	ٱلْعَذَابَ	الْعَذَابَ	1.00	1.00	rec	3716.80	3717.70
164	23	أَنَّ	أَنَّ	1.00	0.96	rec	3717.86	3718.54
164	24	ٱلْقُوَّةَ	الْقُوَّةَ	1.00	1.00	rec	3718.60	3719.46
164	25	لِلَّهِ	لِلَّهِ	1.00	1.00	rec	3719.56	3720.28
164	26	جَمِيعًۭا	جَمِيعًا	1.00	1.00	rec	3720.42	3721.20
164	27	وَأَنَّ	وَأَنَّ	1.00	1.00	rec	3722.22	3723.24
164	28	ٱللَّهَ	اللَّهَ	1.00	1.00	rec	3723.28	3723.98
164	29	شَدِيدُ	شَدِيدُ	1.00	1.00	rec	3724.16	3725.12
164	30	ٱلْعَذَابِ	الْعَذَابِ	1.00	1.00	rec	3725.18	3726.52
165	0	إِذْ	اتَبَرَّأَ⌐	0.83	1.00	rec	3727.44	3727.77
165	1	تَبَرَّأَ	اتَبَرَّأَ¬	0.83	1.00	rec	3727.77	3728.44
165	2	ٱلَّذِينَ	الَّذِينَ	1.00	1.00	rec	3728.50	3729.18
165	3	ٱتُّبِعُوا۟	اتُّبِعُوا	1.00	0.95	rec	3729.22	3729.96
165	4	مِنَ	مِنَ	1.00	1.00	rec	3730.26	3730.48
165	5	ٱلَّذِينَ	الَّذِينَ	1.00	1.00	rec	3730.52	3731.18
165	6	ٱتَّبَعُوا۟	اتَّبَعُوا	1.00	0.99	rec	3731.24	3731.94
165	7	وَرَأَوُا۟	وَرَأَوُا	1.00	1.00	rec	3732.18	3732.90
165	8	ٱلْعَذَابَ	الْعَذَابَ	1.00	1.00	rec	3732.98	3733.78
165	9	وَتَقَطَّعَتْ	وَتَقَطَّعَتْ	1.00	0.98	rec	3733.86	3735.06
165	10	بِهِمُ	بِهِ	0.67	1.00	rec	3735.14	3735.40
165	11	ٱلْأَسْبَابُ		0.00	0.18	forced	3735.54	3738.48
166	0	وَقَالَ	وَقَالَ	1.00	1.00	rec	3738.48	3739.14
166	1	ٱلَّذِينَ	الَّذِينَ	1.00	1.00	rec	3739.20	3739.94
166	2	ٱتَّبَعُوا۟	اتَّبَعُوا	1.00	0.99	rec	3740.00	3740.74
166	3	لَوْ	لَوْ	1.00	1.00	rec	3741.04	3741.30
166	4	أَنَّ	أَنَّ	1.00	1.00	rec	3741.38	3742.26
166	5	لَنَا	لَنَا	1.00	1.00	rec	3742.40	3742.70
166	6	كَرَّةًۭ	كَرَّةً	1.00	1.00	rec	3743.06	3743.70
166	7	فَنَتَبَرَّأَ	فَنَتَبَرَّأَ	1.00	0.98	rec	3744.52	3745.84
166	8	مِنْهُمْ	مِنْهُمْ	1.00	1.00	rec	3745.98	3746.68
166	9	كَمَا	كَمَا	1.00	1.00	rec	3746.80	3747.12
166	10	تَبَرَّءُوا۟	تَبَرَّءُوا	1.00	0.98	rec	3747.46	3748.32
166	11	مِنَّاۗ	مِنَّا	1.00	0.99	rec	3748.68	3749.68
166	12	كَذَٰلِكَ	كَذَٰلِكَ	1.00	1.00	rec	3750.96	3751.90
166	13	يُرِيهِمُ	يُرِيهِمِ	1.00	1.00	rec	3752.02	3752.88
166	14	ٱللَّهُ	اللَّهُ	1.00	1.00	rec	3752.94	3753.66
166	15	أَعْمَٰلَهُمْ	أَعْمَالَهُمْ	1.00	1.00	rec	3753.84	3755.16
166	16	حَسَرَٰتٍ	حَسَرَاتٍ	1.00	1.00	rec	3755.34	3756.34
166	17	عَلَيْهِمْۖ	عَلَيْهِمْ	1.00	1.00	rec	3756.64	3757.82
166	18	وَمَا	وَمَعَ	0.67	0.98	rec	3758.98	3759.50
166	19	هُم	هُمْ	1.00	1.00	rec	3759.68	3760.72
166	20	بِخَٰرِجِينَ	بِخَارِجِينَ	1.00	1.00	rec	3760.78	3762.48
166	21	مِنَ	مِنَ	1.00	1.00	rec	3762.58	3762.82
166	22	ٱلنَّارِ	النَّيرِ	0.80	0.93	rec	3762.86	3764.68
167	0	يَٰٓأَيُّهَا	يَا+أَيُّهَا	1.00	1.00	rec	3765.96	3767.04
167	1	ٱلنَّاسُ	النَّاسُ	1.00	1.00	rec	3767.08	3768.18
167	2	كُلُوا۟	كُلُوا	1.00	1.00	rec	3768.40	3768.68
167	3	مِمَّا	مِمَّا	1.00	0.96	rec	3768.98	3769.84
167	4	فِى	فِي	1.00	1.00	rec	3770.14	3770.26
167	5	ٱلْأَرْضِ	الْأَرْضِ	1.00	1.00	rec	3770.30	3770.92
167	6	حَلَٰلًۭا	حَلَالًا	1.00	1.00	rec	3771.06	3771.76
167	7	طَيِّبًۭا	طَيِّبًا	1.00	0.98	rec	3772.46	3773.10
167	8	وَلَا	وَلَا	1.00	1.00	rec	3774.12	3774.42
167	9	تَتَّبِعُوا۟	تَتَّبِعُوا	1.00	1.00	rec	3774.72	3775.54
167	10	خُطُوَٰتِ	خُطُعَاتِ	0.80	0.93	rec	3775.92	3776.86
167	11	ٱلشَّيْطَٰنِۚ	الشَّيْطَانِ	1.00	1.00	rec	3776.92	3778.00
167	12	إِنَّهُۥ	إِنَّهُ	1.00	1.00	rec	3778.14	3779.12
167	13	لَكُمْ	لَكُمْ	1.00	1.00	rec	3779.36	3779.86
167	14	عَدُوٌّۭ	عَدُوٌّ	1.00	1.00	rec	3779.94	3780.58
167	15	مُّبِينٌ	مُبِينٌ	1.00	1.00	rec	3781.34	3782.52
168	0	إِنَّمَا	إِنَّمَا	1.00	0.98	rec	3783.28	3784.30
168	1	يَأْمُرُكُم	يَأْمُرُكُمْ	1.00	0.99	rec	3784.74	3786.30
168	2	بِٱلسُّوٓءِ	بِالسُّوءِ	1.00	1.00	rec	3786.36	3788.50
168	3	وَٱلْفَحْشَآءِ	وَالْفَحْحْ+شَاءِ	0.89	0.76	rec	3788.60	3791.40
168	4	وَأَن	وَأَنْ	1.00	1.00	rec	3794.12	3794.98
168	5	تَقُولُوا۟	تَقُولُوا	1.00	1.00	rec	3795.10	3795.86
168	6	عَلَى	عَلَى	1.00	1.00	rec	3796.20	3796.48
168	7	ٱللَّهِ	اللَّهِ	1.00	0.96	rec	3796.52	3797.24
168	8	مَا	مَا	1.00	1.00	rec	3797.44	3797.58
168	9	لَا	لَا	1.00	1.00	rec	3797.92	3798.04
168	10	تَعْلَمُونَ	تَعْلَمُونَ	1.00	1.00	rec	3798.42	3800.04
169	0	وَإِذَا	وَإِذَا	1.00	1.00	rec	3800.60	3801.14
169	1	قِيلَ	قِيلَ	1.00	1.00	rec	3801.50	3801.94
169	2	لَهُمُ	لَهُمُ	1.00	1.00	rec	3802.06	3802.50
169	3	ٱتَّبِعُوا۟	اتَّبِعُوا	1.00	0.97	rec	3802.58	3803.40
169	4	مَآ	مَا	1.00	1.00	rec	3803.74	3803.86
169	5	أَنزَلَ	أَنْزَلَ	1.00	1.00	rec	3804.18	3805.26
169	6	ٱللَّهُ	اللَّهُ	1.00	0.96	rec	3805.30	3806.12
169	7	قَالُوا۟	قَالُوا	1.00	1.00	rec	3806.36	3806.90
169	8	بَلْ	بَلْ	1.00	1.00	rec	3807.20	3807.48
169	9	نَتَّبِعُ	نَتَّبِعُ	1.00	1.00	rec	3807.56	3808.36
169	10	مَآ	مَا	1.00	1.00	rec	3808.54	3808.68
169	11	أَلْفَيْنَا	أَلْفَيْنَا	1.00	1.00	rec	3808.96	3809.86
169	12	عَلَيْهِ	عَلَيْهِ	1.00	0.98	rec	3810.08	3810.74
169	13	ءَابَآءَنَآۗ	آبَاءَنَا	0.86	1.00	rec	3810.92	3813.40
169	14	أَوَلَوْ	أَوَلَوْ	1.00	1.00	rec	3814.36	3814.92
169	15	كَانَ	كَانَ	1.00	1.00	rec	3815.04	3815.48
169	16	ءَابَآؤُهُمْ	آبَاؤُهُمْ	0.86	1.00	rec	3815.62	3817.96
169	17	لَا	لَا	1.00	1.00	rec	3818.06	3818.18
169	18	يَعْقِلُونَ	يَعْقِلُونَ	1.00	1.00	rec	3818.42	3819.38
169	19	شَيْـًۭٔا	شَيْئًا	0.75	1.00	rec	3819.54	3820.02
169	20	وَلَا	وَلَا	1.00	1.00	rec	3820.66	3820.98
169	21	يَهْتَدُونَ	يَهْتَدُونَ	1.00	1.00	rec	3821.34	3823.22
170	0	وَمَثَلُ	وَمَثَلُ	1.00	1.00	rec	3823.94	3824.46
170	1	ٱلَّذِينَ	الَّذِينَ	1.00	1.00	rec	3824.56	3825.18
170	2	كَفَرُوا۟	كَفَرُوا	1.00	1.00	rec	3825.36	3825.86
170	3	كَمَثَلِ	كَمَثَلِ	1.00	1.00	rec	3826.18	3826.86
170	4	ٱلَّذِى	الَّذِي	1.00	1.00	rec	3826.94	3827.44
170	5	يَنْعِقُ	يَنْعِقُ	1.00	1.00	rec	3827.64	3828.30
170	6	بِمَا	بِمَا	1.00	1.00	rec	3828.44	3828.76
170	7	لَا	لَا	1.00	1.00	rec	3828.98	3829.08
170	8	يَسْمَعُ	يَسْمَعُ	1.00	1.00	rec	3829.32	3829.92
170	9	إِلَّا	إِلَّا	1.00	0.99	rec	3830.08	3830.50
170	10	دُعَآءًۭ	دُعَاءً	1.00	1.00	rec	3830.68	3832.76
170	11	وَنِدَآءًۭۚ	وَنِدَاءً	1.00	1.00	rec	3833.34	3835.90
170	12	صُمٌّۢ	صُمٌّ	1.00	1.00	rec	3836.98	3837.78
170	13	بُكْمٌ	بُكْمٌ	1.00	1.00	rec	3838.48	3838.88
170	14	عُمْىٌۭ	عُمْيٌ	1.00	1.00	rec	3839.20	3839.58
170	15	فَهُمْ	فَهُمْ	1.00	0.99	rec	3840.10	3840.68
170	16	لَا	لَا	1.00	1.00	rec	3840.76	3840.88
170	17	يَعْقِلُونَ	يَعْقِلُونَ	1.00	1.00	rec	3841.30	3843.26
171	0	يَٰٓأَيُّهَا	يَا+أَيُّهَا	1.00	0.95	rec	3844.08	3845.24
171	1	ٱلَّذِينَ	الَّذِينَ	1.00	1.00	rec	3845.28	3846.02
171	2	ءَامَنُوا۟	آمَنُوا	0.83	1.00	rec	3846.14	3846.84
171	3	كُلُوا۟	كُلُوا	1.00	0.92	rec	3847.20	3847.48
171	4	مِن	مِنْ	1.00	1.00	rec	3847.82	3848.52
171	5	طَيِّبَٰتِ	طَيِّبَاتِ	1.00	0.98	rec	3848.64	3849.72
171	6	مَا	مَا	1.00	1.00	rec	3849.84	3849.98
171	7	رَزَقْنَٰكُمْ	رَزَقْنَاكُمْ	1.00	1.00	rec	3850.22	3851.60
171	8	وَٱشْكُرُوا۟	وَاشْكُرُوا	1.00	0.96	rec	3852.24	3852.82
171	9	لِلَّهِ	لِلَّهِ	1.00	1.00	rec	3853.16	3853.98
171	10	إِن	إِنْ	1.00	1.00	rec	3854.18	3854.88
171	11	كُنتُمْ	كُنْتُمْ	1.00	1.00	rec	3855.00	3856.08
171	12	إِيَّاهُ	إِيَّاهُ	1.00	1.00	rec	3856.16	3857.00
171	13	تَعْبُدُونَ	تَعْبُدُونَ	1.00	1.00	rec	3857.22	3858.68
172	0	إِنَّمَا	إِنَّمَا	1.00	1.00	rec	3859.28	3860.38
172	1	حَرَّمَ	حَرَّمَ	1.00	1.00	rec	3860.72	3861.32
172	2	عَلَيْكُمُ	عَلَيْكُمُ	1.00	1.00	rec	3861.46	3862.26
172	3	ٱلْمَيْتَةَ	الْمَيْتَةَ	1.00	1.00	rec	3862.34	3863.26
172	4	وَٱلدَّمَ	وَالدَّمَ	1.00	1.00	rec	3863.36	3863.96
172	5	وَلَحْمَ	وَلَحْمَ	1.00	1.00	rec	3864.08	3864.60
172	6	ٱلْخِنزِيرِ	الْخِنْزِيرَ	1.00	0.94	rec	3864.66	3867.14
172	7	وَمَآ	وَمَا	1.00	1.00	rec	3869.76	3870.14
172	8	أُهِلَّ	أُهِلَّ	1.00	1.00	rec	3870.66	3871.44
172	9	بِهِۦ	بِهِ	1.00	1.00	rec	3871.56	3871.88
172	10	لِغَيْرِ	لِغَيْرِ	1.00	0.98	rec	3872.28	3873.04
172	11	ٱللَّهِۖ	اللَّهِ	1.00	1.00	rec	3873.10	3873.86
172	12	فَمَنِ	فَمَنِ	1.00	0.92	rec	3874.54	3875.06
172	13	ٱضْطُرَّ	اضضُّرَّ	0.75	0.89	rec	3875.10	3875.76
172	14	غَيْرَ	غَيْرَ	1.00	0.99	rec	3875.94	3876.38
172	15	بَاغٍۢ	بَعغٍ	0.67	0.89	rec	3876.54	3877.12
172	16	وَلَا	وَلَا	1.00	1.00	rec	3877.58	3877.90
172	17	عَادٍۢ	عَادٍ	1.00	0.99	rec	3878.18	3878.70
172	18	فَلَآ	فَلَا	1.00	1.00	rec	3879.08	3879.40
172	19	إِثْمَ	إِثْمَ	1.00	1.00	rec	3879.74	3880.24
172	20	عَلَيْهِۚ	عَلَيْهِ	1.00	0.98	rec	3880.36	3881.32
172	21	إِنَّ	إِنَّ	1.00	1.00	rec	3881.94	3882.94
172	22	ٱللَّهَ	اللَّهَ	1.00	1.00	rec	3883.00	3883.66
172	23	غَفُورٌۭ	غَفُورٌ	1.00	1.00	rec	3883.80	3884.62
172	24	رَّحِيمٌ	رَحِيمٌ	1.00	0.97	rec	3884.90	3886.32
173	0	إِنَّ	إِنَّ	1.00	0.95	rec	3887.02	3887.92
173	1	ٱلَّذِينَ	الَّذِينَ	1.00	0.95	rec	3887.98	3888.68
173	2	يَكْتُمُونَ	يَكْتُمُونَ	1.00	1.00	rec	3888.78	3889.82
173	3	مَآ	مَعَ	0.50	0.98	rec	3890.00	3890.30
173	4	أَنزَلَ	أَنْزَلَ	1.00	1.00	rec	3890.46	3891.24
173	5	ٱللَّهُ	اللَّهُ	1.00	1.00	rec	3891.30	3891.96
173	6	مِنَ	مِنَ	1.00	1.00	rec	3892.10	3892.34
173	7	ٱلْكِتَٰبِ	الْكِتَابِ	1.00	1.00	rec	3892.38	3893.28
173	8	وَيَشْتَرُونَ	وَيَشْتَرُونَ	1.00	1.00	rec	3893.40	3894.48
173	9	بِهِۦ	بِهِ	1.00	1.00	rec	3894.60	3894.88
173	10	ثَمَنًۭا	ثَمَنًا	1.00	0.98	rec	3895.24	3895.78
173	11	قَلِيلًاۙ	قَلِيلًا	1.00	1.00	rec	3896.32	3897.18
173	12	أُو۟لَٰٓئِكَ	أُولَـٰئِكَ	1.00	1.00	rec	3898.24	3900.24
173	13	مَا	مَا	1.00	1.00	rec	3900.40	3900.54
173	14	يَأْكُلُونَ	يَأْكُلُونَ	1.00	1.00	rec	3900.96	3902.10
173	15	فِى	فِي	1.00	1.00	rec	3902.30	3902.44
173	16	بُطُونِهِمْ	بُطُونِهِمْ	1.00	1.00	rec	3902.78	3903.96
173	17	إِلَّا	إِلًّا	1.00	1.00	rec	3904.06	3904.52
173	18	ٱلنَّارَ	النَّارِ	1.00	0.92	rec	3905.24	3906.14
173	19	وَلَا	وَلَا	1.00	1.00	rec	3906.84	3907.12
173	20	يُكَلِّمُهُمُ	يُكَلِّمُوهُمُ	0.86	0.99	rec	3907.32	3908.62
173	21	ٱللَّهُ	اللَّهُ	1.00	1.00	rec	3908.70	3909.46
173	22	يَوْمَ	يَوْمَ	1.00	1.00	rec	3909.60	3910.04
173	23	ٱلْقِيَٰمَةِ	الْقِيَامَةِ	1.00	1.00	rec	3910.08	3911.24
173	24	وَلَا	وَلَا	1.00	1.00	rec	3911.34	3911.66
173	25	يُزَكِّيهِمْ	يُزَكِّيهِمْ	1.00	1.00	rec	3911.88	3913.08
173	26	وَلَهُمْ	وَلَهُمْ	1.00	0.99	rec	3913.18	3913.76
173	27	عَذَابٌ	عَذَابٌ	1.00	1.00	rec	3913.86	3914.78
173	28	أَلِيمٌ	أَلِيمٌ	1.00	1.00	rec	3915.08	3916.18
174	0	أُو۟لَٰٓئِكَ	أُولَـٰئِكَ	1.00	0.98	rec	3916.92	3919.00
174	1	ٱلَّذِينَ	الَّذِينَ	1.00	1.00	rec	3919.06	3919.78
174	2	ٱشْتَرَوُا۟	اشْتَرَوُا	1.00	1.00	rec	3919.84	3920.50
174	3	ٱلضَّلَٰلَةَ	الضَّلَالَةَ	1.00	1.00	rec	3920.56	3921.78
174	4	بِٱلْهُدَىٰ	بِالْهُدَىٰ	1.00	1.00	rec	3921.90	3922.64
174	5	وَٱلْعَذَابَ	وَالْعَذَابَ	1.00	1.00	rec	3923.00	3924.12
174	6	بِٱلْمَغْفِرَةِۚ	بِالْمَغِْ+ؤْفِرَةً	0.89	0.82	rec	3924.24	3925.66
174	7	فَمَآ	فَمَا	1.00	1.00	rec	3926.30	3926.68
174	8	أَصْبَرَهُمْ	أَصْبَرَهُمْ	1.00	1.00	rec	3927.06	3928.16
174	9	عَلَى	عَلَى	1.00	0.97	rec	3928.24	3928.54
174	10	ٱلنَّارِ	النِّيرِ	0.80	0.97	rec	3928.58	3930.10
175	0	ذَٰلِكَ	ذَٰلِكَ	1.00	1.00	rec	3930.76	3931.30
175	1	بِأَنَّ	بِأَنَّ	1.00	0.96	rec	3931.40	3932.36
175	2	ٱللَّهَ	اللَّهَ	1.00	1.00	rec	3932.42	3933.14
175	3	نَزَّلَ	نَزَّلَ	1.00	1.00	rec	3933.26	3933.80
175	4	ٱلْكِتَٰبَ	الْكِتَابَ	1.00	1.00	rec	3933.86	3934.96
175	5	بِٱلْحَقِّۗ	بِالْحَقِّ	1.00	0.95	rec	3935.06	3935.68
175	6	وَإِنَّ	قٍوَإِنَّ	0.75	0.94	rec	3935.94	3937.88
175	7	ٱلَّذِينَ	الَّذِينَ	1.00	1.00	rec	3937.92	3938.54
175	8	ٱخْتَلَفُوا۟	اخْتَلَفُوا	1.00	0.98	rec	3938.58	3939.24
175	9	فِى	فِي	1.00	1.00	rec	3939.52	3939.62
175	10	ٱلْكِتَٰبِ	الْكِتَابِ	1.00	1.00	rec	3939.66	3940.48
175	11	لَفِى	لَفِي	1.00	1.00	rec	3940.62	3941.00
175	12	شِقَاقٍۭ	شِقَاقٍ	1.00	1.00	rec	3941.28	3942.10
175	13	بَعِيدٍۢ	بَعِيدٍ	1.00	1.00	rec	3942.70	3944.08
176	0	لَّيْسَ	لَيْسَ	1.00	1.00	rec	3946.16	3946.62
176	1	ٱلْبِرَّ	الْبِرُّ	1.00	1.00	rec	3946.66	3947.24
176	2	أَن	أَنْ	1.00	1.00	rec	3947.40	3948.12
176	3	تُوَلُّوا۟	تُوَلُّوا	1.00	1.00	rec	3948.22	3948.84
176	4	وُجُوهَكُمْ	وُجُوهَكُمْ	1.00	1.00	rec	3949.12	3950.10
176	5	قِبَلَ	قِبَلَ	1.00	0.98	rec	3950.26	3950.66
176	6	ٱلْمَشْرِقِ	الْمَشْرِقِ	1.00	1.00	rec	3950.70	3951.62
176	7	وَٱلْمَغْرِبِ	وَالْمَغْرِبِ	1.00	1.00	rec	3951.72	3952.84
176	8	وَلَٰكِنَّ	وَلَـٰكِنَّ	1.00	1.00	rec	3953.62	3955.08
176	9	ٱلْبِرَّ	الْبِرَّ	1.00	1.00	rec	3955.14	3955.72
176	10	مَنْ	مَنْ	1.00	1.00	rec	3955.86	3956.18
176	11	ءَامَنَ	آمَنَ	0.75	1.00	rec	3956.24	3956.86
176	12	بِٱللَّهِ	بِاللَّهِ	1.00	1.00	rec	3956.98	3957.68
176	13	وَٱلْيَوْمِ	وَالْيَوْمِ	1.00	0.99	rec	3957.80	3958.50
176	14	ٱلْءَاخِرِ	الْآخِرِ	0.83	1.00	rec	3958.56	3959.50
176	15	وَٱلْمَلَٰٓئِكَةِ	وَالْمَلَائِكَةُ	1.00	0.94	rec	3959.62	3962.14
176	16	وَٱلْكِتَٰبِ	وَالْكِتَابِ	1.00	1.00	rec	3966.08	3967.18
176	17	وَٱلنَّبِيِّۦنَ	وَالنَّبِيِّينَ	0.88	1.00	rec	3967.30	3968.92
176	18	وَءَاتَى		0.00	0.38	forced	3969.04	3969.92
176	19	ٱلْمَالَ	الْمَعلَ	0.80	0.93	rec	3969.94	3970.70
176	20	عَلَىٰ	عَلَىٰ	1.00	1.00	rec	3970.82	3971.12
176	21	حُبِّهِۦ	حُبِّهِ	1.00	1.00	rec	3971.36	3972.04
176	22	ذَوِى	ذَوِ	0.67	0.99	rec	3972.40	3972.62
176	23	ٱلْقُرْبَىٰ	الْقُرْبَىٰ	1.00	1.00	rec	3972.68	3973.38
176	24	وَٱلْيَتَٰمَىٰ	وَلْيَتَامَىٰ	0.89	1.00	rec	3973.74	3974.86
176	25	وَٱلْمَسَٰكِينَ	وَالْمَسَاكِينَ	1.00	1.00	rec	3980.40	3981.74
176	26	وَٱبْنَ	وَابْنَ	1.00	1.00	rec	3981.86	3982.32
176	27	ٱلسَّبِيلِ	السَّبِيلِ	1.00	0.94	rec	3982.38	3983.50
176	28	وَٱلسَّآئِلِينَ	وَالسَّائِلِينَ	1.00	1.00	rec	3983.62	3986.88
176	29	وَفِى	وَفِي	1.00	1.00	rec	3987.00	3987.38
176	30	ٱلرِّقَابِ	الرِّقَابِ	1.00	1.00	rec	3987.42	3988.30
176	31	وَأَقَامَ	وَأَقَامَ	1.00	1.00	rec	3988.44	3989.32
176	32	ٱلصَّلَوٰةَ	الصَّلَاةَ	0.86	0.99	rec	3989.38	3990.26
176	33	وَءَاتَى	وَآتَى	0.80	0.90	rec	3990.36	3991.18
176	34	ٱلزَّكَوٰةَ	الزَّكَاةَ	0.86	1.00	rec	3991.22	3992.20
176	35	وَٱلْمُوفُونَ	وَالْمُوفُونَ	1.00	1.00	rec	3992.30	3993.70
176	36	بِعَهْدِهِمْ	بِعَهْدِهِمْ	1.00	1.00	rec	3993.82	3994.94
176	37	إِذَا	إِذَا	1.00	0.90	rec	3995.04	3995.40
176	38	عَٰهَدُوا۟ۖ	عَاهَدُوا	1.00	0.99	rec	3995.70	3996.56
176	39	وَٱلصَّٰبِرِينَ	وَالصَّابِرِينَ⌐	0.82	1.00	rec	4002.28	4003.33
176	40	فِى	وَالصَّابِرِينَ¬	0.82	1.00	rec	4003.33	4003.56
176	41	ٱلْبَأْسَآءِ	فِلْبَ+سَاءِ	0.71	0.86	rec	4003.72	4006.54
176	42	وَٱلضَّرَّآءِ	وَالضَّرَّاءِ	1.00	1.00	rec	4006.64	4009.14
176	43	وَحِينَ	وَحِينَ	1.00	1.00	rec	4009.24	4009.98
176	44	ٱلْبَأْسِۗ	الْبَأْسِ	1.00	1.00	rec	4010.04	4010.86
176	45	أُو۟لَٰٓئِكَ	أُولَـٰئِكَ	1.00	1.00	rec	4011.62	4013.68
176	46	ٱلَّذِينَ	الَّذِينَ	1.00	1.00	rec	4013.74	4014.54
176	47	صَدَقُوا۟ۖ	صَدَقُوا	1.00	1.00	rec	4014.72	4015.30
176	48	وَأُو۟لَٰٓئِكَ	وَأُولَـٰئِكَ	1.00	1.00	rec	4015.58	4017.74
176	49	هُمُ	هُمُ	1.00	0.94	rec	4017.92	4018.18
176	50	ٱلْمُتَّقُونَ	الْمُتَّقُونَ	1.00	1.00	rec	4018.26	4020.38
177	0	يَٰٓأَيُّهَا	يَا+أَيُّهَا	1.00	1.00	rec	4022.18	4023.50
177	1	ٱلَّذِينَ	الَّذِينَ	1.00	1.00	rec	4023.54	4024.30
177	2	ءَامَنُوا۟	آمَنُوا	0.83	1.00	rec	4024.44	4025.12
177	3	كُتِبَ	كُتِبَ	1.00	1.00	rec	4025.50	4025.96
177	4	عَلَيْكُمُ	عَلَيْكُمُ	1.00	1.00	rec	4026.08	4026.90
177	5	ٱلْقِصَاصُ	الْقِصَاصُ	1.00	1.00	rec	4026.98	4028.18
177	6	فِى	فِي	1.00	0.93	rec	4028.30	4028.42
177	7	ٱلْقَتْلَىۖ	الْقَتْلَى	1.00	0.98	rec	4028.46	4029.16
177	8	ٱلْحُرُّ	الْحُرُّ	1.00	0.99	rec	4030.52	4031.20
177	9	بِٱلْحُرِّ	بِالْحُرِّ	1.00	0.99	rec	4031.34	4032.22
177	10	وَٱلْعَبْدُ	وَالْعَبْدُ	1.00	0.99	rec	4032.36	4033.18
177	11	بِٱلْعَبْدِ	بِالْعَبْدِ	1.00	1.00	rec	4033.34	4034.12
177	12	وَٱلْأُنثَىٰ	وَالْأُنْثَىٰ	1.00	0.97	rec	4034.26	4035.72
177	13	بِٱلْأُنثَىٰۚ	بِالْأُنْثَىٰ	1.00	1.00	rec	4036.08	4037.40
177	14	فَمَنْ	فَمَنْ	1.00	1.00	rec	4038.56	4039.12
177	15	عُفِىَ	عُفِيَ	1.00	1.00	rec	4039.18	4039.70
177	16	لَهُۥ	لَهُ	1.00	1.00	rec	4039.82	4040.10
177	17	مِنْ	مِنْ	1.00	1.00	rec	4040.38	4040.62
177	18	أَخِيهِ	أَخِيهِ	1.00	1.00	rec	4040.70	4041.36
177	19	شَىْءٌۭ	شَيْءٌ	1.00	1.00	rec	4041.54	4041.98
177	20	فَٱتِّبَاعٌۢ	فَاتِّبَاعٌ	1.00	0.93	rec	4042.66	4043.58
177	21	بِٱلْمَعْرُوفِ	بِالْمَعْرُوفِ	1.00	0.95	rec	4044.26	4045.28
177	22	وَأَدَآءٌ	وَأَذَاءٌ	0.80	0.97	rec	4045.40	4047.18
177	23	إِلَيْهِ	إِلَيْهِم	0.80	0.94	rec	4047.54	4048.26
177	24	بِإِحْسَٰنٍۢۗ	حسَانٍّ	0.67	0.87	rec	4048.68	4049.66
177	25	ذَٰلِكَ	ذَٰلِكَ	1.00	1.00	rec	4050.40	4051.02
177	26	تَخْفِيفٌۭ	تَخْفِيفٌ	1.00	0.99	rec	4051.14	4052.08
177	27	مِّن	مِنْ	1.00	1.00	rec	4052.74	4052.94
177	28	رَّبِّكُمْ	رَبِّكُمْ	1.00	1.00	rec	4053.00	4053.78
177	29	وَرَحْمَةٌۭۗ	وَرَحْمَةٌ	1.00	0.95	rec	4053.88	4054.64
177	30	فَمَنِ	فَمَنِ	1.00	0.90	rec	4055.38	4055.80
177	31	ٱعْتَدَىٰ	اعْتَدَىٰ	1.00	1.00	rec	4055.84	4056.38
177	32	بَعْدَ	بَعْدَ	1.00	1.00	rec	4056.66	4057.02
177	33	ذَٰلِكَ	ذَٰلِكَ	1.00	1.00	rec	4057.14	4057.78
177	34	فَلَهُۥ	فَلَهُ	1.00	1.00	rec	4057.90	4058.36
177	35	عَذَابٌ	عَذَابٌ	1.00	1.00	rec	4058.58	4059.56
177	36	أَلِيمٌۭ	أَلِيمٌ	1.00	1.00	rec	4059.92	4061.12
178	0	وَلَكُمْ	وَلَكُمْ	1.00	1.00	rec	4062.58	4063.40
178	1	فِى	فِي	1.00	0.84	rec	4063.52	4063.62
178	2	ٱلْقِصَاصِ	الْقِصَاصِ	1.00	1.00	rec	4063.66	4064.70
178	3	حَيَوٰةٌۭ	حَيَاةٌ	0.80	1.00	rec	4064.88	4065.74
178	4	يَٰٓأُو۟لِى	يَا+أُولِي	1.00	0.80	rec	4066.56	4067.74
178	5	ٱلْأَلْبَٰبِ	الْأَلْبَابِ	1.00	1.00	rec	4067.80	4068.80
178	6	لَعَلَّكُمْ	لَعَلَّكُمْ	1.00	1.00	rec	4068.94	4070.10
178	7	تَتَّقُونَ	تَتَّقُونَ	1.00	1.00	rec	4070.20	4072.00
179	0	كُتِبَ	كُتِبَ	1.00	1.00	rec	4072.94	4073.36
179	1	عَلَيْكُمْ	عَلَيْكُمْ	1.00	1.00	rec	4073.48	4074.46
179	2	إِذَا	إِذَا	1.00	1.00	rec	4074.56	4074.92
179	3	حَضَرَ	حَضَرَ	1.00	1.00	rec	4075.32	4075.84
179	4	أَحَدَكُمُ	أَحَدَكُمُ	1.00	1.00	rec	4076.02	4077.00
179	5	ٱلْمَوْتُ	الْمَوْتُ	1.00	1.00	rec	4077.08	4077.78
179	6	إِن	إِنْ	1.00	1.00	rec	4077.94	4078.74
179	7	تَرَكَ	تَرَكَ	1.00	1.00	rec	4078.90	4079.48
179	8	خَيْرًا	خَيْرًا	1.00	1.00	rec	4079.72	4080.26
179	9	ٱلْوَصِيَّةُ	الْوَصِيَّةُ	1.00	0.99	rec	4080.48	4081.74
179	10	لِلْوَٰلِدَيْنِ	لِلْوَالِدَيْنِ	1.00	0.98	rec	4081.86	4083.18
179	11	وَٱلْأَقْرَبِينَ	وَالْأَقْرَبِينَ	1.00	1.00	rec	4083.30	4084.58
179	12	بِٱلْمَعْرُوفِۖ	بِالْمَعْرُوفِ	1.00	0.99	rec	4084.68	4085.92
179	13	حَقًّا	قًا	0.67	0.99	rec	4086.48	4086.58
179	14	عَلَى	عَلَى	1.00	1.00	rec	4086.88	4087.14
179	15	ٱلْمُتَّقِينَ	الْمُتَّقِينَ	1.00	1.00	rec	4087.16	4089.38
180	0	فَمَنۢ	فَمَنْ	1.00	1.00	rec	4090.28	4091.26
180	1	بَدَّلَهُۥ	بَدَّلَهُ	1.00	0.99	rec	4091.32	4092.04
180	2	بَعۡدَ	بَعْدَ	1.00	1.00	rec	4092.30	4092.70
180	3	مَا	مَا	1.00	1.00	rec	4092.82	4092.94
180	4	سَمِعَهُۥ	سَمِعَهُ	1.00	0.92	rec	4093.20	4093.92
180	5	فَإِنَّمَآ	فَإِنَّمَا	1.00	1.00	rec	4094.28	4095.38
180	6	إِثْمُهُۥ	إِثْمُهُ	1.00	1.00	rec	4095.78	4096.50
180	7	عَلَى	عَلَى	1.00	1.00	rec	4096.82	4097.08
180	8	ٱلَّذِينَ	الَّذِينَ	1.00	1.00	rec	4097.12	4098.14
180	9	يُبَدِّلُونَهُۥٓۚ	يُبَدِّلُونَهُ	1.00	1.00	rec	4098.22	4099.48
180	10	إِنَّ	إِنَّ	1.00	1.00	rec	4100.18	4101.10
180	11	ٱللَّهَ	اللَّهَ	1.00	0.92	rec	4101.14	4101.86
180	12	سَمِيعٌ	سَمِيعٌ	1.00	1.00	rec	4102.02	4102.78
180	13	عَلِيمٌۭ	عَلِيمٌ	1.00	1.00	rec	4103.22	4104.22
181	0	فَمَنْ	فَمَنْ	1.00	0.98	rec	4104.94	4105.44
181	1	خَافَ	خَافَ	1.00	1.00	rec	4105.56	4106.20
181	2	مِن	مِنْ	1.00	1.00	rec	4106.32	4106.74
181	3	مُّوصٍۢ	مُوصٍ	1.00	0.95	rec	4106.80	4107.40
181	4	جَنَفًا	جَنَفًا	1.00	0.99	rec	4108.08	4108.60
181	5	أَوْ	أَوْ	1.00	1.00	rec	4108.90	4109.12
181	6	إِثْمًۭا	إِثْمًا	1.00	1.00	rec	4109.20	4109.62
181	7	فَأَصْلَحَ	فَأَصْلَحَ	1.00	1.00	rec	4110.20	4110.98
181	8	بَيْنَهُمْ	بَيْنَهُمْ	1.00	1.00	rec	4111.10	4111.94
181	9	فَلَآ	فَلَا	1.00	1.00	rec	4112.06	4112.38
181	10	إِثْمَ	إِثْمَ	1.00	1.00	rec	4112.74	4113.18
181	11	عَلَيْهِۚ	عَلَيْهِ	1.00	1.00	rec	4113.30	4114.20
181	12	إِنَّ	إِنَّ	1.00	1.00	rec	4114.88	4115.80
181	13	ٱللَّهَ	اللَّهَ	1.00	0.97	rec	4115.86	4116.64
181	14	غَفُورٌۭ	غَفُورٌ	1.00	1.00	rec	4116.78	4117.76
181	15	رَّحِيمٌۭ	رَحِيمٌ	1.00	1.00	rec	4118.02	4119.30
182	0	يَٰٓأَيُّهَا	يَا+أَيُّهَا	1.00	0.99	rec	4120.22	4121.42
182	1	ٱلَّذِينَ	الَّذِينَ	1.00	1.00	rec	4121.46	4122.28
182	2	ءَامَنُوا۟	آمَنُوا	0.83	1.00	rec	4122.40	4123.08
182	3	كُتِبَ	كُتِبَ	1.00	1.00	rec	4123.48	4123.98
182	4	عَلَيْكُمُ	عَلَيْكُمُ	1.00	1.00	rec	4124.14	4125.00
182	5	ٱلصِّيَامُ	الصِّيَابُ	0.83	1.00	rec	4125.08	4126.08
182	6	كَمَا	كَمَا	1.00	0.94	rec	4126.34	4126.66
182	7	كُتِبَ	كُتِبَ	1.00	1.00	rec	4127.06	4127.54
182	8	عَلَى	عَلَى	1.00	1.00	rec	4127.68	4127.96
182	9	ٱلَّذِينَ	الَّذِينَ	1.00	0.94	rec	4128.00	4128.76
182	10	مِن	مِنْ	1.00	1.00	rec	4128.88	4129.40
182	11	قَبْلِكُمْ	قَبْلِكُمْ	1.00	1.00	rec	4129.54	4130.42
182	12	لَعَلَّكُمْ	لَعَلَّكُمْ	1.00	1.00	rec	4130.50	4131.60
182	13	تَتَّقُونَ	تَتَّقُونَ	1.00	1.00	rec	4131.72	4133.60
183	0	أَيَّامًۭا	أَيَّامًا	1.00	1.00	rec	4134.34	4135.34
183	1	مَّعْدُودَٰتٍۢۚ	مَعْدُودَاتٍ	1.00	1.00	rec	4135.98	4137.80
183	2	فَمَن	فَمَنْ	1.00	1.00	rec	4138.60	4139.66
183	3	كَانَ	كَانَ	1.00	0.96	rec	4139.78	4140.32
183	4	مِنكُم	مِنْكُمْ	1.00	1.00	rec	4140.46	4141.78
183	5	مَّرِيضًا	مَرِيضًا	1.00	1.00	rec	4141.84	4142.54
183	6	أَوْ	أَوْ	1.00	1.00	rec	4142.84	4143.10
183	7	عَلَىٰ	عَلَىٰ	1.00	1.00	rec	4143.18	4143.52
183	8	سَفَرٍۢ	سَفَرٍ	1.00	1.00	rec	4143.88	4144.40
183	9	فَعِدَّةٌۭ	فَعِدَّةٌ	1.00	1.00	rec	4144.96	4145.86
183	10	مِّنْ	مِنْ	1.00	1.00	rec	4146.46	4146.74
183	11	أَيَّامٍ	أَيَّامٍ	1.00	0.98	rec	4146.82	4147.76
183	12	أُخَرَۚ	أُخَرَ	1.00	0.93	rec	4148.10	4148.64
183	13	وَعَلَى	وَعَلَى	1.00	1.00	rec	4149.52	4149.92
183	14	ٱلَّذِينَ	الَّذِينَ	1.00	1.00	rec	4149.96	4150.66
183	15	يُطِيقُونَهُۥ	يُطِيقُونَهُ	1.00	1.00	rec	4150.76	4152.06
183	16	فِدْيَةٌۭ	فِدْيَةٌ	1.00	1.00	rec	4152.48	4153.10
183	17	طَعَامُ	طَعَامُ	1.00	0.85	rec	4153.68	4154.42
183	18	مِسْكِينٍۢۖ	مِسْكِينَ	1.00	0.98	rec	4154.56	4156.08
183	19	فَمَن	فَمَنْ	1.00	1.00	rec	4156.72	4157.46
183	20	تَطَوَّعَ	تَطَوَّعَ	1.00	1.00	rec	4157.58	4158.38
183	21	خَيْرًۭا	خَيْرًا	1.00	0.92	rec	4158.58	4159.04
183	22	فَهُوَ	فَهُوَ	1.00	1.00	rec	4159.60	4160.00
183	23	خَيْرٌۭ	خَيْرٌ	1.00	1.00	rec	4160.18	4160.66
183	24	لَّهُۥۚ	لَهُ	1.00	1.00	rec	4160.98	4161.24
183	25	وَأَن	وَأَنْ	1.00	1.00	rec	4162.02	4162.98
183	26	تَصُومُوا۟	تَ+صُومُوا	1.00	1.00	rec	4163.10	4163.94
183	27	خَيْرٌۭ	خَيْرٌ	1.00	1.00	rec	4164.36	4164.86
183	28	لَّكُمْۖ	لَكُمْ	1.00	1.00	rec	4165.12	4165.68
183	29	إِن	إِنْ	1.00	0.95	rec	4165.80	4166.50
183	30	كُنتُمْ	كُنْتُمْ	1.00	1.00	rec	4166.62	4167.86
183	31	تَعْلَمُونَ	تَعْلَمُونَ	1.00	1.00	rec	4167.98	4169.68
184	0	شَهْرُ	شَهْرُ	1.00	1.00	rec	4170.54	4170.92
184	1	رَمَضَانَ	رَمَضَعَنَا	0.67	0.97	rec	4171.04	4172.10
184	2	ٱلَّذِىٓ	الَّذِي	1.00	1.00	rec	4172.14	4172.66
184	3	أُنزِلَ	أُنْزِلَ	1.00	1.00	rec	4173.10	4174.14
184	4	فِيهِ	فِيهِ	1.00	1.00	rec	4174.34	4174.84
184	5	ٱلْقُرْءَانُ	الْقُرْآنُ	0.86	1.00	rec	4174.90	4176.14
184	6	هُدًۭى	هُدًى	1.00	1.00	rec	4176.34	4176.64
184	7	لِّلنَّاسِ	لِلنَّاسِ	1.00	1.00	rec	4179.78	4181.22
184	8	وَبَيِّنَٰتٍۢ	وَبَيِّنَاتٍ	1.00	1.00	rec	4181.34	4182.78
184	9	مِّنَ	مِنَ	1.00	1.00	rec	4183.30	4183.54
184	10	ٱلْهُدَىٰ	الْهُدَىٰ	1.00	1.00	rec	4183.60	4184.20
184	11	وَٱلْفُرْقَانِۚ	وَالْفُرْقَانَ	1.00	0.95	rec	4184.60	4186.28
184	12	فَمَن	فَمَنْ	1.00	1.00	rec	4186.94	4187.84
184	13	شَهِدَ	شَهِدَ	1.00	0.99	rec	4187.94	4188.40
184	14	مِنكُمُ	مِنْكُمُ	1.00	1.00	rec	4188.52	4189.48
184	15	ٱلشَّهْرَ	الشَّهْرَ	1.00	1.00	rec	4189.56	4190.18
184	16	فَلْيَصُمْهُۖ	فَلْيَصُمْ	0.83	0.88	rec	4190.38	4191.24
184	17	وَمَن	وَمَنْ	1.00	1.00	rec	4192.14	4193.10
184	18	كَانَ	كَانَ	1.00	1.00	rec	4193.24	4193.82
184	19	مَرِيضًا	مَرِيضًا	1.00	1.00	rec	4193.94	4194.70
184	20	أَوْ	أَوْ	1.00	1.00	rec	4194.94	4195.14
184	21	عَلَىٰ	عَلَىٰ	1.00	1.00	rec	4195.22	4195.54
184	22	سَفَرٍۢ	سَفَرٍ	1.00	0.98	rec	4195.80	4196.32
184	23	فَعِدَّةٌۭ	فَعِدَّةٌ	1.00	1.00	rec	4197.06	4197.92
184	24	مِّنْ	مِنْ	1.00	1.00	rec	4198.48	4198.74
184	25	أَيَّامٍ	أَيَّامٍ	1.00	1.00	rec	4198.82	4199.80
184	26	أُخَرَۗ	أُخَرَ	1.00	1.00	rec	4200.10	4200.62
184	27	يُرِيدُ	يُرِيدُ	1.00	1.00	rec	4201.32	4201.90
184	28	ٱللَّهُ	اللَّهُ	1.00	1.00	rec	4201.98	4202.74
184	29	بِكُمُ	بِكُمُ	1.00	1.00	rec	4202.90	4203.40
184	30	ٱلْيُسْرَ	الْيُسْرَ	1.00	1.00	rec	4203.46	4204.12
184	31	وَلَا	وَلَا	1.00	1.00	rec	4204.26	4204.58
184	32	يُرِيدُ	يُرِيدُ	1.00	1.00	rec	4204.84	4205.52
184	33	بِكُمُ	بِكُمُ	1.00	0.97	rec	4205.64	4206.12
184	34	ٱلْعُسْرَ	الْعُسْرَ	1.00	0.99	rec	4206.20	4206.94
184	35	وَلِتُكْمِلُوا۟	وَلِتُكْمِلُوا	1.00	0.96	rec	4207.62	4208.60
184	36	ٱلْعِدَّةَ	الْعِدَّةَ	1.00	0.93	rec	4208.64	4209.58
184	37	وَلِتُكَبِّرُوا۟	وَلِتُكَبِّرُوا	1.00	1.00	rec	4209.70	4210.94
184	38	ٱللَّهَ	اللَّهَ	1.00	1.00	rec	4210.98	4211.72
184	39	عَلَىٰ	عَلَىٰ	1.00	1.00	rec	4211.86	4212.20
184	40	مَا	مَا	1.00	1.00	rec	4212.48	4212.60
184	41	هَدَىٰكُمْ	هَدَاكُمْ	0.83	1.00	rec	4212.86	4213.78
184	42	وَلَعَلَّكُمْ	وَلَعَلَّكُمْ	1.00	1.00	rec	4213.88	4215.16
184	43	تَشْكُرُونَ	تَشْكُرُونَ	1.00	1.00	rec	4215.30	4217.30
185	0	وَإِذَا	وَإِذْ	0.75	0.94	rec	4218.08	4218.58
185	1	سَأَلَكَ	عَسَأَ+لَكَ	0.80	0.99	rec	4218.70	4219.92
185	2	عِبَادِى	عِبَادِي	1.00	1.00	rec	4220.08	4220.92
185	3	عَنِّى	عَنِّي	1.00	1.00	rec	4221.30	4222.46
185	4	فَإِنِّى	فَإِنِّي	1.00	1.00	rec	4222.98	4224.48
185	5	قَرِيبٌۖ	قَرِيبٌ	1.00	0.95	rec	4229.36	4230.06
185	6	أُجِيبُ	أُجِيبُ	1.00	1.00	rec	4230.40	4231.10
185	7	دَعْوَةَ	دَعْوَةَ	1.00	1.00	rec	4231.26	4231.98
185	8	ٱلدَّاعِ	الدَّاعِي	0.83	1.00	rec	4232.06	4232.96
185	9	إِذَا	إِذَا	1.00	1.00	rec	4233.38	4233.74
185	10	دَعَانِۖ	دَعَانِ	1.00	1.00	rec	4234.06	4235.40
185	11	فَلْيَسْتَجِيبُوا۟	فَلْيَسْتَجِيبُوا	1.00	0.97	rec	4236.02	4237.46
185	12	لِى	لِي	1.00	1.00	rec	4237.82	4237.92
185	13	وَلْيُؤْمِنُوا۟	وَلْيُؤْمِنُوا	1.00	1.00	rec	4238.28	4239.34
185	14	بِى	بِي	1.00	1.00	rec	4239.70	4239.84
185	15	لَعَلَّهُمْ	لَعَلَّهُمْ	1.00	1.00	rec	4240.14	4241.30
185	16	يَرْشُدُونَ	يَرْشُدُونَ	1.00	1.00	rec	4241.46	4243.28
186	0	أُحِلَّ	أُحِلَّ	1.00	1.00	rec	4243.94	4244.54
186	1	لَكُمْ	لَكُمْ	1.00	1.00	rec	4244.64	4245.08
186	2	لَيْلَةَ	لَيْلَةَ	1.00	1.00	rec	4245.16	4245.70
186	3	ٱلصِّيَامِ	الصِّيَامِ	1.00	0.99	rec	4245.76	4246.54
186	4	ٱلرَّفَثُ	الرَّفَثُ	1.00	1.00	rec	4246.60	4247.30
186	5	إِلَىٰ	إِلَىٰ	1.00	1.00	rec	4247.42	4247.70
186	6	نِسَآئِكُمْۚ	نِسَائِكُمْ	1.00	0.99	rec	4247.86	4250.80
186	7	هُنَّ	هُنَّ	1.00	0.99	rec	4251.44	4252.46
186	8	لِبَاسٌۭ	لِبَعَاسٌ	0.80	0.93	rec	4252.60	4253.38
186	9	لَّكُمْ	لَكُمْ	1.00	1.00	rec	4253.62	4254.08
186	10	وَأَنتُمْ	وَأَنْتُمْ	1.00	1.00	rec	4254.20	4255.52
186	11	لِبَاسٌۭ	لِبَعَاسٌ	0.80	0.99	rec	4255.62	4256.58
186	12	لَّهُنَّۗ	لَهُنَّ	1.00	0.99	rec	4256.82	4257.98
186	13	عَلِمَ	عَلِمَ	1.00	1.00	rec	4258.52	4258.98
186	14	ٱللَّهُ	اللَّهُ	1.00	1.00	rec	4259.04	4259.68
186	15	أَنَّكُمْ	أَنَّكُمْ	1.00	1.00	rec	4259.82	4260.80
186	16	كُنتُمْ	كُنْتُمْ	1.00	1.00	rec	4260.94	4262.04
186	17	تَخْتَانُونَ	تَخْتَعْنُونَ	0.86	0.93	rec	4262.18	4263.30
186	18	أَنفُسَكُمْ	أَنْفُسَكُمْ	1.00	0.95	rec	4263.42	4264.86
186	19	فَتَابَ	فَتَابَ	1.00	1.00	rec	4264.98	4265.70
186	20	عَلَيْكُمْ	عَلَيْكُمْ	1.00	1.00	rec	4265.84	4266.82
186	21	وَعَفَا	وَعَفَا	1.00	0.99	rec	4266.92	4267.46
186	22	عَنكُمْۖ	عَنْكُمْ	1.00	1.00	rec	4267.76	4268.94
186	23	فَٱلْـَٰٔنَ	فَالْأَعَنَ	0.83	0.84	rec	4269.76	4270.36
186	24	بَٰشِرُوهُنَّ	بَاشِرُوهُنَّ	1.00	0.97	rec	4270.52	4272.68
186	25	وَٱبْتَغُوا۟	وَابْتَغُوا	1.00	0.97	rec	4272.80	4273.54
186	26	مَا	مَا	1.00	0.99	rec	4273.84	4273.98
186	27	كَتَبَ	كَتَبَ	1.00	0.93	rec	4274.40	4274.90
186	28	ٱللَّهُ	اللَّعْهُ	0.80	0.89	rec	4274.96	4275.84
186	29	لَكُمْۚ	لَكُمْ	1.00	1.00	rec	4275.96	4276.36
186	30	وَكُلُوا۟	وَكُلُوا	1.00	1.00	rec	4277.02	4277.52
186	31	وَٱشْرَبُوا۟	وَاشْرَبُوا	1.00	1.00	rec	4277.80	4278.54
186	32	حَتَّىٰ	حَتَّىٰ	1.00	0.99	rec	4278.90	4279.42
186	33	يَتَبَيَّنَ	يَتَبَيَّنَ	1.00	1.00	rec	4279.78	4280.96
186	34	لَكُمُ	لَكُمُ	1.00	1.00	rec	4281.06	4281.58
186	35	ٱلْخَيْطُ	الْخَيْطُ	1.00	1.00	rec	4281.66	4282.52
186	36	ٱلْأَبْيَضُ	الْأَبْيَضُ	1.00	1.00	rec	4282.58	4283.54
186	37	مِنَ	مِنَ	1.00	1.00	rec	4283.66	4283.90
186	38	ٱلْخَيْطِ	الْخَيْطِ	1.00	1.00	rec	4283.96	4284.84
186	39	ٱلْأَسْوَدِ	الْأَسْوَدِ	1.00	1.00	rec	4284.88	4285.78
186	40	مِنَ	مِنَ	1.00	0.99	rec	4285.92	4286.14
186	41	ٱلْفَجْرِۖ	الْفَجْرِ	1.00	1.00	rec	4286.20	4286.96
186	42	ثُمَّ	ثُمَّ	1.00	1.00	rec	4287.60	4288.60
186	43	أَتِمُّوا۟	أَتِمُّ	0.60	1.00	rec	4288.72	4289.98
186	44	ٱلصِّيَامَ	الصِّيَامَ	1.00	0.99	rec	4290.04	4291.00
186	45	إِلَى	إِلَى	1.00	1.00	rec	4291.14	4291.38
186	46	ٱلَّيْلِۚ	اللَّيْلِ	0.80	0.99	rec	4291.42	4292.68
186	47	وَلَا	وَلَا	1.00	0.95	rec	4293.14	4293.40
186	48	تُبَٰشِرُوهُنَّ	تُبَاشِرُوهُنَّ	1.00	0.96	rec	4293.64	4295.70
186	49	وَأَنتُمْ	وَأَنْتُمْ	1.00	1.00	rec	4295.80	4297.10
186	50	عَٰكِفُونَ	عَاكِفُونَ	1.00	1.00	rec	4297.18	4298.40
186	51	فِى	فِي	1.00	1.00	rec	4298.54	4298.66
186	52	ٱلْمَسَٰجِدِۗ	الْمَسَاجِدِ	1.00	1.00	rec	4298.72	4300.10
186	53	تِلْكَ	تِلْكَ	1.00	1.00	rec	4300.76	4301.26
186	54	حُدُودُ	حُدُودُ	1.00	1.00	rec	4301.42	4302.18
186	55	ٱللَّهِ	الْععَاهِ	0.50	0.87	rec	4302.26	4303.22
186	56	فَلَا	فَلَا	1.00	1.00	rec	4303.38	4303.70
186	57	تَقْرَبُوهَاۗ	تَقْرَبُوهَا	1.00	0.97	rec	4304.04	4305.26
186	58	كَذَٰلِكَ	كَذَٰلِكَ	1.00	1.00	rec	4306.32	4307.16
186	59	يُبَيِّنُ	يُبَيِّنُ	1.00	1.00	rec	4307.28	4308.10
186	60	ٱللَّهُ	اللَّهُ	1.00	1.00	rec	4308.16	4308.82
186	61	ءَايَٰتِهِۦ	آيَاتِهِ	0.83	1.00	rec	4309.00	4310.04
186	62	لِلنَّاسِ	لِلنَّاسِ	1.00	0.92	rec	4310.34	4311.90
186	63	لَعَلَّهُمْ	لَعَلَّهُمْ	1.00	1.00	rec	4312.02	4312.96
186	64	يَتَّقُونَ	يَتَّقُونَ	1.00	1.00	rec	4313.06	4315.14
187	0	وَلَا	وَلَا	1.00	1.00	rec	4316.52	4316.78
187	1	تَأْكُلُوٓا۟	تَأْكُلُوا	1.00	1.00	rec	4317.06	4317.76
187	2	أَمْوَٰلَكُم	أَمْوَعَلَكُمْ	0.86	1.00	rec	4318.24	4319.84
187	3	بَيْنَكُم	بَيْنَكُمْ	1.00	1.00	rec	4319.92	4321.14
187	4	بِٱلْبَٰطِلِ	بِالْبَاطِلِ	1.00	1.00	rec	4321.20	4322.24
187	5	وَتُدْلُوا۟	وَتُدْلُوا	1.00	0.99	rec	4322.36	4323.10
187	6	بِهَآ	بِهَا	1.00	1.00	rec	4323.40	4323.74
187	7	إِلَى	إِلَى	1.00	0.99	rec	4324.24	4324.50
187	8	ٱلْحُكَّامِ	الْحُقِ+كَامِلِ	0.75	0.91	rec	4324.54	4325.96
187	9	لِتَأْكُلُوا۟	تَأْكُلُوا	0.86	1.00	rec	4326.14	4326.80
187	10	فَرِيقًۭا	فَرِيقًا	1.00	1.00	rec	4327.10	4327.80
187	11	مِّنْ	مِنْ	1.00	1.00	rec	4328.32	4328.56
187	12	أَمْوَٰلِ	أَمْوَالِ	1.00	1.00	rec	4328.64	4329.44
187	13	ٱلنَّاسِ	النَّاسِ	1.00	0.94	rec	4329.48	4330.68
187	14	بِٱلْإِثْمِ	بِالْإِثْمِ	1.00	1.00	rec	4330.80	4331.60
187	15	وَأَنتُمْ	وَأَنْتُمْ	1.00	1.00	rec	4331.76	4333.20
187	16	تَعْلَمُونَ	تَعْلَمُونَ	1.00	1.00	rec	4333.34	4334.98
188	0	يَسْـَٔلُونَكَ	يَسْأَلُونَكَ	0.86	1.00	rec	4336.16	4337.36
188	1	عَنِ	عَنِ	1.00	1.00	rec	4337.50	4337.80
188	2	ٱلْأَهِلَّةِۖ	الْأَهِلَّةِ	1.00	0.98	rec	4337.84	4339.12
188	3	قُلْ	قُلْ	1.00	1.00	rec	4339.32	4339.60
188	4	هِىَ	هِيَ	1.00	1.00	rec	4339.70	4339.98
188	5	مَوَٰقِيتُ	مَوَاقِيتُ	1.00	1.00	rec	4340.12	4341.46
188	6	لِلنَّاسِ	لِلنَّاسِ	1.00	0.99	rec	4341.60	4343.18
188	7	وَٱلْحَجِّۗ	وَالْحَجِّْ+جِّ	0.83	0.57	rec	4343.30	4344.26
188	8	وَلَيْسَ	وَلَيْسَ	1.00	0.93	rec	4345.02	4345.72
188	9	ٱلْبِرُّ	الْبِرُّ	1.00	1.00	rec	4345.78	4346.46
188	10	بِأَن	بِأَنْ	1.00	1.00	rec	4346.64	4347.68
188	11	تَأْتُوا۟	تَأْتُوا	1.00	0.93	rec	4347.82	4348.28
188	12	ٱلْبُيُوتَ	الْبُيُوتَ	1.00	0.99	rec	4348.32	4349.20
188	13	مِن	مِنْ	1.00	1.00	rec	4349.32	4349.94
188	14	ظُهُورِهَا	ظُهُورِهَا	1.00	1.00	rec	4350.00	4351.10
188	15	وَلَٰكِنَّ	وَلَـٰكِنَّ	1.00	1.00	rec	4352.14	4353.70
188	16	ٱلْبِرَّ	الْبِرَّ	1.00	0.92	rec	4353.76	4354.40
188	17	مَنِ	مَنِ	1.00	1.00	rec	4354.52	4354.76
188	18	ٱتَّقَىٰۗ	اتَّقَىٰ	1.00	0.95	rec	4354.82	4355.38
188	19	وَأْتُوا۟	وَأْتُوا	1.00	0.98	rec	4355.82	4356.32
188	20	ٱلْبُيُوتَ	الْبُيُوتَ	1.00	1.00	rec	4356.36	4357.24
188	21	مِنْ	مِنْ	1.00	1.00	rec	4357.36	4357.66
188	22	أَبْوَٰبِهَاۚ	أَبْوَابِهَا	1.00	0.93	rec	4357.74	4358.84
188	23	وَٱتَّقُوا۟	وَاتَّقُوا	1.00	0.96	rec	4359.22	4359.88
188	24	ٱللَّهَ	اللَّهَ	1.00	0.98	rec	4359.92	4360.62
188	25	لَعَلَّكُمْ	لَعَلَّكُمْ	1.00	1.00	rec	4360.76	4361.82
188	26	تُفْلِحُونَ	تُفْلِحُونَ	1.00	1.00	rec	4361.96	4364.14
189	0	وَقَٰتِلُوا۟	وَقَاتِلُوا	1.00	1.00	rec	4365.36	4366.30
189	1	فِى	فِي	1.00	1.00	rec	4366.62	4366.76
189	2	سَبِيلِ	سَبِيلِ	1.00	1.00	rec	4367.04	4367.72
189	3	ٱللَّهِ	اللَّهِ	1.00	1.00	rec	4367.78	4368.54
189	4	ٱلَّذِينَ	الَّذِينَ	1.00	1.00	rec	4368.60	4369.48
189	5	يُقَٰتِلُونَكُمْ	يُقَاتِلُونَكُمْ	1.00	1.00	rec	4369.58	4371.32
189	6	وَلَا	وَلَا	1.00	1.00	rec	4371.42	4371.74
189	7	تَعْتَدُوٓا۟ۚ	تَعْتَدُوَ	0.83	0.99	rec	4372.10	4373.10
189	8	إِنَّ	إِنَّ	1.00	1.00	rec	4373.70	4374.56
189	9	ٱللَّهَ	اللَّهَ	1.00	0.98	rec	4374.60	4375.26
189	10	لَا	لَا	1.00	0.85	rec	4375.40	4375.52
189	11	يُحِبُّ	يُحِبُّالْم	0.50	0.97	rec	4375.76	4376.82
189	12	ٱلْمُعْتَدِينَ	تَدِينِ	0.50	0.93	rec	4377.22	4378.46
190	0	وَٱقْتُلُوهُمْ	وَاقْتُلُوهُمْ	1.00	0.95	rec	4379.12	4380.42
190	1	حَيْثُ	حَيْثُ	1.00	1.00	rec	4380.56	4381.02
190	2	ثَقِفْتُمُوهُمْ	ثَقِفْتُمُوهُمْ	1.00	1.00	rec	4381.18	4382.88
190	3	وَأَخْرِجُوهُم	وَأَخْرِجُوهُمْ	1.00	1.00	rec	4383.78	4385.64
190	4	مِّنْ	مِنْ	1.00	1.00	rec	4385.70	4385.98
190	5	حَيْثُ	حَيْثُ	1.00	0.95	rec	4386.08	4386.60
190	6	أَخْرَجُوكُمْۚ	أَخْرَجُوكُمْ	1.00	0.99	rec	4386.72	4388.30
190	7	وَٱلْفِتْنَةُ	وَالْفِتْنَةُ	1.00	1.00	rec	4388.84	4389.90
190	8	أَشَدُّ	أَشَدُّ	1.00	1.00	rec	4390.02	4390.74
190	9	مِنَ	مِنَ	1.00	1.00	rec	4390.94	4391.20
190	10	ٱلْقَتْلِۚ	الْقَتْلِ	1.00	1.00	rec	4391.26	4391.96
190	11	وَلَا	وَلَا	1.00	1.00	rec	4392.56	4392.86
190	12	تُقَٰتِلُوهُمْ	تُقَاتِلُوهُمْ	1.00	1.00	rec	4393.16	4394.68
190	13	عِندَ	عِنْدَ	1.00	1.00	rec	4394.78	4395.48
190	14	ٱلْمَسْجِدِ	الْمَسْجِدِ	1.00	1.00	rec	4395.52	4396.40
190	15	ٱلْحَرَامِ	الْحَرَامِ	1.00	0.97	rec	4396.46	4397.50
190	16	حَتَّىٰ	حَتَّىٰ	1.00	1.00	rec	4397.68	4398.16
190	17	يُقَٰتِلُوكُمْ	يُقَاتِلُوكُمْ	1.00	1.00	rec	4398.40	4400.22
190	18	فِيهِۖ	فِيهِ	1.00	1.00	rec	4400.38	4401.26
190	19	فَإِن	فَإِنْ	1.00	1.00	rec	4401.90	4402.86
190	20	قَٰتَلُوكُمْ	قَاتَلُوكُمْ	1.00	0.98	rec	4402.98	4404.18
190	21	فَٱقْتُلُوهُمْۗ	فَاقْتُلُوهُمْ	1.00	0.96	rec	4404.30	4405.60
190	22	كَذَٰلِكَ	كَذَٰلِكَ	1.00	1.00	rec	4405.76	4406.58
190	23	جَزَآءُ	جَزَاءُ	1.00	0.99	rec	4406.70	4408.44
190	24	ٱلْكَٰفِرِينَ	الْكَافِرِينَ	1.00	1.00	rec	4408.50	4410.32
191	0	فَإِنِ	فَإِنِ	1.00	1.00	rec	4410.86	4411.30
191	1	ٱنتَهَوْا۟	انْتَهَوْا	1.00	0.99	rec	4411.36	4412.50
191	2	فَإِنَّ	فَإِنَّ	1.00	1.00	rec	4412.70	4413.66
191	3	ٱللَّهَ	اللَّهَ	1.00	1.00	rec	4413.70	4414.40
191	4	غَفُورٌۭ	غَفُورٌ	1.00	1.00	rec	4414.54	4415.44
191	5	رَّحِيمٌۭ	رَحِيمٌ	1.00	1.00	rec	4415.66	4417.02
192	0	وَقَٰتِلُوهُمْ	وَقَاتِلُوهُمْ	1.00	1.00	rec	4417.66	4419.12
192	1	حَتَّىٰ	حَتَّىٰ	1.00	1.00	rec	4419.24	4419.70
192	2	لَا	لَا	1.00	1.00	rec	4420.00	4420.10
192	3	تَكُونَ	تَكُونَ	1.00	1.00	rec	4420.38	4421.02
192	4	فِتْنَةٌۭ	فِتْنَةٌ	1.00	1.00	rec	4421.18	4421.82
192	5	وَيَكُونَ	وَيَكُونَ	1.00	1.00	rec	4422.50	4423.38
192	6	ٱلدِّينُ	الدِّينُ	1.00	1.00	rec	4423.44	4424.14
192	7	لِلَّهِۖ	لِلَّهِ	1.00	1.00	rec	4424.28	4425.42
192	8	فَإِنِ	فَإِنِ	1.00	1.00	rec	4426.12	4426.56
192	9	ٱنتَهَوْا۟	انْتَهَوْا	1.00	1.00	rec	4426.62	4427.80
192	10	فَلَا	فَلَا	1.00	0.99	rec	4428.00	4428.32
192	11	عُدْوَٰنَ	عُدْوَانَ	1.00	0.97	rec	4428.64	4429.46
192	12	إِلَّا	إِلَّا	1.00	0.99	rec	4429.60	4430.08
192	13	عَلَى	عَلَى	1.00	0.99	rec	4430.36	4430.64
192	14	ٱلظَّٰلِمِينَ	الظَّالِمِينَ	1.00	1.00	rec	4430.68	4432.56
193	0	ٱلشَّهْرُ	الشَّهْرُ	1.00	1.00	rec	4433.18	4433.86
193	1	ٱلْحَرَامُ	الْحَرَامُ	1.00	0.98	rec	4433.94	4434.86
193	2	بِٱلشَّهْرِ	بِالشَّهْرِ	1.00	0.95	rec	4434.96	4435.70
193	3	ٱلْحَرَامِ	الْحَرَامِ	1.00	1.00	rec	4435.76	4436.70
193	4	وَٱلْحُرُمَٰتُ	وَالْكُرُمَاتُ	0.88	0.95	rec	4436.84	4438.18
193	5	قِصَاصٌۭۚ	قِصَاصٌ	1.00	1.00	rec	4438.34	4439.74
193	6	فَمَنِ	فَمَنِ	1.00	1.00	rec	4440.50	4440.94
193	7	ٱعْتَدَىٰ	اعْتَدَىٰ	1.00	1.00	rec	4441.00	4441.60
193	8	عَلَيْكُمْ	عَلَيْكُمْ	1.00	1.00	rec	4441.94	4442.82
193	9	فَٱعْتَدُوا۟	فَاعْتَدُوا	1.00	0.96	rec	4442.96	4443.72
193	10	عَلَيْهِ	عَلَيْهِ	1.00	1.00	rec	4443.98	4444.66
193	11	بِمِثْلِ	بِمِثْلِ	1.00	1.00	rec	4444.80	4445.42
193	12	مَا	مَا	1.00	1.00	rec	4445.58	4445.68
193	13	ٱعْتَدَىٰ	اعْتَدَىٰ	1.00	0.98	rec	4445.72	4446.32
193	14	عَلَيْكُمْۚ	عَلَيْكُمْ	1.00	1.00	rec	4446.62	4447.80
193	15	وَٱتَّقُوا۟	وَاتَّقُوا	1.00	0.98	rec	4448.58	4449.18
193	16	ٱللَّهَ	اللَّهَ	1.00	1.00	rec	4449.26	4449.86
193	17	وَٱعْلَمُوٓا۟	وَاعْلَمُوَ	0.86	0.91	rec	4449.98	4451.48
193	18	أَنَّ	نَّ	0.50	1.00	rec	4452.18	4452.28
193	19	ٱللَّهَ	اللَّهَ	1.00	1.00	rec	4452.32	4453.30
193	20	مَعَ	مَعَ	1.00	1.00	rec	4453.42	4453.70
193	21	ٱلْمُتَّقِينَ	الْمُتَّقِينَ	1.00	1.00	rec	4453.76	4455.70
194	0	وَأَنفِقُوا۟	وَأَنْفِقُوا	1.00	0.97	rec	4456.70	4458.06
194	1	فِى	فِي	1.00	1.00	rec	4458.54	4458.68
194	2	سَبِيلِ	سَبِيلِ	1.00	1.00	rec	4458.94	4459.58
194	3	ٱللَّهِ	اللَّهِ	1.00	0.99	rec	4459.62	4460.30
194	4	وَلَا	وَلَا	1.00	1.00	rec	4460.42	4460.72
194	5	تُلْقُوا۟	تُلْقُوا	1.00	1.00	rec	4461.08	4461.62
194	6	بِأَيْدِيكُمْ	بِأَيْدِيكُمْ	1.00	1.00	rec	4461.88	4463.14
194	7	إِلَى	إِلَى	1.00	1.00	rec	4463.24	4463.50
194	8	ٱلتَّهْلُكَةِۛ	التَّهْلُكَةِ	1.00	0.99	rec	4463.54	4464.56
194	9	وَأَحْسِنُوٓا۟ۛ	وَأَحْسِنُوا	1.00	1.00	rec	4465.34	4466.14
194	10	إِنَّ	إِنَّ	1.00	0.98	rec	4466.44	4467.12
194	11	ٱللَّهَ	اللَّهَ	1.00	1.00	rec	4467.18	4467.98
194	12	يُحِبُّ	يُحِبُّ	1.00	1.00	rec	4468.08	4468.74
194	13	ٱلْمُحْسِنِينَ	الْمُحْسِنِينَ	1.00	1.00	rec	4468.80	4470.94
195	0	وَأَتِمُّوا۟	وَأَتِمُّو	0.83	0.95	rec	4471.50	4472.72
195	1	ٱلْحَجَّ	الْحَجَّ	1.00	0.99	rec	4472.78	4473.50
195	2	وَٱلْعُمْرَةَ	وَالْعُمْرَةَ	1.00	1.00	rec	4473.60	4474.64
195	3	لِلَّهِۚ	لِلَّهِ	1.00	1.00	rec	4474.74	4475.56
195	4	فَإِنْ	فَإِنْ	1.00	1.00	rec	4476.24	4476.70
195	5	أُحْصِرْتُمْ	أُحْصِرْتُمْ	1.00	1.00	rec	4476.76	4477.80
195	6	فَمَا	فَمَا	1.00	1.00	rec	4477.92	4478.20
195	7	ٱسْتَيْسَرَ	اسْتَيْسَرَ	1.00	0.94	rec	4478.24	4479.26
195	8	مِنَ	مِنَ	1.00	1.00	rec	4479.42	4479.66
195	9	ٱلْهَدْىِۖ	الْهَدْيِ	1.00	1.00	rec	4479.72	4480.52
195	10	وَلَا	وَلَا	1.00	1.00	rec	4481.16	4481.46
195	11	تَحْلِقُوا۟	تَحْلِقُوا	1.00	1.00	rec	4481.76	4482.46
195	12	رُءُوسَكُمْ	رُءُوسَكُمْ	1.00	1.00	rec	4482.74	4483.96
195	13	حَتَّىٰ	حَتَّىٰ	1.00	1.00	rec	4484.08	4484.58
195	14	يَبْلُغَ	يَبْلُغَ	1.00	0.92	rec	4484.86	4485.60
195	15	ٱلْهَدْىُ	الْهَدْيُ	1.00	1.00	rec	4485.66	4486.38
195	16	مَحِلَّهُۥۚ	مَحِلَّهُ	1.00	0.97	rec	4486.54	4487.46
195	17	فَمَن	فَمَنْ	1.00	1.00	rec	4488.12	4489.24
195	18	كَانَ	كَانَ	1.00	0.97	rec	4489.36	4489.90
195	19	مِنكُم	مِنْكُمْ	1.00	1.00	rec	4490.00	4491.44
195	20	مَّرِيضًا	مَرِيضًا	1.00	1.00	rec	4491.52	4492.26
195	21	أَوْ	أَوْ	1.00	1.00	rec	4492.56	4492.82
195	22	بِهِۦٓ	بِهِ	1.00	1.00	rec	4492.90	4493.22
195	23	أَذًۭى	أَذَنٌ	0.67	0.70	rec	4493.76	4494.16
195	24	مِّن	مِنْ	1.00	1.00	rec	4494.46	4494.70
195	25	رَّأْسِهِۦ	رَأْسِهِ	1.00	0.99	rec	4494.78	4495.46
195	26	فَفِدْيَةٌۭ	فَفِدْيَهْ	0.80	1.00	rec	4495.86	4496.72
195	27	مِّن	مِنْ	1.00	0.89	rec	4499.06	4499.58
195	28	صِيَامٍ	صِيَامٍ	1.00	1.00	rec	4499.68	4500.38
195	29	أَوْ	أَوْ	1.00	1.00	rec	4500.70	4500.94
195	30	صَدَقَةٍ	صَدَقَةٍ	1.00	1.00	rec	4501.06	4501.84
195	31	أَوْ	أَوْ	1.00	1.00	rec	4502.34	4502.60
195	32	نُسُكٍۢۚ	نُسُكَ	1.00	0.91	rec	4502.68	4503.28
195	33	فَإِذَآ	فَإِذَا	1.00	1.00	rec	4503.96	4504.54
195	34	أَمِنتُمْ	أَمِنْتُمْ	1.00	1.00	rec	4504.80	4506.04
195	35	فَمَن	فَمَنْ	1.00	1.00	rec	4506.16	4507.00
195	36	تَمَتَّعَ	تَمَتَّعَ	1.00	1.00	rec	4507.12	4508.00
195	37	بِٱلْعُمْرَةِ	بِالْعُمْرَةِ	1.00	1.00	rec	4508.16	4509.18
195	38	إِلَى	إِلَى	1.00	1.00	rec	4509.32	4509.58
195	39	ٱلْحَجِّ	الْحَيِّ	0.75	0.93	rec	4509.62	4510.32
195	40	فَمَا	فَمَا	1.00	1.00	rec	4510.50	4510.78
195	41	ٱسْتَيْسَرَ	اسْتَيْسَرَ	1.00	1.00	rec	4510.82	4511.74
195	42	مِنَ	مِنَ	1.00	1.00	rec	4511.88	4512.12
195	43	ٱلْهَدْىِۚ	الْهَدْيِ	1.00	0.99	rec	4512.16	4512.82
195	44	فَمَن	فَمَنْ	1.00	1.00	rec	4513.56	4513.94
195	45	لَّمْ	لَمْ	1.00	1.00	rec	4514.00	4514.22
195	46	يَجِدْ	يَجِدْ	1.00	1.00	rec	4514.32	4514.74
195	47	فَصِيَامُ	فَصِيَامُ	1.00	0.98	rec	4514.84	4515.66
195	48	ثَلَٰثَةِ	ثَلَاثَةِ	1.00	0.97	rec	4515.86	4516.74
195	49	أَيَّامٍۢ	أَيَّامٍ	1.00	1.00	rec	4516.86	4517.60
195	50	فِى	فِي	1.00	1.00	rec	4518.18	4518.28
195	51	ٱلْحَجِّ	الْحَجِْ	1.00	0.81	rec	4518.32	4518.82
195	52	وَسَبْعَةٍ	جِّوَسَبْعَةٍ	0.83	0.86	rec	4518.98	4520.18
195	53	إِذَا	إِذَا	1.00	1.00	rec	4520.50	4520.80
195	54	رَجَعْتُمْۗ	رَجَعْتُمْ	1.00	1.00	rec	4521.04	4522.16
195	55	تِلْكَ	تِلْكَ	1.00	1.00	rec	4522.82	4523.26
195	56	عَشَرَةٌۭ	عَشَرَةٌ	1.00	1.00	rec	4523.38	4524.14
195	57	كَامِلَةٌۭۗ	كَامِلَةٌ	1.00	1.00	rec	4525.02	4526.02
195	58	ذَٰلِكَ	ذَٰلِكَ	1.00	1.00	rec	4526.62	4527.30
195	59	لِمَن	لِمَنْ	1.00	1.00	rec	4527.42	4527.90
195	60	لَّمْ	لَمْ	1.00	0.99	rec	4527.96	4528.20
195	61	يَكُنْ	يَكُنْ	1.00	1.00	rec	4528.28	4528.78
195	62	أَهْلُهُۥ	أَهْلُهُ	1.00	1.00	rec	4528.90	4529.52
195	63	حَاضِرِى	حَاضِلِ	0.60	0.85	rec	4529.84	4530.56
195	64	ٱلْمَسْجِدِ	الْمَسْجِدِ	1.00	1.00	rec	4530.64	4531.56
195	65	ٱلْحَرَامِۚ	حرم	0.50	1.00	rec	4531.92	4532.80
195	66	وَٱتَّقُوا۟	وَاتَّقُوا	1.00	0.99	rec	4533.60	4534.18
195	67	ٱللَّهَ	اللَّهَ	1.00	1.00	rec	4534.24	4534.90
195	68	وَٱعْلَمُوٓا۟	وَاعْلَمُوا	1.00	0.96	rec	4535.04	4535.68
195	69	أَنَّ	أَنَّ	1.00	1.00	rec	4535.96	4536.86
195	70	ٱللَّهَ	اللَّهَ	1.00	1.00	rec	4536.90	4537.58
195	71	شَدِيدُ	شَدِيدُ	1.00	1.00	rec	4537.76	4538.56
195	72	ٱلْعِقَابِ	الْعِقَابِ	1.00	1.00	rec	4538.62	4540.08
196	0	ٱلْحَجُّ	الْحَجُّ	1.00	1.00	rec	4541.00	4541.60
196	1	أَشْهُرٌۭ	أَشْهُرٌ	1.00	0.93	rec	4541.72	4542.38
196	2	مَّعْلُومَٰتٌۭۚ	مَعْلُومَاتٌ	1.00	1.00	rec	4543.20	4544.88
196	3	فَمَن	فَمَنْ	1.00	1.00	rec	4545.36	4546.42
196	4	فَرَضَ	فَرَضَ	1.00	0.99	rec	4546.56	4547.06
196	5	فِيهِنَّ	فِيهِنَّ	1.00	1.00	rec	4547.22	4548.38
196	6	ٱلْحَجَّ	الْحَدَْ+جَّ	0.80	0.77	rec	4548.42	4549.18
196	7	فَلَا	فَلَا	1.00	0.87	rec	4549.32	4549.62
196	8	رَفَثَ	رَفَثٌ	1.00	1.00	rec	4549.86	4550.40
196	9	وَلَا	وَلَا	1.00	1.00	rec	4551.04	4551.32
196	10	فُسُوقَ	فُصُوقٌ	0.75	0.92	rec	4551.66	4552.48
196	11	وَلَا	وَلَا	1.00	1.00	rec	4553.06	4553.36
196	12	جِدَالَ	جِدَالَ	1.00	0.96	rec	4553.62	4554.38
196	13	فِى	فِي	1.00	1.00	rec	4554.52	4554.62
196	14	ٱلْحَجِّۗ	الْحَجِّ	1.00	1.00	rec	4554.66	4555.48
196	15	وَمَا	وَمَا	1.00	1.00	rec	4556.24	4556.54
196	16	تَفْعَلُوا۟	تَفْعَلُوا	1.00	0.94	rec	4556.90	4557.52
196	17	مِنْ	مِنْ	1.00	1.00	rec	4557.80	4558.08
196	18	خَيْرٍۢ	خَيْرٍ	1.00	0.99	rec	4558.22	4558.96
196	19	يَعْلَمْهُ	يَعْلَمْهُ	1.00	1.00	rec	4559.34	4560.10
196	20	ٱللَّهُۗ	اللَّهُ	1.00	0.99	rec	4560.16	4561.12
196	21	وَتَزَوَّدُوا۟	وَتَزَوَّدُوا	1.00	1.00	rec	4561.82	4562.92
196	22	فَإِنَّ	فَإِنَّ	1.00	1.00	rec	4563.18	4564.14
196	23	خَيْرَ	خَيْرَ	1.00	0.89	rec	4564.34	4564.84
196	24	ٱلزَّادِ	الزَّعَادِ	0.83	0.90	rec	4564.92	4565.68
196	25	ٱلتَّقْوَىٰۚ	التَّقْوَىٰ	1.00	0.94	rec	4565.74	4566.54
196	26	وَٱتَّقُونِ	وَاتَّقُونِي	0.86	1.00	rec	4567.48	4568.56
196	27	يَٰٓأُو۟لِى	يَا+أُولِي	1.00	1.00	rec	4569.02	4570.16
196	28	ٱلْأَلْبَٰبِ	الْأَِلِ+لباب	0.88	0.74	rec	4570.22	4572.00
196	29	لَيۡسَ	لَيْسَ	1.00	1.00	rec	4572.86	4573.44
196	30	عَلَيۡكُمۡ	عَلَيْكُمْ	1.00	1.00	rec	4573.60	4574.50
196	31	جُنَاحٌ	جُنَاحٌ	1.00	1.00	rec	4574.58	4575.28
196	32	أَن	أَنْ	1.00	1.00	rec	4575.58	4576.32
196	33	تَبۡتَغُواْ	تَبْتَغُوا	1.00	0.94	rec	4576.44	4577.20
196	34	فَضۡلٗا	فَضْلًا	1.00	1.00	rec	4577.68	4578.22
196	35	مِّن	مِنْ	1.00	1.00	rec	4579.08	4579.30
196	36	رَّبِّكُمۡۚ	رَبِّكُمْ	1.00	1.00	rec	4579.38	4580.28
196	37	فَإِذَآ	فَإِذَا	1.00	1.00	rec	4580.86	4581.44
196	38	أَفَضۡتُم	أَخَضْ+ْتُمْ	0.80	0.95	rec	4582.08	4583.68
196	39	مِّنۡ	مِنْ	1.00	1.00	rec	4583.74	4584.04
196	40	عَرَفَٰتٖ	عَرَفَاتٍ	1.00	1.00	rec	4584.12	4585.12
196	41	فَاَذۡكُرُواْ	فَاذْكُرُوا	1.00	0.97	rec	4585.82	4586.58
196	42	اُ۬للَّهَ	اللَّهَ	1.00	1.00	rec	4586.62	4587.40
196	43	عِندَ	عِنْدَ	1.00	0.99	rec	4587.56	4588.48
196	44	اَ۬لۡمَشۡعَرِ	الْمَ+عَلِ	0.67	0.72	rec	4588.52	4589.40
196	45	اِ۬لۡحَرَامِۖ	الْحَرَامِ	1.00	1.00	rec	4589.46	4590.58
196	46	وَاَذۡكُرُوهُ	وَاذْكُرُوهُ	1.00	1.00	rec	4591.18	4592.04
196	47	كَمَا	كَمَا	1.00	1.00	rec	4592.20	4592.50
196	48	هَدَىٰكُمۡ	هَدَعَكُمْ	0.67	0.94	rec	4592.70	4593.62
196	49	وَإِن	وَإِنْ	1.00	1.00	rec	4593.72	4594.62
196	50	كُنتُم	كُنْتُمْ	1.00	1.00	rec	4594.72	4596.30
196	51	مِّن	مِنْ	1.00	1.00	rec	4596.36	4597.18
196	52	قَبۡلِهِۦ	قَبْلِهِ	1.00	1.00	rec	4597.32	4598.00
196	53	لَمِنَ	لَمِنَ	1.00	0.89	rec	4598.34	4598.80
196	54	اَ۬لضَّآلِّينَ		0.00	0.27	forced	4598.88	4602.72
197	0	ثُمَّ	ثُمَّ	1.00	1.00	rec	4603.38	4604.16
197	1	أَفِيضُوا۟	أَفِيضُوا	1.00	0.93	rec	4604.28	4605.10
197	2	مِنْ	مِنْ	1.00	1.00	rec	4605.44	4605.76
197	3	حَيْثُ	حَيْثُ	1.00	1.00	rec	4605.88	4606.42
197	4	أَفَاضَ	أَفَاضَ	1.00	0.98	rec	4606.54	4607.52
197	5	ٱلنَّاسُ	النَّاسِ	1.00	1.00	rec	4607.58	4608.96
197	6	وَٱسْتَغْفِرُوا۟	وَاسْتَغْفِرُوا	1.00	1.00	rec	4609.44	4610.42
197	7	ٱللَّهَۚ	اللَّهَ	1.00	1.00	rec	4610.48	4611.20
197	8	إِنَّ	إِنَّ	1.00	1.00	rec	4611.36	4612.16
197	9	ٱللَّهَ	اللَّهَ	1.00	1.00	rec	4612.22	4612.98
197	10	غَفُورٌۭ	غَفُورٌ	1.00	1.00	rec	4613.14	4614.02
197	11	رَّحِيمٌۭ	رَحِيمٌ	1.00	1.00	rec	4614.26	4615.56
198	0	فَإِذَا	فَإِذَا	1.00	1.00	rec	4616.46	4616.90
198	1	قَضَيْتُم	قَضَيْتُمْ	1.00	1.00	rec	4617.14	4618.42
198	2	مَّنَٰسِكَكُمْ	مَنَاسِكَكُمْ	1.00	1.00	rec	4618.48	4620.04
198	3	فَٱذْكُرُوا۟	فَاذْكُرُوا	1.00	1.00	rec	4620.14	4620.80
198	4	ٱللَّهَ	اللَّهَ	1.00	1.00	rec	4620.86	4621.58
198	5	كَذِكْرِكُمْ	كَذِكْرِكُمْ	1.00	1.00	rec	4621.76	4622.78
198	6	ءَابَآءَكُمْ	آبَاءَكُمْ	0.86	1.00	rec	4622.86	4625.08
198	7	أَوْ	أَوْ	1.00	0.93	rec	4625.18	4625.42
198	8	أَشَدَّ	أَشَدَّ	1.00	1.00	rec	4625.50	4626.12
198	9	ذِكْرًۭاۗ	ذِكْرًا	1.00	0.98	rec	4626.26	4626.72
198	10	فَمِنَ	فَمِنَ	1.00	1.00	rec	4627.66	4628.10
198	11	ٱلنَّاسِ	النِّيسِ	0.80	0.98	rec	4628.14	4629.56
198	12	مَن	مَنْ	1.00	1.00	rec	4629.72	4630.34
198	13	يَقُولُ	يَقُولُ	1.00	1.00	rec	4630.38	4631.00
198	14	رَبَّنَآ	رَبَّنَا	1.00	1.00	rec	4631.14	4631.74
198	15	ءَاتِنَا	آتِنَا	0.80	0.97	rec	4632.12	4632.82
198	16	فِى	فِي	1.00	1.00	rec	4633.10	4633.20
198	17	ٱلدُّنْيَا	الدُّنْيَا	1.00	1.00	rec	4633.24	4633.96
198	18	وَمَا	وَمَع	0.67	0.91	rec	4634.22	4634.56
198	19	لَهُۥ	لَهُ	1.00	1.00	rec	4634.84	4635.12
198	20	فِى	فِي	1.00	1.00	rec	4635.52	4635.64
198	21	ٱلْءَاخِرَةِ	الْآخِرَةِ	0.86	1.00	rec	4635.68	4636.80
198	22	مِنْ	مِنْ	1.00	1.00	rec	4636.94	4637.26
198	23	خَلَٰقٍۢ	خَلَاقٍ	1.00	1.00	rec	4637.40	4638.48
199	0	وَمِنْهُم	وَمِنْهُمْ	1.00	1.00	rec	4639.42	4640.88
199	1	مَّن	مَنْ	1.00	1.00	rec	4640.96	4641.56
199	2	يَقُولُ	يَقُولُ	1.00	1.00	rec	4641.62	4642.30
199	3	رَبَّنَآ	رَبَّنَا	1.00	0.99	rec	4642.46	4643.18
199	4	ءَاتِنَا	آتِنَا	0.80	1.00	rec	4643.62	4644.42
199	5	فِى	فِي	1.00	1.00	rec	4644.80	4644.90
199	6	ٱلدُّنْيَا	الدُّنْيَا	1.00	1.00	rec	4644.94	4645.66
199	7	حَسَنَةًۭ	حَسَنَةً	1.00	0.96	rec	4646.08	4646.94
199	8	وَفِى	وَفِي	1.00	1.00	rec	4647.64	4647.96
199	9	ٱلْءَاخِرَةِ	الْآخِرَةِ	0.86	1.00	rec	4648.00	4649.16
199	10	حَسَنَةًۭ	حَسَنَةً	1.00	1.00	rec	4649.28	4650.08
199	11	وَقِنَا	وَقِنَا	1.00	1.00	rec	4650.80	4651.38
199	12	عَذَابَ	عَذَابَ	1.00	1.00	rec	4651.70	4652.68
199	13	ٱلنَّارِ	النِّارِ	1.00	0.91	rec	4652.74	4654.42
200	0	أُو۟لَٰٓئِكَ	أُولَـٰئِكَ	1.00	1.00	rec	4655.18	4657.12
200	1	لَهُمْ	لَهُمْ	1.00	1.00	rec	4657.22	4657.66
200	2	نَصِيبٌۭ	نَصِيبٌ	1.00	0.98	rec	4657.74	4658.54
200	3	مِّمَّا	مَا	0.67	1.00	rec	4659.68	4659.80
200	4	كَسَبُوا۟ۚ	كَسَبُوا	1.00	1.00	rec	4660.16	4660.72
200	5	وَٱللَّهُ	وَاللَّهُ	1.00	1.00	rec	4661.04	4661.84
200	6	سَرِيعُ	سَرِيعُ	1.00	1.00	rec	4662.04	4662.78
200	7	ٱلْحِسَابِ	الْحِسَابِ	1.00	0.99	rec	4662.86	4664.94
201	0	وَٱذْكُرُوا۟	وَاذْكُرُوا	1.00	0.99	rec	4666.52	4667.24
201	1	ٱللَّهَ	اللَّهَ	1.00	1.00	rec	4667.30	4668.10
201	2	فِىٓ	فِي	1.00	1.00	rec	4668.34	4668.48
201	3	أَيَّامٍۢ	أَيَّامٍ	1.00	1.00	rec	4668.88	4669.86
201	4	مَّعْدُودَٰتٍۢۚ	عْدُو+ذَاتِ	0.71	0.81	rec	4670.92	4672.40
201	5	فَمَن	فَمَنْ	1.00	1.00	rec	4673.36	4674.26
201	6	تَعَجَّلَ	تَعَدَّلَ	0.75	0.94	rec	4674.40	4675.28
201	7	فِى	فِي	1.00	1.00	rec	4675.50	4675.62
201	8	يَوْمَيْنِ	يَوْمَيْنِ	1.00	1.00	rec	4675.92	4676.76
201	9	فَلَآ	فَلَا	1.00	1.00	rec	4676.98	4677.32
201	10	إِثْمَ	إِثْمَ	1.00	1.00	rec	4677.70	4678.16
201	11	عَلَيْهِ	عَلَيْهِ	1.00	1.00	rec	4678.28	4679.02
201	12	وَمَن	وَمَنْ	1.00	1.00	rec	4679.18	4680.04
201	13	تَأَخَّرَ	تَأَخَّرَ	1.00	1.00	rec	4680.18	4681.02
201	14	فَلَآ		0.00	0.00	spread	4681.02	4681.24
201	15	إِثْمَ	فَلَاإِثْمعَلَيْهِ⌐	0.70	0.79	rec	4681.24	4682.18
201	16	عَلَيْهِۚ	فَلَاإِثْمعَلَيْهِ¬	0.70	0.79	rec	4682.18	4683.44
201	17	لِمَنِ	لِمَن	1.00	0.82	rec	4683.64	4684.12
201	18	ٱتَّقَىٰۗ	اتَّقَىٰ	1.00	0.97	rec	4684.36	4684.94
201	19	وَٱتَّقُوا۟	وَاتَّقُوا	1.00	1.00	rec	4686.46	4687.10
201	20	ٱللَّهَ	اللَّهَ	1.00	1.00	rec	4687.16	4687.90
201	21	وَٱعْلَمُوٓا۟	وَاعْلَمُوا	1.00	1.00	rec	4688.04	4688.72
201	22	أَنَّكُمْ	أَنَّكُمْ	1.00	0.99	rec	4689.20	4690.56
201	23	إِلَيْهِ	إِلَيْهِ	1.00	1.00	rec	4690.66	4691.36
201	24	تُحْشَرُونَ	حشَرُونَ	0.83	0.95	rec	4691.82	4693.28
202	0	وَمِنَ	وَمِنَ	1.00	1.00	rec	4694.36	4694.82
202	1	ٱلنَّاسِ	النَّاسِ	1.00	1.00	rec	4694.88	4696.46
202	2	مَن	مَنْ	1.00	1.00	rec	4696.64	4697.66
202	3	يُعْجِبُكَ	يُعْجِبُكَ	1.00	1.00	rec	4697.70	4698.62
202	4	قَوْلُهُۥ	قَوْلُهُ	1.00	1.00	rec	4698.82	4699.54
202	5	فِى	فِي	1.00	1.00	rec	4699.98	4700.10
202	6	ٱلْحَيَوٰةِ	الْحَيَاةِ	0.86	1.00	rec	4700.14	4701.18
202	7	ٱلدُّنْيَا	الدُّنْيَا	1.00	0.98	rec	4701.22	4702.02
202	8	وَيُشْهِدُ	وَيُشْهِدُ	1.00	1.00	rec	4702.34	4703.24
202	9	ٱللَّهَ	اللَّهَ	1.00	0.97	rec	4703.32	4704.16
202	10	عَلَىٰ	عَلَىٰ	1.00	1.00	rec	4704.36	4704.70
202	11	مَا	مَا	1.00	1.00	rec	4705.04	4705.16
202	12	فِى	فِي	1.00	1.00	rec	4705.58	4705.74
202	13	قَلْبِهِۦ	قَلْبِهِ	1.00	1.00	rec	4706.10	4706.80
202	14	وَهُوَ	وَهْوَ	1.00	0.90	rec	4712.90	4713.36
202	15	أَلَدُّ	أَلَدّ	1.00	0.88	rec	4713.48	4713.86
202	16	ٱلْخِصَامِ	الْخِصَامِ	1.00	1.00	rec	4714.30	4716.22
203	0	وَإِذَا	وَإِذَا	1.00	0.97	rec	4717.44	4717.94
203	1	تَوَلَّىٰ	تَوَلَّىٰ	1.00	0.99	rec	4718.30	4719.06
203	2	سَعَىٰ	سَعَىٰ	1.00	1.00	rec	4719.42	4719.80
203	3	فِى	فِي	1.00	1.00	rec	4720.14	4720.24
203	4	ٱلْأَرْضِ	الْأَرْضِ	1.00	1.00	rec	4720.28	4720.98
203	5	لِيُفْسِدَ	لِ+فْسِدْ	0.80	0.74	rec	4721.10	4721.92
203	6	فِيهَا	فِيهَا	1.00	0.97	rec	4722.12	4722.64
203	7	وَيُهْلِكَ	وَيُهْلِكَ	1.00	1.00	rec	4723.06	4723.96
203	8	ٱلْحَرْثَ	الْحَرْثَ	1.00	0.98	rec	4724.00	4724.80
203	9	وَٱلنَّسْلَۗ	وَالنَّسْلَ	1.00	1.00	rec	4724.90	4726.62
203	10	وَٱللَّهُ	وَاللَّهُ	1.00	1.00	rec	4727.48	4728.18
203	11	لَا	لَا	1.00	1.00	rec	4728.34	4728.44
203	12	يُحِبُّ	يُحِبُّ	1.00	1.00	rec	4728.70	4729.40
203	13	ٱلْفَسَادَ	الْفَسَادَ	1.00	1.00	rec	4729.48	4731.18
204	0	وَإِذَا	وَإِذَا	1.00	1.00	rec	4732.62	4733.14
204	1	قِيلَ	قِيلَ	1.00	1.00	rec	4733.56	4734.10
204	2	لَهُ	لَهُ	1.00	1.00	rec	4734.24	4734.52
204	3	ٱتَّقِ	اتَّقِ	1.00	1.00	rec	4734.58	4735.14
204	4	ٱللَّهَ	اللَّهَ	1.00	1.00	rec	4735.22	4735.94
204	5	أَخَذَتْهُ	أَخَذَتْهُ	1.00	1.00	rec	4736.08	4736.96
204	6	ٱلْعِزَّةُ	الْعِزَّةُ	1.00	1.00	rec	4737.06	4738.10
204	7	بِٱلْإِثْمِۚ	بِالْإِثْمِ	1.00	0.98	rec	4738.24	4739.14
204	8	فَحَسْبُهُۥ	فَح+سْبُهُ	1.00	0.74	rec	4739.32	4740.32
204	9	جَهَنَّمُۚ	جَهَنَّمُ	1.00	1.00	rec	4740.86	4742.28
204	10	وَلَبِئْسَ		0.00	0.20	forced	4743.66	4746.12
204	11	ٱلْمِهَادُ	سَالْمِهَادُ	0.86	1.00	rec	4747.34	4749.14
205	0	وَمِنَ	وَمِنَ	1.00	1.00	rec	4750.12	4750.58
205	1	ٱلنَّاسِ	النَّاسِ	1.00	1.00	rec	4750.64	4752.36
205	2	مَن	مَنْ	1.00	1.00	rec	4752.50	4753.16
205	3	يَشْرِى	يَشْرِينَ	0.80	0.94	rec	4753.20	4754.12
205	4	نَفْسَهُ	سَهُ	0.50	0.96	rec	4754.46	4754.80
205	5	ٱبْتِغَآءَ	ابْتِغَاءَ	1.00	1.00	rec	4754.86	4757.54
205	6	مَرْضَاتِ	مَرْضَاتِ	1.00	0.99	rec	4757.68	4758.74
205	7	ٱللَّهِۗ	اللَّهِ	1.00	0.96	rec	4758.80	4759.80
205	8	وَٱللَّهُ	وَاللَّهُ	1.00	1.00	rec	4760.68	4761.38
205	9	رَءُوفٌۢ	رَؤْفٌ	0.50	0.96	rec	4761.50	4762.04
205	10	بِٱلْعِبَادِ	بِالْعِبَادِ	1.00	1.00	rec	4763.04	4764.62
206	0	يَٰٓأَيُّهَا	يَا+أَيُّهَا	1.00	1.00	rec	4765.78	4767.00
206	1	ٱلَّذِينَ	الَّذِينَ	1.00	1.00	rec	4767.06	4767.84
206	2	ءَامَنُوا۟	آمَنُوا	0.83	1.00	rec	4767.98	4768.70
206	3	ٱدْخُلُوا۟	ادْخُلُو	0.83	1.00	rec	4768.76	4769.36
206	4	فِى	سِي	0.50	0.91	rec	4770.10	4770.22
206	5	ٱلسِّلْمِ	الْمِكَابِ⌐	0.56	0.96	rec	4770.26	4771.80
206	6	كَآفَّةًۭ	الْمِكَابِ¬	0.56	0.96	rec	4771.80	4773.04
206	7	وَلَا	فَوَلَا	0.75	0.86	rec	4773.32	4774.80
206	8	تَتَّبِعُوا۟	تَتَّبِعُوا	1.00	1.00	rec	4775.12	4776.00
206	9	خُطُوَٰتِ	خُطُعَاتِ	0.80	0.98	rec	4776.42	4777.40
206	10	ٱلشَّيْطَٰنِۚ	الشَّيْطَانِ	1.00	1.00	rec	4777.46	4778.62
206	11	إِنَّهُۥ	إِنَّهُ	1.00	0.93	rec	4778.78	4779.88
206	12	لَكُمْ	لَكُمْ	1.00	1.00	rec	4780.18	4780.68
206	13	عَدُوٌّۭ	عَدُوٌّ	1.00	0.98	rec	4780.78	4781.46
206	14	مُّبِينٌۭ	مُبِينٌ	1.00	1.00	rec	4782.30	4783.52
207	0	فَإِن	فَإِنْ	1.00	1.00	rec	4784.48	4785.36
207	1	زَلَلْتُم	زَلَلْتُمْ	1.00	1.00	rec	4785.42	4786.80
207	2	مِّنۢ	مِنْ	1.00	1.00	rec	4786.86	4787.56
207	3	بَعْدِ	بَعْدِ	1.00	1.00	rec	4787.62	4788.08
207	4	مَا	مَا	1.00	1.00	rec	4788.24	4788.36
207	5	جَآءَتْكُمُ	جَاءَتْكُمُ	1.00	0.95	rec	4788.62	4790.72
207	6	ٱلْبَيِّنَٰتُ	الْبَيِّنَاتُ	1.00	0.97	rec	4790.80	4792.24
207	7	فَٱعْلَمُوٓا۟	فَاعْلَمُوا	1.00	1.00	rec	4792.46	4793.22
207	8	أَنَّ	أَنَّ	1.00	0.99	rec	4793.74	4794.46
207	9	ٱللَّهَ	اللَّهَ	1.00	1.00	rec	4794.50	4795.32
207	10	عَزِيزٌ	عَزِيزٌ	1.00	1.00	rec	4795.46	4796.50
207	11	حَكِيمٌ	حَكِيمٌ	1.00	1.00	rec	4796.88	4798.24
208	0	هَلْ	هَلْ	1.00	1.00	rec	4799.56	4799.84
208	1	يَنظُرُونَ	يَنْظُرُونَ	1.00	1.00	rec	4799.94	4801.52
208	2	إِلَّآ	إِلَّا	1.00	0.99	rec	4801.68	4802.26
208	3	أَن	أَنْ	1.00	1.00	rec	4802.74	4803.56
208	4	يَأْتِيَهُمُ	يَأْتِيَهُمُ	1.00	1.00	rec	4803.62	4804.68
208	5	ٱللَّهُ	اللَّهُ	1.00	1.00	rec	4804.76	4805.50
208	6	فِى	فِي	1.00	1.00	rec	4805.74	4805.90
208	7	ظُلَلٍۢ	ظُلَلٍ	1.00	1.00	rec	4806.12	4806.60
208	8	مِّنَ	مِنَ	1.00	1.00	rec	4807.36	4807.62
208	9	ٱلْغَمَامِ	الْغَمَامِ	1.00	0.96	rec	4807.68	4808.62
208	10	وَٱلْمَلَٰٓئِكَةُ	وَالْمَلَائِكَةُ	1.00	1.00	rec	4808.74	4811.44
208	11	وَقُضِىَ	وَقُضِيَ	1.00	1.00	rec	4811.56	4812.32
208	12	ٱلْأَمْرُۚ	الْأَمْرُ	1.00	1.00	rec	4812.38	4813.14
208	13	وَإِلَى	وَإِلَى	1.00	1.00	rec	4815.86	4816.38
208	14	ٱللَّهِ	اللَّهِ	1.00	1.00	rec	4816.42	4817.24
208	15	تُرْجَعُ	تُرْجَعُ	1.00	1.00	rec	4817.48	4818.24
208	16	ٱلْأُمُورُ	الْأُمُورُ	1.00	1.00	rec	4818.32	4819.94
209	0	سَلْ	سَلْ	1.00	1.00	rec	4820.96	4821.24
209	1	بَنِىٓ	بَنِي	1.00	1.00	rec	4821.32	4821.64
209	2	إِسْرَٰٓءِيلَ	إِسْرَائِيلَ	0.86	1.00	rec	4822.06	4824.92
209	3	كَمْ	كَمْ	1.00	1.00	rec	4825.14	4825.50
209	4	ءَاتَيْنَٰهُم	آتَيْنَاهُمْ	0.88	1.00	rec	4825.62	4827.68
209	5	مِّنْ	مِنْ	1.00	1.00	rec	4827.74	4828.02
209	6	ءَايَةٍۭ	آيَةٍ	0.75	1.00	rec	4828.10	4828.86
209	7	بَيِّنَةٍۢۗ	بَيِّنَةٍ	1.00	1.00	rec	4830.14	4831.06
209	8	وَمَن	وَمَنْ	1.00	1.00	rec	4832.06	4833.08
209	9	يُبَدِّلْ	يُبَدِّلْ	1.00	1.00	rec	4833.14	4833.98
209	10	نِعْمَةَ	نِعْمَةَ	1.00	0.99	rec	4834.08	4834.78
209	11	ٱللَّهِ	اللَّهِ	1.00	1.00	rec	4834.82	4835.54
209	12	مِنۢ	مِنْ	1.00	1.00	rec	4835.66	4836.24
209	13	بَعْدِ	بَعْدِ	1.00	1.00	rec	4836.30	4836.74
209	14	مَا	مَا	1.00	1.00	rec	4836.88	4837.00
209	15	جَآءَتْهُ	جَاءَتْهُ	1.00	1.00	rec	4837.28	4839.70
209	16	فَإِنَّ	فَإِنَّ	1.00	1.00	rec	4839.92	4840.98
209	17	ٱللَّهَ	اللَّهَ	1.00	1.00	rec	4841.04	4841.84
209	18	شَدِيدُ	شَدِيدُ	1.00	0.94	rec	4842.02	4843.00
209	19	ٱلْعِقَابِ	الْعِقَابِ	1.00	1.00	rec	4843.08	4844.76
210	0	زُيِّنَ	زُيِّنَ	1.00	1.00	rec	4846.26	4846.88
210	1	لِلَّذِينَ	لِلَّذِينَ	1.00	1.00	rec	4846.98	4847.84
210	2	كَفَرُوا۟	كَفَرُوا	1.00	0.93	rec	4848.04	4848.58
210	3	ٱلْحَيَوٰةُ	الْحَيَاةُ	0.86	1.00	rec	4848.66	4849.80
210	4	ٱلدُّنْيَا	الدُّنْيَا	1.00	0.96	rec	4849.86	4850.72
210	5	وَيَسْخَرُونَ	وَيَسْخَرُونَ	1.00	1.00	rec	4851.10	4852.28
210	6	مِنَ	مِنَ	1.00	1.00	rec	4852.38	4852.62
210	7	ٱلَّذِينَ	الَّذِينَ	1.00	0.94	rec	4852.66	4853.66
210	8	ءَامَنُوا۟ۘ	آمَنُوا	0.83	1.00	rec	4853.80	4854.50
210	9	وَٱلَّذِينَ	وَالَّذِينَ	1.00	1.00	rec	4855.88	4856.78
210	10	ٱتَّقَوْا۟	اتَّقَوْا	1.00	1.00	rec	4856.82	4857.50
210	11	فَوْقَهُمْ	فَوْقَهُمْ	1.00	1.00	rec	4857.74	4858.72
210	12	يَوْمَ	يَوْمَ	1.00	1.00	rec	4858.82	4859.30
210	13	ٱلْقِيَٰمَةِۗ	الْقِيَامَةِ	1.00	1.00	rec	4859.36	4860.70
210	14	وَٱللَّهُ	وَاللَّهُ	1.00	1.00	rec	4861.68	4862.52
210	15	يَرْزُقُ	يَرْزُقُ	1.00	0.98	rec	4862.72	4863.50
210	16	مَن	مَنْ	1.00	1.00	rec	4863.70	4864.34
210	17	يَشَآءُ	يَشَاءُ	1.00	1.00	rec	4864.38	4866.54
210	18	بِغَيْرِ	بِغَيْرِ	1.00	0.98	rec	4866.72	4867.64
210	19	حِسَابٍۢ	حِسَابٍ	1.00	1.00	rec	4867.84	4869.12
211	0	كَانَ	كَانَ	1.00	0.98	rec	4871.32	4871.88
211	1	ٱلنَّاسُ	النَّاسُ	1.00	1.00	rec	4871.94	4873.26
211	2	أُمَّةًۭ	أُمَّةً	1.00	1.00	rec	4873.40	4874.60
211	3	وَٰحِدَةًۭ	وَاحِدَةً	1.00	1.00	rec	4875.28	4876.22
211	4	فَبَعَثَ	فَبَعَثَ	1.00	1.00	rec	4876.94	4877.68
211	5	ٱللَّهُ	اللَّهُ	1.00	1.00	rec	4877.74	4878.50
211	6	ٱلنَّبِيِّۦنَ	النَّبِيِّينَ	0.86	0.96	rec	4878.56	4880.28
211	7	مُبَشِّرِينَ	مُبَشِّرِينَ	1.00	0.97	rec	4880.38	4881.76
211	8	وَمُنذِرِينَ	وَمُنْذِرِينَ	1.00	1.00	rec	4881.88	4884.12
211	9	وَأَنزَلَ	وَأَنْزَلَ	1.00	1.00	rec	4885.08	4886.48
211	10	مَعَهُمُ	مَعَهُمُ	1.00	1.00	rec	4886.62	4887.38
211	11	ٱلْكِتَٰبَ	الْكِتَابَ	1.00	1.00	rec	4887.46	4888.54
211	12	بِٱلْحَقِّ	بِالْحَقِّ	1.00	1.00	rec	4888.66	4889.54
211	13	لِيَحْكُمَ	لِيَحْكُمَ	1.00	1.00	rec	4889.68	4890.48
211	14	بَيْنَ	بَيْنَ	1.00	1.00	rec	4890.62	4891.10
211	15	ٱلنَّاسِ	النَّاسِ	1.00	1.00	rec	4891.18	4892.70
211	16	فِيمَا	فِيمَا	1.00	0.95	rec	4892.86	4893.40
211	17	ٱخْتَلَفُوا۟	اخْتَلَفُوا	1.00	0.96	rec	4893.44	4894.24
211	18	فِيهِۚ	فِيهِ	1.00	1.00	rec	4894.64	4895.64
211	19	وَمَا	وَمَا	1.00	0.98	rec	4896.36	4896.64
211	20	ٱخْتَلَفَ	اخْتَلَفَ	1.00	1.00	rec	4896.70	4897.44
211	21	فِيهِ	فِيهِ	1.00	0.95	rec	4897.62	4898.10
211	22	إِلَّا	إِلَّا	1.00	0.98	rec	4898.30	4898.78
211	23	ٱلَّذِينَ	الَّذِينَ	1.00	1.00	rec	4898.84	4899.72
211	24	أُوتُوهُ	أُوتُوهُ	1.00	1.00	rec	4899.88	4900.90
211	25	مِنۢ	مِنْ	1.00	1.00	rec	4901.18	4902.00
211	26	بَعْدِ	بَعْدِ	1.00	1.00	rec	4902.08	4902.52
211	27	مَا	مَا	1.00	1.00	rec	4902.70	4902.84
211	28	جَآءَتْهُمُ	جَاءَ+هُمُ	0.83	0.95	rec	4903.26	4905.44
211	29	ٱلْبَيِّنَٰتُ	الْبَيِّنَاتُ	1.00	1.00	rec	4905.52	4906.98
211	30	بَغْيًۢا	بَغْيًا	1.00	1.00	rec	4907.16	4907.74
211	31	بَيْنَهُمْۖ	بَيْنَهُمْ	1.00	1.00	rec	4908.86	4909.96
211	32	فَهَدَى	فَهَدَ	0.75	1.00	rec	4911.06	4911.54
211	33	ٱللَّهُ	اللَّهُ	1.00	1.00	rec	4911.60	4912.52
211	34	ٱلَّذِينَ	الَّذِينَ	1.00	1.00	rec	4912.58	4913.32
211	35	ءَامَنُوا۟	آمَنُوا	0.83	0.97	rec	4913.46	4914.20
211	36	لِمَا	لِمَا	1.00	1.00	rec	4914.58	4914.88
211	37	ٱخْتَلَفُوا۟	اخْتَلَفُوا	1.00	1.00	rec	4914.92	4915.74
211	38	فِيهِ	فِيهِ	1.00	1.00	rec	4916.06	4916.54
211	39	مِنَ	مِنَ	1.00	1.00	rec	4916.70	4916.94
211	40	ٱلْحَقِّ	الْحَقِّ	1.00	0.96	rec	4916.98	4917.54
211	41	بِإِذْنِهِۦۗ	قِ+بِإِذْنِهِ	0.83	0.98	rec	4917.72	4918.88
211	42	وَٱللَّهُ	وَاللَّهُ	1.00	1.00	rec	4919.84	4920.54
211	43	يَهْدِى	يَهْدِي	1.00	1.00	rec	4920.68	4921.14
211	44	مَن	مَنْ	1.00	1.00	rec	4921.52	4922.22
211	45	يَشَآءُ	يَشَاءُ	1.00	1.00	rec	4922.26	4924.28
211	46	إِلَىٰ	إِلَىٰ	1.00	1.00	rec	4924.46	4924.78
211	47	صِرَٰطٍۢ	صِرَاطٍ	1.00	1.00	rec	4925.06	4925.76
211	48	مُّسْتَقِيمٍ	مُسْتَقِيمٍ	1.00	0.99	rec	4926.94	4928.88
212	0	أَمْ	أَمْ	1.00	1.00	rec	4929.96	4930.14
212	1	حَسِبْتُمْ	حَسِبْتُمْ	1.00	1.00	rec	4930.22	4931.22
212	2	أَن	أَنْ	1.00	1.00	rec	4931.30	4932.06
212	3	تَدْخُلُوا۟	تَدْخُلُوا	1.00	1.00	rec	4932.18	4932.90
212	4	ٱلْجَنَّةَ	الْجَنَّةَ	1.00	1.00	rec	4932.96	4934.70
212	5	وَلَمَّا	وَلَمَّا	1.00	0.97	rec	4934.84	4935.98
212	6	يَأْتِكُم	يَأْتِكُمْ	1.00	0.94	rec	4936.36	4937.84
212	7	مَّثَلُ	مَثَلُ	1.00	1.00	rec	4937.90	4938.40
212	8	ٱلَّذِينَ	الَّذِينَ	1.00	1.00	rec	4938.50	4939.32
212	9	خَلَوْا۟	خَلَوْا	1.00	1.00	rec	4939.50	4939.98
212	10	مِن	مِنْ	1.00	1.00	rec	4940.16	4941.14
212	11	قَبْلِكُمۖ	قَبْلِكُمْ	1.00	1.00	rec	4941.28	4942.42
212	12	مَّسَّتْهُمُ	مَسَّتْهُ	0.80	1.00	rec	4951.62	4952.40
212	13	ٱلْبَأْسَآءُ	مُلْبَ+سَاءُ	0.71	0.93	rec	4952.54	4955.56
212	14	وَٱلضَّرَّآءُ	وَالضَّرَّاءُ	1.00	0.95	rec	4955.70	4958.80
212	15	وَزُلْزِلُوا۟	وَزُلْزِلُوا	1.00	0.95	rec	4961.10	4961.98
212	16	حَتَّىٰ	حَتَّىٰ	1.00	1.00	rec	4962.34	4962.88
212	17	يَقُولَ	يَقُولَ	1.00	1.00	rec	4963.28	4964.00
212	18	ٱلرَّسُولُ	الرَّسُولُ	1.00	0.99	rec	4964.06	4964.98
212	19	وَٱلَّذِينَ	وَالَّذِينَ	1.00	1.00	rec	4965.08	4966.00
212	20	ءَامَنُوا۟	آمَنُوا	0.83	0.97	rec	4966.14	4966.84
212	21	مَعَهُۥ	مَعَهُ	1.00	1.00	rec	4967.10	4967.66
212	22	مَتَىٰ	مَتَىٰ	1.00	1.00	rec	4967.98	4968.42
212	23	نَصْرُ	نَصْرُ	1.00	1.00	rec	4968.82	4969.30
212	24	ٱللَّهِۗ	اللَّهِ	1.00	1.00	rec	4969.38	4970.86
212	25	أَلَآ	أَلَا	1.00	1.00	rec	4971.66	4972.00
212	26	إِنَّ	إِنَّ	1.00	1.00	rec	4972.34	4973.40
212	27	نَصْرَ	نَصْرَ	1.00	1.00	rec	4973.52	4973.94
212	28	ٱللَّهِ	اللَّهِ	1.00	1.00	rec	4974.00	4974.98
212	29	قَرِيبٌۭ	قَرِيبٌ	1.00	0.90	rec	4975.18	4976.42
213	0	يَسْـَٔلُونَكَ	يَسْأَلُونَكَ	0.86	1.00	rec	4977.48	4978.56
213	1	مَاذَا	مَاذَا	1.00	0.93	rec	4978.70	4979.30
213	2	يُنفِقُونَۖ	يُنْفِقُونَ	1.00	1.00	rec	4979.58	4981.66
213	3	قُلْ	قُلْ	1.00	1.00	rec	4982.46	4982.72
213	4	مَآ	مَا	1.00	1.00	rec	4982.80	4982.92
213	5	أَنفَقْتُم	أَنْفَقْتُمْ	1.00	0.99	rec	4983.18	4985.38
213	6	مِّنْ	مِنْ	1.00	1.00	rec	4985.44	4985.70
213	7	خَيْرٍۢ	خَيْرٍ	1.00	1.00	rec	4985.84	4986.36
213	8	فَلِلْوَٰلِدَيْنِ	فَلِلْوَالِدَيْنِ	1.00	1.00	rec	4986.98	4988.64
213	9	وَٱلْأَقْرَبِينَ	وَالْأَقْرَبِينَ	1.00	1.00	rec	4988.76	4990.20
213	10	وَٱلْيَتَٰمَىٰ	وَالْيَتَامَعَ	0.78	0.96	rec	4990.34	4991.66
213	11	وَٱلْمَسَٰكِينِ	وَالْمَسَاكِينِ	1.00	1.00	rec	4991.80	4993.38
213	12	وَٱبْنِ	وَبَن	0.75	0.90	rec	4993.48	4993.86
213	13	ٱلسَّبِيلِۗ	السَّبِيلِ	1.00	0.94	rec	4994.16	4995.88
213	14	وَمَا	وَمَا	1.00	1.00	rec	4996.90	4997.24
213	15	تَفْعَلُوا۟	تَفْعَلُوا	1.00	1.00	rec	4997.66	4998.40
213	16	مِنْ	مِنْ	1.00	1.00	rec	4998.76	4999.12
213	17	خَيْرٍۢ	خَيْرٍ	1.00	1.00	rec	4999.26	4999.78
213	18	فَإِنَّ	فَإِنَّ	1.00	1.00	rec	5000.42	5001.52
213	19	ٱللَّهَ	اللَّهَ	1.00	0.99	rec	5001.56	5002.30
213	20	بِهِۦ	بِهِ	1.00	1.00	rec	5002.46	5002.74
213	21	عَلِيمٌۭ	عَلِيمٌ	1.00	1.00	rec	5003.28	5004.46
214	0	كُتِبَ	كُتِبَ	1.00	1.00	rec	5005.38	5005.82
214	1	عَلَيْكُمُ	عَلَيْكُمُ	1.00	1.00	rec	5005.94	5006.78
214	2	ٱلْقِتَالُ	الْقِتَالُ	1.00	1.00	rec	5006.86	5007.84
214	3	وَهُوَ	وَهْوَ	1.00	1.00	rec	5007.98	5008.44
214	4	كُرْهٌۭ	كُرْهٌ	1.00	1.00	rec	5008.64	5009.12
214	5	لَّكُمْۖ	لَكُمْ	1.00	0.99	rec	5009.44	5010.10
214	6	وَعَسَىٰٓ	وَعَسَىٰ	1.00	1.00	rec	5010.88	5011.46
214	7	أَن	أَنْ	1.00	1.00	rec	5011.78	5012.40
214	8	تَكْرَهُوا۟	تَكْرَهُ	0.67	1.00	rec	5012.54	5013.20
214	9	شَيْـًۭٔا	شَيْئًا	0.75	1.00	rec	5013.62	5014.18
214	10	وَهُوَ	وَهُوَ	1.00	1.00	rec	5015.04	5015.44
214	11	خَيْرٌۭ	خَيْرٌ	1.00	1.00	rec	5015.66	5016.18
214	12	لَّكُمْۖ	لَكُمْ	1.00	1.00	rec	5016.52	5017.30
214	13	وَعَسَىٰٓ	وَعَسَىٰ	1.00	1.00	rec	5018.10	5018.74
214	14	أَن	أَنْ	1.00	1.00	rec	5019.12	5019.82
214	15	تُحِبُّوا۟	تُحِبُّوا	1.00	0.96	rec	5019.94	5020.76
214	16	شَيْـًۭٔا	شَيْئًا	0.75	1.00	rec	5021.22	5021.82
214	17	وَهُوَ	وَهُوَ	1.00	1.00	rec	5022.54	5022.94
214	18	شَرٌّۭ	شَرٌّ	1.00	1.00	rec	5023.14	5023.62
214	19	لَّكُمْۗ	لَكُمْ	1.00	1.00	rec	5023.96	5024.72
214	20	وَٱللَّهُ	وَاللَّهُ	1.00	1.00	rec	5025.38	5026.44
214	21	يَعْلَمُ	يَعْلَمُ	1.00	1.00	rec	5026.58	5027.26
214	22	وَأَنتُمْ	وَأَنْتُمْ	1.00	1.00	rec	5027.42	5028.94
214	23	لَا	لَا	1.00	1.00	rec	5029.02	5029.14
214	24	تَعْلَمُونَ	تَعْلَمُونَ	1.00	1.00	rec	5029.56	5031.46
215	0	يَسْـَٔلُونَكَ	يَسْأَبُونَكَ	0.71	1.00	rec	5032.32	5033.56
215	1	عَنِ	عَنِ	1.00	1.00	rec	5033.68	5033.94
215	2	ٱلشَّهْرِ	الشَّهْرِ	1.00	1.00	rec	5033.98	5034.68
215	3	ٱلْحَرَامِ	الْحَرَامِ	1.00	1.00	rec	5034.76	5035.74
215	4	قِتَالٍۢ	قِتَالٍ	1.00	1.00	rec	5035.94	5036.62
215	5	فِيهِۖ	فِيهِ	1.00	1.00	rec	5037.34	5037.82
215	6	قُلْ	قُلْ	1.00	1.00	rec	5038.00	5038.24
215	7	قِتَالٌۭ	قِتَالٌ	1.00	1.00	rec	5038.36	5039.08
215	8	فِيهِ	فِيهِ	1.00	1.00	rec	5039.86	5040.38
215	9	كَبِيرٌۭۖ	كَبِيرٌ	1.00	1.00	rec	5040.60	5042.04
215	10	وَصَدٌّ	وَصَدٌّ	1.00	1.00	rec	5047.64	5048.32
215	11	عَن	عَنْ	1.00	1.00	rec	5048.68	5049.38
215	12	سَبِيلِ	سَبِيلِ	1.00	1.00	rec	5049.50	5050.14
215	13	ٱللَّهِ	اللَّهِ	1.00	0.97	rec	5050.20	5050.98
215	14	وَكُفْرٌۢ	وَكُفْرٌ	1.00	1.00	rec	5051.12	5051.86
215	15	بِهِۦ	بِهِ	1.00	1.00	rec	5052.76	5053.08
215	16	وَٱلْمَسْجِدِ	وَالْمَسْجِدِ	1.00	1.00	rec	5058.12	5058.98
215	17	ٱلْحَرَامِ	الْحَرَامِ	1.00	1.00	rec	5059.06	5060.10
215	18	وَإِخْرَاجُ	وَإِخْرَاجُ	1.00	1.00	rec	5060.24	5061.42
215	19	أَهْلِهِۦ	أَهْلِهِ	1.00	1.00	rec	5061.58	5062.22
215	20	مِنْهُ	مِنْهُ	1.00	1.00	rec	5062.66	5063.12
215	21	أَكْبَرُ	أَكْبَرُ	1.00	1.00	rec	5063.26	5063.90
215	22	عِندَ	عِنْدَ	1.00	0.90	rec	5064.08	5064.96
215	23	ٱللَّهِۚ	اللَّهِ	1.00	1.00	rec	5065.02	5066.24
215	24	وَٱلْفِتْنَةُ	وَالْفِتْنَةُ	1.00	1.00	rec	5067.42	5068.52
215	25	أَكْبَرُ	أَكْبَرُ	1.00	0.95	rec	5068.66	5069.32
215	26	مِنَ	مِنَ	1.00	1.00	rec	5069.48	5069.74
215	27	ٱلْقَتْلِۗ	الْقَتْلِ	1.00	0.99	rec	5069.78	5070.58
215	28	وَلَا	وَلَا	1.00	1.00	rec	5071.94	5072.24
215	29	يَزَالُونَ	يَزَعلُونَ	0.83	0.94	rec	5072.44	5073.70
215	30	يُقَٰتِلُونَكُمْ	يُقَاتِلُونَكُمْ	1.00	0.99	rec	5073.86	5076.14
215	31	حَتَّىٰ	حَ+تَعَايَ	0.60	0.62	rec	5076.26	5077.26
215	32	يَرُدُّوكُمْ	رُدُّوكُمْ	0.83	1.00	rec	5077.42	5078.60
215	33	عَن	عَنْ	1.00	1.00	rec	5078.70	5079.48
215	34	دِينِكُمْ	دِينِكُمْ	1.00	1.00	rec	5079.60	5080.68
215	35	إِنِ	إِنِ	1.00	1.00	rec	5080.78	5081.02
215	36	ٱسْتَطَٰعُوا۟ۚ	اسْتَطَاعُوا	1.00	0.97	rec	5081.08	5082.22
215	37	وَمَن	وَمَنْ	1.00	1.00	rec	5083.50	5084.70
215	38	يَرْتَدِدْ	يَرْتَدِذْ	0.80	0.94	rec	5084.74	5085.58
215	39	مِنكُمْ	مِنْكُمْ	1.00	1.00	rec	5085.66	5086.90
215	40	عَن	عَنْ	1.00	1.00	rec	5087.00	5087.78
215	41	دِينِهِۦ	دِينِهِ	1.00	1.00	rec	5087.88	5088.62
215	42	فَيَمُتْ	فَيَمُتْ	1.00	1.00	rec	5089.06	5089.82
215	43	وَهُوَ	وَهْوَ	1.00	1.00	rec	5089.90	5090.32
215	44	كَافِرٌۭ	كَافِرَ	1.00	0.98	rec	5090.54	5091.38
215	45	فَأُو۟لَٰٓئِكَ	فَأُولَـٰئِكَ	1.00	1.00	rec	5092.32	5095.06
215	46	حَبِطَتْ	حَبِطَتْ	1.00	1.00	rec	5095.20	5095.90
215	47	أَعْمَٰلُهُمْ	أَعْمَالُهُمْ	1.00	1.00	rec	5095.98	5097.30
215	48	فِى	فِي	1.00	1.00	rec	5097.40	5097.50
215	49	ٱلدُّنْيَا	الدُّنْيَا	1.00	1.00	rec	5097.52	5098.28
215	50	وَٱلْءَاخِرَةِۖ	وَالْآخِرَةِ	0.88	1.00	rec	5098.70	5100.00
215	51	وَأُو۟لَٰٓئِكَ	وَأُولَـٰئِكَ	1.00	1.00	rec	5100.92	5104.04
215	52	أَصْحَٰبُ	أَصْحَابُ	1.00	1.00	rec	5104.16	5105.12
215	53	ٱلنَّارِۖ	النِّيرِ	0.80	0.98	rec	5105.18	5106.56
215	54	هُمْ	هُمْ	1.00	0.99	rec	5106.72	5107.02
215	55	فِيهَا	فِيهَا	1.00	1.00	rec	5107.16	5107.68
215	56	خَٰلِدُونَ	خَالِدُونَ	1.00	1.00	rec	5108.12	5110.16
216	0	إِنَّ	إِنَّ	1.00	1.00	rec	5111.14	5112.04
216	1	ٱلَّذِينَ	الَّذِينَ	1.00	1.00	rec	5112.10	5113.00
216	2	ءَامَنُوا۟	آمَنُوا	0.83	0.96	rec	5113.14	5113.90
216	3	وَٱلَّذِينَ	وَالَّذِينَ	1.00	1.00	rec	5114.22	5115.30
216	4	هَاجَرُوا۟	هَاجَرُوا	1.00	1.00	rec	5115.48	5116.30
216	5	وَجَٰهَدُوا۟	وَجَاهَدُوا	1.00	1.00	rec	5116.54	5117.52
216	6	فِى	فِي	1.00	1.00	rec	5117.82	5117.98
216	7	سَبِيلِ	سَبِيلِ	1.00	1.00	rec	5118.20	5118.92
216	8	ٱللَّهِ	اللَّهِ	1.00	0.98	rec	5118.98	5120.06
216	9	أُو۟لَٰٓئِكَ	أُولَـٰئِكَ	1.00	1.00	rec	5120.96	5123.24
216	10	يَرْجُونَ	يَرْجُونَ	1.00	1.00	rec	5123.36	5124.20
216	11	رَحْمَتَ	رَحْمَتَ	1.00	0.92	rec	5124.30	5124.96
216	12	ٱللَّهِۚ	اللَّهِ	1.00	1.00	rec	5125.00	5125.78
216	13	وَٱللَّهُ	وَاللَّهُ	1.00	0.95	rec	5125.94	5126.84
216	14	غَفُورٌۭ	غَفُورٌ	1.00	1.00	rec	5127.00	5127.94
216	15	رَّحِيمٌۭ	رَحِيمٌ	1.00	1.00	rec	5128.24	5129.70
217	0	يَسْـَٔلُونَكَ	يَسْأَلُونَكَ	0.86	1.00	rec	5131.70	5132.84
217	1	عَنِ	عَنِ	1.00	1.00	rec	5132.94	5133.22
217	2	ٱلْخَمْرِ	الْخَمْرِ	1.00	1.00	rec	5133.26	5133.98
217	3	وَٱلْمَيْسِرِۖ	وَالْمَيْسِرِ	1.00	1.00	rec	5134.12	5135.36
217	4	قُلْ	قُلْ	1.00	1.00	rec	5136.36	5136.66
217	5	فِيهِمَآ	فِيهِمَا	1.00	1.00	rec	5136.80	5137.60
217	6	إِثْمٌۭ	إِثْمٌ	1.00	1.00	rec	5137.98	5138.44
217	7	كَبِيرٌۭ	كَبِيرٌ	1.00	1.00	rec	5139.30	5140.08
217	8	وَمَنَٰفِعُ	وَمَنَافِعُ	1.00	1.00	rec	5140.68	5141.92
217	9	لِلنَّاسِ	لِلنَّاسِ	1.00	1.00	rec	5142.04	5143.72
217	10	وَإِثْمُهُمَآ	وَإِثْمُهُمَا	1.00	1.00	rec	5143.88	5145.18
217	11	أَكْبَرُ	أَكْبَرُ	1.00	1.00	rec	5145.78	5146.46
217	12	مِن	مِنْ	1.00	1.00	rec	5146.60	5147.22
217	13	نَّفْعِهِمَاۗ	نَفْعِهِمَا	1.00	1.00	rec	5147.28	5148.30
217	14	وَيَسْـَٔلُونَكَ	وَيَسْأَلُونَكَ	0.88	1.00	rec	5149.98	5151.44
217	15	مَاذَا	مَاذَا	1.00	1.00	rec	5151.58	5152.16
217	16	يُنفِقُونَ	يُنْفِقُونَ	1.00	1.00	rec	5152.44	5154.34
218	0	قُلِ	قُلِ	1.00	0.90	rec	5154.52	5154.78
218	1	اِ۬لۡعَفۡوُۗ	الْعَفْرِ	0.80	0.93	rec	5154.86	5155.54
218	2	كَذَٰلِكَ	كَذَٰلِكَ	1.00	1.00	rec	5156.58	5157.54
218	3	يُبَيِّنُ	يُبَيِّنُ	1.00	1.00	rec	5157.70	5158.64
218	4	اُ۬للَّهُ	اللَّهُ	1.00	1.00	rec	5158.74	5159.54
218	5	لَكُمُ	لَكُمُ	1.00	1.00	rec	5159.66	5160.18
218	6	اُ۬لۡأٓيَٰتِ	الْآيَاتِ	1.00	1.00	rec	5160.26	5161.50
218	7	لَعَلَّكُمۡ	لَعَلَّكُمْ	1.00	1.00	rec	5161.62	5162.78
218	8	تَتَفَكَّرُونَ	تَتَفَكَّرُونَ	1.00	1.00	rec	5162.88	5164.30
218	9	فِى	فِي	1.00	1.00	rec	5164.44	5164.54
218	10	ٱلدُّنْيَا	الدُّنْيَا	1.00	1.00	rec	5164.58	5165.26
218	11	وَٱلْءَاخِرَةِۗ	وَالْآخِرَةِ	0.88	1.00	rec	5165.70	5166.98
218	12	وَيَسْـَٔلُونَكَ	وَيَسْأَلُونَكَ	0.88	1.00	rec	5168.22	5169.54
218	13	عَنِ	عَنِ	1.00	1.00	rec	5169.64	5169.90
218	14	ٱلْيَتَٰمَىٰۖ	الْيَتَامَىٰ	1.00	1.00	rec	5169.96	5171.06
218	15	قُلْ	قُلْ	1.00	1.00	rec	5171.50	5171.86
218	16	إِصْلَاحٌۭ	إِصْلَاحٌ	1.00	1.00	rec	5171.96	5172.96
218	17	لَّهُمْ	لَهُمْ	1.00	1.00	rec	5173.30	5173.82
218	18	خَيْرٌۭۖ	خَيْرٌ	1.00	1.00	rec	5174.00	5175.02
218	19	وَإِن	وَإِنْ	1.00	1.00	rec	5175.96	5176.94
218	20	تُخَالِطُوهُمْ	تُخَالِطُوهُمْ	1.00	1.00	rec	5177.06	5178.80
218	21	فَإِخْوَٰنُكُمْۚ	فَإِخْوَانُكُمْ	1.00	1.00	rec	5178.96	5180.82
218	22	وَٱللَّهُ	وَاللَّهُ	1.00	1.00	rec	5181.60	5182.46
218	23	يَعْلَمُ	يَعْلَمُ	1.00	0.98	rec	5182.68	5183.34
218	24	ٱلْمُفْسِدَ	الْمُهْْ+فْسِدَ	0.86	0.76	rec	5183.42	5184.42
218	25	مِنَ	مِنَ	1.00	1.00	rec	5184.54	5184.78
218	26	ٱلْمُصْلِحِۚ	الْمُصْلِحِ	1.00	1.00	rec	5184.84	5185.80
218	27	وَلَوْ	وَلَوْ	1.00	1.00	rec	5186.70	5187.04
218	28	شَآءَ	شَاءَ	1.00	1.00	rec	5187.20	5189.08
218	29	ٱللَّهُ	اللَّهُ	1.00	1.00	rec	5189.12	5189.72
218	30	لَأَعْنَتَكُمْۚ	لَأَعْنَتَكُمْ	1.00	1.00	rec	5189.86	5191.14
218	31	إِنَّ	إِنَّ	1.00	0.96	rec	5191.24	5192.24
218	32	ٱللَّهَ	اللَّهَ	1.00	1.00	rec	5192.30	5193.04
218	33	عَزِيزٌ	عَزِيزٌ	1.00	1.00	rec	5193.18	5194.20
218	34	حَكِيمٌۭ	حَكِيمٌ	1.00	1.00	rec	5194.52	5195.92
219	0	وَلَا	وَلَا	1.00	1.00	rec	5196.88	5197.16
219	1	تَنكِحُوا۟	تَنْكِحُوا	1.00	0.97	rec	5197.46	5198.80
219	2	ٱلْمُشْرِكَٰتِ	الْمُشْرِكَاتِ	1.00	0.99	rec	5198.86	5200.30
219	3	حَتَّىٰ	حَتَّىٰ	1.00	1.00	rec	5200.46	5201.00
219	4	يُؤْمِنَّۚ	يُؤْمِنَّ	1.00	0.90	rec	5201.50	5203.04
219	5	وَلَأَمَةٌۭ	وَلَعَمَةٌ	0.80	1.00	rec	5203.92	5204.84
219	6	مُّؤْمِنَةٌ	مُؤْمِنَةٌ	1.00	1.00	rec	5205.78	5206.74
219	7	خَيْرٌۭ	خَيْرٌ	1.00	1.00	rec	5207.14	5207.72
219	8	مِّن	مِنْ	1.00	1.00	rec	5208.38	5209.00
219	9	مُّشْرِكَةٍۢ	مُشْرِكَةٍ	1.00	1.00	rec	5209.04	5210.02
219	10	وَلَوْ	وَلَوْ	1.00	1.00	rec	5210.98	5211.58
219	11	أَعْجَبَتْكُمْۗ	أَعْجَبَتْكُمْ	1.00	1.00	rec	5211.68	5213.20
219	12	وَلَا	وَلَا	1.00	0.92	rec	5214.02	5214.32
219	13	تُنكِحُوا۟	تُنْكِحُ	0.67	1.00	rec	5214.72	5215.88
219	14	ٱلْمُشْرِكِينَ	الْمُشْرِكِينَ	1.00	1.00	rec	5215.96	5217.34
219	15	حَتَّىٰ	حَتَّىٰ	1.00	1.00	rec	5217.52	5218.10
219	16	يُؤْمِنُوا۟ۚ	يُؤْمِنُوا	1.00	0.98	rec	5218.50	5219.24
219	17	وَلَعَبْدٌۭ	وَلَعَبْدٌ	1.00	1.00	rec	5220.20	5221.06
219	18	مُّؤْمِنٌ	مُؤْمِنٌ	1.00	1.00	rec	5222.04	5222.66
219	19	خَيْرٌۭ	خَيْرٌ	1.00	1.00	rec	5223.04	5223.58
219	20	مِّن	مِنْ	1.00	1.00	rec	5224.28	5224.96
219	21	مُّشْرِكٍۢ	مُشْرِكٍ	1.00	1.00	rec	5225.02	5225.70
219	22	وَلَوْ	وَلَوْ	1.00	1.00	rec	5226.46	5226.98
219	23	أَعْجَبَكُمْۗ	أَعْجَبَكُمْ	1.00	1.00	rec	5227.08	5228.52
219	24	أُو۟لَٰٓئِكَ	أُولَـٰئِكَ	1.00	1.00	rec	5229.16	5231.30
219	25	يَدْعُونَ	يَدْعُونَ	1.00	1.00	rec	5231.42	5232.26
219	26	إِلَى	إِلَى	1.00	1.00	rec	5232.38	5232.68
219	27	ٱلنَّارِۖ	النِّيرِ	0.80	0.96	rec	5232.72	5233.94
219	28	وَٱللَّهُ	وَاللَّهُ	1.00	0.99	rec	5234.08	5234.96
219	29	يَدْعُوٓا۟	يَدْعُو	0.80	1.00	rec	5235.10	5235.62
219	30	إِلَى	إِلَى	1.00	1.00	rec	5236.18	5236.44
219	31	ٱلْجَنَّةِ	الْجَنَّةِ	1.00	1.00	rec	5236.46	5237.82
219	32	وَٱلْمَغْفِرَةِ	وَالْمَْرِ+ْفِرَتْ	0.75	0.87	rec	5237.92	5239.36
219	33	بِإِذْنِهِۦۖ	بِإِذْنِهِ	1.00	0.99	rec	5239.48	5240.46
219	34	وَيُبَيِّنُ	وَيُبَيِّنُ	1.00	1.00	rec	5241.62	5242.72
219	35	ءَايَٰتِهِۦ	آيَاتِهِ	0.83	1.00	rec	5242.92	5244.14
219	36	لِلنَّاسِ	لِلنَّاسِ	1.00	1.00	rec	5244.52	5246.30
219	37	لَعَلَّهُمْ	لَعَلَّهُمْ	1.00	1.00	rec	5246.42	5247.52
219	38	يَتَذَكَّرُونَ	يَتَذَرَّ+كَرُونَ	0.88	0.72	rec	5247.64	5250.06
220	0	وَيَسْـَٔلُونَكَ	وَيَسْأَلُونَكَ	0.88	1.00	rec	5251.04	5252.58
220	1	عَنِ	عَنِ	1.00	1.00	rec	5252.72	5253.02
220	2	ٱلْمَحِيضِۖ	الْمَحِيضِ	1.00	1.00	rec	5253.08	5254.26
220	3	قُلْ	قُلْ	1.00	1.00	rec	5254.46	5254.82
220	4	هُوَ	هُوَ	1.00	1.00	rec	5254.88	5255.22
220	5	أَذًۭى	أَذَىٰ	0.75	0.99	rec	5255.38	5255.74
220	6	فَٱعْتَزِلُوا۟	فَاعْتَزِلُوا	1.00	0.98	rec	5256.82	5257.72
220	7	ٱلنِّسَآءَ	النِّسَاءَ	1.00	1.00	rec	5257.76	5260.24
220	8	فِى	فِي	1.00	1.00	rec	5260.38	5260.50
220	9	ٱلْمَحِيضِۖ	الْمَحِيضِ	1.00	1.00	rec	5260.54	5261.56
220	10	وَلَا	وَلَا	1.00	1.00	rec	5261.70	5262.04
220	11	تَقْرَبُوهُنَّ	تَقْرَبُوهُنَّ	1.00	0.99	rec	5262.42	5264.60
220	12	حَتَّىٰ		0.00	0.23	forced	5264.76	5265.52
220	13	يَطْهُرْنَۖ		0.00	0.27	forced	5265.72	5266.94
220	14	فَإِذَا	فَإِذَا	1.00	1.00	rec	5267.66	5268.20
220	15	تَطَهَّرْنَ	تَطَهَّرْنَفَ	0.83	1.00	rec	5268.56	5269.88
220	16	فَأْتُوهُنَّ	ْتُوهُنَّ	0.67	0.94	rec	5270.14	5271.52
220	17	مِنْ	مِنْ	1.00	1.00	rec	5271.64	5271.92
220	18	حَيْثُ	حَيْثُ	1.00	1.00	rec	5272.02	5272.50
220	19	أَمَرَكُمُ	أَمَرَكُمُ	1.00	1.00	rec	5272.62	5273.52
220	20	ٱللَّهُۚ	اللَّهُ	1.00	1.00	rec	5273.60	5274.84
220	21	إِنَّ	إِنَّ	1.00	1.00	rec	5275.76	5276.58
220	22	ٱللَّهَ	اللَّهَ	1.00	1.00	rec	5276.64	5277.50
220	23	يُحِبُّ	يُحِبُّك	0.75	0.90	rec	5277.62	5278.32
220	24	ٱلتَّوَّٰبِينَ	تَوَّابِينَ	0.75	1.00	rec	5278.60	5279.88
220	25	وَيُحِبُّ	وَيُحِبُّ	1.00	1.00	rec	5279.98	5280.88
220	26	ٱلْمُتَطَهِّرِينَ	الْمُتَطَهِّرِينَ	1.00	1.00	rec	5280.96	5283.80
221	0	نِسَآؤُكُمْ	نِسَاؤُكُمْ	1.00	1.00	rec	5284.62	5287.36
221	1	حَرْثٌۭ	حَرْثٌ	1.00	1.00	rec	5287.52	5288.04
221	2	لَّكُمْ	لَكُمْ	1.00	1.00	rec	5288.36	5288.96
221	3	فَأْتُوا۟	فَأْتُوا	1.00	1.00	rec	5294.48	5295.02
221	4	حَرْثَكُمْ	حَرْثَكُمْ	1.00	0.97	rec	5295.36	5296.32
221	5	أَنَّىٰ	أَنَّىٰ	1.00	0.81	rec	5296.40	5297.40
221	6	شِئْتُمْۖ	شِئْتُمْ	1.00	1.00	rec	5297.92	5298.64
221	7	وَقَدِّمُوا۟	وَقَدِّمُوا	1.00	0.94	rec	5298.74	5299.68
221	8	لِأَنفُسِكُمْۚ	لِأَنْفُسِكُمْ	1.00	1.00	rec	5300.00	5301.88
221	9	وَٱتَّقُوا۟	وَاتَّقُوا	1.00	1.00	rec	5301.98	5302.64
221	10	ٱللَّهَ	اللَّهُ	1.00	0.99	rec	5302.70	5303.80
221	11	وَٱعْلَمُوٓا۟	وَاعْلَمُوا	1.00	0.99	rec	5306.40	5307.12
221	12	أَنَّكُم	أَنَّكُمْ	1.00	1.00	rec	5307.68	5309.34
221	13	مُّلَٰقُوهُۗ	مُلَاقُوهُ	1.00	1.00	rec	5309.40	5310.50
221	14	وَبَشِّرِ	وَبَشِّرِ	1.00	1.00	rec	5310.64	5311.54
221	15	ٱلْمُؤْمِنِينَ	الْمُؤْمِنِينَ	1.00	1.00	rec	5311.62	5313.78
222	0	وَلَا	وَلَا	1.00	1.00	rec	5314.66	5314.94
222	1	تَجْعَلُوا۟	تَجْعَلُوا	1.00	1.00	rec	5315.32	5316.06
222	2	ٱللَّهَ	اللَّهَ	1.00	1.00	rec	5316.12	5316.90
222	3	عُرْضَةًۭ	عُرْضَةً	1.00	1.00	rec	5317.06	5317.74
222	4	لِّأَيْمَٰنِكُمْ	لِأَيْمَانِكُمْ	1.00	1.00	rec	5318.02	5319.58
222	5	أَن	أَنْ	1.00	1.00	rec	5319.68	5320.34
222	6	تَبَرُّوا۟	تَبَرُّوا	1.00	1.00	rec	5320.48	5321.16
222	7	وَتَتَّقُوا۟	وَتَتَّقُوا	1.00	1.00	rec	5321.42	5322.38
222	8	وَتُصْلِحُوا۟	وَتُصْلِحُوا	1.00	1.00	rec	5322.68	5323.58
222	9	بَيْنَ	بَيْنَ	1.00	1.00	rec	5323.88	5324.38
222	10	ٱلنَّاسِۗ	النَّاسِ	1.00	1.00	rec	5324.44	5326.36
222	11	وَٱللَّهُ	وَاللَّهُ	1.00	0.98	rec	5326.96	5327.78
222	12	سَمِيعٌ	سَمِيعٌ	1.00	1.00	rec	5327.94	5328.86
222	13	عَلِيمٌۭ	عَلِيمٌ	1.00	1.00	rec	5329.24	5330.44
223	0	لَّا	لَا	1.00	1.00	rec	5331.38	5331.50
223	1	يُؤَاخِذُكُمُ	يُؤَاخِذُكُمُ	1.00	1.00	rec	5331.70	5333.22
223	2	ٱللَّهُ	اللَّهُ	1.00	1.00	rec	5333.32	5334.20
223	3	بِٱللَّغْوِ	بِاللَّغْوِ	1.00	1.00	rec	5334.34	5335.22
223	4	فِىٓ	فِي	1.00	1.00	rec	5335.44	5335.58
223	5	أَيْمَٰنِكُمْ	أَيْمَانِكُمْ	1.00	1.00	rec	5336.04	5337.72
223	6	وَلَٰكِن	وَلَـٰكِنْ	1.00	1.00	rec	5338.40	5340.00
223	7	يُؤَاخِذُكُم	يُؤَاخِذُكُمْ	1.00	1.00	rec	5340.04	5342.68
223	8	بِمَا	بِمَا	1.00	1.00	rec	5342.76	5343.14
223	9	كَسَبَتْ	كَسَبَتْ	1.00	1.00	rec	5343.60	5344.32
223	10	قُلُوبُكُمْۗ	قُلُوبُكُمْ	1.00	1.00	rec	5344.42	5345.80
223	11	وَٱللَّهُ	وَاللَّهُ	1.00	0.97	rec	5346.46	5347.28
223	12	غَفُورٌ	غَفُورٌ	1.00	1.00	rec	5347.40	5348.42
223	13	حَلِيمٌۭ	حَلِيمٌ	1.00	1.00	rec	5348.78	5350.14
224	0	لِّلَّذِينَ	لِلَّذِينَ	1.00	1.00	rec	5351.14	5352.06
224	1	يُؤْلُونَ	يُؤْلُونَ	1.00	1.00	rec	5352.20	5353.04
224	2	مِن	مِنْ	1.00	1.00	rec	5353.22	5353.90
224	3	نِّسَآئِهِمْ	نِسَائِهِمْ	1.00	0.98	rec	5353.98	5356.46
224	4	تَرَبُّصُ	تَرَبُّصُ	1.00	1.00	rec	5356.60	5357.54
224	5	أَرْبَعَةِ	أَرْبَعَةِ	1.00	0.99	rec	5357.74	5358.68
224	6	أَشْهُرٍۢۖ	أَشْهُرٍ	1.00	1.00	rec	5358.82	5359.52
224	7	فَإِن	فَإِنْ	1.00	1.00	rec	5360.38	5361.40
224	8	فَآءُو	فَاءُوا	0.80	0.95	rec	5361.52	5363.04
224	9	فَإِنَّ	فَإِنَّ	1.00	1.00	rec	5363.42	5364.48
224	10	ٱللَّهَ	اللَّهَ	1.00	0.99	rec	5364.54	5365.28
224	11	غَفُورٌۭ	غَفُورٌ	1.00	1.00	rec	5365.42	5366.18
224	12	رَّحِيمٌۭ	رَحِيمٌ	1.00	1.00	rec	5366.48	5368.08
225	0	وَإِنْ	وَإِنْ	1.00	1.00	rec	5368.92	5369.46
225	1	عَزَمُوا۟	عَزَمُوا	1.00	0.99	rec	5369.56	5370.10
225	2	ٱلطَّلَٰقَ	الطَّلَاقَ	1.00	1.00	rec	5370.16	5371.18
225	3	فَإِنَّ	فَإِنَّ	1.00	1.00	rec	5371.36	5372.52
225	4	ٱللَّهَ	اللَّهَ	1.00	1.00	rec	5372.58	5373.38
225	5	سَمِيعٌ	سَمِيعٌ	1.00	1.00	rec	5373.60	5374.40
225	6	عَلِيمٌۭ	عَلِيمٌ	1.00	1.00	rec	5374.80	5376.16
226	0	وَٱلْمُطَلَّقَٰتُ	وَالْمُطَلَّقَاتُ	1.00	1.00	rec	5377.00	5378.78
226	1	يَتَرَبَّصْنَ	يَتَرَبَّصْنَ	1.00	1.00	rec	5378.90	5380.18
226	2	بِأَنفُسِهِنَّ	بِأَنْفُسِهِنَّ	1.00	0.98	rec	5380.34	5383.12
226	3	ثَلَٰثَةَ	ثَلَاثَ	0.80	0.96	rec	5383.28	5384.02
226	4	قُرُوٓءٍۢۚ	تَقُرُورٍ	0.60	0.96	rec	5384.22	5386.40
226	5	وَلَا	وَلَا	1.00	1.00	rec	5387.30	5387.60
226	6	يَحِلُّ	يَحِلُّ	1.00	1.00	rec	5387.84	5388.58
226	7	لَهُنَّ	لَهُنَّ	1.00	1.00	rec	5388.74	5390.06
226	8	أَن	أَنْ	1.00	1.00	rec	5390.24	5390.94
226	9	يَكْتُمْنَ	يَكْتُمْنَ	1.00	1.00	rec	5390.98	5391.78
226	10	مَا	مَا	1.00	1.00	rec	5391.96	5392.10
226	11	خَلَقَ	خَلَقَ	1.00	1.00	rec	5392.42	5392.94
226	12	ٱللَّهُ	اللَّهُ	1.00	0.92	rec	5393.00	5393.78
226	13	فِىٓ	فِي	1.00	1.00	rec	5394.04	5394.20
226	14	أَرْحَامِهِنَّ	أَرْحَامِهِنَّ	1.00	1.00	rec	5394.62	5396.58
226	15	إِن	إِنْ	1.00	1.00	rec	5396.72	5397.40
226	16	كُنَّ	كُنَّ	1.00	1.00	rec	5397.52	5398.44
226	17	يُؤْمِنَّ	يُؤْمِنَّ	1.00	1.00	rec	5398.56	5399.74
226	18	بِٱللَّهِ	بِاللَّهِ	1.00	1.00	rec	5399.86	5400.76
226	19	وَٱلْيَوْمِ	وَالْيَوْمِ	1.00	1.00	rec	5400.88	5401.82
226	20	ٱلْءَاخِرِۚ	الْآخِرِ	0.83	1.00	rec	5401.88	5402.98
226	21	وَبُعُولَتُهُنَّ	وَبُعُولَتُهُنَّ	1.00	0.99	rec	5404.18	5406.48
226	22	أَحَقُّ	أَحَقُّ	1.00	1.00	rec	5406.60	5407.34
226	23	بِرَدِّهِنَّ	بِرَدِّهِنَّ	1.00	1.00	rec	5407.50	5409.40
226	24	فِى	فِي	1.00	1.00	rec	5409.60	5409.74
226	25	ذَٰلِكَ	ذَٰلِكَ	1.00	1.00	rec	5410.02	5410.82
226	26	إِنْ	إِنْ	1.00	1.00	rec	5410.98	5411.32
226	27	أَرَادُوٓا۟	أَرَادُوا	1.00	1.00	rec	5411.40	5412.22
226	28	إِصْلَٰحًۭاۚ	إِصْلَاحًا	1.00	0.99	rec	5412.66	5413.70
226	29	وَلَهُنَّ	وَلَهُنَّ	1.00	0.99	rec	5414.76	5416.16
226	30	مِثْلُ	مِثْلُ	1.00	1.00	rec	5416.28	5416.76
226	31	ٱلَّذِى	الَّذِي	1.00	1.00	rec	5416.84	5417.38
226	32	عَلَيْهِنَّ	عَلَيْهِنَّ	1.00	1.00	rec	5417.66	5419.10
226	33	بِٱلْمَعْرُوفِۚ	بِالْمَعْرُوفِ	1.00	1.00	rec	5419.24	5421.30
226	34	وَلِلرِّجَالِ	وَلِلرِّجَالِ	1.00	1.00	rec	5421.96	5423.14
226	35	عَلَيْهِنَّ	عَلَيْهِنَّ	1.00	1.00	rec	5423.28	5425.06
226	36	دَرَجَةٌۭۗ	دَرَجَةٌ	1.00	1.00	rec	5425.20	5425.98
226	37	وَٱللَّهُ	وَاللَّهُ	1.00	1.00	rec	5426.58	5427.52
226	38	عَزِيزٌ	عَزِيزٌ	1.00	1.00	rec	5427.70	5428.70
226	39	حَكِيمٌ	حَكِيمٌ	1.00	1.00	rec	5429.06	5430.44
227	0	ٱلطَّلَٰقُ	الطَّلَاقُ	1.00	1.00	rec	5431.24	5432.30
227	1	مَرَّتَانِۖ	مَرَّتَانِ	1.00	1.00	rec	5432.48	5434.44
227	2	فَإِمْسَاكٌۢ	فَإِمْسَاكُمْ	0.86	1.00	rec	5435.18	5436.90
227	3	بِمَعْرُوفٍ	بِمَعْرُوفٍ	1.00	1.00	rec	5436.94	5438.14
227	4	أَوْ	أَوْ	1.00	1.00	rec	5438.50	5438.76
227	5	تَسْرِيحٌۢ	تَسْرِيحٌ	1.00	1.00	rec	5438.88	5439.70
227	6	بِإِحْسَٰنٍۢۗ	بِإِحْسَانٍ	1.00	1.00	rec	5440.50	5442.24
227	7	وَلَا	وَلَا	1.00	1.00	rec	5444.12	5444.42
227	8	يَحِلُّ	يَحِلُّ	1.00	0.99	rec	5444.58	5445.22
227	9	لَكُمْ	لَكُمْ	1.00	1.00	rec	5445.36	5445.92
227	10	أَن	أَنْ	1.00	1.00	rec	5446.02	5446.82
227	11	تَأْخُذُوا۟	تَأْخُذُوا	1.00	0.93	rec	5446.94	5447.72
227	12	مِمَّآ	مِمَّا	1.00	1.00	rec	5448.04	5448.82
227	13	ءَاتَيْتُمُوهُنَّ	أَعتَيْتُمُوهُنَّ	0.78	1.00	rec	5449.14	5451.74
227	14	شَيْـًٔا	شَيْئًا	0.75	1.00	rec	5451.92	5452.40
227	15	إِلَّآ	إِلَّا	1.00	0.99	rec	5452.76	5453.28
227	16	أَن	أَنْ	1.00	1.00	rec	5453.68	5454.22
227	17	يَخَافَآ	يَخَافَا	1.00	0.99	rec	5454.28	5455.10
227	18	أَلَّا	إِلَّا	1.00	1.00	rec	5456.62	5457.18
227	19	يُقِيمَا	يُقِيمَا	1.00	1.00	rec	5460.38	5461.18
227	20	حُدُودَ	حُدُودَ	1.00	1.00	rec	5461.60	5462.44
227	21	ٱللَّهِۖ	اللَّهُ	1.00	0.89	rec	5462.50	5463.66
227	22	فَإِنْ	فَإِنْ	1.00	1.00	rec	5464.56	5465.14
227	23	خِفْتُمْ	خِفْتُمْ	1.00	0.97	rec	5465.24	5465.90
227	24	أَلَّا	أَلَّا	1.00	1.00	rec	5466.00	5466.48
227	25	يُقِيمَا	يُقِي+مَا	1.00	0.99	rec	5466.72	5467.48
227	26	حُدُودَ	حُدُودَ	1.00	1.00	rec	5467.80	5468.50
227	27	ٱللَّهِ	اللَّهِ	1.00	1.00	rec	5468.56	5469.30
227	28	فَلَا	فَلَا	1.00	1.00	rec	5469.50	5469.80
227	29	جُنَاحَ	جُنَاحَ	1.00	1.00	rec	5470.10	5470.84
227	30	عَلَيْهِمَا	عَلَيْهِمَا	1.00	1.00	rec	5470.98	5471.96
227	31	فِيمَا	فِي	0.50	1.00	rec	5472.32	5472.48
227	32	ٱفْتَدَتْ	مَفْتَدَتْ	0.80	1.00	rec	5472.76	5473.58
227	33	بِهِۦۗ	بِهِ	1.00	1.00	rec	5473.66	5473.90
227	34	تِلْكَ	تِلْكَ	1.00	1.00	rec	5474.66	5475.04
227	35	حُدُودُ	حُدُودُ	1.00	1.00	rec	5475.20	5475.88
227	36	ٱللَّهِ	اللَّهِ	1.00	1.00	rec	5475.96	5476.76
227	37	فَلَا	فَلَا	1.00	1.00	rec	5476.94	5477.26
227	38	تَعْتَدُوهَاۚ	تَعْتَدُوهَا	1.00	1.00	rec	5477.66	5478.94
227	39	وَمَن	وَمَنْ	1.00	1.00	rec	5480.16	5481.22
227	40	يَتَعَدَّ	يَتَعَدَّ	1.00	0.99	rec	5481.28	5482.20
227	41	حُدُودَ	حُدُودَ	1.00	1.00	rec	5482.40	5483.16
227	42	ٱللَّهِ	اللَّهِ	1.00	1.00	rec	5483.20	5484.02
227	43	فَأُو۟لَٰٓئِكَ	فَأُولَـٰئِكَ	1.00	1.00	rec	5484.20	5486.76
227	44	هُمُ	هُمُ	1.00	0.95	rec	5486.90	5487.20
227	45	ٱلظَّٰلِمُونَ	الظَّالِمُونَ	1.00	1.00	rec	5487.28	5489.46
228	0	فَإِن	فَإِنْ	1.00	1.00	rec	5490.24	5491.30
228	1	طَلَّقَهَا	طَلَّقَهَا	1.00	0.95	rec	5491.42	5492.44
228	2	فَلَا	فَلَا	1.00	1.00	rec	5492.80	5493.12
228	3	تَحِلُّ	تَحِلُّ	1.00	1.00	rec	5493.44	5494.14
228	4	لَهُۥ	لَهُ	1.00	1.00	rec	5494.26	5494.56
228	5	مِنۢ	مِنْ	1.00	1.00	rec	5494.98	5495.82
228	6	بَعْدُ	بَعْدُ	1.00	1.00	rec	5495.90	5496.34
228	7	حَتَّىٰ	حْتَى	0.75	0.78	rec	5496.80	5497.04
228	8	تَنكِحَ	تَنْكِحَ	1.00	1.00	rec	5497.44	5498.78
228	9	زَوْجًا	زَوْجًا	1.00	1.00	rec	5498.94	5499.50
228	10	غَيْرَهُۥۗ	غَيْرَهُ	1.00	1.00	rec	5499.84	5500.56
228	11	فَإِن	فَإِنْ	1.00	1.00	rec	5501.50	5502.44
228	12	طَلَّقَهَا	طَلَّقَهَا	1.00	0.96	rec	5502.56	5503.56
228	13	فَلَا	فَلَا	1.00	1.00	rec	5504.00	5504.32
228	14	جُنَاحَ	جُنَاحَ	1.00	1.00	rec	5504.62	5505.34
228	15	عَلَيْهِمَآ	عَلَيْهِمَا	1.00	1.00	rec	5505.50	5506.56
228	16	أَن	أَنْ	1.00	1.00	rec	5507.00	5507.78
228	17	يَتَرَاجَعَآ	يَتَرَاجَعَا	1.00	0.92	rec	5507.84	5509.12
228	18	إِن	إِنْ	1.00	1.00	rec	5509.56	5510.22
228	19	ظَنَّآ	ظَنَّا	1.00	1.00	rec	5510.30	5511.50
228	20	أَن	أَنْ	1.00	1.00	rec	5512.64	5513.26
228	21	يُقِيمَا	يُقِيمَا	1.00	0.99	rec	5513.30	5514.04
228	22	حُدُودَ	حُدُودَ	1.00	1.00	rec	5514.40	5515.26
228	23	ٱللَّهِۗ	اللَّهِ	1.00	0.98	rec	5515.32	5516.36
228	24	وَتِلْكَ	وَتِلْكَ	1.00	1.00	rec	5517.38	5518.00
228	25	حُدُودُ	حُدُودُ	1.00	1.00	rec	5518.14	5518.82
228	26	ٱللَّهِ	اللَّهِ	1.00	0.92	rec	5518.88	5519.68
228	27	يُبَيِّنُهَا	يُبَيِّنُهَا	1.00	1.00	rec	5519.82	5521.00
228	28	لِقَوْمٍۢ	لِقَوْمٍ	1.00	1.00	rec	5521.38	5522.12
228	29	يَعْلَمُونَ	يَعْلَمُونَ	1.00	1.00	rec	5522.86	5524.78
229	0	وَإِذَا	وَإِذَا	1.00	1.00	rec	5525.56	5526.00
229	1	طَلَّقْتُمُ	طَلَّقْتُمُ	1.00	0.98	rec	5526.20	5527.18
229	2	ٱلنِّسَآءَ	النِّسَاءَ	1.00	1.00	rec	5527.28	5529.88
229	3	فَبَلَغْنَ	فَبَلَغْنَ	1.00	1.00	rec	5530.04	5530.94
229	4	أَجَلَهُنَّ	أَجَلَهُنَّ	1.00	0.99	rec	5531.12	5532.68
229	5	فَأَمْسِكُوهُنَّ	فَأَمْسِكُوهُنَّ	1.00	1.00	rec	5532.84	5534.90
229	6	بِمَعْرُوفٍ	بِمَعْرُوفٍ	1.00	1.00	rec	5535.02	5536.16
229	7	أَوْ	أَوْ	1.00	1.00	rec	5536.48	5536.70
229	8	سَرِّحُوهُنَّ	سَرِّحُوهُنَّ	1.00	1.00	rec	5536.82	5538.72
229	9	بِمَعْرُوفٍۢۚ	بِمَعْرُوفٍ	1.00	1.00	rec	5538.82	5540.58
229	10	وَلَا	وَلَا	1.00	1.00	rec	5541.48	5541.74
229	11	تُمْسِكُوهُنَّ	تُمْسِكُوهُنَّ	1.00	1.00	rec	5541.92	5543.72
229	12	ضِرَارًۭا	ضِرَارًا	1.00	1.00	rec	5543.86	5544.52
229	13	لِّتَعْتَدُوا۟ۚ	لِتَعْتَدُوا	1.00	0.99	rec	5544.82	5545.88
229	14	وَمَن	وَمَنْ	1.00	1.00	rec	5547.54	5548.90
229	15	يَفْعَلْ	يَفْعَلْ	1.00	1.00	rec	5548.94	5549.56
229	16	ذَٰلِكَ	ذَٰلِكَ	1.00	1.00	rec	5549.66	5550.40
229	17	فَقَدْ	فَقَدْ	1.00	0.85	rec	5550.56	5551.08
229	18	ظَلَمَ	ظَّلَمَنَ	0.75	0.86	rec	5551.18	5551.90
229	19	نَفْسَهُۥۚ	فسَةْ	0.50	0.67	rec	5552.10	5552.54
229	20	وَلَا	وَلَا	1.00	1.00	rec	5553.28	5553.58
229	21	تَتَّخِذُوٓا۟	تَتَّخِذُوا	1.00	0.99	rec	5554.02	5554.92
229	22	ءَايَٰتِ	آيَاتِ	0.80	1.00	rec	5555.30	5556.26
229	23	ٱللَّهِ	اللَّهِ	1.00	1.00	rec	5556.32	5557.20
229	24	هُزُوًۭاۚ	هُزُئًا	0.75	0.93	rec	5557.40	5558.02
229	25	وَٱذْكُرُوا۟	وَاذْكُرُوا	1.00	1.00	rec	5559.30	5559.98
229	26	نِعْمَتَ	نِعْمَتَ	1.00	0.96	rec	5560.32	5560.96
229	27	ٱللَّهِ	اللَّهِ	1.00	0.96	rec	5561.00	5561.84
229	28	عَلَيْكُمْ	عَلَيْكُمْ	1.00	1.00	rec	5562.02	5563.02
229	29	وَمَآ	وَمَا	1.00	1.00	rec	5563.14	5563.52
229	30	أَنزَلَ	أَنْزَلَ	1.00	1.00	rec	5563.82	5564.68
229	31	عَلَيْكُم	عَلَيْكُمْ	1.00	1.00	rec	5564.80	5566.04
229	32	مِّنَ	مِنَ	1.00	1.00	rec	5566.10	5566.32
229	33	ٱلْكِتَٰبِ	الْكِتَابِ	1.00	1.00	rec	5566.36	5567.28
229	34	وَٱلْحِكْمَةِ	وَالحِ+ثْمَتِ	0.71	0.75	rec	5567.40	5568.54
229	35	يَعِظُكُم	يَعِظُكُمْ	1.00	1.00	rec	5568.68	5570.44
229	36	بِهِۦۚ	بِهِ	1.00	1.00	rec	5570.48	5570.76
229	37	وَٱتَّقُوا۟	وَاتَّقُوا	1.00	0.95	rec	5571.54	5572.14
229	38	ٱللَّهَ	اللَّهَ	1.00	1.00	rec	5572.20	5572.86
229	39	وَٱعْلَمُوٓا۟	وَاعْلَمُوا	1.00	1.00	rec	5573.00	5573.70
229	40	أَنَّ	أَنَّ	1.00	1.00	rec	5574.14	5574.92
229	41	ٱللَّهَ	اللَّهَ	1.00	1.00	rec	5574.98	5575.78
229	42	بِكُلِّ	بِكُلِّ	1.00	1.00	rec	5575.92	5576.62
229	43	شَىْءٍ	شَيْءٍ	1.00	1.00	rec	5576.80	5577.30
229	44	عَلِيمٌۭ	عَلِيمٌ	1.00	1.00	rec	5577.74	5579.02
230	0	وَإِذَا	وَإِذَا	1.00	0.89	rec	5580.02	5580.56
230	1	طَلَّقْتُمُ	طَلَّقْتُمُ	1.00	0.99	rec	5580.94	5582.08
230	2	ٱلنِّسَآءَ	النِّسَاءَ	1.00	0.98	rec	5582.16	5585.06
230	3	فَبَلَغْنَ	فَبَلَغْنَ	1.00	1.00	rec	5585.22	5586.12
230	4	أَجَلَهُنَّ	أَجْلَهُنَّ	1.00	0.95	rec	5586.26	5587.90
230	5	فَلَا	فَلَا	1.00	1.00	rec	5588.06	5588.42
230	6	تَعْضُلُوهُنَّ	تَعْضُلُوهُنَّ	1.00	1.00	rec	5588.86	5591.00
230	7	أَن	أَنْ	1.00	1.00	rec	5591.16	5591.94
230	8	يَنكِحْنَ	يَنْكِحْنَ	1.00	1.00	rec	5591.98	5593.16
230	9	أَزْوَٰجَهُنَّ	أَزْوَاجَهُنَّ	1.00	0.99	rec	5593.32	5595.38
230	10	إِذَا	إِذَا	1.00	1.00	rec	5603.98	5604.34
230	11	تَرَٰضَوْا۟	تَرَاضَوْا	1.00	1.00	rec	5604.64	5605.50
230	12	بَيْنَهُم	بَيْنَهُمْ	1.00	1.00	rec	5605.66	5606.96
230	13	بِٱلْمَعْرُوفِۗ	بِالْمَعْرُوفِ	1.00	1.00	rec	5607.04	5608.92
230	14	ذَٰلِكَ	ذَٰلِكَ	1.00	1.00	rec	5609.86	5610.54
230	15	يُوعَظُ	يُوعَظُ	1.00	0.96	rec	5610.66	5611.28
230	16	بِهِۦ	بِهِ	1.00	1.00	rec	5611.42	5611.72
230	17	مَن	مَنْ	1.00	0.89	rec	5612.04	5612.88
230	18	كَانَ	كَانَ	1.00	1.00	rec	5613.00	5613.50
230	19	مِنكُمْ	مِنْكُمْ	1.00	1.00	rec	5613.64	5614.68
230	20	يُؤْمِنُ	يُؤْمِنُ	1.00	1.00	rec	5614.80	5615.42
230	21	بِٱللَّهِ	بِاللَّهِ	1.00	1.00	rec	5615.58	5616.38
230	22	وَٱلْيَوْمِ	وَالْيَوْمِ	1.00	1.00	rec	5616.50	5617.34
230	23	ٱلْءَاخِرِۗ	الْآخِرِ	0.83	1.00	rec	5617.40	5618.54
230	24	ذَٰلِكُمْ	ذَٰلِكُمْ	1.00	1.00	rec	5619.96	5621.02
230	25	أَزْكَىٰ	أَزَ+زْكَىٰ	0.83	0.80	rec	5621.14	5621.76
230	26	لَكُمْ	لَكُمْ	1.00	1.00	rec	5622.08	5622.66
230	27	وَأَطْهَرُۗ	وَأَطْهَرْ	1.00	0.93	rec	5622.78	5623.76
230	28	وَٱللَّهُ	وَاللَّهُ	1.00	1.00	rec	5624.44	5625.10
230	29	يَعْلَمُ	يَعْلَمُ	1.00	1.00	rec	5625.28	5625.94
230	30	وَأَنتُمْ	وَأَنْتُمْ	1.00	1.00	rec	5626.08	5627.52
230	31	لَا	لَا	1.00	1.00	rec	5627.62	5627.74
230	32	تَعْلَمُونَ	تَعْلَمُونَ	1.00	1.00	rec	5628.12	5629.94
231	0	وَٱلْوَٰلِدَٰتُ	وَالْوَالِدَاتُ	1.00	1.00	rec	5631.30	5632.68
231	1	يُرْضِعْنَ	يُرْضِعْنَ	1.00	1.00	rec	5632.92	5633.74
231	2	أَوْلَٰدَهُنَّ	أَوْلَادَهُنَّ	1.00	0.99	rec	5633.90	5635.92
231	3	حَوْلَيْنِ	حَوْلَيْنِ	1.00	1.00	rec	5636.10	5637.06
231	4	كَامِلَيْنِۖ	كَامِلَيْنِ	1.00	1.00	rec	5637.24	5638.38
231	5	لِمَنْ	لِمَنْ	1.00	1.00	rec	5638.54	5639.08
231	6	أَرَادَ	أَرَادَ	1.00	1.00	rec	5639.18	5639.88
231	7	أَن	أَنْ	1.00	1.00	rec	5640.04	5640.66
231	8	يُتِمَّ	يُتِمَّ	1.00	0.96	rec	5640.70	5642.04
231	9	ٱلرَّضَاعَةَۚ	الرَّضَاعَهُ	0.86	0.90	rec	5642.12	5643.40
231	10	وَعَلَى	وَعَلَى	1.00	1.00	rec	5644.58	5645.04
231	11	ٱلْمَوْلُودِ	الْمَوْلُودِ	1.00	0.95	rec	5645.08	5646.06
231	12	لَهُۥ	لَهُ	1.00	1.00	rec	5646.16	5646.46
231	13	رِزْقُهُنَّ	رِزْقُهُنَّ	1.00	1.00	rec	5646.80	5648.40
231	14	وَكِسْوَتُهُنَّ	وَكِسْوَتُهُنَّ	1.00	1.00	rec	5648.52	5650.58
231	15	بِٱلْمَعْرُوفِۚ	بِالْمَعْرُوفِ	1.00	1.00	rec	5650.70	5652.68
231	16	لَا	لَا	1.00	1.00	rec	5653.44	5653.56
231	17	تُكَلَّفُ	تُكَلَّفُ	1.00	1.00	rec	5653.76	5654.60
231	18	نَفْسٌ	نَفْسٌ	1.00	1.00	rec	5654.78	5655.14
231	19	إِلَّا	إِلَّا	1.00	1.00	rec	5655.50	5655.96
231	20	وُسْعَهَاۚ	وُسْعَهَا	1.00	1.00	rec	5656.38	5657.16
231	21	لَا	لَا	1.00	1.00	rec	5659.00	5659.12
231	22	تُضَآرَّ	تُضَاغِ	0.75	0.98	rec	5659.48	5662.24
231	23	وَٰلِدَةٌۢ	وَالِدَةٌ	1.00	0.99	rec	5662.64	5663.54
231	24	بِوَلَدِهَا	بِوَلَدِهَا	1.00	0.95	rec	5664.38	5665.34
231	25	وَلَا	وَلَا	1.00	1.00	rec	5665.70	5666.06
231	26	مَوْلُودٌۭ	مَوْلُودٌ	1.00	1.00	rec	5666.38	5667.30
231	27	لَّهُۥ	لَهُ	1.00	1.00	rec	5667.60	5667.92
231	28	بِوَلَدِهِۦۚ	بِوَلَدِهِ	1.00	1.00	rec	5668.30	5669.22
231	29	وَعَلَى	وَعَلَى	1.00	1.00	rec	5670.04	5670.54
231	30	ٱلْوَارِثِ	الْوَارِثِ	1.00	0.95	rec	5670.58	5671.58
231	31	مِثْلُ	مِثْلُ	1.00	1.00	rec	5671.68	5672.12
231	32	ذَٰلِكَۗ	ذَٰلِكَ	1.00	1.00	rec	5672.28	5673.08
231	33	فَإِنْ	فَإِنْ	1.00	1.00	rec	5673.86	5674.34
231	34	أَرَادَا	أَرَادَا	1.00	0.94	rec	5674.42	5675.20
231	35	فِصَالًا	فِصَعَالًا	0.83	0.98	rec	5675.62	5676.68
231	36	عَن	عَنْ	1.00	1.00	rec	5677.04	5677.74
231	37	تَرَاضٍۢ	تَرَاضٍ	1.00	0.99	rec	5677.88	5678.72
231	38	مِّنْهُمَا	مِنْهُمَا	1.00	1.00	rec	5679.62	5680.38
231	39	وَتَشَاوُرٍۢ	وَتَشَاوُدٍ	0.83	0.97	rec	5680.68	5682.16
231	40	فَلَا	فَلَا	1.00	1.00	rec	5682.88	5683.22
231	41	جُنَاحَ	جُنَاحَ	1.00	1.00	rec	5683.54	5684.32
231	42	عَلَيْهِمَاۗ	عَلَيْهِمَا	1.00	1.00	rec	5684.46	5685.50
231	43	وَإِنْ	وَإِنْ	1.00	1.00	rec	5686.86	5687.36
231	44	أَرَدتُّمْ	أَرَدْتُمْ	1.00	1.00	rec	5687.44	5688.36
231	45	أَن	أَنْ	1.00	1.00	rec	5688.46	5689.38
231	46	تَسْتَرْضِعُوٓا۟	تَسْتَرْضِعُوا	1.00	0.98	rec	5689.52	5690.74
231	47	أَوْلَٰدَكُمْ	أَوْ+لَادَكُمْ	1.00	0.93	rec	5691.30	5692.76
231	48	فَلَا	فَلَا	1.00	1.00	rec	5692.92	5693.22
231	49	جُنَاحَ	جُنَاحَ	1.00	1.00	rec	5693.52	5694.28
231	50	عَلَيْكُمْ	عَلَيْكُمْ	1.00	1.00	rec	5694.46	5695.44
231	51	إِذَا	إِذَا	1.00	1.00	rec	5695.56	5695.90
231	52	سَلَّمْتُم	سَلَّمْتُمْ	1.00	1.00	rec	5696.20	5697.64
231	53	مَّآ	مَا	1.00	1.00	rec	5697.72	5697.84
231	54	ءَاتَيْتُم	آتَيْتُمْ	0.83	1.00	rec	5698.22	5700.02
231	55	بِٱلْمَعْرُوفِۗ	بِالْمَعْرُوفِ	1.00	0.96	rec	5700.08	5702.02
231	56	وَٱتَّقُوا۟	وَاتَّقُوا	1.00	0.99	rec	5702.96	5703.60
231	57	ٱللَّهَ	اللَّهَ	1.00	1.00	rec	5703.66	5704.38
231	58	وَٱعْلَمُوٓا۟	وَاعْلَمُوا	1.00	0.98	rec	5704.50	5705.16
231	59	أَنَّ	أَنَّ	1.00	0.95	rec	5705.58	5706.34
231	60	ٱللَّهَ	اللَّهَ	1.00	1.00	rec	5706.40	5707.18
231	61	بِمَا	بِمَا	1.00	1.00	rec	5707.32	5707.64
231	62	تَعْمَلُونَ	تَعْمَلُونَ	1.00	1.00	rec	5708.00	5709.36
231	63	بَصِيرٌۭ	بَصِيرٌ	1.00	1.00	rec	5709.48	5710.80
232	0	وَٱلَّذِينَ	وَالَّذِينَ	1.00	1.00	rec	5711.82	5712.82
232	1	يُتَوَفَّوْنَ	يُتَوَفَّوْنَ	1.00	0.97	rec	5712.94	5714.44
232	2	مِنكُمْ	مِنْكُمْ	1.00	1.00	rec	5714.60	5715.70
232	3	وَيَذَرُونَ	وَيَذَرُونَ	1.00	1.00	rec	5715.80	5716.86
232	4	أَزْوَٰجًۭا	أَزْوَادًا	0.83	0.96	rec	5717.00	5718.00
232	5	يَتَرَبَّصْنَ	يَتَرَبَّصْنَ	1.00	1.00	rec	5718.82	5720.12
232	6	بِأَنفُسِهِنَّ	بِأَنْفُسِهِنَّ	1.00	1.00	rec	5720.26	5722.82
232	7	أَرْبَعَةَ	أَرْبَعَةَ	1.00	1.00	rec	5722.98	5724.00
232	8	أَشْهُرٍۢ	أَشْهُرٍ	1.00	1.00	rec	5724.14	5724.84
232	9	وَعَشْرًۭاۖ	وَعَشْرًا	1.00	1.00	rec	5725.48	5726.32
232	10	فَإِذَا	فَإِذَا	1.00	1.00	rec	5727.88	5728.38
232	11	بَلَغْنَ	بَلَغْنَ	1.00	1.00	rec	5728.62	5729.26
232	12	أَجَلَهُنَّ	أَجَلَهُنَّ	1.00	0.97	rec	5729.40	5730.96
232	13	فَلَا	فَلَا	1.00	1.00	rec	5731.12	5731.42
232	14	جُنَاحَ	جُنَاحَ	1.00	1.00	rec	5731.70	5732.44
232	15	عَلَيْكُمْ	عَلَيْكُمْ	1.00	1.00	rec	5732.56	5733.56
232	16	فِيمَا	فِيمَا	1.00	1.00	rec	5733.70	5734.24
232	17	فَعَلْنَ	فَعَلْنَ	1.00	1.00	rec	5734.52	5735.20
232	18	فِىٓ	فِي	1.00	1.00	rec	5735.40	5735.54
232	19	أَنفُسِهِنَّ	أَنْفُسِهِنَّ	1.00	1.00	rec	5735.92	5738.02
232	20	بِٱلْمَعْرُوفِۗ	بِالْمَعْرُوفِ	1.00	0.99	rec	5738.14	5740.10
232	21	وَٱللَّهُ	وَاللَّهُ	1.00	1.00	rec	5740.84	5741.62
232	22	بِمَا	بِمَا	1.00	1.00	rec	5741.80	5742.12
232	23	تَعْمَلُونَ	تَعْمَلُونَ	1.00	1.00	rec	5742.48	5743.82
232	24	خَبِيرٌۭ	خَبِيرٌ	1.00	0.97	rec	5744.00	5745.16
233	0	وَلَا	وَلَا	1.00	1.00	rec	5746.26	5746.56
233	1	جُنَاحَ	جُنَاحَ	1.00	1.00	rec	5746.78	5747.58
233	2	عَلَيْكُمْ	عَلَيْكُمْ	1.00	1.00	rec	5747.74	5748.78
233	3	فِيمَا	فِيمَا	1.00	1.00	rec	5748.94	5749.50
233	4	عَرَّضْتُم	عَرَّضَ+تُمْ	1.00	0.90	rec	5749.86	5751.54
233	5	بِهِۦ	بِهِ	1.00	1.00	rec	5751.62	5751.94
233	6	مِنْ	مِنْ	1.00	1.00	rec	5752.30	5752.60
233	7	خِطْبَةِ	خِطْبَةِ	1.00	1.00	rec	5752.72	5753.36
233	8	ٱلنِّسَآءِ	النِّسَاءِ	1.00	1.00	rec	5753.42	5756.28
233	9	أَوْ	يَوْأَكْنَنْتُمْ⌐	0.88	0.96	rec	5756.44	5756.93
233	10	أَكْنَنتُمْ	يَوْأَكْنَنْتُمْ¬	0.88	0.96	rec	5756.93	5758.38
233	11	فِىٓ	فِي	1.00	1.00	rec	5758.54	5758.70
233	12	أَنفُسِكُمْۚ	أَنْفُسِكُمْ	1.00	1.00	rec	5759.12	5761.20
233	13	عَلِمَ	عَلِمَ	1.00	1.00	rec	5762.36	5762.86
233	14	ٱللَّهُ	اللَّهُ	1.00	1.00	rec	5762.92	5763.60
233	15	أَنَّكُمْ	أَنَّكُمْ	1.00	0.98	rec	5763.74	5764.88
233	16	سَتَذْكُرُونَهُنَّ	سَتَرٌ+اذْكُرُونَهُنَّ	0.82	0.74	rec	5764.98	5767.32
233	17	وَلَٰكِن	وَلَـٰكِنْ	1.00	1.00	rec	5767.44	5768.52
233	18	لَّا	لَا	1.00	1.00	rec	5768.60	5768.72
233	19	تُوَاعِدُوهُنَّ	تُوَاعِدُوهُنَّ	1.00	0.98	rec	5769.02	5771.12
233	20	سِرًّا	سِرًّا	1.00	1.00	rec	5777.46	5777.96
233	21	إِلَّآ	إِلَّا	1.00	1.00	rec	5778.30	5778.84
233	22	أَن	أَنْ	1.00	1.00	rec	5779.30	5779.94
233	23	تَقُولُوا۟	تَقُولُوا	1.00	0.94	rec	5780.06	5780.80
233	24	قَوْلًۭا	قَوْلًا	1.00	1.00	rec	5781.18	5781.62
233	25	مَّعْرُوفًۭاۚ	مَعْرُوفًا	1.00	0.98	rec	5782.58	5783.78
233	26	وَلَا	وَلَا	1.00	1.00	rec	5785.66	5785.98
233	27	تَعْزِمُوا۟	تَعْزِمُوا	1.00	1.00	rec	5786.42	5787.22
233	28	عُقْدَةَ	عُقْدَةَ	1.00	1.00	rec	5787.60	5788.36
233	29	ٱلنِّكَاحِ	النِّكَاحِ	1.00	1.00	rec	5788.42	5790.20
233	30	حَتَّىٰ	حَتَّىٰ	1.00	1.00	rec	5790.38	5790.94
233	31	يَبْلُغَ	يَبْلُغَ	1.00	1.00	rec	5791.30	5792.02
233	32	ٱلْكِتَٰبُ	الْكِتَابُ	1.00	1.00	rec	5792.10	5793.18
233	33	أَجَلَهُۥۚ	أَجَلَهُ	1.00	1.00	rec	5793.38	5794.04
233	34	وَٱعْلَمُوٓا۟	وَاعْلَمُوا	1.00	0.99	rec	5795.12	5795.72
233	35	أَنَّ	أَنَّ	1.00	1.00	rec	5796.12	5797.12
233	36	ٱللَّهَ	اللَّهَ	1.00	1.00	rec	5797.20	5798.04
233	37	يَعْلَمُ	يَعْلَمُ	1.00	1.00	rec	5798.22	5798.92
233	38	مَا	مَا	1.00	1.00	rec	5799.12	5799.24
233	39	فِىٓ	فِي	1.00	1.00	rec	5799.66	5799.84
233	40	أَنفُسِكُمْ	أَنْفُسِكُمْ	1.00	1.00	rec	5800.18	5801.98
233	41	فَٱحْذَرُوهُۚ	َحْذَرُوهُ	0.71	0.93	rec	5802.40	5803.70
233	42	وَٱعْلَمُوٓا۟	وَاعْلَمُوا	1.00	0.92	rec	5804.54	5805.18
233	43	أَنَّ	أَنَّ	1.00	0.90	rec	5805.58	5806.66
233	44	ٱللَّهَ	اللَّهَ	1.00	0.92	rec	5806.72	5807.54
233	45	غَفُورٌ	غَفُورٌ	1.00	1.00	rec	5807.68	5808.44
233	46	حَلِيمٌۭ	حَلِيمٌ	1.00	1.00	rec	5808.90	5810.22
234	0	لَّا	لَا	1.00	1.00	rec	5811.32	5811.44
234	1	جُنَاحَ	جُنَاحَ	1.00	1.00	rec	5811.68	5812.38
234	2	عَلَيْكُمْ	عَلَيْكُمْ	1.00	1.00	rec	5812.50	5813.50
234	3	إِن	إِنْ	1.00	1.00	rec	5813.60	5814.22
234	4	طَلَّقْتُمُ	طَلَّقْتُمُ	1.00	0.98	rec	5814.34	5815.42
234	5	ٱلنِّسَآءَ	النِّسَاءَ	1.00	0.98	rec	5815.48	5818.12
234	6	مَا	مَعَ	0.50	0.92	rec	5822.30	5822.60
234	7	لَمْ	لَمْ	1.00	1.00	rec	5822.74	5823.02
234	8	تَمَسُّوهُنَّ	تَمَسُّوهُنَّ	1.00	0.99	rec	5823.14	5825.04
234	9	أَوْ	أَوْ	1.00	1.00	rec	5825.18	5825.46
234	10	تَفْرِضُوا۟	تَفْرِضُوا	1.00	1.00	rec	5825.60	5826.38
234	11	لَهُنَّ	لَهُنَّ	1.00	1.00	rec	5826.74	5827.80
234	12	فَرِيضَةًۭۚ	فَرِيضَةٌ	1.00	0.99	rec	5827.98	5828.86
234	13	وَمَتِّعُوهُنَّ	وَمَتِّعُوهُنَّ	1.00	0.96	rec	5829.88	5831.96
234	14	عَلَى	عَلَى	1.00	1.00	rec	5832.12	5832.44
234	15	ٱلْمُوسِعِ	الْمُوسِعِ	1.00	1.00	rec	5832.48	5833.50
234	16	قَدَرُهُۥ	قَدْرُهُ	1.00	1.00	rec	5833.70	5834.46
234	17	وَعَلَى	وَعَلَى	1.00	1.00	rec	5834.88	5835.42
234	18	ٱلْمُقْتِرِ	الْمُقْتِلِقَدْرُهُ⌐	0.90	0.98	rec	5835.46	5836.53
234	19	قَدَرُهُۥ	الْمُقْتِلِقَدْرُهُ¬	0.90	0.98	rec	5836.53	5837.24
234	20	مَتَٰعًۢا	مَتَاعًا	1.00	1.00	rec	5837.62	5838.40
234	21	بِٱلْمَعْرُوفِۖ	بِالْمَعْرُوفِ	1.00	1.00	rec	5839.16	5840.48
234	22	حَقًّا	قًا	0.67	1.00	rec	5841.06	5841.16
234	23	عَلَى	عَلَى	1.00	0.95	rec	5841.50	5841.76
234	24	ٱلْمُحْسِنِينَ	الْمُحْسِنِينَ	1.00	1.00	rec	5841.80	5844.24
235	0	وَإِن	وَإِنْ	1.00	1.00	rec	5845.20	5846.26
235	1	طَلَّقْتُمُوهُنَّ	طَلَّقْتُمُوهُنَّ	1.00	1.00	rec	5846.38	5848.88
235	2	مِن	مِنْ	1.00	1.00	rec	5849.06	5849.88
235	3	قَبْلِ	قَبْلِ	1.00	1.00	rec	5850.00	5850.50
235	4	أَن	أَنْ	1.00	1.00	rec	5850.64	5851.36
235	5	تَمَسُّوهُنَّ	تَمَسُّوهُنَّ	1.00	1.00	rec	5851.48	5853.52
235	6	وَقَدْ	وَقَدْ	1.00	1.00	rec	5853.64	5854.22
235	7	فَرَضْتُمْ	فَرَضَ+تُمْ	1.00	0.94	rec	5854.40	5855.50
235	8	لَهُنَّ	لَهُنَّ	1.00	1.00	rec	5855.58	5856.70
235	9	فَرِيضَةًۭ	فَرِيضَةٌ	1.00	1.00	rec	5856.88	5857.88
235	10	فَنِصْفُ	فَنِصْفُ	1.00	1.00	rec	5858.80	5859.38
235	11	مَا	مَا	1.00	1.00	rec	5859.54	5859.66
235	12	فَرَضْتُمْ	فَرَضَ+ْتُمْ	1.00	0.91	rec	5860.00	5860.94
235	13	إِلَّآ	إِلَّا	1.00	1.00	rec	5861.04	5861.56
235	14	أَن	أَنْ	1.00	1.00	rec	5862.04	5862.74
235	15	يَعْفُونَ	يَعْفُونَ	1.00	1.00	rec	5862.78	5863.72
235	16	أَوْ	أَوْيَعْ⌐	0.57	1.00	rec	5863.90	5864.10
235	17	يَعْفُوَا۟	أَوْيَعْ¬	0.57	1.00	rec	5864.10	5864.60
235	18	ٱلَّذِى	الَّذِي	1.00	1.00	rec	5865.16	5865.70
235	19	بِيَدِهِۦ	بِيَدِهِ	1.00	1.00	rec	5865.98	5866.68
235	20	عُقْدَةُ	عُقْدَةُ	1.00	0.99	rec	5867.10	5867.80
235	21	ٱلنِّكَاحِۚ	النِّكَاحُ	1.00	0.98	rec	5867.88	5869.66
235	22	وَأَن	وَأَنْتَ	0.75	1.00	rec	5870.68	5871.86
235	23	تَعْفُوٓا۟		0.00	0.06	forced	5872.08	5872.36
235	24	أَقْرَبُ	أَقْرَبُ	1.00	1.00	rec	5872.82	5873.48
235	25	لِلتَّقْوَىٰۚ	لِلتَّقْوَىٰ	1.00	0.99	rec	5873.60	5874.60
235	26	وَلَا	وَلَا	1.00	1.00	rec	5875.88	5876.16
235	27	تَنسَوُا۟	تَنْسَوُا	1.00	1.00	rec	5876.46	5877.68
235	28	ٱلْفَضْلَ	الْفَضْلَ	1.00	1.00	rec	5877.78	5878.60
235	29	بَيْنَكُمْۚ	بَيْنَكُمْ	1.00	1.00	rec	5878.78	5879.92
235	30	إِنَّ	إِنَّ	1.00	1.00	rec	5880.80	5881.76
235	31	ٱللَّهَ	اللَّهَ	1.00	1.00	rec	5881.82	5882.64
235	32	بِمَا	بِمَا	1.00	1.00	rec	5882.78	5883.14
235	33	تَعْمَلُونَ	تَعْمَلُونَ	1.00	1.00	rec	5883.48	5884.68
235	34	بَصِيرٌ	بَصِيرٌ	1.00	1.00	rec	5884.80	5886.22
236	0	حَٰفِظُوا۟	حَافِظُوا	1.00	1.00	rec	5887.26	5888.00
236	1	عَلَى	عَلَى	1.00	1.00	rec	5888.36	5888.62
236	2	ٱلصَّلَوَٰتِ	الصَّلَوَاتِ	1.00	0.97	rec	5888.66	5889.76
236	3	وَٱلصَّلَوٰةِ	وَالصَّلَاةِ	0.88	0.97	rec	5889.88	5891.00
236	4	ٱلْوُسْطَىٰ	الْوُسْطَىٰ	1.00	1.00	rec	5891.06	5891.92
236	5	وَقُومُوا۟	وَقُومُوا	1.00	0.99	rec	5892.22	5893.06
236	6	لِلَّهِ	لِلَّهِ	1.00	1.00	rec	5893.42	5894.30
236	7	قَٰنِتِينَ	قَانِتِينَ	1.00	1.00	rec	5894.52	5896.54
237	0	فَإِنْ	فَإِنْ	1.00	1.00	rec	5897.78	5898.36
237	1	خِفْتُمْ	خِفْتُمْ	1.00	1.00	rec	5898.46	5899.14
237	2	فَرِجَالًا	فَرِجَالًا	1.00	0.95	rec	5899.24	5900.36
237	3	أَوْ	أَوْ	1.00	1.00	rec	5900.72	5901.04
237	4	رُكْبَانًۭاۖ	رُكْبَانًا	1.00	1.00	rec	5901.12	5902.04
237	5	فَإِذَآ	فَإِذَا	1.00	1.00	rec	5903.26	5903.86
237	6	أَمِنتُمْ	أَمِنْتُمْ	1.00	0.99	rec	5904.24	5905.74
237	7	فَٱذْكُرُوا۟	ذْكُرُوا	0.71	0.82	rec	5906.20	5906.62
237	8	ٱللَّهَ	اللَّهَ	1.00	1.00	rec	5906.68	5907.50
237	9	كَمَا	كَمَا	1.00	1.00	rec	5907.70	5908.06
237	10	عَلَّمَكُم	عَلَّمَكُمْ	1.00	0.95	rec	5908.34	5910.06
237	11	مَّا	مَا	1.00	1.00	rec	5910.14	5910.28
237	12	لَمْ	لَمْ	1.00	1.00	rec	5910.58	5910.86
237	13	تَكُونُوا۟	تَكُونُوا	1.00	1.00	rec	5910.98	5911.76
237	14	تَعْلَمُونَ	تَعْلَمُونَ	1.00	0.99	rec	5912.20	5914.06
238	0	وَٱلَّذِينَ	وَالَّذِينَ	1.00	1.00	rec	5915.24	5916.28
238	1	يُتَوَفَّوْنَ	يُتَوَفَّوْنَ	1.00	1.00	rec	5916.42	5917.90
238	2	مِنكُمْ	مِنْكُمْ	1.00	1.00	rec	5918.10	5919.36
238	3	وَيَذَرُونَ	وَيَذَرُونَ	1.00	0.99	rec	5919.48	5920.60
238	4	أَزْوَٰجًۭا	أَزْوَاجًا	1.00	1.00	rec	5920.76	5921.86
238	5	وَصِيَّةًۭ	وَصِيَّةً	1.00	1.00	rec	5922.50	5923.44
238	6	لِّأَزْوَٰجِهِم	لِأَزْوَاجِهِمْ	1.00	1.00	rec	5923.72	5925.64
238	7	مَّتَٰعًا	مَتَاعًا	1.00	1.00	rec	5925.70	5926.50
238	8	إِلَى	إِلَى	1.00	1.00	rec	5926.86	5927.12
238	9	ٱلْحَوْلِ	الْحَوْلِ	1.00	1.00	rec	5927.16	5927.92
238	10	غَيْرَ	غَيْرَ	1.00	1.00	rec	5928.08	5928.54
238	11	إِخْرَاجٍۢۚ	إِخْرَاجٍ	1.00	1.00	rec	5928.68	5930.08
238	12	فَإِنْ	فَإِنْ	1.00	1.00	rec	5931.26	5931.70
238	13	خَرَجْنَ	خَرَدْنَ	0.75	0.98	rec	5931.82	5932.46
238	14	فَلَا	فَلَا	1.00	1.00	rec	5932.64	5932.94
238	15	جُنَاحَ	جُنَاحَ	1.00	1.00	rec	5933.26	5933.96
238	16	عَلَيْكُمْ	عَلَيْكُمْ	1.00	1.00	rec	5934.08	5935.10
238	17	فِى	فِيمَا⌐	1.00	1.00	rec	5935.22	5935.49
238	18	مَا	فِيمَا¬	1.00	1.00	rec	5935.49	5935.76
238	19	فَعَلْنَ	فَعَلْنَ	1.00	1.00	rec	5936.06	5936.76
238	20	فِىٓ	فِي	1.00	1.00	rec	5936.98	5937.12
238	21	أَنفُسِهِنَّ	أَنْفُسِهِنَّ	1.00	1.00	rec	5937.74	5939.74
238	22	مِن	مِنْ	1.00	1.00	rec	5939.86	5940.48
238	23	مَّعْرُوفٍۢۗ	مَعْرُوفٍ	1.00	1.00	rec	5940.54	5942.20
238	24	وَٱللَّهُ	وَاللَّهُ	1.00	1.00	rec	5943.02	5943.82
238	25	عَزِيزٌ	عَزِيزٌ	1.00	1.00	rec	5943.98	5945.02
238	26	حَكِيمٌۭ	حَكِيمٌ	1.00	1.00	rec	5945.36	5946.74
239	0	وَلِلْمُطَلَّقَٰتِ	وَلِلْمُطَلَّقَاتِ	1.00	0.98	rec	5948.06	5950.06
239	1	مَتَٰعٌۢ	مَتَاعٌ	1.00	1.00	rec	5950.20	5951.00
239	2	بِٱلْمَعْرُوفِۖ	بِالْمَعْرُوفِ	1.00	1.00	rec	5951.88	5953.24
239	3	حَقًّا	ح+ْقًا	1.00	0.62	rec	5953.42	5953.96
239	4	عَلَى	عَلَى	1.00	1.00	rec	5954.32	5954.58
239	5	ٱلْمُتَّقِينَ	الْمُتَّقِينَ	1.00	1.00	rec	5954.60	5956.74
240	0	كَذَٰلِكَ	كَذَٰلِكَ	1.00	1.00	rec	5957.44	5958.30
240	1	يُبَيِّنُ	يُبَيِّنُ	1.00	0.99	rec	5958.40	5959.26
240	2	ٱللَّهُ	اللَّهُ	1.00	1.00	rec	5959.34	5960.04
240	3	لَكُمْ	لَكُمْ	1.00	1.00	rec	5960.16	5960.72
240	4	ءَايَٰتِهِۦ	آيَاتِهِ	0.83	1.00	rec	5960.84	5961.96
240	5	لَعَلَّكُمْ	لَعَلَّكُمْ	1.00	0.98	rec	5962.32	5963.50
240	6	تَعْقِلُونَ	تَعْ+عْقِلُونَ	0.86	0.73	rec	5963.68	5965.54
241	0	أَلَمْ	أَلَمْ	1.00	1.00	rec	5966.36	5966.74
241	1	تَرَ	تَرَ	1.00	1.00	rec	5966.86	5967.10
241	2	إِلَى	إِلَى	1.00	1.00	rec	5967.24	5967.46
241	3	ٱلَّذِينَ	الَّذِينَ	1.00	1.00	rec	5967.50	5968.10
241	4	خَرَجُوا۟	خَرَجُوا	1.00	1.00	rec	5968.28	5968.78
241	5	مِن	مِنْ	1.00	1.00	rec	5969.02	5969.58
241	6	دِيَٰرِهِمْ	دِيَارِهِمْ	1.00	0.95	rec	5969.66	5970.76
241	7	وَهُمْ	وَهُمْ	1.00	1.00	rec	5970.88	5971.30
241	8	أُلُوفٌ	أُلُوفٌ	1.00	1.00	rec	5971.44	5972.20
241	9	حَذَرَ	حَذَرَ	1.00	1.00	rec	5972.58	5973.06
241	10	ٱلْمَوْتِ	الْمَوْتِ	1.00	1.00	rec	5973.12	5974.42
241	11	فَقَالَ	فَقَالَ	1.00	1.00	rec	5975.32	5976.00
241	12	لَهُمُ	لَهُمُ	1.00	1.00	rec	5976.14	5976.62
241	13	ٱللَّهُ	اللَّهُ	1.00	1.00	rec	5976.70	5977.40
241	14	مُوتُوا۟	مُوتُوا	1.00	1.00	rec	5977.56	5978.20
241	15	ثُمَّ	ثُمَّ	1.00	1.00	rec	5978.52	5979.44
241	16	أَحْيَٰهُمْۚ	أَحْيَاهُمْ	1.00	1.00	rec	5979.56	5980.86
241	17	إِنَّ	إِنَّ	1.00	1.00	rec	5981.76	5982.54
241	18	ٱللَّهَ	اللَّهَ	1.00	1.00	rec	5982.60	5983.32
241	19	لَذُو	لَذُو	1.00	1.00	rec	5983.46	5983.80
241	20	فَضْلٍ	فَضْلٍ	1.00	1.00	rec	5984.10	5984.58
241	21	عَلَى	عَلَى	1.00	1.00	rec	5984.98	5985.24
241	22	ٱلنَّاسِ	النَّاسِ	1.00	0.99	rec	5985.28	5986.96
241	23	وَلَٰكِنَّ	وَلَـٰكِنَّ	1.00	0.99	rec	5987.56	5989.20
241	24	أَكْثَرَ	أَكْثَرَ	1.00	1.00	rec	5989.32	5989.96
241	25	ٱلنَّاسِ	النَّاسِ	1.00	0.92	rec	5990.00	5991.24
241	26	لَا	لَا	1.00	1.00	rec	5991.38	5991.50
241	27	يَشْكُرُونَ	يَشْكُرُونَ	1.00	1.00	rec	5991.90	5993.76
242	0	وَقَٰتِلُوا۟	وَقَاتِلُوا	1.00	1.00	rec	5994.72	5995.82
242	1	فِى	فِي	1.00	1.00	rec	5996.18	5996.32
242	2	سَبِيلِ	سَبِيلِ	1.00	1.00	rec	5996.66	5997.42
242	3	ٱللَّهِ	اللَّهِ	1.00	0.99	rec	5997.46	5998.26
242	4	وَٱعْلَمُوٓا۟	وَاعْلَمُوا	1.00	1.00	rec	5998.44	5999.20
242	5	أَنَّ	أَنَّ	1.00	0.99	rec	5999.62	6000.52
242	6	ٱللَّهَ	اللَّهَ	1.00	1.00	rec	6000.56	6001.38
242	7	سَمِيعٌ	سَمِيعٌ	1.00	0.95	rec	6001.56	6002.36
242	8	عَلِيمٌۭ	عَلِيمٌ	1.00	1.00	rec	6002.80	6004.02
243	0	مَّن	مَنْ	1.00	1.00	rec	6005.18	6005.94
243	1	ذَا	ذَا	1.00	1.00	rec	6006.02	6006.14
243	2	ٱلَّذِى	الَّذِي	1.00	0.99	rec	6006.18	6006.76
243	3	يُقْرِضُ	يُقْرِضُ	1.00	1.00	rec	6007.06	6007.76
243	4	ٱللَّهَ	اللَّهَ	1.00	0.97	rec	6007.86	6008.80
243	5	قَرْضًا	قَرْضًا	1.00	1.00	rec	6009.02	6009.50
243	6	حَسَنًۭا	حَسَنًا	1.00	1.00	rec	6009.82	6010.44
243	7	فَيُضَٰعِفَهُۥ	فَيُضَاعِفُهُ	1.00	1.00	rec	6011.30	6012.92
243	8	لَهُۥٓ	لَهُ	1.00	1.00	rec	6013.32	6013.66
243	9	أَضْعَافًۭا	أَضْعَافًا	1.00	1.00	rec	6014.54	6015.62
243	10	كَثِيرَةًۭۚ	كَثِيرَةً	1.00	1.00	rec	6016.50	6017.50
243	11	وَٱللَّهُ	وَاللَّهُ	1.00	1.00	rec	6018.56	6019.40
243	12	يَقْبِضُ	يَقْبِضُ	1.00	0.95	rec	6019.58	6020.30
243	13	وَيَبْصُۜطُ	وَيَبْسُقُ	0.60	0.94	rec	6020.40	6021.46
243	14	وَإِلَيْهِ	وَإِلَيْهِ	1.00	1.00	rec	6021.58	6022.58
243	15	تُرْجَعُونَ	تُرْجَعُونَ	1.00	1.00	rec	6022.80	6024.82
244	0	أَلَمْ	أَلَمْ	1.00	0.92	rec	6025.70	6026.16
244	1	تَرَ	تَرَ	1.00	1.00	rec	6026.28	6026.56
244	2	إِلَى	إِلَى	1.00	1.00	rec	6026.68	6026.92
244	3	ٱلْمَلَإِ	الْمَلَإِ	1.00	1.00	rec	6026.98	6027.64
244	4	مِنۢ	مِنْ	1.00	1.00	rec	6027.78	6028.40
244	5	بَنِىٓ	بَنِي	1.00	0.97	rec	6028.48	6028.82
244	6	إِسْرَٰٓءِيلَ	إِسْرَائِيلَ	0.86	1.00	rec	6029.24	6031.82
244	7	مِنۢ	مِنْ	1.00	1.00	rec	6031.96	6032.68
244	8	بَعْدِ	بَعْدِ	1.00	1.00	rec	6032.74	6033.22
244	9	مُوسَىٰٓ	مُوسَىٰ	1.00	1.00	rec	6033.36	6033.96
244	10	إِذْ	إِذْ	1.00	1.00	rec	6035.18	6035.42
244	11	قَالُوا۟	قَالُوا	1.00	1.00	rec	6035.54	6036.12
244	12	لِنَبِىٍّۢ	لِنَبِيٍّ	1.00	0.98	rec	6036.40	6037.34
244	13	لَّهُمُ	لَهُمُ	1.00	0.89	rec	6037.66	6038.22
244	14	ٱبْعَثْ	ابْعَثْ	1.00	0.99	rec	6038.30	6038.92
244	15	لَنَا	لَنَا	1.00	1.00	rec	6039.00	6039.34
244	16	مَلِكًۭا	مَلِكَا	1.00	0.90	rec	6039.66	6040.28
244	17	نُّقَٰتِلْ	النُّقَاتِلْ	0.71	0.92	rec	6040.34	6042.22
244	18	فِى	فِي	1.00	1.00	rec	6042.36	6042.50
244	19	سَبِيلِ	سَبِيلِ	1.00	1.00	rec	6042.84	6043.68
244	20	ٱللَّهِۖ	اللَّهِ	1.00	1.00	rec	6043.74	6044.76
244	21	قَالَ	قَالَ	1.00	1.00	rec	6045.72	6046.12
244	22	هَلْ	هَلْ	1.00	1.00	rec	6046.26	6046.56
244	23	عَسَيْتُمْ	عَسَيْتُمْ	1.00	1.00	rec	6046.62	6047.64
244	24	إِن	إِنْ	1.00	1.00	rec	6047.74	6048.44
244	25	كُتِبَ	كُتِبَ	1.00	1.00	rec	6048.58	6049.06
244	26	عَلَيْكُمُ	عَلَيْكُمُ	1.00	1.00	rec	6049.18	6050.08
244	27	ٱلْقِتَالُ	الْقِتَالُ	1.00	1.00	rec	6050.18	6051.18
244	28	أَلَّا	أَلَّا	1.00	1.00	rec	6051.34	6051.80
244	29	تُقَٰتِلُوا۟ۖ	تُقَاتِلُونَ	0.86	0.99	rec	6052.10	6053.62
244	30	قَالُوا۟	قَالُوا	1.00	1.00	rec	6054.42	6054.84
244	31	وَمَا	وَمَا	1.00	1.00	rec	6055.00	6055.36
244	32	لَنَآ	لَنَا	1.00	1.00	rec	6055.70	6056.04
244	33	أَلَّا	أَنْ+لَا	0.75	0.93	rec	6056.34	6056.86
244	34	نُقَٰتِلَ	نُقَاتِلَ	1.00	1.00	rec	6057.12	6058.24
244	35	فِى	فِي	1.00	1.00	rec	6058.40	6058.54
244	36	سَبِيلِ	سَبِيلِ	1.00	1.00	rec	6058.80	6059.50
244	37	ٱللَّهِ	اللَّهِ	1.00	0.92	rec	6059.56	6060.30
244	38	وَقَدْ	وَقَدْ	1.00	1.00	rec	6060.46	6061.00
244	39	أُخْرِجْنَا	أُخْرِجْنَا	1.00	1.00	rec	6061.12	6062.02
244	40	مِن	مِنْ	1.00	1.00	rec	6062.34	6062.96
244	41	دِيَٰرِنَا	دِيَيرِنَا	0.83	0.91	rec	6063.04	6064.04
244	42	وَأَبْنَآئِنَاۖ	وَأَبْنَائِنَا	1.00	1.00	rec	6064.34	6066.88
244	43	فَلَمَّا	فَلَمَّا	1.00	1.00	rec	6068.06	6069.20
244	44	كُتِبَ	كُتِبَ	1.00	1.00	rec	6069.64	6070.12
244	45	عَلَيْهِمُ	عَلَيْهِمِ	1.00	1.00	rec	6070.28	6071.22
244	46	ٱلْقِتَالُ	الْقِتَالُ	1.00	0.99	rec	6071.28	6072.34
244	47	تَوَلَّوْا۟	تَوَلَّوْا	1.00	0.98	rec	6072.54	6073.40
244	48	إِلَّا	إِلَّا	1.00	1.00	rec	6073.54	6074.00
244	49	قَلِيلًۭا	قَلِيلًا	1.00	1.00	rec	6074.32	6074.94
244	50	مِّنْهُمْۗ	مِنْهُمْ	1.00	1.00	rec	6075.80	6076.60
244	51	وَٱللَّهُ	وَاللَّهُ	1.00	1.00	rec	6077.34	6078.18
244	52	عَلِيمٌۢ	عَلِيمٌ	1.00	1.00	rec	6078.34	6078.94
244	53	بِٱلظَّٰلِمِينَ	بِالظَّالِمِينَ	1.00	0.96	rec	6079.80	6082.02
245	0	وَقَالَ	وَقَالَ	1.00	1.00	rec	6082.88	6083.54
245	1	لَهُمْ	لَهُمْ	1.00	1.00	rec	6083.66	6084.18
245	2	نَبِيُّهُمْ	نَبِيُّهُمْ	1.00	1.00	rec	6084.28	6085.42
245	3	إِنَّ	إِنَّ	1.00	1.00	rec	6085.52	6086.30
245	4	ٱللَّهَ	اللَّهَ	1.00	1.00	rec	6086.36	6087.06
245	5	قَدْ	قَدْ	1.00	1.00	rec	6087.26	6087.54
245	6	بَعَثَ	بَعَثَ	1.00	1.00	rec	6087.68	6088.22
245	7	لَكُمْ	لَكُمْ	1.00	1.00	rec	6088.34	6088.88
245	8	طَالُوتَ	قَالُوا	0.60	1.00	rec	6089.04	6089.66
245	9	مَلِكًۭاۚ	تَمَلِكًا	0.80	1.00	rec	6090.04	6090.90
245	10	قَالُوٓا۟	قَالُوا	1.00	1.00	rec	6092.06	6092.68
245	11	أَنَّىٰ	أَنَّىٰ	1.00	0.99	rec	6093.16	6094.06
245	12	يَكُونُ	يَكُونُ	1.00	1.00	rec	6094.42	6095.24
245	13	لَهُ	لَهُ	1.00	1.00	rec	6095.40	6095.72
245	14	ٱلْمُلْكُ	الْمُلْكُ	1.00	1.00	rec	6095.80	6096.64
245	15	عَلَيْنَا	عَلَيْنَا	1.00	1.00	rec	6096.82	6097.60
245	16	وَنَحْنُ	وَنَحْنُ	1.00	0.99	rec	6098.00	6098.70
245	17	أَحَقُّ	أَحَقُّ	1.00	1.00	rec	6098.86	6099.58
245	18	بِٱلْمُلْكِ	بِالْمُلْكِ	1.00	1.00	rec	6099.72	6100.62
245	19	مِنْهُ	مِنْهُ	1.00	1.00	rec	6100.74	6101.22
245	20	وَلَمْ	وَلَمْ	1.00	1.00	rec	6101.38	6101.88
245	21	يُؤْتَ	يُؤْتَ	1.00	1.00	rec	6101.98	6102.42
245	22	سَعَةًۭ	سَعْةً	1.00	0.91	rec	6102.58	6103.12
245	23	مِّنَ	مِنَ	1.00	0.94	rec	6104.04	6104.28
245	24	ٱلْمَالِۚ	الْمَالِ	1.00	1.00	rec	6104.34	6105.56
245	25	قَالَ	قَالَ	1.00	1.00	rec	6106.54	6107.02
245	26	إِنَّ	إِنَّ	1.00	0.99	rec	6107.14	6107.90
245	27	ٱللَّهَ	اللَّهَ	1.00	1.00	rec	6107.96	6108.68
245	28	ٱصْطَفَىٰهُ	اصْطَفَاهُ	0.86	0.98	rec	6108.74	6109.76
245	29	عَلَيْكُمْ	عَلَيْكُمْ	1.00	1.00	rec	6109.92	6110.82
245	30	وَزَادَهُۥ	وَزَادَهُ	1.00	1.00	rec	6110.94	6111.90
245	31	بَسْطَةًۭ	بَسْقَةً	0.75	0.97	rec	6112.22	6113.00
245	32	فِى	فِي	1.00	1.00	rec	6113.78	6113.88
245	33	ٱلْعِلْمِ	الْعِلْمِ	1.00	1.00	rec	6113.92	6114.58
245	34	وَٱلْجِسْمِۖ	وَالْجِسْرِ	0.83	0.98	rec	6114.74	6115.52
245	35	وَٱللَّهُ	وَاللَّهُ	1.00	0.97	rec	6116.48	6117.12
245	36	يُؤْتِى	يُؤْتِي	1.00	1.00	rec	6117.28	6117.74
245	37	مُلْكَهُۥ	مُلْكَهُ	1.00	1.00	rec	6118.12	6118.86
245	38	مَن	مَنْ	1.00	1.00	rec	6119.32	6120.04
245	39	يَشَآءُۚ	يَشَاءُ	1.00	1.00	rec	6120.08	6122.18
245	40	وَٱللَّهُ	وَاللَّهُ	1.00	1.00	rec	6122.82	6123.62
245	41	وَٰسِعٌ	وَاسِعٌ	1.00	1.00	rec	6123.76	6124.56
245	42	عَلِيمٌۭ	عَلِيمٌ	1.00	0.99	rec	6124.96	6126.24
246	0	وَقَالَ	وَقَالَ	1.00	0.93	rec	6128.32	6128.92
246	1	لَهُمْ	لَهُمْ	1.00	0.91	rec	6129.04	6129.50
246	2	نَبِيُّهُمْ	نَبِيُّهُمْ	1.00	0.99	rec	6129.58	6130.72
246	3	إِنَّ	إِنَّ	1.00	0.91	rec	6130.82	6131.60
246	4	ءَايَةَ	آيَةَ	0.75	1.00	rec	6131.76	6132.50
246	5	مُلْكِهِۦٓ	مُلْكِهِ	1.00	1.00	rec	6132.62	6133.36
246	6	أَن	أَنيَ	0.67	0.71	rec	6134.00	6134.86
246	7	يَأْتِيَكُمُ	ْتِيَكُمُ	0.67	0.95	rec	6135.12	6135.88
246	8	ٱلتَّابُوتُ	التَّابُوتُ	1.00	1.00	rec	6135.96	6137.08
246	9	فِيهِ	فِيهِ	1.00	0.91	rec	6137.28	6137.72
246	10	سَكِينَةٌۭ	سَكِينَةٌ	1.00	1.00	rec	6137.90	6138.82
246	11	مِّن	مِنْ	1.00	1.00	rec	6139.74	6140.02
246	12	رَّبِّكُمْ	رَبِّكُمْ	1.00	1.00	rec	6140.12	6141.02
246	13	وَبَقِيَّةٌۭ	وَبَقِيَّةٌ	1.00	0.96	rec	6147.56	6148.72
246	14	مِّمَّا	مِمَّا	1.00	0.92	rec	6149.46	6150.40
246	15	تَرَكَ	تَرَكَ	1.00	1.00	rec	6150.80	6151.34
246	16	ءَالُ		0.00	0.30	forced	6151.48	6151.94
246	17	مُوسَىٰ	مُوسَىٰ	1.00	1.00	rec	6152.12	6152.68
246	18	وَءَالُ	وَآلُ	0.75	1.00	rec	6153.00	6153.72
246	19	هَٰرُونَ	هَارُونَ	1.00	1.00	rec	6153.90	6154.78
246	20	تَحْمِلُهُ	تَحْمِلُهُ	1.00	1.00	rec	6154.94	6155.84
246	21	ٱلْمَلَٰٓئِكَةُۚ	الْمَلَائِكَةُ	1.00	1.00	rec	6155.92	6158.60
246	22	إِنَّ	إِنَّ	1.00	1.00	rec	6159.62	6160.50
246	23	فِى	فِي	1.00	1.00	rec	6160.68	6160.82
246	24	ذَٰلِكَ	ذَٰلِكَ	1.00	1.00	rec	6161.12	6162.00
246	25	لَءَايَةًۭ	لَآيَةً	0.80	1.00	rec	6162.12	6163.00
246	26	لَّكُمْ	لَكُمْ	1.00	1.00	rec	6163.28	6163.82
246	27	إِن	إِنْ	1.00	1.00	rec	6163.92	6164.68
246	28	كُنتُم	كُنْتُمْ	1.00	1.00	rec	6164.80	6166.68
246	29	مُّؤْمِنِينَ	مُؤْمِنِينَ	1.00	1.00	rec	6166.74	6168.50
247	0	فَلَمَّا	فَلَمَّا	1.00	0.98	rec	6169.74	6170.80
247	1	فَصَلَ	فَصَلَ	1.00	1.00	rec	6171.16	6171.70
247	2	طَالُوتُ	قَالُوتُ	0.80	1.00	rec	6171.90	6172.84
247	3	بِٱلْجُنُودِ	بِالْجُنُودِ	1.00	1.00	rec	6172.94	6174.60
247	4	قَالَ	قَالَ	1.00	1.00	rec	6175.56	6176.02
247	5	إِنَّ	إِنَّ	1.00	1.00	rec	6176.14	6177.04
247	6	ٱللَّهَ	اللَّهَ	1.00	1.00	rec	6177.08	6177.94
247	7	مُبْتَلِيكُم	مُبْتَلِيكُمْ	1.00	0.99	rec	6178.06	6180.22
247	8	بِنَهَرٍۢ	بِنَهَرٍ	1.00	1.00	rec	6180.28	6181.06
247	9	فَمَن	فَمَنْ	1.00	1.00	rec	6182.08	6183.16
247	10	شَرِبَ	شَرِبَ	1.00	1.00	rec	6183.30	6183.84
247	11	مِنْهُ	مِنْهُ	1.00	1.00	rec	6183.98	6184.44
247	12	فَلَيْسَ	فَلَيْسَ	1.00	1.00	rec	6184.62	6185.38
247	13	مِنِّى	مِنِّي	1.00	1.00	rec	6185.54	6186.58
247	14	وَمَن	وَمَنْ	1.00	1.00	rec	6187.56	6188.10
247	15	لَّمْ	لَمْ	1.00	1.00	rec	6188.16	6188.48
247	16	يَطْعَمْهُ	يَطْعَمْهُ	1.00	0.94	rec	6188.58	6189.56
247	17	فَإِنَّهُۥ	فَإِنَّهُ	1.00	1.00	rec	6189.78	6191.20
247	18	مِنِّىٓ	مِنِّيَ	1.00	1.00	rec	6191.58	6192.78
247	19	إِلَّا	إِلَّا	1.00	1.00	rec	6192.90	6193.42
247	20	مَنِ	مَنِغٌ	0.67	0.97	rec	6193.76	6194.20
247	21	ٱغْتَرَفَ	تَرَفَغَرْفَةً⌐	0.78	0.99	rec	6194.42	6195.22
247	22	غُرْفَةًۢ	تَرَفَغَرْفَةً¬	0.78	0.99	rec	6195.22	6195.86
247	23	بِيَدِهِۦۚ	بِيَدِهِ	1.00	1.00	rec	6196.98	6197.62
247	24	فَشَرِبُوا۟	فَشَرِبُوا	1.00	1.00	rec	6198.60	6199.32
247	25	مِنْهُ	مِنْهُ	1.00	0.96	rec	6199.60	6199.98
247	26	إِلَّا	إِلَّا	1.00	0.94	rec	6200.16	6200.62
247	27	قَلِيلًۭا	قَلِيلًا	1.00	1.00	rec	6201.02	6201.68
247	28	مِّنْهُمْۚ	مِنْهُمْ	1.00	1.00	rec	6202.72	6203.54
247	29	فَلَمَّا	فَلَمَّا	1.00	1.00	rec	6204.24	6205.20
247	30	جَاوَزَهُۥ		0.00	0.00	spread	6205.20	6205.58
247	31	هُوَ	جَاوَزَهُهُوَوَالَّذِينَ⌐	0.62	1.00	rec	6205.58	6206.29
247	32	وَٱلَّذِينَ	جَاوَزَهُهُوَوَالَّذِينَ¬	0.62	1.00	rec	6206.29	6208.42
247	33	ءَامَنُوا۟	آمَنُوا	0.83	0.97	rec	6208.58	6209.26
247	34	مَعَهُۥ	مَعَهُ	1.00	1.00	rec	6209.54	6210.08
247	35	قَالُوا۟	قَالُوا	1.00	1.00	rec	6210.52	6211.08
247	36	لَا	لَا	1.00	1.00	rec	6211.40	6211.52
247	37	طَاقَةَ	طَاقَتَلَنَا⌐	0.86	0.95	rec	6211.84	6212.50
247	38	لَنَا	طَاقَتَلَنَا¬	0.86	0.95	rec	6212.50	6213.00
247	39	ٱلْيَوْمَ	الْيَوْمَ	1.00	1.00	rec	6213.04	6213.78
247	40	بِجَالُوتَ	بِيَالُوتَ	0.83	0.94	rec	6213.92	6215.10
247	41	وَجُنُودِهِۦۚ	وَجُنُودِهِ	1.00	0.97	rec	6215.20	6216.48
247	42	قَالَ	قَالَ	1.00	1.00	rec	6217.38	6217.90
247	43	ٱلَّذِينَ	الَّذِينَ	1.00	1.00	rec	6217.96	6218.72
247	44	يَظُنُّونَ	يَظُنُّونَ	1.00	0.99	rec	6218.82	6220.20
247	45	أَنَّهُم	أَنَّهُمْ	1.00	0.96	rec	6220.34	6221.88
247	46	مُّلَٰقُوا۟	مُلَاقُ	0.67	1.00	rec	6221.96	6222.74
247	47	ٱللَّهِ	اللَّهِ	1.00	1.00	rec	6222.82	6223.56
247	48	كَم	كَمْ	1.00	1.00	rec	6223.78	6224.44
247	49	مِّن	مِنْ	1.00	0.86	rec	6224.50	6225.24
247	50	فِئَةٍۢ	فِئَةٍ	1.00	1.00	rec	6225.36	6225.90
247	51	قَلِيلَةٍ	قَلِيلَةٍ	1.00	1.00	rec	6232.00	6232.92
247	52	غَلَبَتْ	عَلَبَتْ	0.75	0.97	rec	6233.26	6233.92
247	53	فِئَةًۭ	فِائَةً	0.75	0.96	rec	6234.02	6234.52
247	54	كَثِيرَةًۢ	كَثِيرَةً	1.00	1.00	rec	6235.32	6236.30
247	55	بِإِذْنِ	بِإِذْنِ	1.00	1.00	rec	6237.20	6237.90
247	56	ٱللَّهِۗ	اللَّهِ	1.00	1.00	rec	6237.96	6239.00
247	57	وَٱللَّهُ	وَاللَّهُ	1.00	1.00	rec	6239.86	6240.56
247	58	مَعَ	مَعَ	1.00	1.00	rec	6240.72	6241.00
247	59	ٱلصَّٰبِرِينَ	الصَّابِرِينَ	1.00	1.00	rec	6241.06	6243.06
248	0	وَلَمَّا	وَلَمَّا	1.00	0.97	rec	6243.96	6245.04
248	1	بَرَزُوا۟	بَرَزُوا	1.00	1.00	rec	6245.42	6245.96
248	2	لِجَالُوتَ	لِجَالُوتَ	1.00	0.99	rec	6246.26	6247.38
248	3	وَجُنُودِهِۦ	وَجُنُودِهِ	1.00	1.00	rec	6247.50	6248.64
248	4	قَالُوا۟	قَالُوا	1.00	0.97	rec	6249.54	6250.16
248	5	رَبَّنَآ	رَبَّنَا	1.00	1.00	rec	6250.42	6251.08
248	6	أَفْرِغْ	أَفْرِغْ	1.00	0.95	rec	6251.44	6252.14
248	7	عَلَيْنَا	عَلَيْنَا	1.00	1.00	rec	6252.22	6253.00
248	8	صَبْرًۭا	صَبْرًا	1.00	1.00	rec	6253.38	6253.90
248	9	وَثَبِّتْ	وَثَبِّتْ	1.00	0.96	rec	6254.46	6255.38
248	10	أَقْدَامَنَا	أَقْدَعَمَنَا	0.86	0.97	rec	6255.48	6256.70
248	11	وَٱنصُرْنَا	وَانْصُرْنَا	1.00	1.00	rec	6257.06	6258.30
248	12	عَلَى	عَلَى	1.00	1.00	rec	6258.66	6258.94
248	13	ٱلْقَوْمِ	الْقَوْمِ	1.00	1.00	rec	6258.98	6259.76
248	14	ٱلْكَٰفِرِينَ	الْكِافِرِينَ	1.00	0.92	rec	6259.84	6262.16
249	0	فَهَزَمُوهُم	فَهَزَبُوهُمْ	0.86	1.00	rec	6263.20	6265.32
249	1	بِإِذْنِ	بِإِذْنِ	1.00	1.00	rec	6265.38	6266.06
249	2	ٱللَّهِ	اللَّهِ	1.00	1.00	rec	6266.14	6267.10
249	3	وَقَتَلَ	وَقَتَلَ	1.00	0.99	rec	6267.86	6268.60
249	4	دَاوُۥدُ	دَعْوُودُ	0.60	0.93	rec	6268.78	6269.74
249	5	جَالُوتَ	جَالُوتَ	1.00	1.00	rec	6269.94	6270.92
249	6	وَءَاتَىٰهُ	وَآتَاهُ	0.71	1.00	rec	6271.02	6272.24
249	7	ٱللَّهُ	اللَّهُ	1.00	1.00	rec	6272.32	6273.12
249	8	ٱلْمُلْكَ	الْمُلْكَ	1.00	1.00	rec	6273.18	6273.98
249	9	وَٱلْحِكْمَةَ	وَالْحِكْمَةَ	1.00	1.00	rec	6274.10	6275.22
249	10	وَعَلَّمَهُۥ	وَعَلَّمَهُ	1.00	0.98	rec	6275.36	6276.54
249	11	مِمَّا	مِمَّا	1.00	1.00	rec	6276.98	6277.92
249	12	يَشَآءُۗ	يَشَاءُ	1.00	1.00	rec	6278.38	6280.28
249	13	وَلَوْلَا	وَلَوْلَا	1.00	1.00	rec	6281.34	6281.88
249	14	دَفْعُ	دَفْعُ	1.00	1.00	rec	6282.14	6282.52
249	15	ٱللَّهِ	اللَّهِ	1.00	0.98	rec	6282.60	6283.36
249	16	ٱلنَّاسَ	النَّاسَ	1.00	0.94	rec	6283.40	6284.60
249	17	بَعْضَهُم	بَعْضَهُمْ	1.00	1.00	rec	6284.78	6286.04
249	18	بِبَعْضٍۢ	بِبَعْضٍ	1.00	1.00	rec	6286.10	6286.76
249	19	لَّفَسَدَتِ	لَفَسَدَتِ	1.00	1.00	rec	6287.04	6287.98
249	20	ٱلْأَرْضُ	الْأَرْضِ	1.00	0.99	rec	6288.04	6288.64
249	21	وَلَٰكِنَّ	وَلَـٰكِنَّ	1.00	0.99	rec	6289.52	6291.34
249	22	ٱللَّهَ	اللَّهَ	1.00	1.00	rec	6291.40	6292.16
249	23	ذُو	ذُو	1.00	1.00	rec	6292.30	6292.44
249	24	فَضْلٍ	فَضْلٍ	1.00	0.98	rec	6292.78	6293.26
249	25	عَلَى	عَلَى	1.00	1.00	rec	6293.56	6293.84
249	26	ٱلْعَٰلَمِينَ	الْعَالَمِينَ	1.00	1.00	rec	6293.88	6295.92
250	0	تِلْكَ	تِلْكَ	1.00	1.00	rec	6296.72	6297.10
250	1	ءَايَٰتُ	آيَاتُ	0.80	1.00	rec	6297.22	6298.02
250	2	ٱللَّهِ	اللَّهِ	1.00	1.00	rec	6298.06	6298.72
250	3	نَتْلُوهَا	نَتْلُوهَا	1.00	1.00	rec	6298.82	6299.70
250	4	عَلَيْكَ	عَلَيْكَ	1.00	0.93	rec	6300.02	6300.68
250	5	بِٱلْحَقِّۚ	بِالْحَقِّ	1.00	1.00	rec	6300.80	6301.64
250	6	وَإِنَّكَ	وَإِنَّكَ	1.00	1.00	rec	6301.78	6303.40
250	7	لَمِنَ	لَمِنَ	1.00	1.00	rec	6303.52	6303.96
250	8	ٱلْمُرْسَلِينَ	الْمُرْسَلِينَ	1.00	0.98	rec	6304.00	6306.58
251	0	تِلْكَ	تِلْكَ	1.00	1.00	rec	6307.92	6308.22
251	1	ٱلرُّسُلُ	الرُّسُلُ	1.00	1.00	rec	6308.26	6308.94
251	2	فَضَّلْنَا	فَضَّلْنَا	1.00	1.00	rec	6309.20	6310.16
251	3	بَعْضَهُمْ	بَعْضَهُمْ	1.00	1.00	rec	6310.58	6311.60
251	4	عَلَىٰ	عَلَىٰ	1.00	1.00	rec	6311.68	6312.00
251	5	بَعْضٍۢۘ	بَعْضٍ	1.00	0.93	rec	6312.38	6312.68
251	6	مِّنْهُم	مِنْهُمْ	1.00	1.00	rec	6313.64	6314.68
251	7	مَّن	مَنْ	1.00	0.85	rec	6314.76	6315.38
251	8	كَلَّمَ	كَلَّمَ	1.00	0.97	rec	6315.50	6316.16
251	9	ٱللَّهُۖ	اللَّهُ	1.00	1.00	rec	6316.22	6316.96
251	10	وَرَفَعَ	وَرَفَعَ	1.00	1.00	rec	6317.06	6317.78
251	11	بَعْضَهُمْ	بَعْضَهُمْ	1.00	1.00	rec	6317.92	6318.80
251	12	دَرَجَٰتٍۢۚ	دَرَجَاتٍ	1.00	0.99	rec	6318.90	6320.08
251	13	وَءَاتَيْنَا	وَآتَيْنَا	0.86	1.00	rec	6320.86	6321.98
251	14	عِيسَى	عِيسَى	1.00	1.00	rec	6322.20	6322.76
251	15	ٱبْنَ	ابْنَ	1.00	1.00	rec	6322.80	6323.12
251	16	مَرْيَمَ	مَرْيَمَ	1.00	1.00	rec	6323.30	6323.90
251	17	ٱلْبَيِّنَٰتِ	الْبَيِّنَاتِ	1.00	1.00	rec	6323.96	6325.26
251	18	وَأَيَّدْنَٰهُ	وَأَيَّدْنَاهُ	1.00	0.96	rec	6325.38	6326.86
251	19	بِرُوحِ	بِرُوحِ	1.00	1.00	rec	6326.98	6327.72
251	20	ٱلْقُدُسِۗ	الْقُدُسِ	1.00	0.99	rec	6327.78	6328.76
251	21	وَلَوْ	وَلَوْ	1.00	1.00	rec	6329.54	6329.84
251	22	شَآءَ	شَاءَ	1.00	1.00	rec	6329.98	6331.78
251	23	ٱللَّهُ	اللَّهُ	1.00	0.99	rec	6331.82	6332.48
251	24	مَا	مَا	1.00	1.00	rec	6332.62	6332.72
251	25	ٱقْتَتَلَ	اقْتَتَلَ	1.00	1.00	rec	6332.76	6333.44
251	26	ٱلَّذِينَ	الَّذِينَ	1.00	1.00	rec	6333.50	6334.22
251	27	مِنۢ	مِنْ	1.00	1.00	rec	6334.34	6335.02
251	28	بَعْدِهِم	بَعْدِهِمْ	1.00	1.00	rec	6335.08	6336.32
251	29	مِّنۢ	مِنْ	1.00	1.00	rec	6336.38	6337.08
251	30	بَعْدِ	بَعْدِ	1.00	1.00	rec	6337.16	6337.56
251	31	مَا	مَا	1.00	1.00	rec	6337.76	6337.90
251	32	جَآءَتْهُمُ	جَاءَتْهُمُ	1.00	1.00	rec	6338.16	6340.48
251	33	ٱلْبَيِّنَٰتُ	الْبَيِّنَاتُ	1.00	1.00	rec	6340.54	6342.46
251	34	وَلَٰكِنِ	وَلَـٰكِنِ	1.00	1.00	rec	6343.22	6344.14
251	35	ٱخْتَلَفُوا۟	اخْتَلَفُوا	1.00	0.98	rec	6344.18	6344.98
251	36	فَمِنْهُم	فَمِنْهُمْ	1.00	0.97	rec	6345.34	6346.64
251	37	مَّنْ	مَنْ	1.00	1.00	rec	6346.70	6347.02
251	38	ءَامَنَ	آمَنَ	0.75	1.00	rec	6347.10	6347.76
251	39	وَمِنْهُم	وَمِنْهُمْ	1.00	1.00	rec	6347.88	6349.16
251	40	مَّن	مَنْ	1.00	1.00	rec	6349.24	6350.06
251	41	كَفَرَۚ	كَفَرَ	1.00	1.00	rec	6350.20	6350.74
251	42	وَلَوْ	وَلَوْ	1.00	1.00	rec	6351.60	6352.00
251	43	شَآءَ	شَاءَ	1.00	1.00	rec	6352.18	6353.94
251	44	ٱللَّهُ	اللَّهُ	1.00	1.00	rec	6354.00	6354.66
251	45	مَا	مَا	1.00	1.00	rec	6354.76	6354.86
251	46	ٱقْتَتَلُوا۟	اقْتَتَلُونَ	0.86	0.99	rec	6354.92	6356.06
251	47	وَلَٰكِنَّ	وَلَـٰكِنَّ	1.00	1.00	rec	6356.56	6358.30
251	48	ٱللَّهَ	اللَّهَ	1.00	1.00	rec	6358.36	6359.14
251	49	يَفْعَلُ	يَفْعَلُ	1.00	1.00	rec	6359.30	6359.96
251	50	مَا	مَعَ	0.50	0.90	rec	6360.10	6360.40
251	51	يُرِيدُ	يُرِيدُ	1.00	1.00	rec	6360.76	6361.92
252	0	يَٰٓأَيُّهَا	يَا+أَيُّهَا	1.00	1.00	rec	6362.98	6364.24
252	1	ٱلَّذِينَ	الَّذِينَ	1.00	1.00	rec	6364.30	6365.18
252	2	ءَامَنُوٓا۟	آمَنُوا	0.83	0.94	rec	6365.30	6366.10
252	3	أَنفِقُوا۟	أَنْفِقُوا	1.00	1.00	rec	6366.52	6367.84
252	4	مِمَّا	مِمَّا	1.00	0.99	rec	6368.22	6369.36
252	5	رَزَقْنَٰكُم	رَزَقْنَاكُمْ	1.00	0.97	rec	6369.64	6371.74
252	6	مِّن	مِنْ	1.00	1.00	rec	6371.80	6372.60
252	7	قَبْلِ	قَبْلِ	1.00	1.00	rec	6372.72	6373.20
252	8	أَن	أَنْ	1.00	1.00	rec	6379.22	6380.12
252	9	يَأْتِىَ	يَأْتِيَ	1.00	1.00	rec	6380.16	6380.84
252	10	يَوْمٌۭ	يَوْمٌ	1.00	1.00	rec	6380.98	6381.46
252	11	لَّا	لَا	1.00	1.00	rec	6381.80	6381.92
252	12	بَيْعٌۭ	بَيْعَ	1.00	1.00	rec	6382.26	6382.72
252	13	فِيهِ	فِيهِ	1.00	1.00	rec	6382.90	6383.42
252	14	وَلَا	وَلَا	1.00	1.00	rec	6383.58	6383.92
252	15	خُلَّةٌۭ	خُلَّةَ	1.00	0.94	rec	6384.24	6384.94
252	16	وَلَا	وَلَا	1.00	1.00	rec	6385.06	6385.40
252	17	شَفَٰعَةٌۭۗ	شَفَاعَةٌ	1.00	0.99	rec	6385.74	6386.86
252	18	وَٱلْكَٰفِرُونَ	وَالْكَافِرُونَ	1.00	0.99	rec	6387.68	6389.24
252	19	هُمُ	هُمُ	1.00	1.00	rec	6389.40	6389.68
252	20	ٱلظَّٰلِمُونَ	الظَّالِمُونَ	1.00	1.00	rec	6389.76	6391.90
253	0	ٱللَّهُ	اللَّهُ	1.00	1.00	rec	6392.80	6393.48
253	1	لَآ	لَا	1.00	1.00	rec	6393.64	6393.74
253	2	إِلَٰهَ	إِلَـٰهَ	1.00	1.00	rec	6394.30	6394.98
253	3	إِلَّا	إِلَّا	1.00	0.98	rec	6395.14	6395.66
253	4	هُوَ	هُوَ	1.00	1.00	rec	6396.10	6396.38
253	5	ٱلْحَىُّ	الْحَيُّ	1.00	1.00	rec	6396.42	6397.18
253	6	ٱلْقَيُّومُۚ	الْقَيُّومُ	1.00	0.99	rec	6397.22	6399.26
253	7	لَا	لَا	1.00	1.00	rec	6400.06	6400.20
253	8	تَأْخُذُهُۥ	تَأْخُذُهُ	1.00	1.00	rec	6400.64	6401.76
253	9	سِنَةٌۭ	سِنَةٌ	1.00	1.00	rec	6402.26	6402.86
253	10	وَلَا	وَلَا	1.00	1.00	rec	6403.78	6404.10
253	11	نَوْمٌۭۚ	نَوُوم	0.75	0.85	rec	6404.46	6405.34
253	12	لَّهُۥ	لَهُ	1.00	1.00	rec	6406.24	6406.52
253	13	مَا	مَا	1.00	0.97	rec	6406.90	6407.00
253	14	فِى	فِي	1.00	1.00	rec	6407.30	6407.40
253	15	ٱلسَّمَٰوَٰتِ	السَّمَاوَاتِ	1.00	0.98	rec	6407.44	6408.88
253	16	وَمَا	وَمَا	1.00	1.00	rec	6409.00	6409.34
253	17	فِى	فِي	1.00	0.97	rec	6409.68	6409.78
253	18	ٱلْأَرْضِۗ	الْأَرْضِ	1.00	1.00	rec	6409.84	6410.44
253	19	مَن	مَنْ	1.00	1.00	rec	6411.32	6412.10
253	20	ذَا	ذَلَّ	0.50	1.00	rec	6412.18	6412.60
253	21	ٱلَّذِى	ذِي+َ	0.50	0.69	rec	6412.76	6413.26
253	22	يَشْفَعُ	فَأُعِنْدَهُ⌐	0.62	1.00	rec	6413.62	6414.41
253	23	عِندَهُۥٓ	فَأُعِنْدَهُ¬	0.62	1.00	rec	6414.41	6415.20
253	24	إِلَّا	إِلَّا	1.00	0.95	rec	6415.82	6416.34
253	25	بِإِذْنِهِۦۚ	بِإِذْنِهِ	1.00	0.95	rec	6416.74	6417.64
253	26	يَعْلَمُ	يَعْلَمُ	1.00	1.00	rec	6418.44	6419.02
253	27	مَا	مَا	1.00	1.00	rec	6419.18	6419.30
253	28	بَيْنَ	بَيْنَ	1.00	1.00	rec	6419.64	6420.14
253	29	أَيْدِيهِمْ	أَيْدِيهِمْ	1.00	1.00	rec	6420.30	6421.46
253	30	وَمَا	وَمَا	1.00	1.00	rec	6421.56	6421.90
253	31	خَلْفَهُمْۖ	خَلْفَهُمْ	1.00	1.00	rec	6422.30	6423.48
253	32	وَلَا	وَلَا	1.00	1.00	rec	6424.06	6424.38
253	33	يُحِيطُونَ	يُحِيطُونَ	1.00	1.00	rec	6424.64	6425.94
253	34	بِشَىْءٍۢ	بِشَيْءٍ	1.00	1.00	rec	6426.06	6426.76
253	35	مِّنْ	مِنْ	1.00	1.00	rec	6427.42	6427.74
253	36	عِلْمِهِۦٓ	عِلْمِهِ	1.00	1.00	rec	6427.82	6428.58
253	37	إِلَّا	إِلَّا	1.00	1.00	rec	6429.12	6429.60
253	38	بِمَا	بِمَا	1.00	1.00	rec	6429.84	6430.22
253	39	شَآءَۚ	شَاءَ	1.00	0.99	rec	6430.50	6432.40
253	40	وَسِعَ	وَسِعَ	1.00	1.00	rec	6433.08	6433.56
253	41	كُرْسِيُّهُ	كُرْسِيُّوهُ	0.83	0.95	rec	6433.74	6434.72
253	42	ٱلسَّمَٰوَٰتِ	السَّمَاوَاتِ	1.00	1.00	rec	6434.78	6436.34
253	43	وَٱلْأَرْضَۖ	وَالْأَرْضِ	1.00	1.00	rec	6436.46	6437.14
253	44	وَلَا	وَلَا	1.00	1.00	rec	6437.92	6438.20
253	45	يَـُٔودُهُۥ	يَئُودُهُح	0.67	0.88	rec	6438.48	6439.76
253	46	حِفْظُهُمَاۚ	ظُهُمَا	0.67	0.97	rec	6440.16	6440.76
253	47	وَهُوَ	وَهُوَ	1.00	0.93	rec	6441.08	6441.50
253	48	ٱلْعَلِىُّ	الْعَلِيُّ	1.00	0.98	rec	6441.54	6442.42
253	49	ٱلْعَظِيمُ	الْعَظِيمُ	1.00	0.99	rec	6442.46	6444.12
254	0	لَآ	لَا	1.00	1.00	rec	6445.08	6445.20
254	1	إِكْرَاهَ	إِكْرَاهَ	1.00	1.00	rec	6445.56	6446.44
254	2	فِى	فِي	1.00	1.00	rec	6446.58	6446.68
254	3	ٱلدِّينِۖ	الدِّينِ	1.00	1.00	rec	6446.72	6447.42
254	4	قَد	قَدْ	1.00	1.00	rec	6447.62	6447.88
254	5	تَّبَيَّنَ	تَبَيَّنَ	1.00	1.00	rec	6447.96	6448.82
254	6	ٱلرُّشْدُ	الرُّشْدُوا	0.71	0.93	rec	6448.88	6449.64
254	7	مِنَ	مِنَ	1.00	1.00	rec	6449.84	6450.08
254	8	ٱلْغَىِّۚ	الْغَيِّ	1.00	0.98	rec	6450.14	6450.88
254	9	فَمَن	فَمَنْ	1.00	1.00	rec	6451.68	6452.76
254	10	يَكْفُرْ	يَكْفُرْ	1.00	1.00	rec	6452.82	6453.42
254	11	بِٱلطَّٰغُوتِ	بِالطَّاغُوتِ	1.00	1.00	rec	6453.52	6454.84
254	12	وَيُؤْمِنۢ	وَيُؤْمِنْ	1.00	1.00	rec	6454.94	6456.22
254	13	بِٱللَّهِ	بِاللَّهِ	1.00	1.00	rec	6456.28	6457.16
254	14	فَقَدِ	فَقَدْ	1.00	0.97	rec	6457.36	6457.92
254	15	ٱسْتَمْسَكَ	تَمْسَكَ	0.67	1.00	rec	6458.24	6458.90
254	16	بِٱلْعُرْوَةِ	بِالْعُرْوَةِ	1.00	0.97	rec	6459.04	6460.10
254	17	ٱلْوُثْقَىٰ	الْوُثْ+قَالَ	0.71	0.85	rec	6460.16	6461.48
254	18	لَا	انْفِصَامَ⌐	0.75	1.00	rec	6461.54	6461.93
254	19	ٱنفِصَامَ	انْفِصَامَ¬	0.75	1.00	rec	6461.93	6463.10
254	20	لَهَاۗ	لَهَا	1.00	1.00	rec	6463.26	6463.60
254	21	وَٱللَّهُ	وَاللَّهُ	1.00	0.95	rec	6464.82	6465.62
254	22	سَمِيعٌ	سَمِيعٌ	1.00	1.00	rec	6465.78	6466.76
254	23	عَلِيمٌ	عَلِيمٌ	1.00	1.00	rec	6467.16	6468.30
255	0	ٱللَّهُ	اللَّهُ	1.00	1.00	rec	6469.22	6469.76
255	1	وَلِىُّ	وَلِيُّ	1.00	1.00	rec	6469.88	6470.46
255	2	ٱلَّذِينَ	الَّذِينَ	1.00	0.93	rec	6470.54	6471.30
255	3	ءَامَنُوا۟	عَامَنُوا	0.83	0.99	rec	6471.46	6472.24
255	4	يُخْرِجُهُم	يُخْرِجُهُمْ	1.00	1.00	rec	6472.62	6474.08
255	5	مِّنَ	مِنَ	1.00	1.00	rec	6474.14	6474.44
255	6	ٱلظُّلُمَٰتِ	الظُّلُمَاتِ	1.00	1.00	rec	6474.50	6475.88
255	7	إِلَى	إِلَى	1.00	1.00	rec	6476.00	6476.34
255	8	ٱلنُّورِۖ	النُّورِ	1.00	1.00	rec	6476.38	6478.14
256	0	وَٱلَّذِينَ	وَالَّذِينَ	1.00	1.00	rec	6478.90	6479.74
256	1	كَفَرُوٓا۟	كَفَرُوا	1.00	0.96	rec	6479.90	6480.46
256	2	أَوْلِيَآؤُهُمُ	أَوْلِيَاؤُهُمُ	1.00	1.00	rec	6481.00	6483.40
256	3	ٱلطَّٰغُوتُ	الطَّاغُوتُ	1.00	1.00	rec	6483.48	6484.74
256	4	يُخْرِجُونَهُم	يُخْرِجُونَهُمْ	1.00	0.96	rec	6484.88	6486.78
256	5	مِّنَ	مِنَ	1.00	1.00	rec	6486.86	6487.10
256	6	ٱلنُّورِ	النُّورِ	1.00	1.00	rec	6487.16	6488.32
256	7	إِلَى	إِلَى	1.00	1.00	rec	6488.50	6488.78
256	8	ٱلظُّلُمَٰتِۗ	الظُّلُمَاتِ	1.00	1.00	rec	6488.82	6490.50
256	9	أُو۟لَٰٓئِكَ	أُولَـٰئِكَ	1.00	1.00	rec	6491.14	6493.82
256	10	أَصْحَٰبُ	أَصْحَابُ	1.00	1.00	rec	6493.90	6494.70
256	11	ٱلنَّارِۖ	النَّيرِ	0.80	0.98	rec	6494.76	6495.90
256	12	هُمْ	هُمْ	1.00	1.00	rec	6496.04	6496.36
256	13	فِيهَا	فِيهَا	1.00	1.00	rec	6496.52	6497.02
256	14	خَٰلِدُونَ	خَالِدُونَ	1.00	0.99	rec	6497.42	6499.34
257	0	أَلَمْ	أَلَمْ	1.00	1.00	rec	6500.52	6501.02
257	1	تَرَ	تَرَ	1.00	1.00	rec	6501.16	6501.44
257	2	إِلَى	إِلَى	1.00	1.00	rec	6501.62	6501.90
257	3	ٱلَّذِى	الَّذِي	1.00	0.99	rec	6501.94	6502.50
257	4	حَآجَّ	حَاجَّ	1.00	0.98	rec	6502.84	6505.06
257	5	إِبْرَٰهِۦمَ	إِبْرَاهِيمَ	0.86	1.00	rec	6505.22	6506.74
257	6	فِى	فِي	1.00	1.00	rec	6506.94	6507.12
257	7	رَبِّهِۦٓ	رَبِّهِ	1.00	1.00	rec	6507.32	6507.96
257	8	أَنْ	أَنْ	1.00	1.00	rec	6508.36	6508.68
257	9	ءَاتَىٰهُ	آتَاهُ	0.67	1.00	rec	6508.78	6509.74
257	10	ٱللَّهُ	اللَّهُ	1.00	1.00	rec	6509.82	6510.62
257	11	ٱلْمُلْكَ	الْمُلْكُ	1.00	1.00	rec	6510.70	6511.60
257	12	إِذْ	إِذْ	1.00	1.00	rec	6512.62	6512.82
257	13	قَالَ	قَالَ	1.00	1.00	rec	6512.94	6513.34
257	14	إِبْرَٰهِۦمُ	إِبْرَاهِيمُ	0.86	1.00	rec	6513.44	6514.78
257	15	رَبِّىَ	رَبِّيَ	1.00	1.00	rec	6514.90	6515.48
257	16	ٱلَّذِى	الَّذِي	1.00	1.00	rec	6515.52	6516.14
257	17	يُحْىِۦ	يُحْيِي	0.75	1.00	rec	6516.42	6516.94
257	18	وَيُمِيتُ	وَيُمِيتُ	1.00	1.00	rec	6517.34	6518.76
257	19	قَالَ	قَالَ	1.00	0.99	rec	6519.26	6519.74
257	20	أَنَا۠	أَنَا	1.00	1.00	rec	6519.84	6520.14
257	21	أُحْىِۦ	أُحْيِي	0.75	1.00	rec	6520.28	6520.84
257	22	وَأُمِيتُۖ	وَأُمِيتُ	1.00	1.00	rec	6521.26	6522.78
257	23	قَالَ	قَالَ	1.00	1.00	rec	6523.60	6524.08
257	24	إِبْرَٰهِۦمُ	إِبْرَاهِيمُ	0.86	1.00	rec	6524.20	6525.70
257	25	فَإِنَّ	فَإِنَّ	1.00	1.00	rec	6525.94	6527.06
257	26	ٱللَّهَ	اللَّهَ	1.00	1.00	rec	6527.12	6527.88
257	27	يَأْتِى	ْتِي	0.50	0.91	rec	6528.38	6528.58
257	28	بِٱلشَّمْسِ	بِالشَّمْسِ	1.00	1.00	rec	6528.94	6529.72
257	29	مِنَ	مِنَ	1.00	1.00	rec	6529.86	6530.10
257	30	ٱلْمَشْرِقِ	الْمَشْرِقِ	1.00	1.00	rec	6530.16	6531.16
257	31	فَأْتِ	تِبِهَا⌐	0.67	0.97	rec	6531.78	6532.03
257	32	بِهَا	تِبِهَا¬	0.67	0.97	rec	6532.03	6532.28
257	33	مِنَ	مِنَ	1.00	1.00	rec	6532.64	6532.90
257	34	ٱلْمَغْرِبِ	الْمَغْرِبِ	1.00	1.00	rec	6532.94	6533.98
257	35	فَبُهِتَ	فَبُهِتَ	1.00	1.00	rec	6534.94	6535.62
257	36	ٱلَّذِى	الَّذِي	1.00	1.00	rec	6535.70	6536.24
257	37	كَفَرَۗ	كَفَرَ	1.00	1.00	rec	6536.58	6537.10
257	38	وَٱللَّهُ	وَاللَّهُ	1.00	1.00	rec	6537.82	6538.62
257	39	لَا	لَا	1.00	1.00	rec	6538.78	6538.90
257	40	يَهْدِى	يَهْدِي	1.00	1.00	rec	6539.24	6539.70
257	41	ٱلْقَوْمَ	الْقَوْمَ	1.00	1.00	rec	6539.74	6540.56
257	42	ٱلظَّٰلِمِينَ	الظَّالِمِينَ	1.00	0.96	rec	6540.62	6542.70
258	0	أَوْ	أَوْ	1.00	1.00	rec	6543.72	6543.88
258	1	كَٱلَّذِى	كَالَّذِي	1.00	0.94	rec	6544.00	6544.58
258	2	مَرَّ	مَرَّ	1.00	1.00	rec	6544.86	6545.28
258	3	عَلَىٰ	عَلَىٰ	1.00	0.98	rec	6545.46	6545.82
258	4	قَرْيَةٍۢ	قَرْيَةٍ	1.00	1.00	rec	6546.22	6547.00
258	5	وَهِىَ	وَهِيَ	1.00	1.00	rec	6547.92	6548.44
258	6	خَاوِيَةٌ	خَاوِيَةٌ	1.00	1.00	rec	6548.68	6549.74
258	7	عَلَىٰ	عَلَىٰ	1.00	1.00	rec	6550.12	6550.44
258	8	عُرُوشِهَا	عُرُوشِهَا	1.00	1.00	rec	6550.68	6551.72
258	9	قَالَ	قَالَ	1.00	1.00	rec	6552.18	6552.66
258	10	أَنَّىٰ	أَنَّىٰ	1.00	1.00	rec	6552.80	6554.10
258	11	يُحْىِۦ	يُحْيِي	0.75	1.00	rec	6554.52	6555.08
258	12	هَٰذِهِ	هَـٰذِهِ	1.00	0.98	rec	6555.46	6556.24
258	13	ٱللَّهُ	اللَّهُ	1.00	0.95	rec	6556.30	6557.10
258	14	بَعْدَ	بَعْدَ	1.00	1.00	rec	6557.24	6557.74
258	15	مَوْتِهَاۖ	مَوْتِهَا	1.00	1.00	rec	6557.86	6558.64
258	16	فَأَمَاتَهُ	فَأَمَاتَهُ	1.00	1.00	rec	6560.22	6561.38
258	17	ٱللَّهُ	اللَّهُ	1.00	1.00	rec	6561.46	6562.30
258	18	مِا۟ئَةَ	مِائَتَعَامٍ⌐	0.86	0.98	rec	6562.44	6563.09
258	19	عَامٍۢ	مِائَتَعَامٍ¬	0.86	0.98	rec	6563.09	6563.58
258	20	ثُمَّ	ثُمَّ	1.00	0.99	rec	6564.28	6565.14
258	21	بَعَثَهُۥۖ	بَعَثَهُ	1.00	1.00	rec	6565.28	6566.00
258	22	قَالَ	قَالَ	1.00	1.00	rec	6566.92	6567.38
258	23	كَمْ	كَمْ	1.00	0.96	rec	6567.56	6567.82
258	24	لَبِثْتَۖ	لَبِثْتَ	1.00	0.97	rec	6567.92	6568.54
258	25	قَالَ	قَالَ	1.00	0.92	rec	6568.74	6569.26
258	26	لَبِثْتُ	لَبِثْتُ	1.00	1.00	rec	6569.38	6570.02
258	27	يَوْمًا	يَوْمًا	1.00	1.00	rec	6570.14	6570.68
258	28	أَوْ	أَوْ	1.00	1.00	rec	6570.98	6571.24
258	29	بَعْضَ	بَعْضَ	1.00	1.00	rec	6571.34	6571.84
258	30	يَوْمٍۢۖ	يَوْمٍ	1.00	0.98	rec	6571.98	6573.26
258	31	قَالَ	قَالَ	1.00	1.00	rec	6574.10	6574.52
258	32	بَل	بَلْ	1.00	1.00	rec	6574.66	6574.94
258	33	لَّبِثْتَ	لَبِثْتَ	1.00	1.00	rec	6575.02	6575.68
258	34	مِا۟ئَةَ	مِائَ	0.75	0.90	rec	6575.84	6576.16
258	35	عَامٍۢ	تَعَامٍ	0.75	0.94	rec	6576.38	6577.42
258	36	فَٱنظُرْ	فَانْظُرْ	1.00	0.97	rec	6578.12	6579.22
258	37	إِلَىٰ	إِلَىٰ	1.00	1.00	rec	6579.32	6579.62
258	38	طَعَامِكَ	طَعَامِكَ	1.00	1.00	rec	6579.88	6580.92
258	39	وَشَرَابِكَ	وَشَرَابِكَ	1.00	1.00	rec	6581.04	6582.28
258	40	لَمْ	لَمْ	1.00	0.99	rec	6582.40	6582.70
258	41	يَتَسَنَّهْۖ	يَتَسَنَّهْ	1.00	0.93	rec	6582.80	6584.66
258	42	وَٱنظُرْ	وَانْظُرْ	1.00	0.96	rec	6585.44	6586.58
258	43	إِلَىٰ	إِلَىٰ	1.00	1.00	rec	6586.66	6586.96
258	44	حِمَارِكَ	حِمِيرِكَ	0.80	1.00	rec	6587.26	6588.24
258	45	وَلِنَجْعَلَكَ	وَلِنَجْعَلَكَ	1.00	1.00	rec	6588.38	6589.74
258	46	ءَايَةًۭ	آيَةً	0.75	1.00	rec	6589.88	6590.58
258	47	لِّلنَّاسِۖ	لِلنِّيسِ	0.80	1.00	rec	6590.88	6592.96
258	48	وَٱنظُرْ	وَانْظُرْ	1.00	1.00	rec	6593.62	6594.82
258	49	إِلَى	إِلَى	1.00	1.00	rec	6594.90	6595.14
258	50	ٱلْعِظَامِ	الْعِظَامِ	1.00	1.00	rec	6595.20	6596.22
258	51	كَيْفَ	كَيْفَ	1.00	1.00	rec	6596.44	6596.92
258	52	نُنشِزُهَا	نُنْشِرُهَا	0.83	1.00	rec	6597.06	6598.36
258	53	ثُمَّ	ثُمَّ	1.00	0.99	rec	6598.70	6599.42
258	54	نَكْسُوهَا	نَكْسُوهَا	1.00	1.00	rec	6599.56	6600.46
258	55	لَحْمًۭاۚ	لَحْمًا	1.00	1.00	rec	6600.84	6601.36
258	56	فَلَمَّا	فَلَمَّا	1.00	1.00	rec	6602.52	6603.60
258	57	تَبَيَّنَ	تَبَيَّنَ	1.00	1.00	rec	6604.04	6604.96
258	58	لَهُۥ	لَهُ	1.00	1.00	rec	6605.10	6605.46
258	59	قَالَ	قَالَ	1.00	1.00	rec	6605.84	6606.36
258	60	أَعْلَمُ	أَعْلَمُ	1.00	0.93	rec	6606.50	6607.10
258	61	أَنَّ	أَنَّ	1.00	1.00	rec	6607.24	6608.24
258	62	ٱللَّهَ	اللَّهَ	1.00	1.00	rec	6608.30	6609.08
258	63	عَلَىٰ	عَلَىٰ	1.00	1.00	rec	6609.24	6609.58
258	64	كُلِّ	كُلِّ	1.00	1.00	rec	6609.96	6610.36
258	65	شَىْءٍۢ	شَيْءٍ	1.00	1.00	rec	6610.54	6611.04
258	66	قَدِيرٌۭ	قَدِيرٌ	1.00	1.00	rec	6611.88	6613.20
259	0	وَإِذْ	وَإِذْ	1.00	1.00	rec	6614.20	6614.64
259	1	قَالَ	قَالَ	1.00	1.00	rec	6614.76	6615.28
259	2	إِبْرَٰهِۦمُ	إِبْرَاهِيمُ	0.86	1.00	rec	6615.42	6617.06
259	3	رَبِّ	رَبِّ	1.00	1.00	rec	6617.24	6617.72
259	4	أَرِنِى	أَرْنِي	1.00	0.91	rec	6617.90	6618.46
259	5	كَيْفَ	كَيْفَ	1.00	1.00	rec	6618.88	6619.36
259	6	تُحْىِ	تُحْيِي	0.75	0.99	rec	6619.52	6620.04
259	7	ٱلْمَوْتَىٰۖ	الْمَوْتَىٰ	1.00	0.99	rec	6620.10	6621.08
259	8	قَالَ	قَالَ	1.00	1.00	rec	6622.50	6623.00
259	9	أَوَلَمْ	أَوَلَمْ	1.00	1.00	rec	6623.12	6623.84
259	10	تُؤْمِنۖ	تُؤْمِنْ	1.00	1.00	rec	6624.00	6625.32
259	11	قَالَ	قَالَ	1.00	1.00	rec	6625.44	6625.96
259	12	بَلَىٰ	بَلَىٰ	1.00	1.00	rec	6626.14	6626.50
259	13	وَلَٰكِن	وَلَـٰكِنْ	1.00	1.00	rec	6626.84	6627.92
259	14	لِّيَطْمَئِنَّ	لِيَطْمَئِنَّ	1.00	0.99	rec	6628.00	6630.08
259	15	قَلْبِىۖ	قَلْبِي	1.00	1.00	rec	6630.28	6630.90
259	16	قَالَ	قَالَ	1.00	1.00	rec	6632.04	6632.56
259	17	فَخُذْ	فَخُلْ	0.67	0.92	rec	6632.72	6633.34
259	18	أَرْبَعَةًۭ	أَرْبَعَةً	1.00	1.00	rec	6633.46	6634.38
259	19	مِّنَ	مِنَ	1.00	1.00	rec	6635.06	6635.30
259	20	ٱلطَّيْرِ	الضَّيْرِ	0.80	0.99	rec	6635.36	6636.08
259	21	فَصُرْهُنَّ	فَصُرْهُنَّ	1.00	1.00	rec	6636.28	6638.04
259	22	إِلَيْكَ	إِلَيْكَ	1.00	0.93	rec	6638.16	6639.54
259	23	ثُمَّ	ثُمَّ	1.00	0.89	rec	6643.00	6643.84
259	24	ٱجْعَلْ	اجَعَلْ	1.00	0.86	rec	6643.92	6644.58
259	25	عَلَىٰ	عَلَىٰ	1.00	0.97	rec	6644.66	6645.00
259	26	كُلِّ	كُلِّ	1.00	1.00	rec	6645.40	6645.86
259	27	جَبَلٍۢ	جَبْلٍ	1.00	1.00	rec	6646.02	6646.44
259	28	مِّنْهُنَّ	مِنْهُنَّ	1.00	1.00	rec	6646.96	6648.44
259	29	جُزْءًۭا	جُزْءًا	1.00	0.90	rec	6648.60	6649.16
259	30	ثُمَّ	ثُمَّ	1.00	1.00	rec	6649.74	6650.54
259	31	ٱدْعُهُنَّ	ادْعُهُنَّ	1.00	0.99	rec	6650.60	6652.06
259	32	يَأْتِينَكَ	يَأْتِينَ	0.83	1.00	rec	6652.20	6653.16
259	33	سَعْيًۭاۚ	كَسَعْيَا	0.80	0.94	rec	6653.34	6654.24
259	34	وَٱعْلَمْ	وَاعْلَمْ	1.00	1.00	rec	6655.54	6656.18
259	35	أَنَّ	أَنَّ	1.00	1.00	rec	6656.28	6657.32
259	36	ٱللَّهَ	اللَّهَ	1.00	1.00	rec	6657.38	6658.28
259	37	عَزِيزٌ	عَزِيزٌ	1.00	1.00	rec	6658.44	6659.46
259	38	حَكِيمٌۭ	حَكِيمٌ	1.00	1.00	rec	6659.86	6661.34
260	0	مَّثَلُ	مَثَلُ	1.00	1.00	rec	6662.92	6663.32
260	1	ٱلَّذِينَ	الَّذِينَ	1.00	0.99	rec	6663.40	6664.14
260	2	يُنفِقُونَ	يُنْفِقُونَ	1.00	1.00	rec	6664.26	6665.74
260	3	أَمْوَٰلَهُمْ	أَمْوَالَهُمْ	1.00	1.00	rec	6665.88	6667.06
260	4	فِى	فِي	1.00	1.00	rec	6667.18	6667.32
260	5	سَبِيلِ	سَبِيلِ	1.00	1.00	rec	6667.50	6668.16
260	6	ٱللَّهِ	اللَّهِ	1.00	0.96	rec	6668.20	6668.96
260	7	كَمَثَلِ	كَمَثَلِ	1.00	1.00	rec	6669.14	6669.78
260	8	حَبَّةٍ	حَبَّةٍ	1.00	1.00	rec	6669.94	6670.62
260	9	أَنۢبَتَتْ	أَنْبَتً	0.80	0.96	rec	6670.94	6671.96
260	10	سَبْعَ	سَّبْعَ	1.00	0.99	rec	6672.22	6672.76
260	11	سَنَابِلَ	سَنَابِلٍ	1.00	0.95	rec	6672.92	6674.16
260	12	فِى	فِي	1.00	0.95	rec	6680.32	6680.46
260	13	كُلِّ	كُلِّ	1.00	1.00	rec	6680.82	6681.28
260	14	سُنۢبُلَةٍۢ	سُنبُلَةٍ	1.00	0.92	rec	6681.46	6682.72
260	15	مِّا۟ئَةُ	مِائَةُح⌐	0.71	0.81	rec	6683.72	6684.11
260	16	حَبَّةٍۢۗ	مِائَةُح¬	0.71	0.81	rec	6684.11	6684.40
260	17	وَٱللَّهُ	وَاللَّهُ	1.00	0.93	rec	6685.90	6686.68
260	18	يُضَٰعِفُ	يُضَاعِفُ	1.00	1.00	rec	6686.78	6687.78
260	19	لِمَن	لِمَنْ	1.00	1.00	rec	6687.94	6688.72
260	20	يَشَآءُۗ	يَشَاءُ	1.00	1.00	rec	6688.78	6690.82
260	21	وَٱللَّهُ	وَاللَّهُ	1.00	1.00	rec	6691.50	6692.18
260	22	وَٰسِعٌ	وَعَعَاسِعٌ	0.67	0.82	rec	6692.30	6693.30
260	23	عَلِيمٌ	عَلِيمٌ	1.00	1.00	rec	6693.66	6694.68
261	0	ٱلَّذِينَ	الَّذِينَ	1.00	0.94	rec	6695.40	6696.22
261	1	يُنفِقُونَ	يُنْفِقُونَ	1.00	1.00	rec	6696.36	6698.04
261	2	أَمْوَٰلَهُمْ	عَمْوَالَهُمْ	0.86	1.00	rec	6698.14	6699.46
261	3	فِى	فِي	1.00	1.00	rec	6699.60	6699.74
261	4	سَبِيلِ	سَبِيلِ	1.00	1.00	rec	6700.00	6700.68
261	5	ٱللَّهِ	اللَّهِ	1.00	1.00	rec	6700.74	6701.40
261	6	ثُمَّ	ثُمَّ	1.00	1.00	rec	6701.60	6702.34
261	7	لَا	لَا	1.00	1.00	rec	6702.48	6702.60
261	8	يُتْبِعُونَ	يُتْبِعُونَ	1.00	1.00	rec	6702.82	6703.88
261	9	مَآ	مَا	1.00	1.00	rec	6704.02	6704.16
261	10	أَنفَقُوا۟	أَنْفَقُوا	1.00	1.00	rec	6704.50	6705.62
261	11	مَنًّۭا	مَنًّا	1.00	1.00	rec	6705.98	6706.84
261	12	وَلَآ	وَلَا	1.00	0.91	rec	6707.38	6707.74
261	13	أَذًۭىۙ	أَذًى	1.00	0.90	rec	6708.18	6708.54
261	14	لَّهُمْ	لَهُمْ	1.00	1.00	rec	6709.82	6710.24
261	15	أَجْرُهُمْ	أَجْرُهُمْ	1.00	1.00	rec	6710.34	6711.22
261	16	عِندَ	عِنْدَ	1.00	1.00	rec	6711.34	6712.16
261	17	رَبِّهِمْ	رَبِّهِمْ	1.00	0.94	rec	6712.26	6713.08
261	18	وَلَا	وَلَا	1.00	1.00	rec	6713.18	6713.50
261	19	خَوْفٌ	خَوْفٌ	1.00	1.00	rec	6713.84	6714.34
261	20	عَلَيْهِمْ	عَلَيْهِمْ	1.00	0.94	rec	6714.68	6715.58
261	21	وَلَا	وَلَا	1.00	1.00	rec	6715.68	6715.98
261	22	هُمْ	هُمْ	1.00	0.99	rec	6716.32	6716.66
261	23	يَحْزَنُونَ	يَحْزَنُونَ	1.00	1.00	rec	6716.78	6718.42
262	0	قَوْلٌۭ	قَوْلٌ	1.00	1.00	rec	6719.42	6719.90
262	1	مَّعْرُوفٌۭ	مَعْرُوفٌ	1.00	1.00	rec	6720.68	6721.66
262	2	وَمَغْفِرَةٌ	وَمَ+فِرَةٌ	0.83	0.80	rec	6722.34	6723.50
262	3	خَيْرٌۭ	خَيْرٌ	1.00	1.00	rec	6723.92	6724.48
262	4	مِّن	مِنْ	1.00	1.00	rec	6725.00	6725.52
262	5	صَدَقَةٍۢ	صَدَقَةٍ	1.00	1.00	rec	6725.62	6726.46
262	6	يَتْبَعُهَآ	يَتْبَعُهَا	1.00	1.00	rec	6727.08	6728.00
262	7	أَذًۭىۗ	أَذًى	1.00	0.96	rec	6728.64	6728.98
262	8	وَٱللَّهُ	وَاللَّهُ	1.00	1.00	rec	6730.08	6730.90
262	9	غَنِىٌّ	غَنِيٌّ	1.00	1.00	rec	6731.06	6731.74
262	10	حَلِيمٌۭ	حَلِيمٌ	1.00	1.00	rec	6732.20	6733.44
263	0	يَٰٓأَيُّهَا	يَا+أَيُّهَا	1.00	1.00	rec	6734.80	6736.08
263	1	ٱلَّذِينَ	الَّذِينَ	1.00	1.00	rec	6736.14	6737.02
263	2	ءَامَنُوا۟	آمَنُوا	0.83	1.00	rec	6737.16	6737.90
263	3	لَا	لَا	1.00	1.00	rec	6738.18	6738.30
263	4	تُبْطِلُوا۟	تُبْطِلُوا	1.00	1.00	rec	6738.68	6739.46
263	5	صَدَقَٰتِكُم	صَدَقَاتِكُمْ	1.00	1.00	rec	6739.82	6741.96
263	6	بِٱلْمَنِّ	بِالْمَنِّ	1.00	1.00	rec	6742.02	6743.42
263	7	وَٱلْأَذَىٰ	وَالْأَذَى	0.86	1.00	rec	6743.58	6744.32
263	8	كَٱلَّذِى	كَالَّذِي	1.00	0.96	rec	6745.68	6746.26
263	9	يُنفِقُ	يُنْفِقُ	1.00	0.97	rec	6746.44	6747.44
263	10	مَالَهُۥ	مَعَ+لَهُ	0.75	0.99	rec	6747.60	6748.34
263	11	رِئَآءَ	لِئَاءَ	0.75	0.94	rec	6748.68	6750.56
263	12	ٱلنَّاسِ	النَّاسِ	1.00	0.93	rec	6750.60	6751.78
263	13	وَلَا	وَلَا	1.00	1.00	rec	6751.92	6752.20
263	14	يُؤْمِنُ	يُؤْمِنُ	1.00	1.00	rec	6752.48	6753.02
263	15	بِٱللَّهِ	بِاللَّهِ	1.00	0.98	rec	6753.18	6753.96
263	16	وَٱلْيَوْمِ	وَالْيَوْمِ	1.00	1.00	rec	6754.10	6754.90
263	17	ٱلْءَاخِرِۖ	الْآخِرِ	0.83	1.00	rec	6754.96	6756.06
263	18	فَمَثَلُهُۥ	فَمَثَلُهُ	1.00	0.99	rec	6757.06	6757.98
263	19	كَمَثَلِ	كَمَثَلِ	1.00	1.00	rec	6758.38	6759.04
263	20	صَفْوَانٍ	صَفْوَانٍ	1.00	1.00	rec	6759.22	6760.12
263	21	عَلَيْهِ	عَلَيْهِ	1.00	1.00	rec	6760.44	6761.14
263	22	تُرَابٌۭ	تُرَابٌ	1.00	1.00	rec	6761.30	6762.02
263	23	فَأَصَابَهُۥ	فَأَصَابَهُ	1.00	1.00	rec	6762.74	6763.94
263	24	وَابِلٌۭ	وَعَبِلٌ	0.75	0.88	rec	6764.22	6764.90
263	25	فَتَرَكَهُۥ	فَتَرَكَهُ	1.00	1.00	rec	6765.68	6766.70
263	26	صَلْدًۭاۖ	صَلَّىٰ	0.75	0.90	rec	6767.18	6767.80
263	27	لَّا	لَا	1.00	1.00	rec	6769.04	6769.16
263	28	يَقْدِرُونَ	يَقْدِرُونَ	1.00	0.99	rec	6769.44	6770.60
263	29	عَلَىٰ	عَلَىٰ	1.00	1.00	rec	6770.74	6771.06
263	30	شَىْءٍۢ	شَيْءٍ	1.00	1.00	rec	6771.40	6771.88
263	31	مِّمَّا	مِمَّا	1.00	1.00	rec	6772.64	6773.56
263	32	كَسَبُوا۟ۗ	كَسَبُوا	1.00	1.00	rec	6773.98	6774.58
263	33	وَٱللَّهُ	وَاللَّهُ	1.00	0.97	rec	6775.54	6776.28
263	34	لَا	لَا	1.00	1.00	rec	6776.44	6776.54
263	35	يَهْدِى	يَهْدِي	1.00	0.99	rec	6776.84	6777.24
263	36	ٱلْقَوْمَ	الْقَوْمَ	1.00	0.99	rec	6777.30	6778.16
263	37	ٱلْكَٰفِرِينَ	الْكَافِرِينَ	1.00	0.98	rec	6778.20	6780.42
264	0	وَمَثَلُ	وَمَثَلُ	1.00	1.00	rec	6782.12	6782.78
264	1	ٱلَّذِينَ	الَّذِينَ	1.00	1.00	rec	6782.86	6783.66
264	2	يُنفِقُونَ	يُنْفِقُونَ	1.00	1.00	rec	6783.80	6785.18
264	3	أَمْوَٰلَهُمُ	أَمْوَالَهُمُ	1.00	0.98	rec	6785.34	6786.72
264	4	ٱبْتِغَآءَ	ابْتِغَاءَ	1.00	1.00	rec	6786.80	6788.96
264	5	مَرْضَاتِ	مَرْضَاتِ	1.00	0.99	rec	6789.08	6790.06
264	6	ٱللَّهِ	اللَّهِ	1.00	1.00	rec	6790.12	6791.00
264	7	وَتَثْبِيتًۭا	بِيتًا	0.57	0.99	rec	6791.80	6792.40
264	8	مِّنْ	مِنْ	1.00	1.00	rec	6793.12	6793.42
264	9	أَنفُسِهِمْ	أَنْفُسِهِمْ	1.00	1.00	rec	6793.50	6795.06
264	10	كَمَثَلِ	كَمَثَلِ	1.00	1.00	rec	6795.20	6795.86
264	11	جَنَّةٍۭ	جَنَّةٍ	1.00	1.00	rec	6796.02	6797.60
264	12	بِرَبْوَةٍ	بِرُبْوَةٍ	1.00	1.00	rec	6801.44	6802.32
264	13	أَصَابَهَا	أَصَابَهَا	1.00	1.00	rec	6802.66	6803.62
264	14	وَابِلٌۭ	وَعبِلٌ	0.75	0.92	rec	6803.90	6804.60
264	15	فَـَٔاتَتْ	فَآعتَتْ	0.80	0.92	rec	6805.16	6806.20
264	16	أُكُلَهَا	أُكْلَهَاضِ	0.83	0.90	rec	6806.28	6807.38
264	17	ضِعْفَيْنِ		0.00	0.16	forced	6807.46	6808.96
264	18	فَإِن	فَإِنْ	1.00	1.00	rec	6809.66	6810.16
264	19	لَّمْ	لَمْ	1.00	1.00	rec	6810.22	6810.48
264	20	يُصِبْهَا	يُصِبْهَا	1.00	1.00	rec	6810.54	6811.20
264	21	وَابِلٌۭ	وَعَابِلٌ	0.80	0.99	rec	6811.46	6812.22
264	22	فَطَلٌّۭۗ	فَطَلَ	1.00	0.97	rec	6812.98	6813.72
264	23	وَٱللَّهُ	وَاللَّهُ	1.00	0.99	rec	6814.38	6815.24
264	24	بِمَا	بِمَا	1.00	1.00	rec	6815.40	6815.74
264	25	تَعْمَلُونَ	تَعْمَلُونَ	1.00	1.00	rec	6816.12	6817.44
264	26	بَصِيرٌ	بَصِيرٌ	1.00	1.00	rec	6817.56	6818.80
265	0	أَيَوَدُّ	أَيَوَدُّ	1.00	1.00	rec	6820.16	6821.04
265	1	أَحَدُكُمْ	أَحَدُكُمْ	1.00	1.00	rec	6821.20	6822.30
265	2	أَن	أَنْ	1.00	1.00	rec	6822.40	6823.06
265	3	تَكُونَ	تَكُونَ	1.00	1.00	rec	6823.18	6824.00
265	4	لَهُۥ	لَهُ	1.00	1.00	rec	6824.16	6824.48
265	5	جَنَّةٌۭ	جَنَّةٌ	1.00	1.00	rec	6824.90	6826.24
265	6	مِّن	مِنْ	1.00	1.00	rec	6827.22	6827.84
265	7	نَّخِيلٍۢ	نَخِيلٍ	1.00	1.00	rec	6827.90	6828.82
265	8	وَأَعْنَابٍۢ	وَأَعْنَابٍ	1.00	1.00	rec	6829.42	6830.62
265	9	تَجْرِى	تَجْرِي	1.00	1.00	rec	6831.52	6832.04
265	10	مِن	مِنْ	1.00	1.00	rec	6832.38	6833.08
265	11	تَحْتِهَا	تَحْتِهَا	1.00	0.99	rec	6833.20	6833.84
265	12	ٱلْأَنْهَٰرُ	ال+نهار	0.86	0.76	rec	6833.88	6835.60
265	13	لَهُۥ	لَهُ	1.00	1.00	rec	6837.86	6838.14
265	14	فِيهَا	فِيهَا	1.00	1.00	rec	6838.56	6839.02
265	15	مِن	مِنْ	1.00	1.00	rec	6839.38	6840.10
265	16	كُلِّ	كُلِّ	1.00	1.00	rec	6840.22	6840.62
265	17	ٱلثَّمَرَٰتِ	الثَّمَرَاتِ	1.00	1.00	rec	6840.68	6841.90
265	18	وَأَصَابَهُ	وَأَصَابَهُ	1.00	1.00	rec	6842.06	6843.28
265	19	ٱلْكِبَرُ	الْكِبْرُ	1.00	0.95	rec	6843.34	6844.18
265	20	وَلَهُۥ	وَلَهُ	1.00	1.00	rec	6844.30	6844.82
265	21	ذُرِّيَّةٌۭ	ذُرِّيَّةٌ	1.00	0.99	rec	6845.14	6846.20
265	22	ضُعَفَآءُ	ضُعَفَاء	1.00	0.91	rec	6846.90	6849.16
265	23	فَأَصَابَهَآ	فَأَصَابَهَا	1.00	1.00	rec	6850.38	6851.82
265	24	إِعْصَارٌۭ	إِعْصَارٌ	1.00	0.95	rec	6852.38	6853.54
265	25	فِيهِ	فِيهِ	1.00	1.00	rec	6854.30	6854.82
265	26	نَارٌۭ	نَارٌ	1.00	1.00	rec	6854.98	6855.50
265	27	فَٱحْتَرَقَتْۗ	فَاحْتَرَقَتْ	1.00	1.00	rec	6856.42	6857.66
265	28	كَذَٰلِكَ	كَذَٰلِكَ	1.00	1.00	rec	6858.64	6859.48
265	29	يُبَيِّنُ	يُبَيِّنُ	1.00	1.00	rec	6859.60	6860.52
265	30	ٱللَّهُ	اللَّهُ	1.00	1.00	rec	6860.60	6861.44
265	31	لَكُمُ	لَكُمُ	1.00	1.00	rec	6861.58	6862.10
265	32	ٱلْءَايَٰتِ	الْآيَاتِ	0.86	1.00	rec	6862.18	6863.56
265	33	لَعَلَّكُمْ	لَعَلَّكُمْ	1.00	1.00	rec	6863.70	6864.96
265	34	تَتَفَكَّرُونَ	تَتَفَ+فْكَرُونَ	0.88	0.84	rec	6865.10	6867.52
266	0	يَٰٓأَيُّهَا	يَا+أَيُّهَا	1.00	1.00	rec	6868.50	6869.86
266	1	ٱلَّذِينَ	الَّذِينَ	1.00	0.94	rec	6869.92	6870.78
266	2	ءَامَنُوٓا۟	آعمَنُوا	0.67	0.98	rec	6870.92	6871.70
266	3	أَنفِقُوا۟	أَنْفِقُوا	1.00	1.00	rec	6872.40	6873.52
266	4	مِن	مِنْ	1.00	1.00	rec	6873.94	6874.66
266	5	طَيِّبَٰتِ	طَيِّبَاتِ	1.00	1.00	rec	6874.76	6875.92
266	6	مَا	مَا	1.00	1.00	rec	6876.06	6876.18
266	7	كَسَبْتُمْ	كَسَبْتُمْ	1.00	1.00	rec	6876.54	6877.52
266	8	وَمِمَّآ	وَمِمَّا	1.00	1.00	rec	6877.64	6879.14
266	9	أَخْرَجْنَا	أَخْرَجْنَا	1.00	0.99	rec	6879.70	6880.66
266	10	لَكُم	لَكُمْ	1.00	1.00	rec	6881.00	6881.64
266	11	مِّنَ	مِنَ	1.00	1.00	rec	6887.74	6887.98
266	12	ٱلْأَرْضِۖ	الْأَرْضِ	1.00	1.00	rec	6888.04	6888.80
266	13	وَلَا	وَلَا	1.00	1.00	rec	6888.96	6889.28
266	14	تَيَمَّمُوا۟	تَيَمَّمُوا	1.00	0.97	rec	6889.60	6891.26
266	15	ٱلْخَبِيثَ	الْخَبِيثَ	1.00	1.00	rec	6891.30	6892.40
266	16	مِنْهُ	مِنْهُ	1.00	1.00	rec	6892.50	6893.00
266	17	تُنفِقُونَ	تُنْفِقُونَ	1.00	1.00	rec	6893.24	6895.20
266	18	وَلَسْتُم	وَلَسْتُمْ	1.00	1.00	rec	6895.30	6896.68
266	19	بِـَٔاخِذِيهِ	بِآخِذِيهِ	1.00	1.00	rec	6901.82	6903.28
266	20	إِلَّآ	إِلَّا	1.00	0.99	rec	6903.48	6904.00
266	21	أَن	أَنْ	1.00	1.00	rec	6904.42	6905.18
266	22	تُغْمِضُوا۟	تُغْمِضُوا	1.00	1.00	rec	6905.30	6906.06
266	23	فِيهِۚ	فِيهِ	1.00	1.00	rec	6906.50	6907.56
266	24	وَٱعْلَمُوٓا۟	وَاعْلَمُوا	1.00	1.00	rec	6908.50	6909.16
266	25	أَنَّ	أَنَّ	1.00	1.00	rec	6909.86	6910.64
266	26	ٱللَّهَ	اللَّهَ	1.00	1.00	rec	6910.70	6911.62
266	27	غَنِىٌّ	غَنِيٌّ	1.00	1.00	rec	6911.84	6912.60
266	28	حَمِيدٌ	حَمِيدٌ	1.00	1.00	rec	6913.10	6914.80
267	0	ٱلشَّيْطَٰنُ	الشَّيْطَانُ	1.00	1.00	rec	6916.12	6917.48
267	1	يَعِدُكُمُ	يَعِدُكُمُ	1.00	1.00	rec	6917.60	6918.74
267	2	ٱلْفَقْرَ	الْفَقَرَ	1.00	1.00	rec	6918.82	6919.70
267	3	وَيَأْمُرُكُم	وَيَأْمُرُكُمْ	1.00	0.99	rec	6919.86	6921.88
267	4	بِٱلْفَحْشَآءِۖ	بِالْفَححِ+ش	0.62	0.88	rec	6921.94	6922.76
267	5	وَٱللَّهُ	وَاللَّهُ	1.00	1.00	rec	6925.24	6926.02
267	6	يَعِدُكُم	يَعِبُكُمَّغْ	0.67	0.84	rec	6926.16	6928.00
267	7	مَّغْفِرَةًۭ		0.00	0.26	forced	6928.00	6928.78
267	8	مِّنْهُ	مِنْهُ	1.00	1.00	rec	6929.56	6930.06
267	9	وَفَضْلًۭاۗ	وَفَضْلًا	1.00	1.00	rec	6930.20	6931.14
267	10	وَٱللَّهُ	وَاللَّهُ	1.00	1.00	rec	6932.30	6933.12
267	11	وَٰسِعٌ	وَاسِعٌ	1.00	1.00	rec	6933.24	6934.04
267	12	عَلِيمٌۭ	عَلِيمٌ	1.00	1.00	rec	6934.42	6935.86
268	0	يُؤْتِى	يُؤْتِي	1.00	0.95	rec	6936.86	6937.26
268	1	ٱلْحِكْمَةَ	الْحِكْمَةَ	1.00	1.00	rec	6937.30	6938.22
268	2	مَن	مَنْ	1.00	1.00	rec	6938.38	6939.28
268	3	يَشَآءُۚ	يَشَاءُ	1.00	1.00	rec	6939.32	6941.36
268	4	وَمَن	وَمَنْ	1.00	1.00	rec	6942.46	6943.66
268	5	يُؤْتَ	يُؤْ	0.67	0.78	rec	6943.70	6943.92
268	6	ٱلْحِكْمَةَ	تَالْحِكْمَةَ	0.86	1.00	rec	6944.12	6945.18
268	7	فَقَدْ	فَقَدْ	1.00	1.00	rec	6945.34	6945.90
268	8	أُوتِىَ	أُوتِيَ	1.00	1.00	rec	6946.06	6946.82
268	9	خَيْرًۭا	خَيْرًا	1.00	1.00	rec	6947.04	6947.58
268	10	كَثِيرًۭاۗ	كَثِيرًا	1.00	1.00	rec	6948.38	6949.32
268	11	وَمَا	وَمَا	1.00	1.00	rec	6950.44	6950.78
268	12	يَذَّكَّرُ	يَذَّكَّرُ	1.00	0.99	rec	6951.04	6952.12
268	13	إِلَّآ	إِلَّا	1.00	0.98	rec	6952.34	6952.88
268	14	أُو۟لُوا۟	أُولُو	0.80	1.00	rec	6953.52	6953.80
268	15	ٱلْأَلْبَٰبِ	الْأَلْبَابِ	1.00	1.00	rec	6953.86	6955.54
269	0	وَمَآ	وَمَا	1.00	1.00	rec	6956.72	6957.08
269	1	أَنفَقْتُم	أَنْفَقْتُمْ	1.00	1.00	rec	6957.40	6959.40
269	2	مِّن	مِنْ	1.00	1.00	rec	6959.44	6960.20
269	3	نَّفَقَةٍ	نَفَقَةٍ	1.00	1.00	rec	6960.26	6961.16
269	4	أَوْ	أَوْ	1.00	0.98	rec	6961.52	6961.84
269	5	نَذَرْتُم	نَذَرْتُمْ	1.00	1.00	rec	6961.94	6963.38
269	6	مِّن	مِنْ	1.00	1.00	rec	6963.44	6964.12
269	7	نَّذْرٍۢ	نَذْرٍ	1.00	1.00	rec	6964.18	6964.70
269	8	فَإِنَّ	فَإِنَّ	1.00	1.00	rec	6965.36	6966.64
269	9	ٱللَّهَ	اللَّهَ	1.00	0.95	rec	6966.68	6967.50
269	10	يَعْلَمُهُۥۗ	يَعْلَمُهُ	1.00	0.98	rec	6967.70	6968.56
269	11	وَمَا	وَمَا	1.00	1.00	rec	6969.48	6969.80
269	12	لِلظَّٰلِمِينَ	لِلظَّالِمِينَ	1.00	1.00	rec	6970.10	6971.62
269	13	مِنْ	مِنْ	1.00	1.00	rec	6971.74	6972.10
269	14	أَنصَارٍ	أَنْصِيرٍ	0.80	1.00	rec	6972.20	6974.24
270	0	إِن	إِنْ	1.00	1.00	rec	6975.42	6976.50
270	1	تُبْدُوا۟	تُبْدُوا	1.00	1.00	rec	6976.68	6977.22
270	2	ٱلصَّدَقَٰتِ	الصَّبَقَاتِ	0.86	0.96	rec	6977.26	6978.54
270	3	فَنِعِمَّا	فَنِعِمَعهِي⌐	0.86	0.99	rec	6978.70	6980.56
270	4	هِىَۖ	فَنِعِمَعهِي¬	0.86	0.99	rec	6980.56	6981.30
270	5	وَإِن	وَإِنْ	1.00	1.00	rec	6982.60	6983.66
270	6	تُخْفُوهَا	تُخْفُوهَا	1.00	1.00	rec	6983.80	6984.72
270	7	وَتُؤْتُوهَا	وٌَْ+أْتُوهَا	0.71	0.68	rec	6985.12	6986.30
270	8	ٱلْفُقَرَآءَ	الْفُقَرَاءَ	1.00	1.00	rec	6986.34	6988.92
270	9	فَهُوَ	فَهُوَ	1.00	1.00	rec	6989.08	6989.54
270	10	خَيْرٌۭ	خَيْرٌ	1.00	1.00	rec	6989.72	6990.22
270	11	لَّكُمْۚ	لَكُمْ	1.00	1.00	rec	6990.50	6991.20
270	12	وَيُكَفِّرُ	وَنُكَفِّرُ	0.80	0.96	rec	6991.96	6993.08
270	13	عَنكُم	عَنْكُمْ	1.00	1.00	rec	6993.26	6994.86
270	14	مِّن	مِنْ	1.00	1.00	rec	6994.92	6995.64
270	15	سَيِّـَٔاتِكُمْۗ	سَيِّئَاتِكُمْ	0.86	1.00	rec	6995.78	6997.78
270	16	وَٱللَّهُ	وَاللَّهُ	1.00	0.98	rec	6998.48	6999.24
270	17	بِمَا	بِمَا	1.00	1.00	rec	6999.44	6999.78
270	18	تَعْمَلُونَ	تَعْمَلُونَ	1.00	1.00	rec	7000.18	7001.52
270	19	خَبِيرٌۭ	خَبِيرٌ	1.00	0.99	rec	7001.72	7002.96
271	0	لَّيْسَ	لَيْسَ	1.00	1.00	rec	7003.96	7004.32
271	1	عَلَيْكَ	عَلَيْكَ	1.00	1.00	rec	7004.44	7005.10
271	2	هُدَىٰهُمْ	هُدْعَاهُمْ	0.83	0.97	rec	7005.24	7006.20
271	3	وَلَٰكِنَّ	وَلَـٰكِنَّ	1.00	1.00	rec	7006.30	7007.98
271	4	ٱللَّهَ	اللَّهَ	1.00	1.00	rec	7008.04	7008.82
271	5	يَهْدِى	يَهْدِي	1.00	1.00	rec	7008.96	7009.50
271	6	مَن	مَنْ	1.00	1.00	rec	7009.90	7010.48
271	7	يَشَآءُۗ	يَشَاءُ	1.00	1.00	rec	7010.52	7012.36
271	8	وَمَا	وَمَا	1.00	1.00	rec	7013.08	7013.40
271	9	تُنفِقُوا۟	تُنْفِقُوا	1.00	0.94	rec	7013.76	7014.92
271	10	مِنْ	مِنْ	1.00	1.00	rec	7015.26	7015.54
271	11	خَيْرٍۢ	خَيْرٍ	1.00	1.00	rec	7015.66	7016.22
271	12	فَلِأَنفُسِكُمْۚ	فَلِأَنْفُسِكُمْ	1.00	1.00	rec	7016.86	7019.18
271	13	وَمَا	وَمَا	1.00	1.00	rec	7019.94	7020.26
271	14	تُنفِقُونَ	تُنْفِقُونَ	1.00	1.00	rec	7020.68	7022.36
271	15	إِلَّا	إِلَّا	1.00	0.92	rec	7022.50	7023.00
271	16	ٱبْتِغَآءَ	ابْتِغَاءَ	1.00	1.00	rec	7023.06	7025.22
271	17	وَجْهِ	وَجْهِ	1.00	1.00	rec	7025.34	7025.86
271	18	ٱللَّهِۚ	اللَّهُ	1.00	1.00	rec	7025.92	7027.08
271	19	وَمَا	وَمَا	1.00	1.00	rec	7027.86	7028.22
271	20	تُنفِقُوا۟	تُنْفِقُوا	1.00	0.98	rec	7028.68	7029.98
271	21	مِنْ	مِنْ	1.00	1.00	rec	7030.36	7030.64
271	22	خَيْرٍۢ	خَيْرٍ	1.00	0.91	rec	7030.78	7031.36
271	23	يُوَفَّ	يُوَفَّ	1.00	1.00	rec	7031.96	7032.60
271	24	إِلَيْكُمْ	إِلَيْكُمْ	1.00	1.00	rec	7032.74	7033.62
271	25	وَأَنتُمْ	وَأَنْتُمْ	1.00	1.00	rec	7033.72	7035.20
271	26	لَا	لَا	1.00	1.00	rec	7035.30	7035.42
271	27	تُظْلَمُونَ	تُظْلَمُونَ	1.00	1.00	rec	7035.90	7037.70
272	0	لِلْفُقَرَآءِ	لِلْفُقَرَاءِ	1.00	1.00	rec	7038.60	7041.28
272	1	ٱلَّذِينَ	الَّذِينَ	1.00	1.00	rec	7041.34	7042.26
272	2	أُحْصِرُوا۟	أُحْصِرُوا	1.00	0.99	rec	7042.40	7043.14
272	3	فِى	فِي	1.00	1.00	rec	7043.46	7043.58
272	4	سَبِيلِ	سَبِيلِ	1.00	1.00	rec	7043.84	7044.54
272	5	ٱللَّهِ	اللَّهِ	1.00	1.00	rec	7044.58	7045.34
272	6	لَا	لَا	1.00	1.00	rec	7045.52	7045.64
272	7	يَسْتَطِيعُونَ	يَسْتَطِيعُونَ	1.00	1.00	rec	7045.94	7047.42
272	8	ضَرْبًۭا	ضَرْبًا	1.00	1.00	rec	7047.58	7048.00
272	9	فِى	فِي	1.00	1.00	rec	7048.88	7048.98
272	10	ٱلْأَرْضِ	الْأَرْضِ	1.00	1.00	rec	7049.02	7049.64
272	11	يَحْسَبُهُمُ	يَحْسِبُهُمُ	1.00	1.00	rec	7050.58	7051.52
272	12	ٱلْجَاهِلُ	الْجَاهِلُ	1.00	1.00	rec	7051.60	7052.84
272	13	أَغْنِيَآءَ	أَغْنِيَاءَ	1.00	0.98	rec	7053.02	7055.26
272	14	مِنَ	مِنَ	1.00	1.00	rec	7055.38	7055.64
272	15	ٱلتَّعَفُّفِ	التَّعَفُّفِ	1.00	0.98	rec	7055.68	7056.96
272	16	تَعْرِفُهُم	تَعْرِفُهُمْ	1.00	1.00	rec	7057.66	7059.26
272	17	بِسِيمَٰهُمْ	بِسِيمَاهُمْ	1.00	1.00	rec	7059.32	7060.84
272	18	لَا	لَا	1.00	1.00	rec	7060.94	7061.06
272	19	يَسْـَٔلُونَ	يَسْأَلُونَ	0.83	1.00	rec	7061.32	7062.48
272	20	ٱلنَّاسَ	النَّاسَ	1.00	0.93	rec	7062.52	7063.86
272	21	إِلْحَافًۭاۗ	إِلْحَافًا	1.00	1.00	rec	7063.98	7065.04
272	22	وَمَا	وَمَا	1.00	0.90	rec	7066.20	7066.58
272	23	تُنفِقُوا۟	تُنْفِقُوا	1.00	0.99	rec	7067.04	7068.46
272	24	مِنْ	مِنْ	1.00	1.00	rec	7068.90	7069.22
272	25	خَيْرٍۢ	خَيْرٍ	1.00	0.93	rec	7069.36	7070.00
272	26	فَإِنَّ	فَإِنَّ	1.00	1.00	rec	7070.62	7071.88
272	27	ٱللَّهَ	اللَّهَ	1.00	1.00	rec	7071.94	7072.72
272	28	بِهِۦ	بِهِ	1.00	1.00	rec	7072.86	7073.16
272	29	عَلِيمٌ	عَلِيمٌ	1.00	1.00	rec	7073.60	7074.80
273	0	ٱلَّذِينَ	الَّذِينَ	1.00	1.00	rec	7075.52	7076.32
273	1	يُنفِقُونَ	يُنْفِقُونَ	1.00	1.00	rec	7076.44	7077.92
273	2	أَمْوَٰلَهُم	أَمْوَالَهُمْ	1.00	1.00	rec	7078.08	7079.84
273	3	بِٱلَّيْلِ	بِاللَّيْلِ	0.83	1.00	rec	7079.90	7080.74
273	4	وَٱلنَّهَارِ	وَالنَّهِيرِ	0.86	0.96	rec	7080.88	7082.26
273	5	سِرًّۭا	سِرًّا	1.00	1.00	rec	7082.46	7082.94
273	6	وَعَلَانِيَةًۭ	وَعَلَانِيَهْ	0.86	0.95	rec	7083.78	7085.06
273	7	فَلَهُمْ	فَلَهُمْ	1.00	1.00	rec	7085.92	7086.58
273	8	أَجْرُهُمْ	أَجْرُهُمْ	1.00	1.00	rec	7086.66	7087.60
273	9	عِندَ	عِنْدَ	1.00	1.00	rec	7087.70	7088.44
273	10	رَبِّهِمْ	رَبِّهِمْ	1.00	1.00	rec	7088.56	7089.48
273	11	وَلَا	وَلَا	1.00	1.00	rec	7089.58	7089.90
273	12	خَوْفٌ	خَوْفٌ	1.00	1.00	rec	7090.28	7090.80
273	13	عَلَيْهِمْ	عَلَيْهِمْ	1.00	1.00	rec	7091.12	7092.02
273	14	وَلَا	وَلَا	1.00	1.00	rec	7092.10	7092.42
273	15	هُمْ	هُمْ	1.00	1.00	rec	7092.72	7093.08
273	16	يَحْزَنُونَ	يَحْزَنُونَ	1.00	1.00	rec	7093.18	7095.04
274	0	ٱلَّذِينَ	الَّذِينَ	1.00	1.00	rec	7096.10	7096.94
274	1	يَأْكُلُونَ	يَأْكُلُونَ	1.00	0.94	rec	7097.08	7098.22
274	2	ٱلرِّبَوٰا۟	الرِّبَ	0.57	0.99	rec	7098.28	7098.78
274	3	لَا	عَلَىٰ	0.50	0.96	rec	7098.90	7099.32
274	4	يَقُومُونَ	يَقُومُونَ	1.00	1.00	rec	7099.64	7100.86
274	5	إِلَّا	إِلَّا	1.00	0.96	rec	7101.00	7101.52
274	6	كَمَا	كَمَا	1.00	0.98	rec	7101.88	7102.22
274	7	يَقُومُ	يَقُومُ	1.00	1.00	rec	7102.54	7103.26
274	8	ٱلَّذِى	الَّذِي	1.00	0.99	rec	7103.34	7103.90
274	9	يَتَخَبَّطُهُ	يَتَحَبَّطُهُ	0.83	1.00	rec	7104.18	7105.56
274	10	ٱلشَّيْطَٰنُ	الشَّيْطَانُ	1.00	0.97	rec	7105.62	7107.10
274	11	مِنَ	مِنَ	1.00	1.00	rec	7107.22	7107.46
274	12	ٱلْمَسِّۚ	الْمَسلِ	0.80	0.90	rec	7107.50	7108.34
274	13	ذَٰلِكَ	ذَٰلِكَ	1.00	0.99	rec	7109.30	7109.98
274	14	بِأَنَّهُمْ	بِأَنَّهُمْ	1.00	1.00	rec	7110.10	7111.66
274	15	قَالُوٓا۟	قَالُوا	1.00	1.00	rec	7111.84	7112.52
274	16	إِنَّمَا	إِنَّمَا	1.00	1.00	rec	7112.92	7114.04
274	17	ٱلْبَيْعُ	الْبَيْعُ	1.00	1.00	rec	7114.08	7114.76
274	18	مِثْلُ	مِثْلُ	1.00	1.00	rec	7114.90	7115.32
274	19	ٱلرِّبَوٰا۟ۗ	الرِّبَا	0.71	0.97	rec	7115.40	7115.92
274	20	وَأَحَلَّ	وَأَحَلَّ	1.00	1.00	rec	7116.94	7117.82
274	21	ٱللَّهُ	اللَّهُ	1.00	1.00	rec	7117.88	7118.70
274	22	ٱلْبَيْعَ	الْبَيْعَ	1.00	1.00	rec	7118.76	7119.56
274	23	وَحَرَّمَ	وَحَرَّمَ	1.00	0.95	rec	7119.70	7120.64
274	24	ٱلرِّبَوٰا۟ۚ		0.00	0.18	forced	7120.68	7121.30
274	25	فَمَن	فَمَنْ	1.00	1.00	rec	7122.44	7123.60
274	26	جَآءَهُۥ	جَاءَهُ	1.00	1.00	rec	7123.70	7125.60
274	27	مَوْعِظَةٌۭ	مَوْعِظَةٌ	1.00	1.00	rec	7125.98	7126.92
274	28	مِّن	مِنْ	1.00	1.00	rec	7127.56	7127.78
274	29	رَّبِّهِۦ	رَبِّهِ	1.00	1.00	rec	7127.86	7128.52
274	30	فَٱنتَهَىٰ	فَانْتَهَا	0.86	0.99	rec	7128.94	7130.10
274	31	فَلَهُۥ	فَلَهُ	1.00	1.00	rec	7130.52	7131.04
274	32	مَا	مَا	1.00	1.00	rec	7131.44	7131.56
274	33	سَلَفَ	سَلَفَ	1.00	1.00	rec	7131.92	7132.48
274	34	وَأَمْرُهُۥٓ	وَأَمْرُهُ	1.00	1.00	rec	7135.36	7136.40
274	35	إِلَى	إِلَى	1.00	1.00	rec	7136.88	7137.18
274	36	ٱللَّهِۖ	اللَّهِ	1.00	1.00	rec	7137.24	7138.54
274	37	وَمَنْ	وَمَنْ	1.00	1.00	rec	7139.26	7139.70
274	38	عَادَ	عَادَ	1.00	1.00	rec	7139.78	7140.24
274	39	فَأُو۟لَٰٓئِكَ	فَأُولَـٰئِكَ	1.00	1.00	rec	7140.38	7142.62
274	40	أَصْحَٰبُ	أَصْحَابُ	1.00	1.00	rec	7142.76	7143.68
274	41	ٱلنَّارِۖ	النِّيرِ	0.80	0.96	rec	7143.76	7145.06
274	42	هُمْ	هُمْ	1.00	1.00	rec	7145.22	7145.50
274	43	فِيهَا	فِيهَا	1.00	1.00	rec	7145.66	7146.18
274	44	خَٰلِدُونَ	خَالِدُونَ	1.00	1.00	rec	7146.60	7148.48
275	0	يَمْحَقُ	يَمْحَقُ	1.00	1.00	rec	7149.88	7150.54
275	1	ٱللَّهُ	اللَّهُ	1.00	1.00	rec	7150.62	7151.46
275	2	ٱلرِّبَوٰا۟	الرِّبَا	0.71	0.91	rec	7151.54	7152.14
275	3	وَيُرْبِى	وَيُرْبِي	1.00	0.99	rec	7152.64	7153.34
275	4	ٱلصَّدَقَٰتِۗ	الصَّدَقَاتِ	1.00	1.00	rec	7153.42	7155.22
275	5	وَٱللَّهُ	وَاللَّهُ	1.00	0.99	rec	7156.02	7156.82
275	6	لَا	لَا	1.00	1.00	rec	7156.96	7157.08
275	7	يُحِبُّ	يُحِبُّ	1.00	1.00	rec	7157.38	7158.06
275	8	كُلَّ	كُلَّكَ	0.67	0.84	rec	7158.28	7158.92
275	9	كَفَّارٍ		0.00	0.15	forced	7158.98	7159.92
275	10	أَثِيمٍ	أَثِيمٍ	1.00	0.99	rec	7160.30	7161.86
276	0	إِنَّ	إِنَّ	1.00	1.00	rec	7162.72	7163.58
276	1	ٱلَّذِينَ	الَّذِينَ	1.00	0.93	rec	7163.64	7164.48
276	2	ءَامَنُوا۟	آمَنُوا	0.83	1.00	rec	7164.64	7165.38
276	3	وَعَمِلُوا۟	وَعَمِلُوا	1.00	1.00	rec	7165.60	7166.26
276	4	ٱلصَّٰلِحَٰتِ	الصَّالِحَاتِ	1.00	1.00	rec	7166.30	7167.68
276	5	وَأَقَامُوا۟	وَأَقَامُوا	1.00	0.99	rec	7167.80	7168.84
276	6	ٱلصَّلَوٰةَ	الصَّلَاةَ	0.86	1.00	rec	7168.90	7169.86
276	7	وَءَاتَوُا۟	وَآ+أَتَوُا	0.83	0.97	rec	7169.98	7171.28
276	8	ٱلزَّكَوٰةَ	الزَّكَاةَ	0.86	0.98	rec	7171.32	7173.00
276	9	لَهُمْ	لَهُمْ	1.00	1.00	rec	7173.92	7174.40
276	10	أَجْرُهُمْ	أَجْرُهُمْ	1.00	1.00	rec	7174.50	7175.46
276	11	عِندَ	عِنْدَ	1.00	0.94	rec	7175.56	7176.54
276	12	رَبِّهِمْ	رَبِّهِمْ	1.00	1.00	rec	7176.66	7177.76
276	13	وَلَا	وَلَا	1.00	1.00	rec	7178.38	7178.68
276	14	خَوْفٌ	خَوْفٌ	1.00	1.00	rec	7179.10	7179.72
276	15	عَلَيْهِمْ	عَلَيْهِمْ	1.00	0.96	rec	7180.08	7181.00
276	16	وَلَا	وَلَا	1.00	0.99	rec	7181.12	7181.44
276	17	هُمْ	هُمْ	1.00	1.00	rec	7181.88	7182.18
276	18	يَحْزَنُونَ	يَحْزَنُونَ	1.00	1.00	rec	7182.30	7184.12
277	0	يَٰٓأَيُّهَا	يَا+أَيُّهَا	1.00	1.00	rec	7185.32	7186.68
277	1	ٱلَّذِينَ	الَّذِينَ	1.00	0.93	rec	7186.74	7187.72
277	2	ءَامَنُوا۟	آمَنُوا	0.83	1.00	rec	7187.84	7188.72
277	3	ٱتَّقُوا۟	اتَّقُوا	1.00	0.97	rec	7188.78	7189.34
277	4	ٱللَّهَ	اللَّهَ	1.00	0.99	rec	7189.42	7190.24
277	5	وَذَرُوا۟	وَذَرُوا	1.00	1.00	rec	7190.38	7190.96
277	6	مَا	مَع	0.50	0.87	rec	7191.32	7191.48
277	7	بَقِىَ	بَقِيَ	1.00	1.00	rec	7191.76	7192.32
277	8	مِنَ	مِنَ	1.00	1.00	rec	7192.44	7192.70
277	9	ٱلرِّبَوٰٓا۟	الرِّبَا	0.71	1.00	rec	7192.76	7193.32
277	10	إِن	إِنْ	1.00	1.00	rec	7193.82	7194.62
277	11	كُنتُم	كُنْتُمْ	1.00	1.00	rec	7194.72	7196.34
277	12	مُّؤْمِنِينَ	مُؤْمِنِينَ	1.00	1.00	rec	7196.38	7198.06
278	0	فَإِن	فَإِنْ	1.00	1.00	rec	7198.94	7199.40
278	1	لَّمْ	لَمْ	1.00	1.00	rec	7199.48	7199.72
278	2	تَفْعَلُوا۟	تَفْعَلُوا	1.00	0.98	rec	7199.86	7200.54
278	3	فَأْذَنُوا۟	فَأْذَنُوا	1.00	1.00	rec	7200.90	7201.58
278	4	بِحَرْبٍۢ	بِحَرْبٍ	1.00	1.00	rec	7201.86	7202.56
278	5	مِّنَ	مِنَ	1.00	1.00	rec	7203.24	7203.50
278	6	ٱللَّهِ	اللَّهِ	1.00	1.00	rec	7203.56	7204.42
278	7	وَرَسُولِهِۦۖ	وَرَسُولِهِ	1.00	1.00	rec	7204.56	7205.76
278	8	وَإِن	وَإِنْ	1.00	0.92	rec	7206.52	7207.46
278	9	تُبْتُمْ	تُبْتُمْ	1.00	1.00	rec	7207.64	7208.38
278	10	فَلَكُمْ	فَلَكُمْ	1.00	1.00	rec	7208.50	7209.18
278	11	رُءُوسُ	رُءُوسُ	1.00	1.00	rec	7209.26	7210.04
278	12	أَمْوَٰلِكُمْ	أَمْوَالِكُمْ	1.00	1.00	rec	7210.20	7211.48
278	13	لَا	لَا	1.00	1.00	rec	7211.58	7211.70
278	14	تَظْلِمُونَ	تَظْلِمُونَ	1.00	1.00	rec	7212.06	7213.18
278	15	وَلَا	وَلَا	1.00	1.00	rec	7213.30	7213.62
278	16	تُظْلَمُونَ	تُظْلَمُونَ	1.00	1.00	rec	7214.08	7215.92
279	0	وَإِن	وَإِنْ	1.00	1.00	rec	7216.76	7217.76
279	1	كَانَ	كَانَ	1.00	1.00	rec	7217.88	7218.56
279	2	ذُو	ذُو	1.00	1.00	rec	7218.72	7218.86
279	3	عُسْرَةٍۢ	عُسْرَةٍ	1.00	1.00	rec	7219.20	7219.96
279	4	فَنَظِرَةٌ	فَنَظِرَةٌ	1.00	1.00	rec	7220.84	7221.82
279	5	إِلَىٰ	إِلَىٰ	1.00	1.00	rec	7222.20	7222.54
279	6	مَيْسَرَةٍۢۚ	مَيْسَرَةٍ	1.00	1.00	rec	7222.90	7223.86
279	7	وَأَن	وَأَنْتَ	0.75	1.00	rec	7224.72	7225.96
279	8	تَصَدَّقُوا۟	صَّدَّقُوا	0.83	1.00	rec	7226.18	7227.00
279	9	خَيْرٌۭ	خَيْرٌ	1.00	1.00	rec	7227.36	7227.82
279	10	لَّكُمْۖ	لَكُمْ	1.00	1.00	rec	7228.10	7228.72
279	11	إِن	إِنْ	1.00	1.00	rec	7228.84	7229.58
279	12	كُنتُمْ	كُنْتُمْ	1.00	1.00	rec	7229.72	7230.94
279	13	تَعْلَمُونَ	تَعْلَمُونَ	1.00	1.00	rec	7231.06	7232.90
280	0	وَٱتَّقُوا۟	وَاتَّقُوا	1.00	1.00	rec	7234.54	7235.24
280	1	يَوْمًۭا	يَوْمًا	1.00	1.00	rec	7235.58	7236.08
280	2	تُرْجَعُونَ	تَرْجِعُونَ	1.00	0.99	rec	7236.86	7238.14
280	3	فِيهِ	فِيهِ	1.00	1.00	rec	7238.34	7238.94
280	4	إِلَى	إِلَى	1.00	1.00	rec	7239.12	7239.40
280	5	ٱللَّهِۖ	اللَّهِ	1.00	1.00	rec	7239.44	7240.58
280	6	ثُمَّ	ثُمَّ	1.00	1.00	rec	7241.22	7242.30
280	7	تُوَفَّىٰ	تُوَفَّعَ	0.60	1.00	rec	7242.48	7243.28
280	8	كُلُّ	كُلُّ	1.00	1.00	rec	7243.66	7244.10
280	9	نَفْسٍۢ	نَفْسٍ	1.00	1.00	rec	7244.24	7244.70
280	10	مَّا	مَا	1.00	1.00	rec	7245.38	7245.52
280	11	كَسَبَتْ	كَسَبَتْ	1.00	1.00	rec	7245.90	7246.62
280	12	وَهُمْ	وَهُمْ	1.00	1.00	rec	7246.70	7247.26
280	13	لَا	لَا	1.00	1.00	rec	7247.34	7247.46
280	14	يُظْلَمُونَ	يُظْلَمُونَ	1.00	1.00	rec	7247.78	7249.54
281	0	يَٰٓأَيُّهَا	يَا+أَيُّهَا	1.00	0.92	rec	7250.58	7251.76
281	1	ٱلَّذِينَ	الَّذِينَ	1.00	1.00	rec	7251.82	7252.60
281	2	ءَامَنُوٓا۟	آمَنُوا	0.83	0.98	rec	7252.76	7253.50
281	3	إِذَا	إِذَا	1.00	1.00	rec	7253.88	7254.16
281	4	تَدَايَنتُم	تَدَايَنْتُمْ	1.00	0.99	rec	7254.36	7256.38
281	5	بِدَيْنٍ	بِدَيِنٍ	1.00	0.92	rec	7256.44	7257.18
281	6	إِلَىٰٓ	إِلَىٰ	1.00	1.00	rec	7257.56	7257.88
281	7	أَجَلٍۢ	أَجَلٍ	1.00	0.96	rec	7258.26	7258.72
281	8	مُّسَمًّۭى	مُسَمًّى	1.00	1.00	rec	7259.20	7260.38
281	9	فَٱكْتُبُوهُۚ	فَاكْتُبُوهُ	1.00	1.00	rec	7261.02	7262.30
281	10	وَلْيَكْتُب	وَلِيَكْتُبْ	1.00	0.97	rec	7263.38	7264.16
281	11	بَّيْنَكُمْ	بَيْنَكُمْ	1.00	1.00	rec	7264.22	7265.10
281	12	كَاتِبٌۢ	كَاتِبٌ	1.00	1.00	rec	7265.26	7266.04
281	13	بِٱلْعَدْلِۚ	بِالْعَدْلِ	1.00	1.00	rec	7267.00	7267.76
281	14	وَلَا	وَلَا	1.00	1.00	rec	7268.70	7269.00
281	15	يَأْبَ	يَأْبَكَ	0.75	1.00	rec	7269.22	7269.88
281	16	كَاتِبٌ	عَاتِبٌ	0.75	0.95	rec	7269.94	7270.60
281	17	أَن	أَنْ	1.00	1.00	rec	7271.02	7271.76
281	18	يَكْتُبَ	يَكْتُبَكَ	0.80	1.00	rec	7271.80	7272.72
281	19	كَمَا	مَا	0.67	1.00	rec	7272.86	7273.00
281	20	عَلَّمَهُ	عَلَّمَهُ	1.00	0.99	rec	7273.30	7274.16
281	21	ٱللَّهُۚ	اللَّهُ	1.00	0.91	rec	7274.22	7275.08
281	22	فَلْيَكْتُبْ	فَلْيَكْتُبْ	1.00	0.97	rec	7275.84	7276.82
281	23	وَلْيُمْلِلِ	وَالْيُمْلِ	0.67	0.96	rec	7276.90	7277.66
281	24	ٱلَّذِى	لِلَّذِي	0.75	1.00	rec	7277.82	7278.50
281	25	عَلَيْهِ	عَلَيْهِ	1.00	1.00	rec	7278.74	7279.46
281	26	ٱلْحَقُّ	الْحَقُّ	1.00	0.99	rec	7279.52	7280.28
281	27	وَلْيَتَّقِ	وَلْيَتَّقِ	1.00	1.00	rec	7280.40	7281.40
281	28	ٱللَّهَ	اللَّهَ	1.00	0.94	rec	7281.46	7282.20
281	29	رَبَّهُۥ	رَبَّهُ	1.00	0.99	rec	7282.34	7282.98
281	30	وَلَا	وَلَا	1.00	1.00	rec	7283.30	7283.66
281	31	يَبْخَسْ	يَبْخَسْ	1.00	0.98	rec	7283.96	7284.72
281	32	مِنْهُ	مِنْهُ	1.00	1.00	rec	7284.80	7285.30
281	33	شَيْـًۭٔاۚ	شَيْئًا	0.75	1.00	rec	7285.54	7286.12
281	34	فَإِن	فَإِنْ	1.00	1.00	rec	7287.64	7288.60
281	35	كَانَ	كَانَ	1.00	1.00	rec	7288.74	7289.36
281	36	ٱلَّذِى	الَّذِي	1.00	1.00	rec	7289.42	7289.92
281	37	عَلَيْهِ	عَلَيْهِ	1.00	1.00	rec	7290.14	7290.84
281	38	ٱلْحَقُّ	الْحَكُُ	0.75	0.86	rec	7290.88	7291.38
281	39	سَفِيهًا	بُسَفِيهًا	0.83	0.93	rec	7291.54	7292.62
281	40	أَوْ	أَوْ	1.00	1.00	rec	7292.94	7293.24
281	41	ضَعِيفًا	ضَعِيفًا	1.00	1.00	rec	7293.36	7294.22
281	42	أَوْ	أَوْ	1.00	1.00	rec	7295.74	7295.94
281	43	لَا	لَا	1.00	0.96	rec	7297.56	7297.70
281	44	يَسْتَطِيعُ	يَسْتَطِيعُ	1.00	1.00	rec	7298.00	7299.16
281	45	أَن	أَنْ	1.00	1.00	rec	7299.34	7299.86
281	46	يُمِلَّ	يُمِلَّهُوَ⌐	1.00	0.99	rec	7299.90	7300.61
281	47	هُوَ	يُمِلَّهُوَ¬	1.00	0.99	rec	7300.61	7301.08
281	48	فَلْيُمْلِلْ	فَلْيُمْلِلْ	1.00	1.00	rec	7301.28	7302.44
281	49	وَلِيُّهُۥ	وَلِيُّهُ	1.00	1.00	rec	7302.50	7303.42
281	50	بِٱلْعَدْلِۚ	بِالْعَدْلِ	1.00	1.00	rec	7303.88	7304.72
281	51	وَٱسْتَشْهِدُوا۟	وَاسْتَشْهِدُوا	1.00	1.00	rec	7305.88	7306.90
281	52	شَهِيدَيْنِ	شَهِيدَيْنِ	1.00	1.00	rec	7307.20	7308.30
281	53	مِن	مِنْ	1.00	0.99	rec	7308.40	7308.66
281	54	رِّجَالِكُمْۖ	رِيَالِكُمْ	0.83	0.95	rec	7308.74	7310.14
281	55	فَإِن	فَإِنْ	1.00	1.00	rec	7310.96	7311.38
281	56	لَّمْ	لَمْ	1.00	1.00	rec	7311.46	7311.68
281	57	يَكُونَا	يَكُونَا	1.00	0.99	rec	7311.74	7312.42
281	58	رَجُلَيْنِ	رَجُلَيْنِ	1.00	1.00	rec	7312.68	7313.56
281	59	فَرَجُلٌۭ	فَرَجُلٌ	1.00	1.00	rec	7313.72	7314.36
281	60	وَٱمْرَأَتَانِ	وَامْرَأَتَانِ	1.00	0.99	rec	7314.90	7316.20
281	61	مِمَّن	مِمَّنْ	1.00	1.00	rec	7316.34	7317.70
281	62	تَرْضَوْنَ	تَرْضَوْنَ	1.00	1.00	rec	7317.84	7318.68
281	63	مِنَ	مِنَ	1.00	1.00	rec	7318.78	7319.02
281	64	ٱلشُّهَدَآءِ	الشُّهَدَاءِ	1.00	0.98	rec	7319.06	7321.40
281	65	أَن	أَنْتَ	0.67	1.00	rec	7322.28	7323.32
281	66	تَضِلَّ	ضِلَّ	0.67	0.95	rec	7323.50	7323.98
281	67	إِحْدَىٰهُمَا	إِحْدَاعَهُمَا	0.75	0.90	rec	7324.14	7325.40
281	68	فَتُذَكِّرَ	فَتْدٍ+ذْكِرَ	0.83	0.71	rec	7325.88	7326.82
281	69	إِحْدَىٰهُمَا	إِحْدَعَاهُمَا	0.88	0.99	rec	7326.96	7328.20
281	70	ٱلْأُخْرَىٰۚ	الْأُخْرِي	0.86	0.98	rec	7328.24	7329.08
281	71	وَلَا	وَلَا	1.00	1.00	rec	7330.30	7330.62
281	72	يَأْبَ	يَأْبَى	0.75	1.00	rec	7330.94	7331.38
281	73	ٱلشُّهَدَآءُ	الشُّهَدَاءُ	1.00	1.00	rec	7331.42	7334.36
281	74	إِذَا	وِذْعَا	0.50	0.94	rec	7334.50	7335.02
281	75	مَا	مَا	1.00	0.91	rec	7335.26	7335.40
281	76	دُعُوا۟ۚ	دُعُو	0.75	1.00	rec	7335.76	7336.08
281	77	وَلَا	وَلَا	1.00	1.00	rec	7337.06	7337.36
281	78	تَسْـَٔمُوٓا۟	تَسْأَمُوا	0.83	1.00	rec	7337.62	7338.26
281	79	أَن	أَنْ	1.00	1.00	rec	7338.62	7339.36
281	80	تَكْتُبُوهُ	تَكْتُبُوهُ	1.00	1.00	rec	7339.50	7340.48
281	81	صَغِيرًا	صَغِيرًا	1.00	1.00	rec	7340.66	7341.46
281	82	أَوْ	أَوْ	1.00	1.00	rec	7341.76	7342.02
281	83	كَبِيرًا	كَبِيرًا	1.00	1.00	rec	7342.18	7342.86
281	84	إِلَىٰٓ	إِلَىٰ	1.00	1.00	rec	7343.18	7343.56
281	85	أَجَلِهِۦۚ	أَجَلِهِ	1.00	0.98	rec	7343.98	7344.68
281	86	ذَٰلِكُمْ	ذَٰلِكُمْ	1.00	1.00	rec	7345.40	7346.48
281	87	أَقْسَطُ	أَقْسَطُ	1.00	0.99	rec	7346.58	7347.40
281	88	عِندَ	عِنْدَ	1.00	1.00	rec	7347.58	7348.34
281	89	ٱللَّهِ	اللَّهِ	1.00	0.99	rec	7348.38	7349.18
281	90	وَأَقْوَمُ	وَأَقْوَمُ	1.00	1.00	rec	7349.34	7350.24
281	91	لِلشَّهَٰدَةِ	لِلشَّهَادَةِ	1.00	1.00	rec	7350.42	7351.82
281	92	وَأَدْنَىٰٓ	وَأَدْنَىٰ	1.00	0.95	rec	7351.94	7352.74
281	93	أَلَّا	أَلَّا	1.00	0.99	rec	7353.22	7353.76
281	94	تَرْتَابُوٓا۟ۖ	تَرْتَابُوا	1.00	0.97	rec	7354.22	7355.34
281	95	إِلَّآ	إِلَّا	1.00	1.00	rec	7356.66	7357.16
281	96	أَن	أَنْ	1.00	1.00	rec	7357.44	7358.08
281	97	تَكُونَ	تَكُونَ	1.00	1.00	rec	7358.22	7358.96
281	98	تِجَٰرَةً	تِيَارَةٌ	0.80	0.98	rec	7359.16	7360.28
281	99	حَاضِرَةًۭ	حَاضِرَةٌ	1.00	1.00	rec	7360.70	7361.72
281	100	تُدِيرُونَهَا	تُدِيرُونَهَا	1.00	0.95	rec	7362.64	7363.98
281	101	بَيْنَكُمْ	بَيْنَكُمْ	1.00	1.00	rec	7364.32	7365.24
281	102	فَلَيْسَ	فَلَيْسَ	1.00	0.95	rec	7365.36	7366.08
281	103	عَلَيْكُمْ	عَلَيْكُمْ	1.00	1.00	rec	7366.22	7367.14
281	104	جُنَاحٌ	جُنَاحٌ	1.00	1.00	rec	7367.22	7367.98
281	105	أَلَّا	أَلَّا	1.00	0.78	rec	7368.38	7368.88
281	106	تَكْتُبُوهَاۗ	تُبُوهَا	0.71	0.98	rec	7369.64	7370.50
281	107	وَأَشْهِدُوٓا۟	وَأَشْهِدُوا	1.00	1.00	rec	7371.86	7372.88
281	108	إِذَا	إِذَا	1.00	1.00	rec	7373.26	7373.60
281	109	تَبَايَعْتُمْۚ	تَبَايَعْتُمْ	1.00	1.00	rec	7374.00	7375.64
281	110	وَلَا	وَلَا	1.00	1.00	rec	7376.28	7376.58
281	111	يُضَآرَّ	يُضَاَرَّكَاةٍ⌐	0.75	0.83	rec	7376.88	7378.62
281	112	كَاتِبٌۭ	يُضَاَرَّكَاةٍ¬	0.75	0.83	rec	7378.62	7380.36
281	113	وَلَا	وَلَا	1.00	1.00	rec	7381.20	7381.54
281	114	شَهِيدٌۭۚ	شَهِيدٍ	1.00	0.98	rec	7381.88	7383.04
281	115	وَإِن	وَإِنْ	1.00	1.00	rec	7383.74	7384.72
281	116	تَفْعَلُوا۟	تَفْعَلُوا	1.00	1.00	rec	7384.84	7385.56
281	117	فَإِنَّهُۥ	فَإِنَّهُ	1.00	1.00	rec	7385.86	7387.14
281	118	فُسُوقٌۢ	فُسُوقٌ	1.00	1.00	rec	7387.50	7388.56
281	119	بِكُمْۗ	بِكُمْ	1.00	0.98	rec	7389.28	7389.98
281	120	وَٱتَّقُوا۟	وَاتَّقُوا	1.00	0.98	rec	7390.56	7391.18
281	121	ٱللَّهَۖ	اللَّهَ	1.00	1.00	rec	7391.26	7391.98
281	122	وَيُعَلِّمُكُمُ	وَيُعَلِّمُكُمُ	1.00	1.00	rec	7392.12	7393.64
281	123	ٱللَّهُۗ	اللَّهُ	1.00	1.00	rec	7393.72	7394.74
281	124	وَٱللَّهُ	وَاللَّهُ	1.00	0.95	rec	7395.30	7396.14
281	125	بِكُلِّ	بِكُلِّ	1.00	1.00	rec	7396.30	7397.00
281	126	شَىْءٍ	شَيْءٍ	1.00	1.00	rec	7397.16	7397.66
281	127	عَلِيمٌۭ	عَلِيمٌ	1.00	1.00	rec	7398.08	7399.40
282	0	وَإِن	وَإِنْ	1.00	1.00	rec	7400.10	7401.08
282	1	كُنتُمْ	كُنْتُمْ	1.00	1.00	rec	7401.20	7402.48
282	2	عَلَىٰ	عَلَىٰ	1.00	1.00	rec	7402.56	7402.90
282	3	سَفَرٍۢ	سَفَرٍ	1.00	1.00	rec	7403.22	7403.78
282	4	وَلَمْ	وَلَمْ	1.00	1.00	rec	7404.40	7404.86
282	5	تَجِدُوا۟	تَجِدُوا	1.00	0.93	rec	7404.98	7405.54
282	6	كَاتِبًۭا	كَاتِبًا	1.00	1.00	rec	7405.88	7406.72
282	7	فَرِهَٰنٌۭ	فَرُهُنٌ	0.80	0.92	rec	7407.52	7408.28
282	8	مَّقْبُوضَةٌۭۖ	مَقَبُوضَةٌ	1.00	0.98	rec	7409.14	7410.44
282	9	فَإِنْ	فَإِنْ	1.00	0.96	rec	7411.28	7411.78
282	10	أَمِنَ	أَمِنَ	1.00	1.00	rec	7411.86	7412.32
282	11	بَعْضُكُم	بَعْضُكُمْ	1.00	1.00	rec	7412.48	7413.98
282	12	بَعْضًۭا	بَعْضًا	1.00	1.00	rec	7414.04	7414.54
282	13	فَلْيُؤَدِّ	فَلْيُؤَدِّ	1.00	1.00	rec	7415.22	7416.18
282	14	ٱلَّذِى	الَّذِي	1.00	0.98	rec	7416.26	7416.72
282	15	ٱؤْتُمِنَ	ئْتُمِنَ	0.60	0.92	rec	7416.92	7417.52
282	16	أَمَٰنَتَهُۥ	أَمَانَتَهُ	1.00	1.00	rec	7417.70	7418.88
282	17	وَلْيَتَّقِ	وَلْيَتَّقِ	1.00	1.00	rec	7419.20	7420.08
282	18	ٱللَّهَ	اللَّهَ	1.00	1.00	rec	7420.14	7420.98
282	19	رَبَّهُۥۗ	رَبَّهُ	1.00	1.00	rec	7421.12	7421.70
282	20	وَلَا	وَلَا	1.00	1.00	rec	7422.48	7422.78
282	21	تَكْتُمُوا۟	تَكْتُمُوا	1.00	0.97	rec	7423.12	7423.72
282	22	ٱلشَّهَٰدَةَۚ	الشَّهَادَةَ	1.00	0.94	rec	7423.76	7425.04
282	23	وَمَن	وَمَنْ	1.00	1.00	rec	7425.76	7426.76
282	24	يَكْتُمْهَا	يَكْتُمْهَا	1.00	1.00	rec	7426.82	7427.62
282	25	فَإِنَّهُۥٓ	فَإِنَّهُ	1.00	1.00	rec	7428.04	7429.28
282	26	ءَاثِمٌۭ	آعَاثِمٌ	0.60	0.91	rec	7429.76	7430.60
282	27	قَلْبُهُۥۗ	قَلْبُهُ	1.00	1.00	rec	7431.30	7432.04
282	28	وَٱللَّهُ	وَاللَّهُ	1.00	1.00	rec	7432.66	7433.56
282	29	بِمَا	بِمَا	1.00	1.00	rec	7433.72	7434.06
282	30	تَعْمَلُونَ	تَعْمَلُونَ	1.00	1.00	rec	7434.42	7435.68
282	31	عَلِيمٌۭ	عَلِيمٌ	1.00	0.99	rec	7435.80	7437.12
283	0	لِّلَّهِ	لِلَّهِ	1.00	1.00	rec	7438.12	7438.72
283	1	مَا	مَا	1.00	1.00	rec	7438.86	7438.98
283	2	فِى	فِي	1.00	1.00	rec	7439.32	7439.42
283	3	ٱلسَّمَٰوَٰتِ	السَّمَاوَاتِ	1.00	1.00	rec	7439.46	7440.98
283	4	وَمَا	وَمَا	1.00	1.00	rec	7441.10	7441.44
283	5	فِى	فِي	1.00	1.00	rec	7441.84	7441.94
283	6	ٱلْأَرْضِۗ	الْأَرْضِ	1.00	1.00	rec	7442.00	7442.54
283	7	وَإِن	وَإِنْ	1.00	1.00	rec	7443.30	7444.22
283	8	تُبْدُوا۟	تُبْدُوا	1.00	0.99	rec	7444.38	7444.88
283	9	مَا	مَا	1.00	1.00	rec	7445.22	7445.34
283	10	فِىٓ	فِي	1.00	1.00	rec	7445.78	7445.92
283	11	أَنفُسِكُمْ	أَنْفُسِكُمْ	1.00	1.00	rec	7446.30	7448.10
283	12	أَوْ	أَوْ	1.00	1.00	rec	7448.22	7448.52
283	13	تُخْفُوهُ	تُخْفُوهُ	1.00	1.00	rec	7448.66	7449.50
283	14	يُحَاسِبْكُم	يُحَاسِبْكُمْ	1.00	1.00	rec	7449.64	7451.66
283	15	بِهِ	بِهِ	1.00	1.00	rec	7451.72	7451.98
283	16	ٱللَّهُۖ	اللَّهُ	1.00	1.00	rec	7452.04	7453.12
283	17	فَيَغْفِرُ	فَيَغْفِرْ	1.00	0.99	rec	7453.86	7454.80
283	18	لِمَن	لِمَنْ	1.00	1.00	rec	7454.88	7455.76
283	19	يَشَآءُ	يَشَاءُ	1.00	1.00	rec	7455.82	7458.10
283	20	وَيُعَذِّبُ	وَيُعَذِّمْ	0.80	1.00	rec	7458.20	7459.70
283	21	مَن	مَنْ	1.00	1.00	rec	7459.76	7460.42
283	22	يَشَآءُۗ	يَشَاءُ	1.00	1.00	rec	7460.46	7462.14
283	23	وَٱللَّهُ	وَاللَّهُ	1.00	1.00	rec	7462.64	7463.24
283	24	عَلَىٰ	عَلَىٰ	1.00	1.00	rec	7463.40	7463.72
283	25	كُلِّ	كُلِّ	1.00	1.00	rec	7464.08	7464.46
283	26	شَىْءٍۢ	شَيْءٍ	1.00	1.00	rec	7464.62	7465.06
283	27	قَدِيرٌ	قَدِيرٌ	1.00	1.00	rec	7465.88	7467.06
284	0	ءَامَنَ	آمَنَ	0.75	0.99	rec	7467.96	7468.48
284	1	ٱلرَّسُولُ	الرَّسُولُ	1.00	1.00	rec	7468.54	7469.46
284	2	بِمَآ	بِمَا	1.00	1.00	rec	7469.64	7470.02
284	3	أُنزِلَ	أُنْزِلَ	1.00	1.00	rec	7470.28	7471.36
284	4	إِلَيْهِ	إِلَيْهِ	1.00	0.95	rec	7471.50	7472.14
284	5	مِن	مِنْ	1.00	1.00	rec	7472.30	7472.54
284	6	رَّبِّهِۦ	رَبِّهِ	1.00	1.00	rec	7472.62	7473.26
284	7	وَٱلْمُؤْمِنُونَۚ	وَالْمُؤْمِنُونَ	1.00	1.00	rec	7473.68	7475.62
284	8	كُلٌّ	كُلٌّ	1.00	1.00	rec	7476.28	7476.58
284	9	ءَامَنَ	آعمَنَ	0.50	0.91	rec	7476.80	7477.44
284	10	بِٱللَّهِ	بِاللَّهِ	1.00	1.00	rec	7477.58	7478.42
284	11	وَمَلَٰٓئِكَتِهِۦ	وَمَلَائِكَتِهِ	1.00	1.00	rec	7478.56	7481.40
284	12	وَكُتُبِهِۦ	وَكُتُبِهِ	1.00	1.00	rec	7481.80	7482.82
284	13	وَرُسُلِهِۦ	وَرُسُلِهِ	1.00	1.00	rec	7483.24	7484.16
284	14	لَا	لَا	1.00	1.00	rec	7484.88	7485.00
284	15	نُفَرِّقُ	نُفَرِّقُ	1.00	0.99	rec	7485.20	7486.08
284	16	بَيْنَ	بَيْنَ	1.00	1.00	rec	7486.24	7486.72
284	17	أَحَدٍۢ	أَحَدٍ	1.00	1.00	rec	7486.84	7487.34
284	18	مِّن	مِنْ	1.00	1.00	rec	7488.30	7488.56
284	19	رُّسُلِهِۦۚ	رُسُلِهِ	1.00	1.00	rec	7488.64	7489.42
284	20	وَقَالُوا۟	وَقَالُوا	1.00	1.00	rec	7490.26	7491.08
284	21	سَمِعْنَا	سَمِعْنَا	1.00	1.00	rec	7491.46	7492.22
284	22	وَأَطَعْنَاۖ	وَأَطَعْنَا	1.00	1.00	rec	7492.62	7493.68
284	23	غُفْرَانَكَ	غُفْرَانَكَ	1.00	1.00	rec	7494.08	7495.30
284	24	رَبَّنَا	رَبَّنَا	1.00	1.00	rec	7495.42	7496.04
284	25	وَإِلَيْكَ	وَإِلَيْكَ	1.00	1.00	rec	7496.54	7497.76
284	26	ٱلْمَصِيرُ	الْمَصِيرُ	1.00	1.00	rec	7497.80	7499.54
285	0	لَا	لَا	1.00	1.00	rec	7500.28	7500.38
285	1	يُكَلِّفُ	يُكَلِّفُ	1.00	1.00	rec	7500.54	7501.34
285	2	ٱللَّهُ	اللَّهُ	1.00	1.00	rec	7501.40	7502.12
285	3	نَفْسًا	نَفْسًا	1.00	1.00	rec	7502.24	7502.70
285	4	إِلَّا	إِلَّا	1.00	1.00	rec	7503.16	7503.64
285	5	وُسْعَهَاۚ	وُسْعَهَا	1.00	1.00	rec	7503.94	7504.78
285	6	لَهَا	لَهَا	1.00	1.00	rec	7505.92	7506.20
285	7	مَا	مَا	1.00	1.00	rec	7506.64	7506.78
285	8	كَسَبَتْ	كَسَبَتْ	1.00	1.00	rec	7507.18	7507.86
285	9	وَعَلَيْهَا	وَعَلَيْهَا	1.00	1.00	rec	7507.92	7508.88
285	10	مَا	مَا	1.00	1.00	rec	7509.36	7509.44
285	11	ٱكْتَسَبَتْۗ	اكْتَسَبَتْ	1.00	1.00	rec	7509.50	7510.52
285	12	رَبَّنَا	رَبَّنَا	1.00	1.00	rec	7511.20	7511.78
285	13	لَا	لَا	1.00	0.98	rec	7512.10	7512.22
285	14	تُؤَاخِذْنَآ	تُؤَاخِذْنَا	1.00	1.00	rec	7512.58	7513.96
285	15	إِن	إِنَّ	1.00	0.99	rec	7514.66	7515.60
285	16	نَّسِينَآ	سِينَا	0.80	0.98	rec	7515.76	7516.52
285	17	أَوْ	أَوْ	1.00	1.00	rec	7517.02	7517.34
285	18	أَخْطَأْنَاۚ	أَخْطَأْنَا	1.00	1.00	rec	7517.44	7518.48
285	19	رَبَّنَا	رَبَّنَا	1.00	0.96	rec	7519.60	7520.16
285	20	وَلَا	وَلَا	1.00	1.00	rec	7520.58	7520.94
285	21	تَحْمِلْ	تَحْمِلْ	1.00	1.00	rec	7521.34	7522.10
285	22	عَلَيْنَآ	عَلَيْنَا	1.00	0.99	rec	7522.18	7522.90
285	23	إِصْرًۭا	إِصْرًا	1.00	1.00	rec	7523.42	7523.88
285	24	كَمَا	كَمَا	1.00	1.00	rec	7524.66	7525.00
285	25	حَمَلْتَهُۥ	حَمَلْتَهُ	1.00	1.00	rec	7525.36	7526.28
285	26	عَلَى	عَلَى	1.00	1.00	rec	7526.64	7526.90
285	27	ٱلَّذِينَ	الَّذِينَ	1.00	1.00	rec	7526.96	7527.82
285	28	مِن	مِنْ	1.00	1.00	rec	7527.94	7528.80
285	29	قَبْلِنَاۚ	قَبْلِنَا	1.00	1.00	rec	7528.92	7529.68
285	30	رَبَّنَا	رَبَّنَا	1.00	1.00	rec	7530.80	7531.32
285	31	وَلَا	وَلَا	1.00	1.00	rec	7531.64	7531.96
285	32	تُحَمِّلْنَا	تُحَمِّلْنَا	1.00	1.00	rec	7532.32	7534.08
285	33	مَا	مَا	1.00	1.00	rec	7534.46	7534.60
285	34	لَا	لَا	1.00	1.00	rec	7534.88	7535.02
285	35	طَاقَةَ	طَاءَتَ	0.50	0.91	rec	7535.32	7536.22
285	36	لَنَا	لَنَا	1.00	1.00	rec	7536.34	7536.66
285	37	بِهِۦۖ	بِهِ	1.00	1.00	rec	7536.92	7537.22
285	38	وَٱعْفُ	وَعْفُ	0.75	0.94	rec	7537.64	7538.20
285	39	عَنَّا	عَنَّا	1.00	0.94	rec	7538.34	7539.76
285	40	وَٱغْفِرْ	وَاغْفِرْ	1.00	1.00	rec	7542.96	7543.68
285	41	لَنَا	لَنَا	1.00	1.00	rec	7543.76	7544.08
285	42	وَٱرْحَمْنَآۚ	وَارْحَمْنَا	1.00	1.00	rec	7544.40	7545.32
285	43	أَنتَ	أَنْتَ	1.00	1.00	rec	7545.86	7546.82
285	44	مَوْلَىٰنَا	مَوْلَانَا	0.86	1.00	rec	7546.94	7548.06
285	45	فَٱنصُرْنَا	فَانْصُرْنَا	1.00	0.91	rec	7551.76	7553.08
285	46	عَلَى	عَلَى	1.00	1.00	rec	7553.44	7553.72
285	47	ٱلْقَوْمِ	الْقَوْمِ	1.00	1.00	rec	7553.76	7554.66
285	48	ٱلْكَٰفِرِينَ	الْكَافِرِينَ	1.00	0.97	rec	7554.74	7557.86

# recognised but not in the text (repeats are listed in the json)
extra			سُفَهَا		0.90		161.18	161.82
extra			قَالُوا		1.00		164.54	165.20
extra			أَنُؤْمِنُ		1.00		165.64	166.52
extra			كَمَا		0.97		166.80	167.20
extra			آمَنَ		1.00		167.54	168.26
extra			وَإِذَا		1.00		195.72	196.18
extra			خَلَوْا		1.00		196.44	196.84
extra			إِلَىٰ		1.00		196.96	197.26
extra			شَيَاطِينِهِمْ		1.00		197.58	199.30
extra			قَالُوا		0.99		199.44	200.04
extra			إِنَّا		1.00		200.44	201.36
extra			مَعَكُمْ		1.00		201.68	202.42
extra			بِنُودِهِمْ		0.99		242.62	243.90
extra			ذَهَبَ		1.00		244.78	245.26
extra			اللَّهُ		1.00		245.32	246.04
extra			وَادْعُوا		0.96		379.20	379.74
extra			شُهَدَاءَكُمْ		1.00		380.04	382.90
extra			مُتَشَاعَبِهًا		0.94		436.24	437.78
extra			وَأُتُوا		0.94		440.14	440.72
extra			بِهِ		1.00		441.02	441.32
extra			قُ		0.94		473.84	473.90
extra			وَيَقْضَعُونَ		0.97		508.46	509.88
extra			مَا		1.00		510.04	510.18
extra			أَمَرَ		1.00		510.76	511.22
extra			اللَّهُ		0.99		511.28	512.02
extra			بِهِ		1.00		512.16	512.50
extra			أَنْ		1.00		513.12	514.06
extra			يُوصَلْ		0.93		514.10	514.96
extra			فَسَوَّاهُنَّ		1.00		563.26	565.14
extra			سَبْعَ		1.00		565.32	565.80
extra			سَمَاوَاتٍ		1.00		565.98	567.24
extra			ثُمَّ		1.00		614.12	614.98
extra			عَرَضَهُمْ		1.00		615.12	616.04
extra			عَلَى		1.00		616.14	616.40
extra			الْمَلَائِكَةِ		0.98		616.42	619.06
extra			قَالَ		0.98		664.96	665.50
extra			أَلَمْ		1.00		665.62	666.12
extra			أَقُلْ		1.00		666.20	666.72
extra			لَكُمْ		1.00		666.80	667.40
extra			وَكُلَا		1.00		709.34	709.88
extra			مِنْهَا		1.00		710.22	710.80
extra			رَغَدًا		1.00		711.12	711.64
extra			حَيْثُ		1.00		711.96	712.44
extra			سِئْتُ		1.00		712.62	713.10
extra			مَع		0.81		713.26	713.40
extra			وَل		0.77		821.24	821.46
extra			تَرُوا		1.00		822.28	822.60
extra			بِآيَاتِي		1.00		822.88	824.22
extra			ثَمَنًا		1.00		824.62	825.14
extra			قَلِيلًا		1.00		825.88	826.70
extra			فَتُوبُوا		0.99		1023.48	1024.30
extra			فَتَابَ		1.00		1037.98	1038.74
extra			عَلَيْكُمْ		1.00		1038.86	1039.84
extra			حَيْثُس		0.94		1102.82	1103.48
extra			تُمْ		1.00		1103.94	1104.24
extra			رَغَدًا		1.00		1104.32	1104.86
extra			فَكُلُوا		0.89		1106.36	1106.92
extra			مِنْهَا		1.00		1107.34	1107.92
extra			وَقُولُوا		1.00		1119.62	1120.38
extra			حِضَّةٌ		0.94		1120.72	1121.40
extra			نَغْفِرْ		0.95		1122.44	1123.12
extra			لَكُمْ		1.00		1123.22	1123.74
extra			لَنَارٍَ		0.99		1186.04	1186.84
extra			بَكَ		0.90		1187.06	1187.42
extra			فَادْعُ		1.00		1188.32	1188.74
extra			فَائِهَا		0.93		1198.24	1200.32
extra			وَفُومِهَا		0.98		1200.62	1201.64
extra			يُخْرِجْ		1.00		1203.30	1204.00
extra			لَنَا		1.00		1204.08	1204.38
extra			مِمَّا		1.00		1204.68	1205.58
extra			تُنْبِتُ		1.00		1206.02	1207.12
extra			الْأَرْضُ		1.00		1207.20	1207.90
extra			مِنْ		1.00		1208.04	1208.86
extra			بَقْلِهَا		0.99		1208.92	1209.68
extra			آمَنَ		1.00		1269.22	1269.86
extra			بِاللَّهِ		0.99		1269.98	1270.78
extra			وَالْيَوْمِ		0.99		1270.92	1271.68
extra			الْآخِرِ		1.00		1271.74	1272.84
extra			فَلَهُمْ		1.00		1285.58	1286.24
extra			أَجْرُهُمْ		0.99		1286.32	1287.30
extra			عِنْدَ		1.00		1287.40	1288.16
extra			رَبِّهِمْ		0.98		1288.28	1289.18
extra			آتَيْنَاكُمْ		1.00		1303.90	1305.80
extra			بِقُوَّةٍ		1.00		1305.86	1306.76
extra			وَاذْكُرُوا		0.98		1307.48	1308.24
extra			خُذُوا		1.00		1309.60	1309.92
extra			ثُمَّ		1.00		1553.50	1554.56
extra			يُحَرِّفُونَهُ		1.00		1554.68	1556.06
extra			قَالُوا		1.00		1582.08	1582.66
extra			أَتُحَدِّثُونَهُمْ		0.98		1583.00	1585.08
extra			بِمَا		0.96		1585.14	1585.48
extra			فَتَحَ		1.00		1585.82	1586.36
extra			اللَّهُ		1.00		1586.42	1587.14
extra			عَلَيْكُمْ		1.00		1587.28	1588.26
extra			سَانَا		0.80		1721.12	1721.84
extra			أَلَّا		0.98		1723.48	1723.86
extra			تَعْبُدُوا		0.99		1724.10	1724.74
extra			إِلَّا		0.99		1725.28	1725.76
extra			اللَّهَ		1.00		1725.80	1726.70
extra			وَبِالْوَالِدَيْنِ		1.00		1726.88	1728.50
extra			وَقُولُوا		1.00		1740.48	1741.26
extra			لِلنَّاسِ		1.00		1741.58	1743.12
extra			حُسْنًا		1.00		1743.28	1743.76
extra			لَا		1.00		1767.44	1767.56
extra			تَسْفِكُونَ		1.00		1767.78	1768.74
extra			دِمَاءَكُمْ		1.00		1768.90	1771.10
extra			تَالظَّاهَرُونَ		1.00		1802.90	1804.36
extra			عَلَيْهِمْ		1.00		1804.48	1806.04
extra			أَنْ		1.00		1964.58	1965.40
extra			يُنْزِلَ		0.99		1965.44	1966.42
extra			اللَّهُ		1.00		1966.48	1967.18
extra			مِنْ		1.00		1967.30	1968.06
extra			فَضْلِهِ		1.00		1968.20	1968.94
extra			آتَيْنَاكُمْ		1.00		2043.90	2046.00
extra			بِقُوَّةٍ		0.98		2046.06	2046.98
extra			خُذُوا		0.99		2048.36	2048.70
extra			فَتَمَنَّوُا		0.96		2091.48	2093.18
extra			الْمَوْتَ		0.98		2093.28	2094.08
extra			يَد		0.66		2122.80	2123.12
extra			دُّ		0.82		2123.40	2123.48
extra			أَحَدُهُمْ		1.00		2123.66	2124.84
extra			الشَّيَاطِيينَ		1.00		2248.96	2250.64
extra			كَفَرُوا		0.97		2250.80	2251.38
extra			وَلَـٰكِنَّ		1.00		2253.72	2255.30
extra			وَاسْمَعُوا		1.00		2344.04	2344.70
extra			فَرَ		0.84		2440.24	2440.82
extra			فَلَهُ		1.00		2518.42	2518.98
extra			أَدْرُهُ		1.00		2519.46	2520.16
extra			عِنْدَ		1.00		2520.62	2521.40
extra			رَبِّهِ		1.00		2521.52	2522.22
extra			عَنْ		0.96		2815.52	2816.30
extra			طَهِّرَعبَيْتِيلِ		0.95		2816.42	2818.84
extra			وَارْزُقْ		0.95		2839.98	2840.78
extra			أَهْلَهُ		1.00		2840.90	2841.54
extra			الثَّمَرَاتِ		1.00		2842.18	2843.38
extra			رَبَّنَا		1.00		2877.70	2878.24
extra			تَقَبَّلْ		1.00		2878.72	2879.58
extra			مِنَّا		0.94		2879.66	2880.76
extra			مُوسَىٰ		1.00		3067.18	3067.74
extra			وَعِيسَىٰ		1.00		3068.08	3068.94
extra			وَمَا		0.99		3069.22	3069.60
extra			أُوتِيَ		1.00		3069.92	3070.62
extra			النِّيسِ		0.96		3214.70	3216.36
extra			لِتَكُونُوا		1.00		3217.34	3218.22
extra			شُهَدَاءَ		1.00		3218.52	3220.34
extra			عَلَى		1.00		3220.46	3220.78
extra			إِلَّا		0.99		3239.26	3239.62
extra			لِنَعْلَمَ		1.00		3239.86	3240.70
extra			مَنْ		1.00		3240.88	3241.58
extra			يَتَّبِعُ		1.00		3241.62	3242.42
extra			الرَّسُولَ		1.00		3242.52	3243.40
extra			نَدْئْ		0.82		3268.26	3268.84
extra			تَمَعْرُّ		0.84		3326.26	3326.80
extra			َتِ		0.66		3378.38	3378.60
extra			قُّ		0.77		3397.48	3397.54
extra			وَيُزَكِّيكُمْ		1.00		3450.60	3452.12
extra			وَبَشِّدِ		0.99		3513.94	3514.80
extra			الصَّابِرِينَ		1.00		3514.88	3516.36
extra			قَالُوا		1.00		3524.46	3525.08
extra			وَالْفُلْكِ		1.00		3655.88	3656.60
extra			الَّتِي		1.00		3656.68	3657.18
extra			تَجْرِي		1.00		3657.64	3658.18
extra			فِي		1.00		3658.56	3658.66
extra			الْبَحْرِ		1.00		3658.72	3659.46
extra			مِلْ		0.90		3735.54	3735.90
extra			صبب		0.95		3736.22	3737.32
extra			وَأَنْتَ		1.00		3791.52	3792.48
extra			قُولُوبُ		0.88		3792.66	3793.48
extra			وَلَحْمَ		1.00		3867.82	3868.24
extra			الْخِنْزِيرِ		1.00		3868.28	3869.62
extra			وَالْمَلَائِكَةِ		1.00		3963.18	3965.98
extra			وَآعَاتَ		0.88		3969.04	3969.88
extra			وَالْمَسَاكِرِينَ		0.95		3975.16	3976.74
extra			وَابْنَ		0.94		3976.86	3977.30
extra			السَّبِيرِ		0.97		3977.36	3979.06
extra			وَالْمُوفُونَ		1.00		3998.18	3999.36
extra			بِعَهْدِهِمْ		1.00		3999.50	4000.62
extra			إِذَا		1.00		4000.68	4001.02
extra			عَاهَدُوا		1.00		4001.26	4002.04
extra			لِلنَّيسِ		0.85		4176.90	4178.44
extra			هُدًى		1.00		4179.24	4179.52
extra			قَلِيبٌ		0.97		4224.96	4226.54
extra			فَإِنِّي		1.00		4227.30	4228.96
extra			فَفِتْيَةٌ		0.95		4497.46	4498.22
extra			ضَلِّنَ		0.98		4599.20	4602.72
extra			وَيُشْهِدُ		1.00		4708.20	4709.02
extra			اللَّهَ		1.00		4709.10	4709.90
extra			عَلَىٰ		1.00		4710.06	4710.40
extra			مَا		1.00		4710.72	4710.84
extra			فِي		1.00		4711.28	4711.42
extra			قَلْبِهِ		1.00		4711.78	4712.50
extra			دُّو		0.98		4714.14	4714.24
extra			فَحَسْبُهُ		1.00		4743.66	4744.60
extra			جَهَنَّمُ		1.00		4744.96	4746.30
extra			وَلَدٍ		0.98		4746.44	4746.94
extra			وَقُضِيَ		1.00		4814.22	4814.96
extra			الْأَمْرُ		1.00		4815.02	4815.74
extra			وَلَمَّا		1.00		4943.40	4944.84
extra			يَأْتِكُمْ		1.00		4945.26	4946.82
extra			مَثَلُ		1.00		4946.88	4947.36
extra			الَّذِينَ		1.00		4947.46	4948.30
extra			خَلَوْا		0.93		4948.48	4948.94
extra			مِنْ		1.00		4949.18	4949.86
extra			قَبْلِكُمْ		1.00		4950.00	4951.56
extra			وَزُلْزِلُو		1.00		4958.92	4959.82
extra			قُلْ		0.94		5043.84	5044.04
extra			قِتَالٌ		1.00		5044.14	5044.78
extra			فِيهِ		1.00		5045.56	5046.12
extra			كَبِيرٌ		1.00		5046.32	5046.96
extra			وَلْمَ		0.76		5053.62	5054.04
extra			جِدِ		1.00		5054.42	5054.68
extra			الْحَرَامِ		1.00		5054.76	5056.40
extra			تَّاعِيَطَهُمُ		0.91		5265.18	5266.54
extra			تُوحَرْثَكُمْ		1.00		5289.50	5290.88
extra			أَنَّىٰ		1.00		5291.00	5292.06
extra			شِئْتُمْ		1.00		5292.56	5293.42
extra			وَاتَّقُوا		0.98		5304.68	5305.32
extra			اللَّهَ		1.00		5305.40	5306.26
extra			أَنْ		1.00		5457.68	5458.44
extra			يَخَافَا		0.99		5458.48	5459.26
extra			أَلَّا		0.99		5459.70	5460.18
extra			حَتْ		0.60		5496.50	5496.76
extra			فَلَا		1.00		5596.52	5596.82
extra			تَعْضُلُوهُنَّ		1.00		5597.14	5599.20
extra			أَنْ		1.00		5599.40	5600.16
extra			يَنْكِحْنَ		1.00		5600.20	5601.62
extra			أَزْوَاجَهُنَّ		1.00		5601.80	5603.84
extra			سِرْضًا		0.99		5771.30	5771.82
extra			وَلَـٰكِنْ		1.00		5773.36	5774.34
extra			لَا		1.00		5774.42	5774.54
extra			تُوَاعِدُوهُنَّ		0.98		5774.96	5777.24
extra			مَعَلَمْ		0.83		5818.26	5818.96
extra			سُوهٌ		0.99		5819.60	5820.04
extra			هُوَ		1.00		5864.84	5865.10
extra			هُ		0.62		5872.20	5872.28
extra			وَب		0.72		6141.16	6141.38
extra			فِيهِ		0.79		6143.78	6144.20
extra			سَكِينَةٌ		0.79		6144.36	6145.36
extra			مِنْ		0.97		6146.12	6146.36
extra			رَبِّكُمْ		0.96		6146.46	6147.44
extra			أَعْلُ		0.96		6151.48	6151.94
extra			قَلِيلَهٌ		0.93		6226.72	6227.78
extra			كَمْ		1.00		6228.82	6229.84
extra			مِنْ		1.00		6229.90	6230.56
extra			فِئَةٍ		1.00		6230.68	6231.20
extra			أَيَّ		0.90		6373.38	6374.40
extra			تِيَ		0.99		6374.72	6375.04
extra			يَوْمِ		0.86		6375.18	6376.46
extra			مِنْ		1.00		6377.54	6378.40
extra			قَبْلِ		1.00		6378.52	6379.02
extra			فَصُرْهُنَّ		1.00		6640.44	6641.96
extra			إِلَيْكَ		1.00		6642.10	6642.82
extra			كَمَثَلِ		1.00		6675.34	6675.94
extra			حَبَّةٍ		1.00		6676.08	6676.72
extra			أَنْبَتَ		0.97		6677.04	6678.32
extra			السَّبْعَ		0.92		6678.42	6679.04
extra			سَنَابِلَ		1.00		6679.20	6680.12
extra			بَهْ		0.79		6684.80	6685.06
extra			كَمَثَلِ		1.00		6798.66	6799.26
extra			جَنَّةٍ		1.00		6799.42	6800.74
extra			فَيْ		0.80		6807.76	6808.06
extra			وَمِمَّا		1.00		6883.34	6884.92
extra			أَخْرَجْنَا		1.00		6885.50	6886.42
extra			لَكُمْ		1.00		6886.74	6887.68
extra			بِآخِرِينَ		0.96		6896.74	6898.66
extra			وَلَسْتُمْ		1.00		6900.22	6901.74
extra			ثِرَةً		0.95		6928.22	6928.78
extra			رِّبًا		0.95		7120.94	7121.28
extra			فَلَهُ		1.00		7133.38	7133.86
extra			مَا		1.00		7134.22	7134.34
extra			سَلَفَ		1.00		7134.66	7135.22
extra			فِعِيْرٍ		0.71		7159.30	7159.92
extra			ضَعِيفًا		1.00		7296.04	7296.82
extra			أَوْ		1.00		7297.18	7297.48
extra			وَاعْفُعَنَّا		1.00		7540.96	7542.54
extra			أَنْتَ		1.00		7549.28	7550.32
extra			مَوْلَانَا		0.93		7550.46	7551.38
