group	word	mushaf	heard	sim	prob	how	t0	t1
isti	0	أَعُوذُ		0.00	0.00	spread	0.00	0.24
isti	1	بِٱللَّهِ		0.00	0.00	spread	0.24	0.47
isti	2	مِنَ		0.00	0.00	spread	0.47	0.71
isti	3	ٱلشَّيْطَٰنِ		0.00	0.00	spread	0.71	0.94
isti	4	ٱلرَّجِيمِ		0.00	0.00	spread	0.94	1.18
header	0	بِسۡمِ	بِسْمِ	1.00	1.00	rec	1.18	1.44
header	1	ٱللَّهِ	اللَّهِ	1.00	1.00	rec	1.48	1.96
header	2	ٱلرَّحۡمَٰنِ	الرَّحْمَـٰنِ	1.00	1.00	rec	2.00	2.94
header	3	ٱلرَّحِيمِ	الرَّحِيمِ	1.00	1.00	rec	2.98	4.76
1	0	الٓمٓۚ	ال+م	1.00	1.00	rec	6.32	10.76
1	1	ٱللَّهُ	اللَّهُ	1.00	1.00	rec	14.04	14.68
1	2	لَآ	لَا	1.00	1.00	rec	14.84	14.94
1	3	إِلَٰهَ	إِلَـٰهَ	1.00	1.00	rec	15.28	15.88
1	4	إِلَّا	إِلَّا	1.00	0.94	rec	16.02	16.48
1	5	هُوَ	هُوَ	1.00	1.00	rec	16.78	17.02
1	6	ٱلْحَىُّ	الْحَيُّ	0.75	1.00	rec	17.06	17.78
1	7	ٱلْقَيُّومُ	الْقَيُّومُ	1.00	1.00	rec	17.82	19.56
2	0	نَزَّلَ	نَزَّلَ	1.00	1.00	rec	20.44	21.04
2	1	عَلَيْكَ	عَلَيْكَ	1.00	1.00	rec	21.18	21.90
2	2	ٱلْكِتَٰبَ	الْكِتَابَ	1.00	1.00	rec	21.96	23.04
2	3	بِٱلْحَقِّ	بِالْحَقِ+قِ	0.83	0.96	rec	23.18	24.04
2	4	مُصَدِّقًۭا	مُصَدِّقًا	1.00	1.00	rec	24.18	25.14
2	5	لِّمَا	مَا	0.67	1.00	rec	25.60	25.72
2	6	بَيْنَ	بَيْنَ	1.00	1.00	rec	25.98	26.42
2	7	يَدَيْهِ	يَدَيْهِ	1.00	1.00	rec	26.54	27.20
2	8	وَأَنزَلَ	وَأَنْزَلَ	1.00	0.99	rec	27.36	28.76
2	9	ٱلتَّوْرَىٰةَ		0.00	0.31	forced	28.80	29.96
2	10	وَٱلْإِنجِيلَ		0.00	0.15	forced	30.08	32.86
3	0	مِن	مِنْ	1.00	1.00	rec	33.82	34.66
3	1	قَبْلُ	قَبْلُ	1.00	1.00	rec	34.80	35.32
3	2	هُدًۭى	هُدًى	1.00	1.00	rec	35.50	35.82
3	3	لِّلنَّاسِ	لِلنَّاسِ	1.00	1.00	rec	36.12	37.48
3	4	وَأَنزَلَ	وَأَنْزَلَ	1.00	1.00	rec	37.62	39.02
3	5	ٱلْفُرْقَانَۗ	الْفُرْقَانَ	1.00	0.96	rec	39.06	41.08
4	0	إِنَّ	إِنَّ	1.00	1.00	rec	41.74	42.66
4	1	ٱلَّذِينَ	الَّذِينَ	1.00	1.00	rec	42.72	43.60
4	2	كَفَرُوا۟	كَفَرُوا	1.00	0.98	rec	43.80	44.36
4	3	بِـَٔايَٰتِ	بِآيَاتِ	1.00	1.00	rec	44.72	45.96
4	4	ٱللَّهِ	اللَّهِ	1.00	0.97	rec	46.00	46.72
4	5	لَهُمْ	لَهُمْ	1.00	1.00	rec	46.88	47.40
4	6	عَذَابٌۭ	عَذَابٌ	1.00	1.00	rec	47.48	48.32
4	7	شَدِيدٌۭۗ	شَدِيدٌ	1.00	1.00	rec	49.06	50.46
4	8	وَٱللَّهُ	وَاللَّهُ	1.00	1.00	rec	51.24	52.08
4	9	عَزِيزٌۭ	عَزِيزٌ	1.00	1.00	rec	52.26	53.10
4	10	ذُو	ذُو	1.00	1.00	rec	53.64	53.74
4	11	ٱنتِقَامٍ	انْتِقَامِ	1.00	0.98	rec	53.80	56.36
5	0	إِنَّ	إِنَّ	1.00	0.89	rec	57.12	58.32
5	1	ٱللَّهَ	اللَّهَ	1.00	0.96	rec	58.36	59.24
5	2	لَا	لَا	1.00	1.00	rec	59.44	59.56
5	3	يَخْفَىٰ	يَخْفَىٰ	1.00	1.00	rec	59.98	60.58
5	4	عَلَيْهِ	عَلَيْهِ	1.00	1.00	rec	60.92	61.72
5	5	شَىْءٌۭ	شَيْءٌ	0.67	1.00	rec	61.96	62.44
5	6	فِى	فِي	0.50	1.00	rec	63.10	63.20
5	7	ٱلْأَرْضِ	الْأَرْضِ	1.00	1.00	rec	63.24	64.02
5	8	وَلَا	وَلَا	1.00	1.00	rec	64.18	64.50
5	9	فِى	فِي	0.50	1.00	rec	64.82	64.92
5	10	ٱلسَّمَآءِ	السَّمَاءِ	1.00	1.00	rec	64.96	66.80
6	0	هُوَ	هُوَ	1.00	1.00	rec	67.62	67.84
6	1	ٱلَّذِى	الَّذِي	0.75	1.00	rec	67.90	68.42
6	2	يُصَوِّرُكُمْ	يُصَوِّرُكُمْ	1.00	1.00	rec	68.76	70.44
6	3	فِى	فِي	0.50	0.99	rec	70.58	70.70
6	4	ٱلْأَرْحَامِ	الْأَرْحَامِ	1.00	0.98	rec	70.76	72.12
6	5	كَيْفَ	كَيْفَ	1.00	1.00	rec	72.36	72.90
6	6	يَشَآءُۚ	يَشَاءُ	1.00	0.99	rec	73.06	74.96
6	7	لَآ	لَا	1.00	1.00	rec	75.74	75.86
6	8	إِلَٰهَ	إِلَـٰهَ	1.00	1.00	rec	76.40	77.12
6	9	إِلَّا	إِلَّا	1.00	0.99	rec	77.34	77.86
6	10	هُوَ	هُوَ	1.00	1.00	rec	78.30	78.58
6	11	ٱلْعَزِيزُ	الْعَزِيزُ	1.00	1.00	rec	78.64	79.86
6	12	ٱلْحَكِيمُ	الْحَكِيمُ	1.00	1.00	rec	79.92	81.82
7	0	هُوَ	هُوَ	1.00	1.00	rec	82.54	82.78
7	1	ٱلَّذِىٓ	الَّذِي	0.75	1.00	rec	82.84	83.36
7	2	أَنزَلَ	أَنْزَلَ	1.00	1.00	rec	83.72	84.80
7	3	عَلَيْكَ	عَلَيْكَ	1.00	1.00	rec	84.94	85.70
7	4	ٱلْكِتَٰبَ	الْكِتَابَ	1.00	1.00	rec	85.76	86.90
7	5	مِنْهُ	مِنْهُ	1.00	0.92	rec	87.04	87.58
7	6	ءَايَٰتٌۭ	آيَاتُ	0.80	0.92	rec	87.82	88.76
7	7	مُّحْكَمَٰتٌ	مُحْكَمَاتٍ	1.00	0.97	rec	89.28	91.14
7	8	هُنَّ	هُنَّ	1.00	1.00	rec	95.92	96.92
7	9	أُمُّ	أُمُّ	1.00	1.00	rec	97.08	97.88
7	10	ٱلْكِتَٰبِ	الْكِتَابِ	1.00	1.00	rec	97.98	99.18
7	11	وَأُخَرُ	وَأُخَرُ	1.00	0.99	rec	99.34	100.12
7	12	مُتَشَٰبِهَٰتٌۭۖ	مُتَشَابِهَاتِ	1.00	0.99	rec	100.28	102.84
7	13	فَأَمَّا	فَأَمَّا	1.00	0.98	rec	103.44	104.84
7	14	ٱلَّذِينَ	الَّذِينَ	1.00	1.00	rec	104.90	105.68
7	15	فِى	فِي	0.50	1.00	rec	105.86	106.04
7	16	قُلُوبِهِمْ	قُلُوبِهِمْ	1.00	1.00	rec	106.42	107.54
7	17	زَيْغٌۭ	زَيْغٌ	1.00	1.00	rec	107.64	108.10
7	18	فَيَتَّبِعُونَ	فَيَتَّبِعُونَ	1.00	1.00	rec	108.88	110.18
7	19	مَا	مَا	1.00	1.00	rec	110.32	110.44
7	20	تَشَٰبَهَ	تَشَابَهَ	1.00	1.00	rec	115.14	116.30
7	21	مِنْهُ	مِنْهُ	1.00	1.00	rec	116.46	116.92
7	22	ٱبْتِغَآءَ	ابْتِغَاءَ	1.00	1.00	rec	116.98	119.44
7	23	ٱلْفِتْنَةِ	الْفِتْنَةِ	1.00	1.00	rec	119.50	120.60
7	24	وَٱبْتِغَآءَ	وَابْتِغَاءَ	1.00	1.00	rec	120.74	123.20
7	25	تَأْوِيلِهِۦۗ	تَأْوِيلِهِ	0.86	1.00	rec	123.38	124.54
7	26	وَمَا	وَمَا	1.00	1.00	rec	125.22	125.58
7	27	يَعْلَمُ	يَعْلَمُ	1.00	1.00	rec	125.96	126.74
7	28	تَأْوِيلَهُۥٓ	تَأْوِيلَهُ	0.86	1.00	rec	127.04	128.38
7	29	إِلَّا	إِلَّا	1.00	1.00	rec	129.12	129.60
7	30	ٱللَّهُۗ	اللَّهُ	1.00	1.00	rec	129.64	130.82
7	31	وَٱلرَّٰسِخُونَ	وَالرَّاسِخُونَ	1.00	0.99	rec	131.56	133.20
7	32	فِى	فِي	0.50	1.00	rec	133.38	133.50
7	33	ٱلْعِلْمِ	الْعِلْمِ	1.00	1.00	rec	133.54	134.26
7	34	يَقُولُونَ	يَقُولُونَ	1.00	0.96	rec	134.44	135.60
7	35	ءَامَنَّا	آعمَنَّا	0.60	0.94	rec	135.78	137.20
7	36	بِهِۦ	بِهِ	0.67	1.00	rec	137.56	137.88
7	37	كُلٌّۭ	كُلٌّ	1.00	1.00	rec	138.40	138.82
7	38	مِّنْ	مِنْ	1.00	1.00	rec	139.36	139.70
7	39	عِندِ	عِنْدِ	1.00	1.00	rec	139.78	140.66
7	40	رَبِّنَاۗ	رَبِّنَا	1.00	1.00	rec	140.78	141.44
7	41	وَمَا	وَمَا	1.00	1.00	rec	142.38	142.74
7	42	يَذَّكَّرُ	يَذَّكَّرُ	1.00	0.95	rec	143.18	144.32
7	43	إِلَّآ	إِلَّا	1.00	1.00	rec	144.56	145.06
7	44	أُو۟لُوا۟	أُولُو	0.80	0.99	rec	145.58	145.88
7	45	ٱلْأَلْبَٰبِ	الْأَلْبَابِ	1.00	0.96	rec	145.96	147.86
8	0	رَبَّنَا	رَبَّنَا	1.00	1.00	rec	148.72	149.28
8	1	لَا	لَا	1.00	1.00	rec	149.54	149.64
8	2	تُزِغْ	تُزِغْ	1.00	0.93	rec	150.00	150.44
8	3	قُلُوبَنَا	قُلُوبَنَا	1.00	1.00	rec	150.72	151.60
8	4	بَعْدَ	بَعْدَ	1.00	1.00	rec	151.94	152.38
8	5	إِذْ	إِذْ	1.00	1.00	rec	152.48	152.76
8	6	هَدَيْتَنَا	هَدَيْتَنَا	1.00	1.00	rec	152.86	153.76
8	7	وَهَبْ	وَهَبْ	1.00	1.00	rec	154.18	154.74
8	8	لَنَا	لَنَا	1.00	1.00	rec	154.88	155.18
8	9	مِن	مِنْ	1.00	1.00	rec	157.50	157.74
8	10	لَّدُنكَ	لَدُنْكَ	1.00	1.00	rec	157.82	159.10
8	11	رَحْمَةًۚ	رَحْمَةً	1.00	1.00	rec	159.22	159.94
8	12	إِنَّكَ	إِنَّكَ	1.00	1.00	rec	160.32	161.50
8	13	أَنتَ	أَنْتَ	1.00	1.00	rec	161.62	162.60
8	14	ٱلْوَهَّابُ	الْوَهَّابُ	1.00	0.94	rec	162.64	164.80
9	0	رَبَّنَآ	رَبَّنَا	1.00	1.00	rec	165.64	166.20
9	1	إِنَّكَ	إِنَّكَ	1.00	1.00	rec	166.80	168.14
9	2	جَامِعُ	جَامِعُ	1.00	1.00	rec	168.30	169.10
9	3	ٱلنَّاسِ	النَّاسِ	1.00	0.99	rec	169.18	170.66
9	4	لِيَوْمٍۢ	لِيَوْمٍ	1.00	1.00	rec	170.82	171.54
9	5	لَّا	لَا	1.00	1.00	rec	171.88	172.00
9	6	رَيْبَ	رَيْبَ	1.00	1.00	rec	172.34	172.80
9	7	فِيهِۚ	فِيهِ	1.00	1.00	rec	173.02	174.10
9	8	إِنَّ	إِنَّ	1.00	1.00	rec	174.58	175.64
9	9	ٱللَّهَ	اللَّهَ	1.00	1.00	rec	175.68	176.52
9	10	لَا	لَا	1.00	1.00	rec	176.72	176.84
9	11	يُخْلِفُ	يُخْلِفُ	1.00	1.00	rec	177.30	178.02
9	12	ٱلْمِيعَادَ	الْمِيعَادَ	1.00	0.97	rec	178.08	180.30
10	0	إِنَّ	إِنَّ	1.00	1.00	rec	182.08	183.34
10	1	ٱلَّذِينَ	الَّذِينَ	1.00	1.00	rec	183.38	184.06
10	2	كَفَرُوا۟	كَفَرُوا	1.00	0.99	rec	184.24	184.76
10	3	لَن	لَنْ	1.00	1.00	rec	185.04	185.78
10	4	تُغْنِىَ	تُغْنِيَ	0.75	1.00	rec	185.92	186.62
10	5	عَنْهُمْ	عَنْهُمْ	1.00	1.00	rec	186.72	187.46
10	6	أَمْوَٰلُهُمْ	أَمْوَالُهُمْ	1.00	1.00	rec	187.58	188.68
10	7	وَلَآ	وَلَا	1.00	1.00	rec	188.80	189.12
10	8	أَوْلَٰدُهُم	أَوْلَادُهُمْ	1.00	0.97	rec	189.52	191.38
10	9	مِّنَ	مِنَ	1.00	1.00	rec	191.44	191.70
10	10	ٱللَّهِ	اللَّهِ	1.00	1.00	rec	191.74	192.42
10	11	شَيْـًۭٔاۖ	شَيْئًا	0.75	0.95	rec	192.66	193.42
10	12	وَأُو۟لَٰٓئِكَ	وَأُولَـٰئِكَ	1.00	1.00	rec	208.98	211.62
10	13	هُمْ	هُمْ	1.00	0.97	rec	211.80	212.10
10	14	وَقُودُ	وَقُودُ	1.00	0.96	rec	212.22	213.08
10	15	ٱلنَّارِ	النَّابِ	0.80	0.97	rec	213.16	214.90
11	0	كَدَأْبِ	كَدَأْبِ	1.00	1.00	rec	216.58	217.16
11	1	ءَالِ		0.00	0.20	forced	217.30	217.88
11	2	فِرْعَوْنَ	فِرْعَوْنَ	1.00	1.00	rec	218.16	219.26
11	3	وَٱلَّذِينَ	وَالَّذِينَ	1.00	1.00	rec	219.36	220.24
11	4	مِن	مِنْ	1.00	1.00	rec	220.38	221.16
11	5	قَبْلِهِمْۚ	قَبْلِهِمْ	1.00	0.99	rec	221.28	222.40
11	6	كَذَّبُوا۟	كَذَّبُوا	1.00	1.00	rec	222.54	223.20
11	7	بِـَٔايَٰتِنَا	بِآيَاتِنَا	1.00	1.00	rec	223.48	225.10
11	8	فَأَخَذَهُمُ	فَأَخَذَهُمُ	1.00	0.98	rec	225.64	227.04
11	9	ٱللَّهُ	اللَّهُ	1.00	1.00	rec	227.14	228.00
11	10	بِذُنُوبِهِمْۗ	بِذُنُوبِهِمْ	1.00	1.00	rec	228.14	229.50
11	11	وَٱللَّهُ	وَاللَّهُ	1.00	1.00	rec	230.24	231.14
11	12	شَدِيدُ	شَدِيدُ	1.00	1.00	rec	231.34	232.24
11	13	ٱلْعِقَابِ	الْعِقَابِ	1.00	1.00	rec	232.30	234.08
12	0	قُل	قُلْ	1.00	1.00	rec	235.02	235.30
12	1	لِّلَّذِينَ	لِلَّذِينَ	1.00	1.00	rec	235.38	236.30
12	2	كَفَرُوا۟	كَفَرُوا	1.00	0.96	rec	236.46	236.96
12	3	سَتُغْلَبُونَ	سَتُعْلَبُونَ	0.86	0.98	rec	237.30	238.54
12	4	وَتُحْشَرُونَ	وَتُحْ+شَرُّونَ	1.00	0.87	rec	238.66	239.90
12	5	إِلَىٰ	إِلَىٰ	1.00	1.00	rec	240.04	240.36
12	6	جَهَنَّمَۚ	جَهَنَّمَب	0.80	0.98	rec	240.62	242.18
12	7	وَبِئْسَ		0.00	0.00	forced	242.18	242.44
12	8	ٱلْمِهَادُ	سَالْمِهَادُ	0.86	1.00	rec	242.58	244.38
13	0	قَدْ	قَدْ	1.00	1.00	rec	245.70	246.02
13	1	كَانَ	كَعَنَ	0.67	0.95	rec	246.22	246.90
13	2	لَكُمْ	لَكُمْ	1.00	1.00	rec	247.04	247.58
13	3	ءَايَةٌۭ	آيَةٌ	0.75	1.00	rec	247.68	248.48
13	4	فِى	فِي	0.50	1.00	rec	248.94	249.08
13	5	فِئَتَيْنِ	فِئَتَيْنِ	1.00	1.00	rec	249.42	250.70
13	6	ٱلْتَقَتَاۖ	الْتَقْتَىٰ	0.86	0.95	rec	250.76	251.72
13	7	فِئَةٌۭ	فِئَةٌ	1.00	1.00	rec	252.20	252.74
13	8	تُقَٰتِلُ	تُقَاتِلُ	1.00	1.00	rec	253.64	254.70
13	9	فِى	فِي	0.50	1.00	rec	254.86	255.02
13	10	سَبِيلِ	سَبِيلِ	1.00	1.00	rec	255.28	255.98
13	11	ٱللَّهِ	اللَّهِ	1.00	1.00	rec	256.02	256.76
13	12	وَأُخْرَىٰ	وَأُخْرِيٰ	0.83	0.96	rec	256.92	257.70
13	13	كَافِرَةٌۭ	كَافِرَةٌ	1.00	1.00	rec	261.18	262.30
13	14	يَرَوْنَهُم	يَرَوْنَهُمْ	1.00	1.00	rec	263.06	264.56
13	15	مِّثْلَيْهِمْ	مِثْلَيْهِمْ	1.00	0.93	rec	264.62	265.70
13	16	رَأْىَ	رَأْيَ	0.67	0.98	rec	265.76	266.16
13	17	ٱلْعَيْنِۚ	الْعَيْنِ	1.00	0.92	rec	266.22	267.56
13	18	وَٱللَّهُ	وَاللَّهُ	1.00	0.95	rec	268.18	269.10
13	19	يُؤَيِّدُ	يُؤَيِّدُ	1.00	0.94	rec	269.28	270.30
13	20	بِنَصْرِهِۦ	بِنَصْرِهِ	0.83	1.00	rec	270.50	271.48
13	21	مَن	مَنْ	1.00	0.99	rec	271.94	272.74
13	22	يَشَآءُۗ	يَشَاءُ	1.00	0.99	rec	272.80	274.46
13	23	إِنَّ	إِنَّ	1.00	1.00	rec	274.84	275.88
13	24	فِى	فِي	0.50	1.00	rec	276.08	276.24
13	25	ذَٰلِكَ	ذَٰلِكَ	1.00	1.00	rec	276.66	277.48
13	26	لَعِبْرَةًۭ	لَعِبْرَةً	1.00	0.99	rec	277.64	278.64
13	27	لِّأُو۟لِى	لِأُولِي	0.80	1.00	rec	278.98	279.54
13	28	ٱلْأَبْصَٰرِ	الْأَبْصِ+ح	0.71	0.86	rec	279.60	280.62
14	0	زُيِّنَ	زُيِّنَ	1.00	0.98	rec	283.46	284.24
14	1	لِلنَّاسِ	لِلنَّاسِ	1.00	1.00	rec	284.40	286.16
14	2	حُبُّ	حُبُّشْ	0.67	0.95	rec	286.34	287.08
14	3	ٱلشَّهَوَٰتِ	شَهَوَاتِ	0.71	0.98	rec	287.14	288.12
14	4	مِنَ	مِن	1.00	1.00	rec	288.22	288.42
14	5	ٱلنِّسَآءِ	الِّ+لِسَاءِ	0.83	0.75	rec	288.52	291.80
14	6	وَٱلْبَنِينَ	وَالْبَنِينَ	1.00	1.00	rec	291.92	293.50
14	7	وَٱلْقَنَٰطِيرِ	وَالْقَنَاطِيرِ	1.00	0.97	rec	299.80	301.42
14	8	ٱلْمُقَنطَرَةِ	الْمُقَنْطَرَةِ	1.00	0.97	rec	301.48	303.50
14	9	مِنَ	مِنَ	1.00	1.00	rec	303.66	303.88
14	10	ٱلذَّهَبِ	الذَّهَبِ	1.00	1.00	rec	303.94	304.66
14	11	وَٱلْفِضَّةِ	وَالْفِضِْ+ضَّتِ	0.71	0.87	rec	304.80	305.98
14	12	وَٱلْخَيْلِ	وَالْخَيْلِ	1.00	1.00	rec	306.10	307.92
14	13	ٱلْمُسَوَّمَةِ	الْمُسَوَّمَةِ	1.00	1.00	rec	310.44	312.10
14	14	وَٱلْأَنْعَٰمِ	وَالْأَنْعَامِ	1.00	1.00	rec	312.26	313.84
14	15	وَٱلْحَرْثِۗ	وَالْحَرْثِ	1.00	1.00	rec	313.98	314.94
14	16	ذَٰلِكَ	ذَٰلِكَ	1.00	1.00	rec	315.96	316.84
14	17	مَتَٰعُ	مَتَاعٌ	1.00	0.99	rec	316.98	317.76
14	18	ٱلْحَيَوٰةِ	وَالْحَيَاةِ	0.71	0.91	rec	317.88	319.18
14	19	ٱلدُّنْيَاۖ	الدُّنْيَا	1.00	1.00	rec	319.22	320.08
14	20	وَٱللَّهُ	وَاللَّهُ	1.00	1.00	rec	321.48	322.26
14	21	عِندَهُۥ	عِنْدَهُ	0.80	1.00	rec	322.44	323.74
14	22	حُسْنُ		0.00	0.19	forced	324.26	324.80
14	23	ٱلْمَـَٔابِ	الْمَآبِ	1.00	1.00	rec	324.86	327.46
15	0	قُلْ	قُلْ	1.00	1.00	rec	328.40	328.78
15	1	أَؤُنَبِّئُكُم	أَوُنَبِّئُكُمْ	0.86	0.98	rec	328.90	331.24
15	2	بِخَيْرٍۢ	بِحَيْرٍ	0.75	0.96	rec	331.28	332.08
15	3	مِّن	مِنْ	1.00	1.00	rec	332.82	333.42
15	4	ذَٰلِكُمْۚ	ذَٰلِكُمْ	1.00	0.98	rec	333.50	334.62
15	5	لِلَّذِينَ	لِلَّذِينَ	1.00	0.93	rec	336.00	336.90
15	6	ٱتَّقَوْا۟	اتَّقَوْا	1.00	0.99	rec	336.96	337.66
15	7	عِندَ	عِنْدَ	1.00	1.00	rec	337.86	338.86
15	8	رَبِّهِمْ	رَبِّهِمْ	1.00	0.98	rec	339.00	339.96
15	9	جَنَّٰتٌۭ	جَنَّاتٌ	1.00	0.98	rec	340.08	341.50
15	10	تَجْرِى		0.00	0.10	forced	342.48	342.74
15	11	مِن	مِنْ	1.00	1.00	rec	343.04	343.74
15	12	تَحْتِهَا	تَحْتِهَا	1.00	1.00	rec	343.88	344.58
15	13	ٱلْأَنْهَٰرُ	نْهَارُ	0.57	1.00	rec	345.20	345.84
15	14	خَٰلِدِينَ	خَا+ِدِينَ	0.83	0.86	rec	346.06	347.32
15	15	فِيهَا	فِيهَا	1.00	1.00	rec	347.50	348.06
15	16	وَأَزْوَٰجٌۭ	وَأَزْوَاجٌ	1.00	1.00	rec	352.14	353.36
15	17	مُّطَهَّرَةٌۭ	مُطَهَّرَةٌ	1.00	0.99	rec	354.20	355.40
15	18	وَرِضْوَٰنٌۭ	وَرِضْوَانٌ	1.00	1.00	rec	356.14	357.32
15	19	مِّنَ		0.00	0.03	forced	357.90	358.32
15	20	ٱللَّهِۗ	اللَّهِ	1.00	0.98	rec	358.36	359.70
15	21	وَٱللَّهُ	وَاللَّهُ	1.00	1.00	rec	360.56	361.44
15	22	بَصِيرٌۢ	بَصِيرٌ	1.00	1.00	rec	361.60	362.48
15	23	بِٱلْعِبَادِ	بِالْعِبَادِ	1.00	1.00	rec	363.14	365.12
16	0	ٱلَّذِينَ	الَّذِينَ	1.00	1.00	rec	366.30	367.02
16	1	يَقُولُونَ	يَقُولُونَ	1.00	1.00	rec	367.12	368.06
16	2	رَبَّنَآ	رَبَّنَا	1.00	1.00	rec	368.18	368.82
16	3	إِنَّنَآ	إِنَّنَا	1.00	1.00	rec	369.24	370.54
16	4	ءَامَنَّا	آمَنَّا	0.80	1.00	rec	370.94	372.24
16	5	فَٱغْفِرْ	فَاغْفِلْ	0.80	0.94	rec	372.72	373.52
16	6	لَنَا	لَنَا	1.00	1.00	rec	373.60	373.94
16	7	ذُنُوبَنَا	ذُنُوبَنَا	1.00	1.00	rec	374.28	375.12
16	8	وَقِنَا	وَقِنَا	1.00	0.98	rec	375.44	376.04
16	9	عَذَابَ	عَذَابَ	1.00	1.00	rec	376.30	376.98
16	10	ٱلنَّارِ	النِّارِ	1.00	0.94	rec	377.02	378.70
17	0	ٱلصَّٰبِرِينَ	الصَّابِرِينَ	1.00	1.00	rec	379.76	381.20
17	1	وَٱلصَّٰدِقِينَ	وَالصَّادِقِينَ	1.00	0.97	rec	381.32	382.82
17	2	وَٱلْقَٰنِتِينَ	وَالْقَانِتِينَ	1.00	1.00	rec	382.96	384.88
17	3	وَٱلْمُنفِقِينَ	وَالْمُنْفِقِينَ	1.00	1.00	rec	385.00	387.16
17	4	وَٱلْمُسْتَغْفِرِينَ	وَالْمُسْتَغْفِرِينَ	1.00	0.98	rec	387.28	389.14
17	5	بِٱلْأَسْحَارِ	بِالْأَسْحِيرِ	0.88	1.00	rec	389.28	391.00
18	0	شَهِدَ	شَهِدَ	1.00	1.00	rec	391.64	392.08
18	1	ٱللَّهُ	اللَّهُ	1.00	1.00	rec	392.14	392.80
18	2	أَنَّهُۥ	أَنَّهُ	0.75	1.00	rec	392.94	393.82
18	3	لَآ	لَا	1.00	1.00	rec	394.14	394.26
18	4	إِلَٰهَ	إِلَـٰهَ	1.00	1.00	rec	394.68	395.42
18	5	إِلَّا	إِلَّا	1.00	1.00	rec	395.58	396.14
18	6	هُوَ	هُوَ	1.00	1.00	rec	396.54	396.84
18	7	وَٱلْمَلَٰٓئِكَةُ	وَالْمَلَائِكَةُ	1.00	1.00	rec	396.98	399.46
18	8	وَأُو۟لُوا۟	وَأُولُو	0.83	1.00	rec	399.56	400.08
18	9	ٱلْعِلْمِ	الْعِلْمِ	1.00	1.00	rec	400.14	400.74
18	10	قَآئِمًۢا	قَائِمًا	1.00	1.00	rec	400.98	402.80
18	11	بِٱلْقِسْطِۚ	بِالْقِسْطِ	1.00	1.00	rec	403.42	404.32
18	12	لَآ	لَا	1.00	1.00	rec	405.32	405.42
18	13	إِلَٰهَ	إِلَـٰهَ	1.00	1.00	rec	406.00	406.64
18	14	إِلَّا	إِلَّا	1.00	1.00	rec	406.78	407.28
18	15	هُوَ	هُوَ	1.00	1.00	rec	407.60	407.84
18	16	ٱلْعَزِيزُ	الْعَزِيزُ	1.00	1.00	rec	407.88	409.08
18	17	ٱلْحَكِيمُ	الْحَكِيمُ	1.00	1.00	rec	409.14	410.94
19	0	إِنَّ	إِنَّ	1.00	1.00	rec	411.52	412.38
19	1	ٱلدِّينَ	الدِّينَ	1.00	1.00	rec	412.44	412.92
19	2	عِندَ	عِنْدَ	1.00	1.00	rec	413.02	413.98
19	3	ٱللَّهِ	اللَّهِ	1.00	1.00	rec	414.04	414.88
19	4	ٱلْإِسْلَٰمُۗ	الْإِسْلَامِ	1.00	1.00	rec	414.94	416.84
19	5	وَمَا	وَمَا	1.00	1.00	rec	417.48	417.74
19	6	ٱخْتَلَفَ	احْتَلَفَ	0.80	0.96	rec	417.78	418.44
19	7	ٱلَّذِينَ	الَّذِينَ	1.00	1.00	rec	418.52	419.22
19	8	أُوتُوا۟	أُوتُوا	1.00	0.97	rec	419.34	419.90
19	9	ٱلْكِتَٰبَ	الْكِتَابَ	1.00	0.97	rec	419.96	420.92
19	10	إِلَّا	إِلَّا	1.00	1.00	rec	421.04	421.52
19	11	مِنۢ	مِنْ	1.00	1.00	rec	421.80	422.28
19	12	بَعْدِ	بَعْدِ	1.00	1.00	rec	422.38	422.80
19	13	مَا	مَا	1.00	1.00	rec	422.96	423.08
19	14	جَآءَهُمُ	جَاءَهُمُ	1.00	1.00	rec	423.38	425.20
19	15	ٱلْعِلْمُ	الْعِلْمُ	1.00	1.00	rec	425.28	426.00
19	16	بَغْيًۢا	بَغْيًا	1.00	0.99	rec	426.18	426.72
19	17	بَيْنَهُمْۗ	بَيْنَهُمْ	1.00	1.00	rec	427.56	428.76
19	18	وَمَن	وَمَنْ	1.00	1.00	rec	429.56	430.64
19	19	يَكْفُرْ	يَكْفُرْ	1.00	1.00	rec	430.68	431.32
19	20	بِـَٔايَٰتِ	بِآيَاتِ	1.00	1.00	rec	431.46	432.64
19	21	ٱللَّهِ	اللَّهِ	1.00	1.00	rec	432.68	433.38
19	22	فَإِنَّ	فَإِنَّ	1.00	0.99	rec	433.58	434.56
19	23	ٱللَّهَ	اللَّهَ	1.00	1.00	rec	434.62	435.46
19	24	سَرِيعُ	سَرِيعُ	1.00	0.93	rec	435.68	436.52
19	25	ٱلْحِسَابِ	الْحِسَابِ	1.00	1.00	rec	436.60	438.38
20	0	فَإِنْ	فَإِنْ	1.00	1.00	rec	440.24	440.72
20	1	حَآجُّوكَ	حَاجُّوكَ	1.00	1.00	rec	440.86	443.96
20	2	فَقُلْ	فَقُلْ	1.00	1.00	rec	444.12	444.62
20	3	أَسْلَمْتُ	أَسْلَمْتُ	1.00	1.00	rec	444.70	445.38
20	4	وَجْهِىَ	وَجْهِي	0.75	1.00	rec	445.48	445.94
20	5	لِلَّهِ	لِلَّهِ	1.00	1.00	rec	446.24	447.06
20	6	وَمَنِ	وَمَنِ	1.00	1.00	rec	447.22	447.66
20	7	ٱتَّبَعَنِۗ	اتَّبَعَنِ	1.00	0.97	rec	447.70	448.62
20	8	وَقُل	وَقُلْ	1.00	1.00	rec	449.36	449.80
20	9	لِّلَّذِينَ	لِلَّذِينَ	1.00	1.00	rec	449.88	450.84
20	10	أُوتُوا۟	أُوتُوا	1.00	1.00	rec	451.00	451.70
20	11	ٱلْكِتَٰبَ	الْكِتَابَ	1.00	1.00	rec	451.76	452.76
20	12	وَٱلْأُمِّيِّۦنَ	وَالْأُمِّيِّينَ	1.00	1.00	rec	452.88	455.28
20	13	ءَأَسْلَمْتُمْۚ	أَأَسْلَمْتُمْ	0.86	1.00	rec	455.50	457.30
20	14	فَإِنْ	فَإِنْ	1.00	1.00	rec	458.00	458.46
20	15	أَسْلَمُوا۟	أَسْلَمُوا	1.00	0.97	rec	458.54	459.14
20	16	فَقَدِ	فَقَدِ	1.00	1.00	rec	459.62	460.20
20	17	ٱهْتَدَوا۟ۖ	اهْتَدَوْا	1.00	1.00	rec	460.26	461.12
20	18	وَّإِن	وَإِنْ	1.00	1.00	rec	461.82	462.80
20	19	تَوَلَّوْا۟	تَوَلَّوْا	1.00	0.99	rec	462.92	463.72
20	20	فَإِنَّمَا	فَإِنَّمَا	1.00	1.00	rec	464.02	465.36
20	21	عَلَيْكَ	عَلَيْكَ	1.00	1.00	rec	465.70	466.46
20	22	ٱلْبَلَٰغُۗ	الْبَلَاغُ	1.00	1.00	rec	466.52	467.60
20	23	وَٱللَّهُ	وَاللَّهُ	1.00	1.00	rec	467.72	468.58
20	24	بَصِيرٌۢ	بَصِيرٌ	1.00	1.00	rec	468.70	469.36
20	25	بِٱلْعِبَادِ	مِالْعِبَادِ	0.86	0.96	rec	470.18	472.02
21	0	إِنَّ	إِنَّ	1.00	1.00	rec	473.58	474.42
21	1	ٱلَّذِينَ	الَّذِينَ	1.00	0.94	rec	474.48	475.30
21	2	يَكْفُرُونَ	يَكْفُرُونَ	1.00	1.00	rec	475.44	476.54
21	3	بِـَٔايَٰتِ	بِآيَاتِ	1.00	1.00	rec	476.64	477.76
21	4	ٱللَّهِ	اللَّهِ	1.00	0.95	rec	477.80	478.52
21	5	وَيَقْتُلُونَ	وَيَقْتُلُونَ	1.00	1.00	rec	478.68	480.24
21	6	ٱلنَّبِيِّۦنَ	النَّبِيِّينَ	1.00	0.99	rec	480.28	481.94
21	7	بِغَيْرِ	بِغَيْرِ	1.00	0.95	rec	482.08	482.90
21	8	حَقٍّۢ	حَقٍّ	1.00	0.74	rec	483.06	483.40
21	9	وَيَقْتُلُونَ	وَيَقْتُلُونَ	1.00	1.00	rec	484.84	486.08
21	10	ٱلَّذِينَ	الَّذِينَ	1.00	1.00	rec	486.12	487.14
21	11	يَأْمُرُونَ	يَأْمُرُونَ	1.00	1.00	rec	487.26	488.30
21	12	بِٱلْقِسْطِ	بِالْقِسْطِ	1.00	0.98	rec	488.42	489.40
21	13	مِنَ	مِنَ	1.00	1.00	rec	489.56	489.82
21	14	ٱلنَّاسِ	النَّاسِ	1.00	1.00	rec	489.88	491.26
21	15	فَبَشِّرْهُم	فَبَشِّرْهُمْ	1.00	1.00	rec	491.42	493.24
21	16	بِعَذَابٍ	بِعَذَابٍ	1.00	1.00	rec	493.30	494.32
21	17	أَلِيمٍ	أَلِيمٍ	1.00	1.00	rec	494.60	495.80
22	0	أُو۟لَٰٓئِكَ	أُولَـٰئِكَ	1.00	1.00	rec	497.14	499.30
22	1	ٱلَّذِينَ	الَّذِينَ	1.00	0.95	rec	499.36	500.22
22	2	حَبِطَتْ	حَبِطَتْ	1.00	1.00	rec	500.42	501.18
22	3	أَعْمَٰلُهُمْ	أَعْمَالُهُمْ	1.00	1.00	rec	501.24	502.50
22	4	فِى	فِي	0.50	1.00	rec	502.62	502.72
22	5	ٱلدُّنْيَا	الدُّنْيَا	1.00	1.00	rec	502.76	503.36
22	6	وَٱلْءَاخِرَةِ	وَالْآخِرَةِ	0.88	1.00	rec	503.68	504.94
22	7	وَمَا	وَمَا	1.00	1.00	rec	505.04	505.36
22	8	لَهُم	لَهُمْ	1.00	1.00	rec	505.58	506.36
22	9	مِّن	مِنْ	1.00	1.00	rec	506.42	507.32
22	10	نَّٰصِرِينَ	نَاصِ	0.50	0.95	rec	507.36	508.00
23	0	أَلَمْ	أَلَمْ	1.00	0.89	rec	510.04	510.44
23	1	تَرَ	تَرَ	1.00	0.98	rec	510.56	510.78
23	2	إِلَى	إِلَى	1.00	0.98	rec	510.90	511.12
23	3	ٱلَّذِينَ	الَّذِينَ	1.00	0.98	rec	511.16	511.82
23	4	أُوتُوا۟	أُوتُوا	1.00	0.99	rec	511.98	512.50
23	5	نَصِيبًۭا	نَصِيبًا	1.00	0.97	rec	512.78	513.56
23	6	مِّنَ	مِنَ	1.00	0.99	rec	514.06	514.30
23	7	ٱلْكِتَٰبِ	الْكِتَابِ	1.00	0.99	rec	514.34	515.30
23	8	يُدْعَوْنَ	يُدْعَوْنَ	1.00	1.00	rec	515.44	516.24
23	9	إِلَىٰ	إِلَىٰ	1.00	0.99	rec	516.36	516.64
23	10	كِتَٰبِ	كِتَابِ	1.00	1.00	rec	516.92	517.64
23	11	ٱللَّهِ	اللَّهِ	1.00	0.99	rec	517.70	518.34
23	12	لِيَحْكُمَ	لِيَحِْ+حْكُمَ	0.83	0.69	rec	518.48	519.34
23	13	بَيْنَهُمْ	بَيْنَهُمْ	1.00	1.00	rec	519.48	520.42
23	14	ثُمَّ	ثُمَّ	1.00	1.00	rec	521.12	521.96
23	15	يَتَوَلَّىٰ	يَتَوَلَّىٰ	1.00	1.00	rec	522.06	522.94
23	16	فَرِيقٌۭ	فَرِيقٌ	1.00	1.00	rec	523.32	523.98
23	17	مِّنْهُمْ	مِنْهُمْ	1.00	1.00	rec	524.66	525.26
23	18	وَهُم	وَهُمْ	1.00	1.00	rec	525.36	526.26
23	19	مُّعْرِضُونَ	مُعْرِضُونَ	1.00	1.00	rec	526.32	528.04
24	0	ذَٰلِكَ	ذَٰلِكَ	1.00	1.00	rec	528.58	529.16
24	1	بِأَنَّهُمْ	بِأَنَّهُمْ	1.00	0.97	rec	529.28	530.62
24	2	قَالُوا۟	قَالُوا	1.00	1.00	rec	530.76	531.42
24	3	لَن	لَنْ	1.00	0.99	rec	531.74	532.36
24	4	تَمَسَّنَا	تَمَسَّنَا	1.00	1.00	rec	532.48	533.38
24	5	ٱلنَّارُ	النَّارُ	1.00	0.99	rec	533.42	534.56
24	6	إِلَّآ	إِلَّا	1.00	1.00	rec	534.70	535.20
24	7	أَيَّامًۭا	أَيَّامًا	1.00	1.00	rec	535.58	536.50
24	8	مَّعْدُودَٰتٍۢۖ	مَعْدُودَاتٍ	1.00	1.00	rec	537.18	538.94
24	9	وَغَرَّهُمْ	وَغَرَّهُمْ	1.00	0.96	rec	539.52	540.62
24	10	فِى	فِي	0.50	1.00	rec	540.76	540.90
24	11	دِينِهِم	دِينِهِمْ	1.00	1.00	rec	541.20	542.48
24	12	مَّا	مَا	1.00	1.00	rec	542.54	542.68
24	13	كَانُوا۟	كَانُوا	1.00	0.94	rec	543.02	543.78
24	14	يَفْتَرُونَ	تَرُونَ	0.67	1.00	rec	544.52	545.96
25	0	فَكَيْفَ	فَكَيْفَ	1.00	0.95	rec	546.60	547.36
25	1	إِذَا	إِذَا	1.00	1.00	rec	547.52	547.82
25	2	جَمَعْنَٰهُمْ	جَمَعْنَاعَهُمْ	0.88	0.95	rec	548.16	549.54
25	3	لِيَوْمٍۢ	لِيَوْمٍ	1.00	0.93	rec	549.64	550.36
25	4	لَّا	لَا	1.00	1.00	rec	550.70	550.84
25	5	رَيْبَ	رَيْبَ	1.00	1.00	rec	551.20	551.66
25	6	فِيهِ	فِيهِ	1.00	1.00	rec	551.88	552.82
25	7	وَوُفِّيَتْ	وَوُفِّيَتْ	1.00	1.00	rec	553.40	554.40
25	8	كُلُّ	كُلُّ	1.00	1.00	rec	554.48	554.82
25	9	نَفْسٍۢ	نَفْسٍ	1.00	1.00	rec	554.94	555.32
25	10	مَّا	مَا	1.00	1.00	rec	556.30	556.42
25	11	كَسَبَتْ	كَسَبَتْ	1.00	1.00	rec	556.94	557.70
25	12	وَهُمْ	وَهُمْ	1.00	1.00	rec	557.78	558.34
25	13	لَا	لَا	1.00	1.00	rec	558.44	558.56
25	14	يُظْلَمُونَ	يُظْلَمُونَ	1.00	1.00	rec	558.96	560.88
26	0	قُلِ	قُلِ	1.00	1.00	rec	562.66	562.86
26	1	ٱللَّهُمَّ	اللَّهُمَّ	1.00	0.99	rec	562.92	564.30
26	2	مَٰلِكَ	مَعَلِكَ	0.75	0.99	rec	564.44	565.42
26	3	ٱلْمُلْكِ	الْمُلْكِ	1.00	1.00	rec	565.48	566.16
26	4	تُؤْتِى	تُؤْتِي	0.75	0.97	rec	566.32	566.72
26	5	ٱلْمُلْكَ	الْمُلْكَ	1.00	1.00	rec	566.78	567.36
26	6	مَن	مَنْ	1.00	1.00	rec	567.50	568.20
26	7	تَشَآءُ	تَشَاءُ	1.00	1.00	rec	568.32	570.02
26	8	وَتَنزِعُ	وَتَنْزِعُ	1.00	1.00	rec	570.14	571.52
26	9	ٱلْمُلْكَ	الْمُلْكَ	1.00	1.00	rec	571.60	572.38
26	10	مِمَّن	مِمَّنْ	1.00	1.00	rec	572.52	573.98
26	11	تَشَآءُ	تَشَاءُ	1.00	1.00	rec	574.08	576.06
26	12	وَتُعِزُّ	وَتُعِزُّ	1.00	1.00	rec	576.92	577.64
26	13	مَن	مَنْ	1.00	1.00	rec	577.76	578.50
26	14	تَشَآءُ	تَشَاءُ	1.00	1.00	rec	578.62	580.60
26	15	وَتُذِلُّ	وَتُذِلُّ	1.00	1.00	rec	580.72	581.62
26	16	مَن	مَنْ	1.00	1.00	rec	581.84	582.54
26	17	تَشَآءُۖ	تَشَاءُ	1.00	1.00	rec	582.62	584.48
26	18	بِيَدِكَ	بِيَدِكَ	1.00	1.00	rec	584.62	585.30
26	19	ٱلْخَيْرُۖ	الْخَيْرُ	1.00	0.95	rec	585.36	586.72
26	20	إِنَّكَ	إِنَّكَ	1.00	1.00	rec	587.18	588.54
26	21	عَلَىٰ	عَلَىٰ	1.00	1.00	rec	588.68	589.00
26	22	كُلِّ	كُلِّ	1.00	1.00	rec	589.36	589.76
26	23	شَىْءٍۢ	شَيْءٍ	0.67	1.00	rec	589.94	590.42
26	24	قَدِيرٌۭ	قَدِيرٌ	1.00	1.00	rec	591.24	592.60
27	0	تُولِجُ	تُولِجُ	1.00	0.95	rec	593.28	593.72
27	1	ٱلَّيْلَ	اللَّيْلَ	0.80	1.00	rec	593.78	594.20
27	2	فِى	فِي	0.50	1.00	rec	594.36	594.46
27	3	ٱلنَّهَارِ	النَّهِيرِ	0.83	1.00	rec	594.50	595.70
27	4	وَتُولِجُ	وَتُولِجُ	1.00	1.00	rec	595.82	596.60
27	5	ٱلنَّهَارَ	النَّهَارَ	1.00	1.00	rec	596.66	598.00
27	6	فِى	فِي	0.50	1.00	rec	598.14	598.24
27	7	ٱلَّيْلِۖ	اللَّيْلِ	0.80	1.00	rec	598.28	599.48
27	8	وَتُخْرِجُ	وَتُخْرِجُ	1.00	1.00	rec	600.06	600.84
27	9	ٱلْحَىَّ	الْحَيَّ	0.75	1.00	rec	600.90	601.56
27	10	مِنَ	مِنَ	1.00	1.00	rec	601.66	601.90
27	11	ٱلْمَيِّتِ	الْمَيِّتِ	1.00	0.91	rec	601.94	602.84
27	12	وَتُخْرِجُ	وَتُخْرِجُ	1.00	1.00	rec	602.98	603.88
27	13	ٱلْمَيِّتَ	الْمَيْتَ	1.00	0.99	rec	603.94	604.74
27	14	مِنَ	مِنَ	1.00	1.00	rec	604.86	605.14
27	15	ٱلْحَىِّۖ	الْحَيِّ	0.75	1.00	rec	605.18	605.94
27	16	وَتَرْزُقُ	وَتَرْزُقُ	1.00	1.00	rec	606.62	607.60
27	17	مَن	مَنْ	1.00	1.00	rec	607.82	608.52
27	18	تَشَآءُ	تَشَاءُ	1.00	1.00	rec	608.66	610.88
27	19	بِغَيْرِ	بِغَيْرِ	1.00	1.00	rec	611.04	611.82
27	20	حِسَابٍۢ	حِسَابٍ	1.00	1.00	rec	612.00	613.26
28	0	لَّا	لَا	1.00	1.00	rec	613.96	614.08
28	1	يَتَّخِذِ	يَتَّخِذِ	1.00	1.00	rec	614.50	615.36
28	2	ٱلْمُؤْمِنُونَ	الْمُؤْمِنُونَ	1.00	1.00	rec	615.44	616.70
28	3	ٱلْكَٰفِرِينَ	الْكَافِرِينَ	1.00	0.99	rec	616.76	618.14
28	4	أَوْلِيَآءَ	أَوْلِيَاءَ	1.00	1.00	rec	618.28	620.26
28	5	مِن	مِنْ	1.00	1.00	rec	620.38	620.90
28	6	دُونِ	دُونِ	1.00	1.00	rec	620.98	621.54
28	7	ٱلْمُؤْمِنِينَۖ	الْمُؤْمِنِينَ	1.00	1.00	rec	621.60	623.66
28	8	وَمَن	وَمَنْ	1.00	1.00	rec	624.40	625.34
28	9	يَفْعَلْ	يَفْعَلْ	1.00	1.00	rec	625.38	625.98
28	10	ذَٰلِكَ	ذَٰلِكَ	1.00	1.00	rec	626.08	626.74
28	11	فَلَيْسَ	فَلَيْسَ	1.00	1.00	rec	626.88	627.62
28	12	مِنَ	مِنَ	1.00	1.00	rec	627.74	627.98
28	13	ٱللَّهِ	اللَّهِ	1.00	0.99	rec	628.02	628.72
28	14	فِى	فِي	0.50	1.00	rec	628.94	629.10
28	15	شَىْءٍ	شَيْءٍ	0.67	0.94	rec	629.36	629.82
28	16	إِلَّآ	إِلَّا	1.00	1.00	rec	630.20	630.64
28	17	أَن	أَنْ	1.00	1.00	rec	631.04	631.52
28	18	تَتَّقُوا۟	تَتَّقُوا	1.00	1.00	rec	631.62	632.32
28	19	مِنْهُمْ	مِنْهُمْ	1.00	1.00	rec	632.66	633.40
28	20	تُقَىٰةًۭۗ	تُقَىٰ	0.80	0.89	rec	633.52	633.92
28	21	وَيُحَذِّرُكُمُ	وَيُحَذِّرُكُمُ	1.00	1.00	rec	635.28	636.84
28	22	ٱللَّهُ	اللَّهُ	1.00	1.00	rec	636.92	637.78
28	23	نَفْسَهُۥۗ	نَفْسَهُ	0.80	1.00	rec	637.94	638.62
28	24	وَإِلَى	وَإِلَى	1.00	1.00	rec	639.06	639.58
28	25	ٱللَّهِ	اللَّعَهِي	0.67	0.84	rec	639.62	640.72
28	26	ٱلْمَصِيرُ	الْمَصِيرُ	1.00	1.00	rec	640.78	642.54
29	0	قُلْ	قُلْ	1.00	1.00	rec	643.28	643.64
29	1	إِن	إِنْ	1.00	1.00	rec	643.72	644.46
29	2	تُخْفُوا۟	تُخْفُوا	1.00	1.00	rec	644.60	645.14
29	3	مَا	مَا	1.00	1.00	rec	645.54	645.66
29	4	فِى	فِي	0.50	1.00	rec	646.08	646.24
29	5	صُدُورِكُمْ	صُدُورِكُمْ	1.00	1.00	rec	646.56	647.86
29	6	أَوْ	أَوْ	1.00	1.00	rec	647.98	648.28
29	7	تُبْدُوهُ	تُبْدُوهُ	1.00	1.00	rec	648.44	649.38
29	8	يَعْلَمْهُ	يَعْلَمْهُ	1.00	1.00	rec	649.62	650.48
29	9	ٱللَّهُۗ	اللَّهُ	1.00	1.00	rec	650.56	651.78
29	10	وَيَعْلَمُ	وَيَعْلَمُ	1.00	1.00	rec	652.44	653.26
29	11	مَا	مَا	1.00	1.00	rec	653.44	653.56
29	12	فِى	فِي	0.50	1.00	rec	653.96	654.06
29	13	ٱلسَّمَٰوَٰتِ	السَّمَاوَاتِ	1.00	1.00	rec	654.10	655.42
29	14	وَمَا	وَمَا	1.00	1.00	rec	655.54	655.92
29	15	فِى	فِي	0.50	1.00	rec	656.40	656.52
29	16	ٱلْأَرْضِۗ	الْأَرْضِ	1.00	1.00	rec	656.56	657.32
29	17	وَٱللَّهُ	وَاللَّهُ	1.00	1.00	rec	657.48	658.34
29	18	عَلَىٰ	عَلَىٰ	1.00	1.00	rec	658.50	658.82
29	19	كُلِّ	كُلِّ	1.00	1.00	rec	659.20	659.58
29	20	شَىْءٍۢ	شَيْءٍ	0.67	0.99	rec	659.76	660.24
29	21	قَدِيرٌۭ	قَدِيرٌ	1.00	1.00	rec	661.14	662.50
30	0	يَوْمَ	يَوْمَ	1.00	1.00	rec	663.48	663.88
30	1	تَجِدُ	تَجِدُ	1.00	1.00	rec	664.06	664.64
30	2	كُلُّ	كُلُّ	1.00	1.00	rec	664.86	665.34
30	3	نَفْسٍۢ	نَفْسٍ	1.00	1.00	rec	665.48	665.88
30	4	مَّا	مَا	1.00	1.00	rec	666.84	666.98
30	5	عَمِلَتْ	عَمِلَتْ	1.00	1.00	rec	667.36	668.16
30	6	مِنْ	مِنْ	1.00	1.00	rec	668.24	668.64
30	7	خَيْرٍۢ	خَيْرٍ	1.00	1.00	rec	668.76	669.40
30	8	مُّحْضَرًۭا	مُحْضَرًا	1.00	1.00	rec	670.10	670.92
30	9	وَمَا	وَمَا	1.00	1.00	rec	671.92	672.26
30	10	عَمِلَتْ	عَمِلَتْ	1.00	1.00	rec	672.54	673.28
30	11	مِن	مِنْ	1.00	1.00	rec	673.38	674.08
30	12	سُوٓءٍۢ	سُوءٍ	1.00	1.00	rec	674.24	675.86
30	13	تَوَدُّ	تَوَدُّ	1.00	1.00	rec	676.54	677.24
30	14	لَوْ	لَوْ	1.00	1.00	rec	677.42	677.66
30	15	أَنَّ	أَنَّ	1.00	1.00	rec	677.76	678.48
30	16	بَيْنَهَا	بَيْنَهَا	1.00	1.00	rec	678.62	679.32
30	17	وَبَيْنَهُۥٓ	وَبَيْنَهُ	0.83	1.00	rec	679.82	680.76
30	18	أَمَدًۢا	أَمَدًا	1.00	1.00	rec	681.32	681.90
30	19	بَعِيدًۭاۗ	بَعِيدًا	1.00	1.00	rec	682.74	683.48
30	20	وَيُحَذِّرُكُمُ	وَيُحَذِّبُكُمُ	0.86	1.00	rec	684.36	686.00
30	21	ٱللَّهُ	اللَّهُ	1.00	1.00	rec	686.08	686.98
30	22	نَفْسَهُۥۗ	نَفْسَه	0.80	0.94	rec	687.12	687.70
30	23	وَٱللَّهُ	وَاللَّهُ	1.00	1.00	rec	688.20	689.04
30	24	رَءُوفٌۢ	رَؤْفٌ	0.50	0.98	rec	689.18	689.72
30	25	بِٱلْعِبَادِ		0.00	0.14	forced	690.46	692.70
31	0	قُلْ	قُلْ	1.00	1.00	rec	692.92	693.28
31	1	إِن	إِنْ	1.00	1.00	rec	693.36	693.94
31	2	كُنتُمْ	كُنْتُمْ	1.00	0.99	rec	694.06	695.20
31	3	تُحِبُّونَ	تُحِبُّونَ	1.00	0.93	rec	695.30	696.34
31	4	ٱللَّهَ	اللَّهَ	1.00	0.94	rec	696.38	697.22
31	5	فَٱتَّبِعُونِى	فَاتَّبِعُونِي	0.88	0.98	rec	697.40	698.74
31	6	يُحْبِبْكُمُ	يُحْبِبْكُمُ	1.00	0.96	rec	699.06	699.98
31	7	ٱللَّهُ	اللَّهُ	1.00	1.00	rec	700.06	700.94
31	8	وَيَغْفِرْ	وَيَغْفِلْ	0.80	0.94	rec	701.14	702.02
31	9	لَكُمْ	لَكُمْ	1.00	1.00	rec	702.10	702.58
31	10	ذُنُوبَكُمْۗ	ذُنُوبَكُمْ	1.00	1.00	rec	702.68	703.92
31	11	وَٱللَّهُ	وَاللَّهُ	1.00	1.00	rec	704.62	705.42
31	12	غَفُورٌۭ	غَفُورٌ	1.00	1.00	rec	705.58	706.38
31	13	رَّحِيمٌۭ	رَحِيمٌ	1.00	1.00	rec	706.64	708.34
32	0	قُلْ	قُلْ	1.00	1.00	rec	708.98	709.26
32	1	أَطِيعُوا۟	أَطِيعُوا	1.00	0.99	rec	709.34	710.08
32	2	ٱللَّهَ	اللَّهَ	1.00	0.93	rec	710.12	710.84
32	3	وَٱلرَّسُولَۖ	وَالرَّسُولُ	1.00	0.98	rec	711.00	712.58
32	4	فَإِن	فَإِنْ	1.00	1.00	rec	713.10	714.00
32	5	تَوَلَّوْا۟	تَوَلَّوْا	1.00	1.00	rec	714.12	714.94
32	6	فَإِنَّ	فَإِنَّ	1.00	1.00	rec	715.14	716.34
32	7	ٱللَّهَ	اللَّهَ	1.00	1.00	rec	716.40	717.20
32	8	لَا	لَا	1.00	1.00	rec	717.38	717.50
32	9	يُحِبُّ	يُحِبُّ	1.00	0.98	rec	717.78	718.48
32	10	ٱلْكَٰفِرِينَ	الْكَافِرِينَ	1.00	1.00	rec	718.56	720.90
33	0	إِنَّ	إِنَّ	1.00	0.87	rec	721.62	722.78
33	1	ٱللَّهَ	اللَّهَ	1.00	1.00	rec	722.84	723.68
33	2	ٱصْطَفَىٰٓ		0.00	0.19	forced	723.70	725.32
33	3	ءَادَمَ	ءَ+عَادَمَ	0.80	0.71	rec	725.36	726.22
33	4	وَنُوحًۭا	وَنُوحًا	1.00	1.00	rec	726.32	727.10
33	5	وَءَالَ	وَآلَ	0.75	1.00	rec	728.00	728.90
33	6	إِبْرَٰهِيمَ	إِبْرَاهِيمَ	1.00	1.00	rec	729.00	730.52
33	7	وَءَالَ	وَآلَ	0.75	1.00	rec	730.62	731.28
33	8	عِمْرَٰنَ	عِمْرَانَ	1.00	1.00	rec	731.40	732.26
33	9	عَلَى	عَلَى	1.00	1.00	rec	732.38	732.66
33	10	ٱلْعَٰلَمِينَ	الْعَالَمِينَ	1.00	1.00	rec	732.70	734.56
34	0	ذُرِّيَّةًۢ	ذُرِّيَةً	1.00	1.00	rec	735.30	736.14
34	1	بَعْضُهَا	بَعْضُهَا	1.00	1.00	rec	737.24	738.00
34	2	مِنۢ	مِنْ	1.00	1.00	rec	738.42	739.32
34	3	بَعْضٍۢۗ	بَعْضٍ	1.00	1.00	rec	739.38	739.72
34	4	وَٱللَّهُ	وَاللَّهُ	1.00	1.00	rec	740.34	741.22
34	5	سَمِيعٌ	سَمِيعٌ	1.00	1.00	rec	741.40	742.16
34	6	عَلِيمٌ	عَلِيمٌ	1.00	1.00	rec	742.62	743.94
35	0	إِذْ	إِذْ	1.00	1.00	rec	744.64	744.88
35	1	قَالَتِ	قَالَتِ	1.00	1.00	rec	745.00	745.86
35	2	ٱمْرَأَتُ	امْرَأَتُ	1.00	0.95	rec	745.92	746.80
35	3	عِمْرَٰنَ	عِمْرَانَ	1.00	1.00	rec	759.46	760.44
35	4	رَبِّ	رَبِّ	1.00	1.00	rec	760.58	761.02
35	5	إِنِّى	إِنِّي	0.67	1.00	rec	761.18	762.22
35	6	نَذَرْتُ	نَذَرْتُ	1.00	1.00	rec	762.58	763.30
35	7	لَكَ	لَكَ	1.00	1.00	rec	763.42	763.74
35	8	مَا	مَا	1.00	1.00	rec	763.88	764.00
35	9	فِى	فِي	0.50	1.00	rec	764.40	764.56
35	10	بَطْنِى	بَطْنِهِ	0.75	1.00	rec	764.98	765.78
35	11	مُحَرَّرًۭا	مُحَرَّمًا	0.80	0.93	rec	766.04	766.94
35	12	فَتَقَبَّلْ	فَتَقَبَّلْ	1.00	1.00	rec	767.62	768.76
35	13	مِنِّىٓۖ	مِنِّي	0.67	1.00	rec	768.84	769.70
35	14	إِنَّكَ	إِنَّكَ	1.00	1.00	rec	773.14	774.24
35	15	أَنتَ	أَنْتَ	1.00	1.00	rec	774.34	775.40
35	16	ٱلسَّمِيعُ	السَّمِيعُ	1.00	0.99	rec	775.44	776.24
35	17	ٱلْعَلِيمُ	الْعَلِيمُ	1.00	1.00	rec	776.30	777.90
36	0	فَلَمَّا	فَلَمَّا	1.00	1.00	rec	778.64	780.16
36	1	وَضَعَتْهَا	وَضَعَتْهَا	1.00	0.98	rec	780.56	781.38
36	2	قَالَتْ	قَالَتْ	1.00	1.00	rec	781.86	782.48
36	3	رَبِّ	رَبِّ	1.00	1.00	rec	782.56	782.92
36	4	إِنِّى	إِنِّي	0.67	1.00	rec	783.06	784.08
36	5	وَضَعْتُهَآ	وَضَعْتُهَا	1.00	1.00	rec	784.50	785.46
36	6	أُنثَىٰ	أُنْثَىٰ	1.00	0.90	rec	786.18	786.98
36	7	وَٱللَّهُ	وَاللَّهُ	1.00	1.00	rec	788.18	789.16
36	8	أَعْلَمُ	أَعْلَمُ	1.00	1.00	rec	789.34	789.96
36	9	بِمَا	بِمَا	1.00	1.00	rec	790.14	790.52
36	10	وَضَعَتْ	وَضَعَتْ	1.00	1.00	rec	791.02	791.80
36	11	وَلَيْسَ	وَلَيْسَ	1.00	1.00	rec	792.28	792.90
36	12	ٱلذَّكَرُ	الذَّكَرُ	1.00	0.88	rec	792.96	793.72
36	13	كَٱلْأُنثَىٰۖ	كَالْأُنْثَىٰ	1.00	1.00	rec	793.96	795.60
36	14	وَإِنِّى	وَإِنِّي	0.75	1.00	rec	796.74	798.04
36	15	سَمَّيْتُهَا	سَمَّيْتُهَا	1.00	0.99	rec	798.48	800.28
36	16	مَرْيَمَ	مَرْيَمَ	1.00	0.99	rec	800.88	801.60
36	17	وَإِنِّىٓ	وَإِنِّي	0.75	1.00	rec	802.26	803.32
36	18	أُعِيذُهَا	أُعِيذُهَا	1.00	0.99	rec	803.88	804.96
36	19	بِكَ	بِكَ	1.00	1.00	rec	805.38	805.74
36	20	وَذُرِّيَّتَهَا	وَذُرِّيَّتَهَا	1.00	1.00	rec	805.88	807.46
36	21	مِنَ	مِنَ	1.00	1.00	rec	807.90	808.16
36	22	ٱلشَّيْطَٰنِ	الشَّيْطَانِ	1.00	1.00	rec	808.20	809.50
36	23	ٱلرَّجِيمِ	الرَّجِيمِ	1.00	1.00	rec	809.56	811.14
37	0	فَتَقَبَّلَهَا	فَتَقَبَّلَهَا	1.00	0.99	rec	811.78	813.02
37	1	رَبُّهَا	رَبُّهَا	1.00	1.00	rec	813.38	814.02
37	2	بِقَبُولٍ	بِقَبُولٍ	1.00	0.99	rec	814.36	815.24
37	3	حَسَنٍۢ	حَسَنٍ	1.00	1.00	rec	815.54	816.10
37	4	وَأَنۢبَتَهَا	وَأَنْبَتَهَا	1.00	1.00	rec	816.84	818.34
37	5	نَبَاتًا	نَبَاتًا	1.00	1.00	rec	818.74	819.54
37	6	حَسَنًۭا	حَسَنًا	1.00	1.00	rec	819.94	820.50
37	7	وَكَفَّلَهَا	وَكَفَلَهَا	1.00	1.00	rec	821.70	822.68
37	8	زَكَرِيَّاۖ	زَكَرِيَّاءُ	0.83	1.00	rec	823.08	825.44
37	9	كُلَّمَا	كُلَّ+مَا	1.00	0.99	rec	825.70	826.42
37	10	دَخَلَ	دَخَلَ	1.00	1.00	rec	826.82	827.36
37	11	عَلَيْهَا	عَلَيْهَا	1.00	1.00	rec	827.50	828.22
37	12	زَكَرِيَّا	زَكَرِيَّاءُ	0.83	0.98	rec	828.60	830.70
37	13	ٱلْمِحْرَابَ	الْمِحْرَامَ	0.86	0.95	rec	830.78	831.84
37	14	وَجَدَ	وَجَدَ	1.00	0.94	rec	831.96	832.48
37	15	عِندَهَا	عِنْدَهَا	1.00	1.00	rec	832.60	833.60
37	16	رِزْقًۭاۖ	رِزْقًا	1.00	1.00	rec	833.94	834.50
37	17	قَالَ	قَالَ	1.00	0.99	rec	835.64	836.16
37	18	يَٰمَرْيَمُ	يَا+مَرْيَمُ	1.00	1.00	rec	836.30	837.56
37	19	أَنَّىٰ	أَنَّىٰ	1.00	1.00	rec	837.80	839.18
37	20	لَكِ	لَكِ	1.00	1.00	rec	839.66	840.04
37	21	هَٰذَاۖ	هَـٰذَا	1.00	1.00	rec	840.24	840.86
37	22	قَالَتْ	قَالَتْ	1.00	1.00	rec	841.74	842.58
37	23	هُوَ	هُوَ	1.00	1.00	rec	842.70	842.98
37	24	مِنْ	مِنْ	1.00	1.00	rec	843.16	843.54
37	25	عِندِ	عِنْدِ	1.00	1.00	rec	843.66	844.58
37	26	ٱللَّهِۖ	اللَّهِ	1.00	0.97	rec	844.62	845.58
37	27	إِنَّ	إِنَّ	1.00	1.00	rec	846.16	847.38
37	28	ٱللَّهَ	اللَّهَ	1.00	1.00	rec	847.44	848.32
37	29	يَرْزُقُ	يَرْزُقُ	1.00	1.00	rec	848.50	849.42
37	30	مَن	مَنْ	1.00	1.00	rec	849.68	850.58
37	31	يَشَآءُ	يَشَاءُ	1.00	0.98	rec	850.62	852.66
37	32	بِغَيْرِ	بِغَيْرِ	1.00	1.00	rec	852.84	853.64
37	33	حِسَابٍ	حِسَابٍ	1.00	1.00	rec	853.82	855.12
38	0	هُنَالِكَ	هُنَالِكَ	1.00	0.97	rec	855.78	856.74
38	1	دَعَا	دَعَا	1.00	1.00	rec	856.88	857.20
38	2	زَكَرِيَّا	ذَكْرِيَّاءُ	0.67	0.94	rec	857.64	860.22
38	3	رَبَّهُۥۖ	رَبَّهُ	0.75	1.00	rec	860.36	860.96
38	4	قَالَ	قَالَ	1.00	1.00	rec	861.54	862.14
38	5	رَبِّ	رَبِّ	1.00	0.89	rec	862.24	862.60
38	6	هَبْ	اهَبْ	0.67	0.98	rec	862.70	863.12
38	7	لِى	لِي	0.50	1.00	rec	863.26	863.36
38	8	مِن	مِنْ	1.00	1.00	rec	863.66	863.90
38	9	لَّدُنكَ	لَدُنْكَ	1.00	1.00	rec	863.96	865.16
38	10	ذُرِّيَّةًۭ	ذُرِّيَّةً	1.00	1.00	rec	865.30	866.34
38	11	طَيِّبَةًۖ	طَيِّبَةً	1.00	1.00	rec	867.40	868.28
38	12	إِنَّكَ	إِنَّكَ	1.00	1.00	rec	868.58	869.72
38	13	سَمِيعُ	سَمِيعُ	1.00	1.00	rec	869.90	870.90
38	14	ٱلدُّعَآءِ	الدُّعَاءِ	1.00	1.00	rec	870.96	873.32
39	0	فَنَادَتْهُ	فَنَاَدَتْهُ	1.00	0.87	rec	874.04	874.90
39	1	ٱلْمَلَٰٓئِكَةُ	الْمَلَائِكَةُ	1.00	1.00	rec	875.00	877.50
39	2	وَهُوَ	وَهُوَ	1.00	1.00	rec	877.62	878.06
39	3	قَآئِمٌۭ	قَائِبٌ	0.75	1.00	rec	878.24	880.10
39	4	يُصَلِّى	يُصَلِّي	0.75	0.94	rec	880.84	881.64
39	5	فِى	فِي	0.50	1.00	rec	882.12	882.24
39	6	ٱلْمِحْرَابِ	الْمِحْرَابِ	1.00	1.00	rec	882.30	884.34
39	7	أَنَّ	أَنَّ	1.00	0.94	rec	885.10	886.12
39	8	ٱللَّهَ	اللَّهَ	1.00	1.00	rec	886.18	887.04
39	9	يُبَشِّرُكَ	يُبَشِّرُكَ	1.00	0.99	rec	887.20	888.36
39	10	بِيَحْيَىٰ	بِيَحْيَى	0.83	0.92	rec	888.48	889.24
39	11	مُصَدِّقًۢا	مُصَدِّقًا	1.00	1.00	rec	889.60	890.62
39	12	بِكَلِمَةٍۢ	بِكَلِمَةٍ	1.00	1.00	rec	891.60	892.54
39	13	مِّنَ	مِنَ	1.00	1.00	rec	893.16	893.40
39	14	ٱللَّهِ	اللَّهِ	1.00	1.00	rec	893.46	894.34
39	15	وَسَيِّدًۭا	وَسَيِّدًا	1.00	0.97	rec	894.54	895.56
39	16	وَحَصُورًۭا	وَحَصُورًا	1.00	1.00	rec	898.18	899.32
39	17	وَنَبِيًّۭا	وَنَبِيًا	1.00	1.00	rec	899.80	900.62
39	18	مِّنَ	مِنَ	1.00	1.00	rec	901.42	901.66
39	19	ٱلصَّٰلِحِينَ	الصَّالِحِينَ	1.00	1.00	rec	901.72	903.98
40	0	قَالَ	قَالَ	1.00	1.00	rec	904.94	905.46
40	1	رَبِّ	رَبِّ	1.00	1.00	rec	905.58	905.96
40	2	أَنَّىٰ	أَنَّىٰ	1.00	0.97	rec	906.10	907.06
40	3	يَكُونُ	يَكُونُ	1.00	1.00	rec	907.44	908.26
40	4	لِى	لِي	0.50	1.00	rec	908.42	908.56
40	5	غُلَٰمٌۭ	غُلَامٌ	1.00	1.00	rec	909.00	909.76
40	6	وَقَدْ	وَقَدْ	1.00	1.00	rec	910.58	911.14
40	7	بَلَغَنِىَ	بَلَغَنِيَ	0.80	1.00	rec	911.26	912.24
40	8	ٱلْكِبَرُ	الْكِبَرُ	1.00	1.00	rec	912.30	913.16
40	9	وَٱمْرَأَتِى	وَامْرَأَتِي	0.86	1.00	rec	913.30	914.40
40	10	عَاقِرٌۭۖ	عَاقِرٌ	1.00	1.00	rec	914.84	915.68
40	11	قَالَ	قَالَ	1.00	1.00	rec	916.38	916.96
40	12	كَذَٰلِكَ	كَذَٰلِكَ	1.00	1.00	rec	917.16	918.24
40	13	ٱللَّهُ	اللَّهُ	1.00	1.00	rec	918.30	919.12
40	14	يَفْعَلُ	يَفْعَلُ	1.00	0.96	rec	919.30	920.00
40	15	مَا	مَا	1.00	1.00	rec	920.18	920.30
40	16	يَشَآءُ	يَشَاهَا	0.60	0.86	rec	920.58	921.26
41	0	قَالَ	قَالَ	1.00	1.00	rec	922.80	923.22
41	1	رَبِّ	رَبِّ	1.00	1.00	rec	923.34	923.68
41	2	ٱجْعَل	اجْعَلْ	1.00	1.00	rec	923.74	924.32
41	3	لِّىٓ	لِيَ	0.50	1.00	rec	924.40	924.72
41	4	ءَايَةًۭۖ	آيَةً	0.75	0.95	rec	924.86	925.64
41	5	قَالَ	قَالَ	1.00	1.00	rec	926.40	926.86
41	6	ءَايَتُكَ	آيَتُكَ	0.80	1.00	rec	927.00	928.08
41	7	أَلَّا	أَلَّا	1.00	0.95	rec	928.24	928.76
41	8	تُكَلِّمَ	تُكَلِّمَ	1.00	1.00	rec	929.10	930.04
41	9	ٱلنَّاسَ	النَّاسَ	1.00	0.99	rec	930.10	931.22
41	10	ثَلَٰثَةَ	ثَلَاثَةَ	1.00	1.00	rec	931.38	932.34
41	11	أَيَّامٍ	أَيَّامٍ	1.00	1.00	rec	932.48	933.42
41	12	إِلَّا	إِلَّا	1.00	1.00	rec	933.78	934.28
41	13	رَمْزًۭاۗ	رَمْزًا	1.00	1.00	rec	934.68	935.30
41	14	وَٱذْكُر	وَاذْكُرْ	1.00	1.00	rec	936.40	937.06
41	15	رَّبَّكَ	رَبَّكَ	1.00	1.00	rec	937.16	937.76
41	16	كَثِيرًۭا	كَثِيرًا	1.00	1.00	rec	937.94	938.56
41	17	وَسَبِّحْ	وَسَبِّحْ	1.00	1.00	rec	939.30	940.26
41	18	بِٱلْعَشِىِّ	بِالْعَشِيِّ	0.83	0.99	rec	940.34	941.40
41	19	وَٱلْإِبْكَٰرِ	البْكَابِ	0.62	0.94	rec	941.84	943.40
42	0	وَإِذْ	وَإِذْ	1.00	0.99	rec	944.24	944.66
42	1	قَالَتِ	قَالَتِ	1.00	1.00	rec	944.78	945.44
42	2	ٱلْمَلَٰٓئِكَةُ	الْمَلَائِكَةُ	1.00	1.00	rec	945.48	948.26
42	3	يَٰمَرْيَمُ	يَا+مَرْيَمُ	1.00	1.00	rec	948.40	949.50
42	4	إِنَّ	إِنَّ	1.00	1.00	rec	949.70	950.60
42	5	ٱللَّهَ	اللَّهَ	1.00	0.95	rec	950.66	951.34
42	6	ٱصْطَفَىٰكِ	اصْطَفَاكِ	0.86	0.99	rec	951.42	952.46
42	7	وَطَهَّرَكِ	وَطَهَّرَكِ	1.00	1.00	rec	952.60	953.82
42	8	وَٱصْطَفَىٰكِ	وَاصْطَفَاكِ	0.88	1.00	rec	953.94	955.08
42	9	عَلَىٰ	عَلَىٰ	1.00	1.00	rec	955.20	955.54
42	10	نِسَآءِ	نِسَاءِ	1.00	1.00	rec	955.86	957.80
42	11	ٱلْعَٰلَمِينَ	الْعَالَمِينَ	1.00	1.00	rec	957.84	959.84
43	0	يَٰمَرْيَمُ	يَا+أَمَرْيَمُ	0.86	0.98	rec	961.02	962.36
43	1	ٱقْنُتِى	اقْنُتِي	0.80	0.99	rec	962.44	963.14
43	2	لِرَبِّكِ	لِرَبِّكِ	1.00	1.00	rec	963.50	964.38
43	3	وَٱسْجُدِى	وَاسْجُدِي	0.83	1.00	rec	964.56	965.34
43	4	وَٱرْكَعِى	وَارْكَعِي	0.83	1.00	rec	965.60	966.32
43	5	مَعَ	مَعَ	1.00	1.00	rec	966.68	966.94
43	6	ٱلرَّٰكِعِينَ	الرَّاكِعِينَ	1.00	0.96	rec	967.00	969.26
44	0	ذَٰلِكَ	ذَٰلِكَ	1.00	1.00	rec	969.86	970.60
44	1	مِنْ	مِنْ	1.00	1.00	rec	970.74	971.10
44	2	أَنۢبَآءِ	أَنْبَاءِ	1.00	1.00	rec	971.18	973.30
44	3	ٱلْغَيْبِ	الْغَيْبِ	1.00	1.00	rec	973.36	974.08
44	4	نُوحِيهِ	نُوحِيهِ	1.00	1.00	rec	974.24	975.18
44	5	إِلَيْكَۚ	إِلَيْكَ	1.00	1.00	rec	975.32	976.46
44	6	وَمَا	وَمَا	1.00	1.00	rec	977.00	977.30
44	7	كُنتَ	كُنْتَ	1.00	0.99	rec	977.62	978.62
44	8	لَدَيْهِمْ	لَدَيْهِمْ	1.00	1.00	rec	978.74	979.74
44	9	إِذْ	إِذْ	1.00	1.00	rec	979.86	980.14
44	10	يُلْقُونَ	يُلْقُونَ	1.00	1.00	rec	980.20	981.14
44	11	أَقْلَٰمَهُمْ	أَقْلَامَهُمْ	1.00	0.99	rec	981.26	982.72
44	12	أَيُّهُمْ	أَيُّهُمْ	1.00	1.00	rec	982.82	983.64
44	13	يَكْفُلُ	يَكْفُلُ	1.00	0.99	rec	983.74	984.32
44	14	مَرْيَمَ	مَرْيَمُ	1.00	0.98	rec	984.44	985.10
44	15	وَمَا	وَمَا	1.00	1.00	rec	985.80	986.14
44	16	كُنتَ	كُنْتَ	1.00	1.00	rec	986.48	987.50
44	17	لَدَيْهِمْ	لَدَيْهِمْ	1.00	1.00	rec	987.64	988.70
44	18	إِذْ	إِذْ	1.00	1.00	rec	988.80	989.12
44	19	يَخْتَصِمُونَ	يَخْتَصِمُونَ	1.00	1.00	rec	989.24	991.48
45	0	إِذْ	إِذْ	1.00	1.00	rec	992.28	992.46
45	1	قَالَتِ	قَالَتِ	1.00	1.00	rec	992.56	993.16
45	2	ٱلْمَلَٰٓئِكَةُ	الْمَلَائِكَةُ	1.00	1.00	rec	993.20	996.00
45	3	يَٰمَرْيَمُ	يَعْ+مَرْيَمُ	0.83	0.95	rec	996.22	997.30
45	4	إِنَّ	إِنَّ	1.00	1.00	rec	997.48	998.36
45	5	ٱللَّهَ	اللَّهَ	1.00	1.00	rec	998.42	999.32
45	6	يُبَشِّرُكِ	يُبَشِّرُكِ	1.00	0.95	rec	999.46	1000.60
45	7	بِكَلِمَةٍۢ	بِكَلِمَةٍ	1.00	1.00	rec	1000.72	1001.70
45	8	مِّنْهُ	مِنْهُ	1.00	0.99	rec	1002.82	1003.20
45	9	ٱسْمُهُ	اسْمُهُ	1.00	0.99	rec	1010.16	1010.74
45	10	ٱلْمَسِيحُ	الْمَسِيحُ	1.00	0.99	rec	1010.82	1011.92
45	11	عِيسَى	عِيسَى	1.00	0.90	rec	1012.12	1012.72
45	12	ٱبْنُ	ابْنُ	1.00	0.98	rec	1012.78	1013.12
45	13	مَرْيَمَ	مَرْيَمَ	1.00	1.00	rec	1013.26	1013.96
45	14	وَجِيهًۭا	وَجِيهًا	1.00	1.00	rec	1014.10	1014.82
45	15	فِى	فِي	0.50	1.00	rec	1015.38	1015.50
45	16	ٱلدُّنْيَا	الدُّنْيَا	1.00	1.00	rec	1015.54	1016.18
45	17	وَٱلْءَاخِرَةِ	وَالْآخِرَةِ	0.88	1.00	rec	1016.56	1017.76
45	18	وَمِنَ	وَمِنَ	1.00	1.00	rec	1022.92	1023.36
45	19	ٱلْمُقَرَّبِينَ	الْمُقَرَّبِينَ	1.00	1.00	rec	1023.42	1025.74
46	0	وَيُكَلِّمُ	وَيُكَلِّمُ	1.00	1.00	rec	1026.40	1027.34
46	1	ٱلنَّاسَ	النَّعسَ	0.80	0.97	rec	1027.42	1028.78
46	2	فِى	فِي	0.50	1.00	rec	1028.94	1029.04
46	3	ٱلْمَهْدِ	الْمَهْدِ	1.00	1.00	rec	1029.08	1029.88
46	4	وَكَهْلًۭا	وَكَهْلًا	1.00	1.00	rec	1030.02	1030.84
46	5	وَمِنَ	وَمِنَ	1.00	0.95	rec	1031.76	1032.20
46	6	ٱلصَّٰلِحِينَ	الصَّالِحِينَ	1.00	1.00	rec	1032.26	1034.58
47	0	قَالَتْ	قَالَتْ	1.00	0.94	rec	1035.58	1036.40
47	1	رَبِّ	رَبِّ	1.00	1.00	rec	1036.48	1036.84
47	2	أَنَّىٰ	أَنَّىٰ	1.00	0.99	rec	1036.98	1038.10
47	3	يَكُونُ	يَكُونُ	1.00	1.00	rec	1038.50	1039.42
47	4	لِى	لِي	0.50	1.00	rec	1039.56	1039.66
47	5	وَلَدٌۭ	وَلَدٌ	1.00	1.00	rec	1040.14	1040.62
47	6	وَلَمْ	وَلَمْ	1.00	1.00	rec	1041.22	1041.72
47	7	يَمْسَسْنِى	يَمْسَسْنِي	0.83	1.00	rec	1041.82	1042.64
47	8	بَشَرٌۭۖ	بَشَرٌ	1.00	1.00	rec	1043.20	1043.72
47	9	قَالَ	قَالَ	1.00	0.99	rec	1044.48	1045.06
47	10	كَذَٰلِكِ	كَذَٰلِكِ	1.00	1.00	rec	1045.22	1046.10
47	11	ٱللَّهُ	اللَّهُ	1.00	1.00	rec	1046.14	1046.76
47	12	يَخْلُقُ	يَخْلُقُ	1.00	1.00	rec	1046.90	1047.62
47	13	مَا	مَا	1.00	0.96	rec	1047.78	1047.92
47	14	يَشَآءُۚ	يَشَاءُ	1.00	0.99	rec	1048.10	1050.08
47	15	إِذَا	إِذَا	1.00	1.00	rec	1050.80	1051.08
47	16	قَضَىٰٓ	قَضَىٰ	1.00	1.00	rec	1051.32	1051.64
47	17	أَمْرًۭا	أَمْرًا	1.00	1.00	rec	1052.00	1052.42
47	18	فَإِنَّمَا	فَإِنَّمَا	1.00	1.00	rec	1052.96	1054.00
47	19	يَقُولُ	يَقُولُ	1.00	1.00	rec	1054.20	1054.94
47	20	لَهُۥ	لَهُ	0.67	0.99	rec	1055.06	1055.38
47	21	كُن	كُنْ	1.00	1.00	rec	1056.02	1056.92
47	22	فَيَكُونُ	فَيَكُونُ	1.00	1.00	rec	1057.04	1059.00
48	0	وَنُعَلِّمُهُ	وَنُعَلِّمُهُ	1.00	0.99	rec	1059.76	1060.78
48	1	اُ۬لۡكِتَٰبَ	الْكِتَابَ	1.00	1.00	rec	1060.86	1061.82
48	2	وَاَلۡحِكۡمَةَ	وَالْحِكْمَةَ	1.00	1.00	rec	1061.90	1062.88
48	3	وَاَلتَّوۡر۪ىٰةَ	وَالتَّوْرِيْةَ	0.78	0.98	rec	1062.96	1063.96
48	4	وَاَلۡإِنجِيلَۚ	وَالْإِنْجِيلَ	1.00	1.00	rec	1064.08	1066.32
48	5	وَرَسُولًا	وَرَسُولًا	1.00	1.00	rec	1067.14	1068.06
48	6	إِلَىٰ	إِلَىٰ	1.00	1.00	rec	1068.32	1068.66
48	7	بَنِىٓ	بَنِي	0.67	1.00	rec	1068.96	1069.28
48	8	إِسْرَٰٓءِيلَ	إِسْرَائِيلَ	0.86	1.00	rec	1069.88	1072.32
48	9	أَنِّى	أَنِّي	0.67	1.00	rec	1072.48	1073.34
48	10	قَدْ		0.00	0.00	forced	1073.32	1073.76
48	11	جِئْتُكُم	قَدِّئْتُكُمْ	0.67	0.97	rec	1073.78	1075.58
48	12	بِـَٔايَةٍۢ	بِآيَةٍ	1.00	1.00	rec	1075.64	1076.68
48	13	مِّن	مِنْ	1.00	1.00	rec	1077.52	1077.74
48	14	رَّبِّكُمْۖ	رَبِّكُمْ	1.00	1.00	rec	1077.82	1078.80
48	15	أَنِّىٓ	أَنِّيَ	0.67	0.95	rec	1079.48	1080.72
48	16	أَخْلُقُ	أَخْلُقُ	1.00	1.00	rec	1080.88	1081.64
48	17	لَكُم	لَكُمْ	1.00	1.00	rec	1081.80	1082.64
48	18	مِّنَ	مِنَ	1.00	1.00	rec	1082.72	1082.98
48	19	ٱلطِّينِ	الدِّينِ	0.80	0.95	rec	1083.04	1083.80
48	20	كَهَيْـَٔةِ	كَهَيْئَةِ	0.80	0.99	rec	1084.02	1085.04
48	21	ٱلطَّيْرِ	الضَّيْرِ	0.80	0.93	rec	1085.12	1085.94
48	22	فَأَنفُخُ	فَأَنْفُخُ	1.00	1.00	rec	1086.16	1087.60
48	23	فِيهِ	فِيهِ	1.00	1.00	rec	1087.82	1088.72
48	24	فَيَكُونُ	فَيَكُونُ	1.00	1.00	rec	1091.90	1092.90
48	25	طَيْرًۢا	طَيْرًا	1.00	1.00	rec	1093.12	1093.70
48	26	بِإِذْنِ	بِإِذْنِ	1.00	1.00	rec	1094.26	1094.88
48	27	ٱللَّهِۖ	اللَّهِ	1.00	1.00	rec	1094.94	1095.74
48	28	وَأُبْرِئُ	وَأُبْرِئُ	1.00	1.00	rec	1096.28	1097.08
48	29	ٱلْأَكْمَهَ	الْأَكْمَهَ	1.00	1.00	rec	1097.16	1098.10
48	30	وَٱلْأَبْرَصَ	وَالْأَبْرَصَ	1.00	1.00	rec	1098.24	1099.38
48	31	وَأُحْىِ	وَأُحْيِي	0.60	0.99	rec	1099.54	1100.28
48	32	ٱلْمَوْتَىٰ	الْمَوْتَىٰ	1.00	1.00	rec	1100.38	1101.36
48	33	بِإِذْنِ	بِإِذْنِ	1.00	0.89	rec	1101.76	1102.38
48	34	ٱللَّهِۖ	اللَّهِ	1.00	1.00	rec	1102.44	1103.34
48	35	وَأُنَبِّئُكُم	وَأُنَبِّئُكُمْ	1.00	1.00	rec	1103.92	1105.86
48	36	بِمَا	بِمَا	1.00	1.00	rec	1105.94	1106.28
48	37	تَأْكُلُونَ	تَأْكُلُونَ	1.00	1.00	rec	1106.68	1107.72
48	38	وَمَا	وَمَا	1.00	0.99	rec	1107.84	1108.22
48	39	تَدَّخِرُونَ	تَدَّخِرُونَ	1.00	0.97	rec	1108.64	1109.90
48	40	فِى	فِي	0.50	1.00	rec	1110.08	1110.22
48	41	بُيُوتِكُمْۚ	بُيُوتِكُمْ	1.00	0.98	rec	1110.52	1111.88
48	42	إِنَّ	إِنَّ	1.00	0.92	rec	1112.46	1113.24
48	43	فِى	فِي	0.50	1.00	rec	1113.42	1113.56
48	44	ذَٰلِكَ	ذَٰلِكَ	1.00	1.00	rec	1113.88	1114.64
48	45	لَءَايَةًۭ	لَآيَةً	0.80	1.00	rec	1114.78	1115.70
48	46	لَّكُمْ	لَكُمْ	1.00	1.00	rec	1115.94	1116.50
48	47	إِن	إِنْ	1.00	1.00	rec	1116.62	1117.30
48	48	كُنتُم	كُنْتُمْ	1.00	1.00	rec	1117.42	1119.36
48	49	مُّؤْمِنِينَ	مُؤْمِنِينَ	1.00	1.00	rec	1119.42	1121.32
49	0	وَمُصَدِّقًۭا	وَمُصَدِّقًا	1.00	1.00	rec	1121.90	1122.94
49	1	لِّمَا	لِمَا	1.00	1.00	rec	1123.18	1123.48
49	2	بَيْنَ	بَيْنَ	1.00	1.00	rec	1123.80	1124.20
49	3	يَدَىَّ	يَدَيَّ	0.67	1.00	rec	1124.30	1124.94
49	4	مِنَ	مِنَ	1.00	1.00	rec	1125.04	1125.26
49	5	ٱلتَّوْرَىٰةِ	التَّوْرَيةِ	0.75	0.93	rec	1125.32	1126.34
49	6	وَلِأُحِلَّ	وَلِأُحِلَّ	1.00	1.00	rec	1126.48	1127.52
49	7	لَكُم	لَكُمْ	1.00	1.00	rec	1127.64	1128.74
49	8	بَعْضَ	بَعْضَ	1.00	1.00	rec	1128.82	1129.30
49	9	ٱلَّذِى	الَّذِي	0.75	1.00	rec	1129.36	1129.88
49	10	حُرِّمَ	حُرِّمَ	1.00	1.00	rec	1130.22	1130.88
49	11	عَلَيْكُمْۚ	عَلَيْكُمْ	1.00	1.00	rec	1131.02	1131.96
49	12	وَجِئْتُكُم	وَجِئْتُكُمْ	1.00	1.00	rec	1132.84	1134.26
49	13	بِـَٔايَةٍۢ	بِآيَةٍ	1.00	1.00	rec	1134.32	1135.24
49	14	مِّن	مِنْ	1.00	1.00	rec	1135.88	1136.10
49	15	رَّبِّكُمْ	رَبِّكُمْ	1.00	1.00	rec	1136.18	1137.36
49	16	فَٱتَّقُوا۟	فَاتَّقُوا	1.00	1.00	rec	1137.82	1138.42
49	17	ٱللَّهَ	اللَّهَ	1.00	1.00	rec	1138.50	1139.24
49	18	وَأَطِيعُونِ	وَأَطِيعُونِ	1.00	1.00	rec	1139.40	1141.40
50	0	إِنَّ	إِنَّ	1.00	1.00	rec	1141.90	1143.02
50	1	ٱللَّهَ	اللَّهَ	1.00	1.00	rec	1143.08	1143.84
50	2	رَبِّى	رَبِّي	0.67	1.00	rec	1143.98	1144.46
50	3	وَرَبُّكُمْ	وَرَبُّكُمْ	1.00	1.00	rec	1144.84	1146.00
50	4	فَٱعْبُدُوهُۗ	فَاعْبُدْهُور	0.75	0.89	rec	1146.12	1147.68
50	5	هَٰذَا	هَـٰذَا	1.00	0.99	rec	1148.28	1148.98
50	6	صِرَٰطٌۭ	صِرَاطٌ	1.00	1.00	rec	1149.38	1150.08
50	7	مُّسْتَقِيمٌۭ	مُسْتَقِيمٌ	1.00	0.99	rec	1151.02	1152.92
51	0	فَلَمَّآ	فَلَمَّا	1.00	1.00	rec	1154.62	1155.66
51	1	أَحَسَّ	أَحَسَّ	1.00	1.00	rec	1156.24	1156.82
51	2	عِيسَىٰ	عِيسَىٰ	1.00	1.00	rec	1156.92	1157.42
51	3	مِنْهُمُ	مِنْهُمُ	1.00	1.00	rec	1157.72	1158.30
51	4	ٱلْكُفْرَ	الْكُفْرَ	1.00	1.00	rec	1158.38	1159.06
51	5	قَالَ	قَالَ	1.00	1.00	rec	1159.30	1159.84
51	6	مَنْ	مَنْ	1.00	1.00	rec	1159.98	1160.26
51	7	أَنصَارِىٓ	أَنْصَارِي	0.83	1.00	rec	1160.34	1161.70
51	8	إِلَى	إِلَى	1.00	1.00	rec	1162.16	1162.42
51	9	ٱللَّهِۖ	اللَّهِ	1.00	1.00	rec	1162.46	1163.38
51	10	قَالَ	قَالَ	1.00	1.00	rec	1164.10	1164.46
51	11	ٱلْحَوَارِيُّونَ	الْحَوَارِيُّونَ	1.00	1.00	rec	1164.52	1166.12
51	12	نَحْنُ	نَحْنُ	1.00	1.00	rec	1166.24	1166.60
51	13	أَنصَارُ	أَنْصَارُ	1.00	0.99	rec	1166.80	1168.14
51	14	ٱللَّهِ	اللَّهِ	1.00	1.00	rec	1168.20	1168.94
51	15	ءَامَنَّا	آمَنَّا	0.80	1.00	rec	1169.10	1170.16
51	16	بِٱللَّهِ	بِاللَّهِ	1.00	0.99	rec	1170.44	1171.16
51	17	وَٱشْهَدْ	وَاشْهَدْ	1.00	1.00	rec	1171.26	1171.84
51	18	بِأَنَّا	بِأَنَّا	1.00	1.00	rec	1171.92	1172.90
51	19	مُسْلِمُونَ	مُسْلِمُونَ	1.00	0.97	rec	1173.28	1175.04
52	0	رَبَّنَآ	رَبَّنَا	1.00	1.00	rec	1175.76	1176.34
52	1	ءَامَنَّا	آمَنَّا	0.80	1.00	rec	1176.68	1177.96
52	2	بِمَآ	بِمَا	1.00	1.00	rec	1178.32	1178.68
52	3	أَنزَلْتَ	أَنْزَلْتَ	1.00	1.00	rec	1178.98	1180.18
52	4	وَٱتَّبَعْنَا	وَاتَّبَعْنَا	1.00	1.00	rec	1180.28	1181.28
52	5	ٱلرَّسُولَ	الرَّسُولَ	1.00	1.00	rec	1181.34	1182.46
52	6	فَٱكْتُبْنَا	فَاكْتُبْنَا	1.00	1.00	rec	1182.66	1183.60
52	7	مَعَ	مَعَ	1.00	1.00	rec	1183.92	1184.16
52	8	ٱلشَّٰهِدِينَ	الشَّاهِدِينَ	1.00	1.00	rec	1184.22	1186.40
53	0	وَمَكَرُوا۟	وَمَكَرُوا	1.00	1.00	rec	1187.06	1187.76
53	1	وَمَكَرَ	وَمَكَرَ	1.00	1.00	rec	1188.06	1188.78
53	2	ٱللَّهُۖ	اللَّهُ	1.00	0.99	rec	1188.84	1189.76
53	3	وَٱللَّهُ	وَاللَّهُ	1.00	1.00	rec	1189.90	1190.86
53	4	خَيْرُ	خَيْرُ	1.00	1.00	rec	1191.12	1191.78
53	5	ٱلْمَٰكِرِينَ	الْمَعْكِرِينَ	0.88	0.92	rec	1191.86	1194.08
54	0	إِذْ	إِذْ	1.00	0.99	rec	1195.08	1195.36
54	1	قَالَ	قَالَ	1.00	1.00	rec	1195.48	1196.10
54	2	ٱللَّهُ	اللَّهُ	1.00	0.96	rec	1196.16	1197.02
54	3	يَٰعِيسَىٰٓ	يَا+عِيسَىٰ	1.00	1.00	rec	1197.22	1198.42
54	4	إِنِّى	إِنِّي	0.67	1.00	rec	1198.74	1199.84
54	5	مُتَوَفِّيكَ	مُتَوَفِّيكَ	1.00	1.00	rec	1200.22	1201.66
54	6	وَرَافِعُكَ	وَرَافِعُكَ	1.00	1.00	rec	1201.78	1203.12
54	7	إِلَىَّ	إِلَيَّ	0.67	0.99	rec	1203.28	1203.94
54	8	وَمُطَهِّرُكَ	وَمُطَهِّرُكَ+نَ	0.86	0.87	rec	1204.08	1205.76
54	9	مِنَ	مِنَ	1.00	1.00	rec	1210.20	1210.46
54	10	ٱلَّذِينَ	الَّذِينَ	1.00	0.99	rec	1210.50	1211.40
54	11	كَفَرُوا۟	كَفَرُوا	1.00	1.00	rec	1211.60	1212.14
54	12	وَجَاعِلُ	وَجَاعِلُو	0.83	0.94	rec	1212.38	1213.40
54	13	ٱلَّذِينَ	الَّذِينَ	1.00	1.00	rec	1213.46	1214.28
54	14	ٱتَّبَعُوكَ	اتَّبَعُوكَ	1.00	1.00	rec	1214.34	1215.46
54	15	فَوْقَ	فَوْقَ	1.00	1.00	rec	1215.68	1216.26
54	16	ٱلَّذِينَ	الَّذِينَ	1.00	0.99	rec	1216.32	1217.18
54	17	كَفَرُوٓا۟	كَفَرُوا	1.00	1.00	rec	1217.36	1217.98
54	18	إِلَىٰ	إِلَىٰ	1.00	1.00	rec	1218.52	1218.86
54	19	يَوْمِ	يَوْمِ	1.00	1.00	rec	1219.18	1219.60
54	20	ٱلْقِيَٰمَةِۖ	الْقِيَامَةِ	1.00	1.00	rec	1219.66	1221.00
54	21	ثُمَّ	ثُمَّ	1.00	1.00	rec	1221.62	1222.54
54	22	إِلَىَّ	إِلَيَّ	0.67	0.98	rec	1222.68	1223.24
54	23	مَرْجِعُكُمْ	مَرْدِعُكُمْ	0.83	0.99	rec	1223.34	1224.50
54	24	فَأَحْكُمُ	فَأَحْكُمُ	1.00	1.00	rec	1224.64	1225.44
54	25	بَيْنَكُمْ	بَيْنَكُمْ	1.00	1.00	rec	1225.60	1226.50
54	26	فِيمَا	بِمَا	0.50	0.79	rec	1226.80	1227.18
54	27	كُنتُمْ	كُنْتُمْ	1.00	1.00	rec	1227.40	1228.56
54	28	فِيهِ	فِيهِ	1.00	1.00	rec	1228.70	1229.14
54	29	تَخْتَلِفُونَ	تَخْتَلِفُونَ	1.00	1.00	rec	1229.38	1231.10
55	0	فَأَمَّا	فَأَمَّا	1.00	1.00	rec	1231.74	1232.74
55	1	ٱلَّذِينَ	الَّذِينَ	1.00	1.00	rec	1232.78	1233.46
55	2	كَفَرُوا۟	كَفَرُوا	1.00	1.00	rec	1233.64	1234.14
55	3	فَأُعَذِّبُهُمْ	فَأُعَذِّبُهُمْ	1.00	1.00	rec	1234.54	1236.04
55	4	عَذَابًۭا	عَذَابًا	1.00	1.00	rec	1236.12	1236.80
55	5	شَدِيدًۭا	شَدِيدًا	1.00	1.00	rec	1237.28	1237.92
55	6	فِى	فِي	0.50	1.00	rec	1238.54	1238.66
55	7	ٱلدُّنْيَا	الدُّنْيَا	1.00	1.00	rec	1238.68	1239.42
55	8	وَٱلْءَاخِرَةِ	وَالْآخِرَةِ	0.88	1.00	rec	1239.80	1241.00
55	9	وَمَا	وَمَا	1.00	1.00	rec	1241.60	1241.88
55	10	لَهُم	لَهُمْ	1.00	1.00	rec	1242.08	1242.78
55	11	مِّن	مِنْ	1.00	1.00	rec	1242.84	1243.82
55	12	نَّٰصِرِينَ	عَاصِرِينَ	0.83	1.00	rec	1243.96	1245.62
56	0	وَأَمَّا	وَأَمَّا	1.00	1.00	rec	1246.12	1247.14
56	1	ٱلَّذِينَ	الَّذِينَ	1.00	1.00	rec	1247.20	1248.02
56	2	ءَامَنُوا۟	آمَنُوا	0.83	1.00	rec	1248.14	1248.86
56	3	وَعَمِلُوا۟	وَعَمِلُوا	1.00	0.99	rec	1249.16	1249.82
56	4	ٱلصَّٰلِحَٰتِ	الصَّالِحَاتِ	1.00	1.00	rec	1249.88	1251.28
56	5	فَيُوَفِّيهِمْ	فَنُوَفِّيهِمْ	0.86	1.00	rec	1251.48	1252.96
56	6	أُجُورَهُمْۗ	أُجُورَهُمْ	1.00	1.00	rec	1253.08	1254.26
56	7	وَٱللَّهُ	وَاللَّهُ	1.00	0.99	rec	1254.86	1255.52
56	8	لَا	لَا	1.00	1.00	rec	1255.66	1255.78
56	9	يُحِبُّ	يُحِبُّ	1.00	1.00	rec	1256.18	1256.84
56	10	ٱلظَّٰلِمِينَ	الظَّالِمِينَ	1.00	1.00	rec	1256.92	1259.06
57	0	ذَٰلِكَ	ذَٰلِكَ	1.00	1.00	rec	1259.76	1260.64
57	1	نَتْلُوهُ	نَتْلُوهُ	1.00	1.00	rec	1260.78	1261.76
57	2	عَلَيْكَ	عَلَيْكَ	1.00	1.00	rec	1261.94	1262.74
57	3	مِنَ	مِنَ	1.00	1.00	rec	1262.86	1263.10
57	4	ٱلْءَايَٰتِ	الْآيَاةِ	0.71	0.95	rec	1263.16	1264.66
57	5	وَٱلذِّكْرِ	وَالذِّكْرِ	1.00	1.00	rec	1264.78	1265.66
57	6	ٱلْحَكِيمِ	الْحَكِيمِ	1.00	1.00	rec	1265.72	1267.50
58	0	إِنَّ	إِنَّ	1.00	1.00	rec	1268.00	1268.86
58	1	مَثَلَ	مَثَلَ	1.00	1.00	rec	1268.98	1269.50
58	2	عِيسَىٰ	عِيسَىٰ	1.00	1.00	rec	1269.62	1270.24
58	3	عِندَ	عِنْدَ	1.00	1.00	rec	1270.54	1271.52
58	4	ٱللَّهِ	اللَّهِ	1.00	1.00	rec	1271.58	1272.42
58	5	كَمَثَلِ	كَمَ+ثَلِ	1.00	1.00	rec	1272.68	1273.44
58	6	ءَادَمَۖ	أَعْدَمَ	0.50	1.00	rec	1273.62	1274.40
58	7	خَلَقَهُۥ	خَلَقَهُ+مِنْ	0.67	1.00	rec	1274.60	1276.38
58	8	مِن	مِنْ	1.00	1.00	rec	1279.38	1279.92
58	9	تُرَابٍۢ	تُرَابٍ	1.00	1.00	rec	1280.04	1280.82
58	10	ثُمَّ	ثُمَّ	1.00	1.00	rec	1281.42	1282.12
58	11	قَالَ	قَالَ	1.00	0.99	rec	1282.34	1282.96
58	12	لَهُۥ	لَهُ	0.67	1.00	rec	1283.10	1283.46
58	13	كُن	كُنْ	1.00	1.00	rec	1283.96	1284.72
58	14	فَيَكُونُ	فَيَكُونُ	1.00	0.94	rec	1284.82	1286.46
59	0	ٱلْحَقُّ	الْحَقُّ	1.00	1.00	rec	1287.02	1287.78
59	1	مِن	مِنْ	1.00	1.00	rec	1287.94	1288.18
59	2	رَّبِّكَ	رَبِّكَ	1.00	1.00	rec	1288.24	1288.94
59	3	فَلَا	فَلَا	1.00	1.00	rec	1289.10	1289.42
59	4	تَكُن	تَكُنْ	1.00	1.00	rec	1289.74	1290.80
59	5	مِّنَ	مِنَ	1.00	1.00	rec	1290.84	1291.10
59	6	ٱلْمُمْتَرِينَ	الْمُمْتَدِينَ	0.88	0.98	rec	1291.18	1293.40
60	0	فَمَنْ	فَمَنْ	1.00	1.00	rec	1294.22	1294.74
60	1	حَآجَّكَ	حَادَ+َيَّكَ	0.60	0.77	rec	1294.86	1297.56
60	2	فِيهِ	فِيهِ	1.00	1.00	rec	1297.74	1298.16
60	3	مِنۢ	مِنْ	1.00	0.97	rec	1298.34	1299.14
60	4	بَعْدِ	بَعْدِ	1.00	1.00	rec	1299.24	1299.64
60	5	مَا	مَا	1.00	1.00	rec	1299.80	1299.94
60	6	جَآءَكَ	جَاءَكَ	1.00	1.00	rec	1300.20	1302.14
60	7	مِنَ	مِنَ	1.00	0.96	rec	1302.26	1302.54
60	8	ٱلْعِلْمِ	الْعِلْمِ	1.00	1.00	rec	1302.58	1303.32
60	9	فَقُلْ	فَقُلْ	1.00	1.00	rec	1303.50	1304.04
60	10	تَعَالَوْا۟	تَعَالَوْا	1.00	1.00	rec	1306.54	1307.44
60	11	نَدْعُ	نَدْعُ	1.00	1.00	rec	1307.52	1307.94
60	12	أَبْنَآءَنَا	أَبْنَاءَنَاا	0.88	0.97	rec	1308.10	1310.50
60	13	وَأَبْنَآءَكُمْ	وَأَبْنَاءَكُمْ	1.00	1.00	rec	1310.68	1313.26
60	14	وَنِسَآءَنَا	وَنِسَاءَنََا	1.00	0.94	rec	1313.40	1315.74
60	15	وَنِسَآءَكُمْ	وَنِسَاءَكُمْ	1.00	0.98	rec	1316.02	1318.48
60	16	وَأَنفُسَنَا	وَأَنْفُسَنَا	1.00	1.00	rec	1318.58	1320.24
60	17	وَأَنفُسَكُمْ	وَأَنْفُسَكُمْ	1.00	1.00	rec	1324.12	1326.00
60	18	ثُمَّ	ثُمَّ	1.00	1.00	rec	1326.16	1327.14
60	19	نَبْتَهِلْ	نَبْتَهِلْ	1.00	1.00	rec	1327.30	1328.36
60	20	فَنَجْعَل	فَنَجْعَلْ	1.00	1.00	rec	1328.46	1329.44
60	21	لَّعْنَتَ	لَعْنَةَ	0.75	0.97	rec	1329.54	1330.22
60	22	ٱللَّهِ	اللَّهِ	1.00	1.00	rec	1330.28	1331.04
60	23	عَلَى	عَلَى	1.00	1.00	rec	1331.18	1331.46
60	24	ٱلْكَٰذِبِينَ	الْكَاذِبِينَ	1.00	1.00	rec	1331.50	1333.88
61	0	إِنَّ	إِنَّ	1.00	1.00	rec	1334.46	1335.30
61	1	هَٰذَا	هَـٰذَا	1.00	1.00	rec	1335.44	1336.16
61	2	لَهُوَ	لَهُوَ	1.00	1.00	rec	1336.48	1336.90
61	3	ٱلْقَصَصُ	الْقَصَصُ	1.00	1.00	rec	1336.94	1337.74
61	4	ٱلْحَقُّۚ	الْحَقُّّ	1.00	0.95	rec	1337.80	1338.40
61	5	وَمَا	وَمَا	1.00	1.00	rec	1339.34	1339.66
61	6	مِنْ	مِنْ	1.00	1.00	rec	1339.92	1340.22
61	7	إِلَٰهٍ	إِلَـٰهٍ	1.00	1.00	rec	1340.28	1341.04
61	8	إِلَّا	إِلَّا	1.00	0.98	rec	1341.38	1341.82
61	9	ٱللَّهُۚ	اللَّهُ	1.00	1.00	rec	1341.86	1343.00
61	10	وَإِنَّ	وَإِنَّ	1.00	1.00	rec	1343.50	1344.56
61	11	ٱللَّهَ	اللَّهَ	1.00	1.00	rec	1344.60	1345.34
61	12	لَهُوَ	لَهُوَ	1.00	0.96	rec	1345.46	1345.90
61	13	ٱلْعَزِيزُ	الْعَزِيزُ	1.00	1.00	rec	1345.96	1347.12
61	14	ٱلْحَكِيمُ	الْحَكِيمُ	1.00	1.00	rec	1347.16	1348.74
62	0	فَإِن	فَإِنْ	1.00	0.98	rec	1349.28	1350.18
62	1	تَوَلَّوْا۟	تَوَلَّوْا	1.00	1.00	rec	1350.30	1351.16
62	2	فَإِنَّ	فَإِنَّ	1.00	1.00	rec	1351.44	1352.72
62	3	ٱللَّهَ	اللَّهَ	1.00	0.96	rec	1352.78	1353.56
62	4	عَلِيمٌۢ	عَلِيمٌ	1.00	1.00	rec	1353.68	1354.34
62	5	بِٱلْمُفْسِدِينَ	بِالْمُفْسِدِينَ	1.00	1.00	rec	1355.12	1357.20
63	0	قُلْ	قُلْ	1.00	1.00	rec	1358.12	1358.42
63	1	يَٰٓأَهْلَ	يَا+أَهْلَ	1.00	1.00	rec	1358.58	1359.54
63	2	ٱلْكِتَٰبِ	الْكِتَابِ	1.00	1.00	rec	1359.62	1360.52
63	3	تَعَالَوْا۟	تَعَالَوْا	1.00	1.00	rec	1360.72	1361.54
63	4	إِلَىٰ	إِلَىٰ	1.00	1.00	rec	1361.72	1362.04
63	5	كَلِمَةٍۢ	كَلِمَةٍ	1.00	1.00	rec	1362.38	1363.14
63	6	سَوَآءٍۭ	سَوَاءٍ	1.00	1.00	rec	1363.76	1365.44
63	7	بَيْنَنَا	بَيْنَنَا	1.00	1.00	rec	1365.98	1366.76
63	8	وَبَيْنَكُمْ	وَبَيْنَكُمْ	1.00	1.00	rec	1367.14	1368.30
63	9	أَلَّا	أَلَّا	1.00	1.00	rec	1369.14	1369.58
63	10	نَعْبُدَ	نَعْبُدْ	1.00	0.99	rec	1369.92	1370.54
63	11	إِلَّا	إِلَّا	1.00	0.99	rec	1370.68	1371.14
63	12	ٱللَّهَ	اللَّهَ	1.00	1.00	rec	1371.18	1371.88
63	13	وَلَا	وَلَا	1.00	1.00	rec	1372.02	1372.34
63	14	نُشْرِكَ	نُشْرِكَ	1.00	1.00	rec	1372.58	1373.24
63	15	بِهِۦ	بِهِ	0.67	1.00	rec	1373.36	1373.64
63	16	شَيْـًۭٔا	شَيْئًا	0.75	1.00	rec	1374.12	1374.66
63	17	وَلَا	وَلَا	1.00	1.00	rec	1375.72	1376.02
63	18	يَتَّخِذَ	يَتَّخِذَ	1.00	1.00	rec	1376.24	1377.12
63	19	بَعْضُنَا	بَعْضُنَا	1.00	1.00	rec	1377.28	1378.00
63	20	بَعْضًا	بَعْضًا	1.00	1.00	rec	1378.36	1378.80
63	21	أَرْبَابًۭا	أَرْبَابًا	1.00	1.00	rec	1379.14	1380.00
63	22	مِّن	مِنْ	1.00	1.00	rec	1380.54	1381.16
63	23	دُونِ	دُونِ	1.00	1.00	rec	1381.28	1381.86
63	24	ٱللَّهِۚ	اللَّهِ	1.00	1.00	rec	1381.90	1382.70
63	25	فَإِن	فَإِنْ	1.00	1.00	rec	1383.24	1384.16
63	26	تَوَلَّوْا۟	تَوَلَّوْا	1.00	1.00	rec	1384.26	1385.02
63	27	فَقُولُوا۟	فَقُولُوا	1.00	1.00	rec	1385.16	1385.88
63	28	ٱشْهَدُوا۟	اشْهَدُوا	1.00	0.95	rec	1385.90	1386.54
63	29	بِأَنَّا	بِأَنَّعَا	0.80	1.00	rec	1386.96	1388.10
63	30	مُسْلِمُونَ	مُسْلِمُونَ	1.00	1.00	rec	1388.42	1390.00
64	0	يَٰٓأَهْلَ	يَا+أَهْلَ	1.00	1.00	rec	1391.14	1392.06
64	1	ٱلْكِتَٰبِ	الْكِتَابِ	1.00	0.96	rec	1392.12	1393.08
64	2	لِمَ	لِمَ	1.00	1.00	rec	1393.20	1393.48
64	3	تُحَآجُّونَ	تُحَاجُّونَ	1.00	1.00	rec	1393.66	1396.74
64	4	فِىٓ	فِي	0.50	1.00	rec	1396.94	1397.08
64	5	إِبْرَٰهِيمَ	إِبْرَاهِيمَ	1.00	1.00	rec	1397.38	1398.76
64	6	وَمَآ	وَمَا	1.00	1.00	rec	1398.90	1399.26
64	7	أُنزِلَتِ	أُنْزِلَتِ	1.00	1.00	rec	1399.58	1400.58
64	8	ٱلتَّوْرَىٰةُ	التَّوْرِيةُ	0.75	0.94	rec	1400.64	1401.62
64	9	وَٱلْإِنجِيلُ	وَالْإِنْجِيلُ	1.00	1.00	rec	1401.74	1403.54
64	10	إِلَّا	إِلَّا	1.00	1.00	rec	1403.68	1404.12
64	11	مِنۢ	مِنْ	1.00	1.00	rec	1404.38	1405.18
64	12	بَعْدِهِۦٓۚ	بَعْدِهِ	0.80	1.00	rec	1405.24	1405.84
64	13	أَفَلَا	أَفَلَا	1.00	1.00	rec	1406.44	1406.92
64	14	تَعْقِلُونَ	تَعْقِلُونَ	1.00	1.00	rec	1407.36	1409.28
65	0	هَٰٓأَنتُمْ	هَا+أَنْتُمْ	1.00	1.00	rec	1410.00	1411.68
65	1	هَٰٓؤُلَآءِ	هَـٰؤُلَاءِ	1.00	1.00	rec	1411.78	1414.02
65	2	حَٰجَجْتُمْ	حَاجِجْتُمْ	1.00	0.99	rec	1414.18	1415.26
65	3	فِيمَا	فِي+مَا	1.00	1.00	rec	1415.40	1415.88
65	4	لَكُم	لَكُمْ	1.00	1.00	rec	1416.10	1417.02
65	5	بِهِۦ	بِهِ	0.67	1.00	rec	1417.10	1417.36
65	6	عِلْمٌۭ	عِلْمٌ	1.00	1.00	rec	1417.70	1418.06
65	7	فَلِمَ	فَلِمَ	1.00	1.00	rec	1418.78	1419.22
65	8	تُحَآجُّونَ	تُحَاجُّونَ	1.00	1.00	rec	1419.38	1422.88
65	9	فِيمَا	فِيمَا	1.00	1.00	rec	1423.08	1423.64
65	10	لَيْسَ	لَيْسَ	1.00	1.00	rec	1423.96	1424.44
65	11	لَكُم	لَكُمْ	1.00	1.00	rec	1424.58	1425.88
65	12	بِهِۦ	بِهِ	0.67	1.00	rec	1425.96	1426.26
65	13	عِلْمٌۭۚ	عِلْمٌ	1.00	1.00	rec	1426.66	1427.02
65	14	وَٱللَّهُ	وَاللَّهُ	1.00	1.00	rec	1427.68	1428.58
65	15	يَعْلَمُ	يَعْلَمُ	1.00	1.00	rec	1428.76	1429.38
65	16	وَأَنتُمْ	وَأَنْتُمْ	1.00	1.00	rec	1429.50	1430.82
65	17	لَا	لَا	1.00	1.00	rec	1430.90	1431.02
65	18	تَعْلَمُونَ	تَعْلَمُونَ	1.00	1.00	rec	1431.38	1433.22
66	0	مَا	مَا	1.00	1.00	rec	1433.76	1433.88
66	1	كَانَ	كَانَ	1.00	1.00	rec	1434.24	1434.82
66	2	إِبْرَٰهِيمُ	إِبْرَاهِيمُ	1.00	1.00	rec	1434.96	1436.44
66	3	يَهُودِيًّۭا	يَهُودِيًّا	1.00	0.99	rec	1436.64	1438.02
66	4	وَلَا	وَلَا	1.00	1.00	rec	1438.60	1438.94
66	5	نَصْرَانِيًّۭا	نَصْرَانِيًّا	1.00	0.93	rec	1439.42	1440.96
66	6	وَلَٰكِن	وَلَـٰكِنْ	1.00	1.00	rec	1441.82	1443.34
66	7	كَانَ	كَانَ	1.00	0.88	rec	1443.46	1444.00
66	8	حَنِيفًۭا	حَنِيفًا	1.00	1.00	rec	1444.18	1445.06
66	9	مُّسْلِمًۭا	مُسْلِمًا	1.00	1.00	rec	1445.96	1446.58
66	10	وَمَا	وَمَا	1.00	1.00	rec	1447.24	1447.56
66	11	كَانَ	كَانَ	1.00	1.00	rec	1447.88	1448.42
66	12	مِنَ	مِنَ	1.00	1.00	rec	1448.50	1448.74
66	13	ٱلْمُشْرِكِينَ	الْمُشْرِكِ	0.75	0.98	rec	1448.80	1449.82
67	0	إِنَّ	إِنَّ	1.00	1.00	rec	1452.70	1453.80
67	1	أَوْلَى	أَوْلَى	1.00	1.00	rec	1453.96	1454.40
67	2	ٱلنَّاسِ	النَّاسِ	1.00	1.00	rec	1454.44	1455.76
67	3	بِإِبْرَٰهِيمَ	بِإِبْرَاهِيمَ	1.00	1.00	rec	1455.90	1457.28
67	4	لَلَّذِينَ	لَلَّذِينَ	1.00	1.00	rec	1457.38	1458.28
67	5	ٱتَّبَعُوهُ	اتَّبَعُوهُ	1.00	1.00	rec	1458.34	1459.38
67	6	وَهَٰذَا	وَهَـٰذَا	1.00	0.95	rec	1459.52	1460.20
67	7	ٱلنَّبِىُّ	النَّبِيُّ	0.80	1.00	rec	1460.24	1461.40
67	8	وَٱلَّذِينَ	وَالَّذِينَ	1.00	1.00	rec	1461.54	1462.46
67	9	ءَامَنُوا۟ۗ	آمَنُوا	0.83	0.99	rec	1462.60	1463.36
67	10	وَٱللَّهُ	وَاللَّهُ	1.00	1.00	rec	1464.30	1465.12
67	11	وَلِىُّ	وَلِيُّ	0.67	0.96	rec	1465.26	1465.92
67	12	ٱلْمُؤْمِنِينَ	الْمُؤْمِنِينَ	1.00	1.00	rec	1466.00	1467.82
68	0	وَدَّت	وَدَّتْ	1.00	1.00	rec	1468.48	1469.04
68	1	طَّآئِفَةٌۭ	طَائِفَةٌ	1.00	1.00	rec	1469.14	1471.74
68	2	مِّنْ	مِنْ	1.00	1.00	rec	1472.48	1472.78
68	3	أَهْلِ	أَهْلِ	1.00	1.00	rec	1472.88	1473.22
68	4	ٱلْكِتَٰبِ	الْكِتَابِ	1.00	1.00	rec	1473.28	1474.22
68	5	لَوْ	لَوْ	1.00	1.00	rec	1474.38	1474.76
68	6	يُضِلُّونَكُمْ	يُضِلُّونَكُمْ	1.00	1.00	rec	1474.84	1476.60
68	7	وَمَا	وَمَا	1.00	1.00	rec	1477.24	1477.56
68	8	يُضِلُّونَ	يُضِلُّونَ	1.00	1.00	rec	1477.80	1478.86
68	9	إِلَّآ	إِلَّا	1.00	1.00	rec	1479.00	1479.46
68	10	أَنفُسَهُمْ	أَنْفُسَهُمْ	1.00	1.00	rec	1479.92	1481.52
68	11	وَمَا	وَمَا	1.00	1.00	rec	1481.62	1481.98
68	12	يَشْعُرُونَ	يَشْعُرُونَ	1.00	1.00	rec	1482.30	1484.26
69	0	يَٰٓأَهْلَ	يَا+أَهْلَ	1.00	1.00	rec	1486.06	1487.20
69	1	ٱلْكِتَٰبِ	الْكِتَابِ	1.00	1.00	rec	1487.28	1488.46
69	2	لِمَ	لِمَ	1.00	1.00	rec	1488.60	1488.88
69	3	تَكْفُرُونَ	تَكْفُرُونَ	1.00	1.00	rec	1489.08	1490.12
69	4	بِـَٔايَٰتِ	بِآيَاتِ	1.00	0.99	rec	1490.24	1491.52
69	5	ٱللَّهِ	اللَّهِ	1.00	1.00	rec	1491.58	1492.32
69	6	وَأَنتُمْ	وَأَنْتُمْ	1.00	1.00	rec	1492.48	1494.06
69	7	تَشْهَدُونَ	تَشْهَدُونَ	1.00	1.00	rec	1494.16	1495.82
70	0	يَٰٓأَهْلَ	يَا+أَهْلَ	1.00	1.00	rec	1496.52	1497.50
70	1	ٱلْكِتَٰبِ	الْكِتَابِ	1.00	0.99	rec	1497.56	1498.56
70	2	لِمَ	لِمَ	1.00	1.00	rec	1498.70	1498.96
70	3	تَلْبِسُونَ	تَلْبِسُونَ	1.00	1.00	rec	1499.16	1500.30
70	4	ٱلْحَقَّ	الْحَقَّ	1.00	0.99	rec	1500.36	1501.06
70	5	بِٱلْبَٰطِلِ	بِالْبَاطِلِ	1.00	0.95	rec	1501.20	1502.58
70	6	وَتَكْتُمُونَ	وَتَكْتُمُونَ	1.00	1.00	rec	1503.10	1504.06
70	7	ٱلْحَقَّ	الْحَقَّ	1.00	1.00	rec	1504.10	1504.74
70	8	وَأَنتُمْ	وَأَنْتُمْ	1.00	1.00	rec	1504.84	1506.20
70	9	تَعْلَمُونَ	تَعْلَمُونَ	1.00	0.93	rec	1506.34	1507.58
71	0	وَقَالَت	وَقَالَ	0.80	0.99	rec	1508.78	1509.58
71	1	طَّآئِفَةٌۭ	طَائِفَةٌ	1.00	0.97	rec	1509.96	1512.42
71	2	مِّنْ	مِنْ	1.00	1.00	rec	1513.04	1513.30
71	3	أَهْلِ	أَهْلِ	1.00	1.00	rec	1513.38	1513.70
71	4	ٱلْكِتَٰبِ	الْكِتَابِ	1.00	0.97	rec	1513.76	1514.62
71	5	ءَامِنُوا۟	آمِنُوا	0.83	0.99	rec	1514.80	1515.38
71	6	بِٱلَّذِىٓ	بِالَّذِي	0.80	0.98	rec	1515.66	1516.24
71	7	أُنزِلَ	أُنْزِلَ	1.00	1.00	rec	1516.54	1517.38
71	8	عَلَى	عَلَى	1.00	1.00	rec	1517.48	1517.70
71	9	ٱلَّذِينَ	الَّذِينَ	1.00	1.00	rec	1517.74	1518.46
71	10	ءَامَنُوا۟	آمَنُوا	0.83	0.98	rec	1518.60	1519.28
71	11	وَجْهَ	وَجَهَ	1.00	0.95	rec	1532.60	1533.06
71	12	ٱلنَّهَارِ	النَّهِيرِ	0.83	1.00	rec	1533.14	1534.50
71	13	وَٱكْفُرُوٓا۟	وَاكْفُرُوا	1.00	1.00	rec	1534.62	1535.26
71	14	ءَاخِرَهُۥ	آخِرَهُ	0.67	1.00	rec	1535.94	1536.98
71	15	لَعَلَّهُمْ	لَعَلَّهُمْ	1.00	1.00	rec	1537.38	1538.42
71	16	يَرْجِعُونَ	يَرْجِعُونَ	1.00	0.99	rec	1538.48	1540.22
72	0	وَلَا	وَلَا	1.00	1.00	rec	1541.00	1541.30
72	1	تُؤْمِنُوٓا۟	تُؤْمِنُوا	1.00	1.00	rec	1541.50	1542.04
72	2	إِلَّا	إِلَّا	1.00	0.92	rec	1542.28	1542.72
72	3	لِمَن	لِمَنْ	1.00	1.00	rec	1543.00	1543.84
72	4	تَبِعَ	تَبِعَ	1.00	1.00	rec	1543.98	1544.60
72	5	دِينَكُمْ	دِينَكُمْ	1.00	1.00	rec	1544.78	1546.00
72	6	قُلْ	قُلْ	1.00	1.00	rec	1546.68	1546.98
72	7	إِنَّ	إِنَّ	1.00	1.00	rec	1547.04	1548.10
72	8	ٱلْهُدَىٰ	الْهُدَ+عَا	0.83	0.98	rec	1548.16	1549.06
72	9	هُدَى	هُدَى	1.00	1.00	rec	1549.34	1549.66
72	10	ٱللَّهِ	اللَّهُ	1.00	0.93	rec	1549.72	1550.88
72	11	أَن	أَنْ	1.00	1.00	rec	1551.42	1552.34
72	12	يُؤْتَىٰٓ	يُؤْتَىٰ	1.00	0.99	rec	1552.38	1552.96
72	13	أَحَدٌۭ	أَحَدٌ	1.00	1.00	rec	1553.32	1553.84
72	14	مِّثْلَ	مِثْلَ	1.00	1.00	rec	1554.32	1554.74
72	15	مَآ	مَا	1.00	0.98	rec	1554.92	1555.06
72	16	أُوتِيتُمْ	أُوتِيتُمْ	1.00	0.93	rec	1555.64	1556.94
72	17	أَوْ	أَوْ	1.00	1.00	rec	1557.04	1557.30
72	18	يُحَآجُّوكُمْ	يُحَادُ+رَجُّوكُمْ	0.78	0.86	rec	1557.38	1560.88
72	19	عِندَ	عِنْدَ	1.00	1.00	rec	1560.96	1561.76
72	20	رَبِّكُمْۗ	رَبِّكُمْ	1.00	1.00	rec	1561.90	1562.76
72	21	قُلْ	قُلْ	1.00	1.00	rec	1563.48	1563.78
72	22	إِنَّ	إِنَّ	1.00	1.00	rec	1563.84	1564.82
72	23	ٱلْفَضْلَ	الْفَضْلَ	1.00	1.00	rec	1564.88	1565.68
72	24	بِيَدِ	بِيَدِ	1.00	1.00	rec	1565.84	1566.30
72	25	ٱللَّهِ	اللَّهِ	1.00	1.00	rec	1566.34	1567.12
72	26	يُؤْتِيهِ	يُؤْتِيهِ	1.00	1.00	rec	1567.24	1568.00
72	27	مَن	مَنْ	1.00	1.00	rec	1568.14	1568.94
72	28	يَشَآءُۗ	يَشَاءُ	1.00	1.00	rec	1569.00	1571.14
72	29	وَٱللَّهُ	وَاللَّهُ	1.00	0.96	rec	1571.72	1572.46
72	30	وَٰسِعٌ	وَاسِعٌ	1.00	1.00	rec	1572.56	1573.32
72	31	عَلِيمٌۭ	عَلِيمٌ	1.00	1.00	rec	1573.74	1575.00
73	0	يَخْتَصُّ	يَخْتَصُّ	1.00	1.00	rec	1575.68	1576.48
73	1	بِرَحْمَتِهِۦ	بِرَحْمَتِهِ	0.86	1.00	rec	1576.60	1577.60
73	2	مَن		0.00	0.00	forced	1577.94	1578.38
73	3	يَشَآءُۗ	يَشَاءُ	1.00	0.99	rec	1578.46	1580.56
73	4	وَٱللَّهُ	وَاللَّهُ	1.00	1.00	rec	1581.20	1582.06
73	5	ذُو	ذُو	1.00	1.00	rec	1582.26	1582.36
73	6	ٱلْفَضْلِ	الْفَضْلِ	1.00	1.00	rec	1582.40	1583.30
73	7	ٱلْعَظِيمِ	الْعَظِيمِ	1.00	1.00	rec	1583.38	1585.44
74	0	وَمِنْ	وَمِنْ	1.00	1.00	rec	1587.08	1587.52
74	1	أَهْلِ	أَهْلِ	1.00	1.00	rec	1587.58	1587.88
74	2	ٱلْكِتَٰبِ	الْكِتَابِ	1.00	1.00	rec	1587.96	1588.86
74	3	مَنْ	مَنْ	1.00	1.00	rec	1589.02	1589.34
74	4	إِن	إِنْ	1.00	1.00	rec	1589.40	1590.30
74	5	تَأْمَنْهُ	تَأْمَنْهُ	1.00	1.00	rec	1590.40	1591.28
74	6	بِقِنطَارٍۢ	بِقِنْطِالٍ	0.83	0.92	rec	1591.40	1593.04
74	7	يُؤَدِّهِۦٓ	يُؤَدِّهْ	0.80	1.00	rec	1593.62	1594.44
74	8	إِلَيْكَ	إِلَيْكَ	1.00	1.00	rec	1594.54	1595.78
74	9	وَمِنْهُم	وَمِنْهُمْ	1.00	1.00	rec	1596.68	1597.90
74	10	مَّنْ	مَنْ	1.00	1.00	rec	1597.96	1598.28
74	11	إِن	إِنْ	1.00	1.00	rec	1598.36	1599.12
74	12	تَأْمَنْهُ	تَأْمَنْهُ	1.00	0.99	rec	1599.24	1600.06
74	13	بِدِينَارٍۢ	بِدِينَارٍ	1.00	0.99	rec	1600.22	1601.24
74	14	لَّا	لَا	1.00	1.00	rec	1601.56	1601.70
74	15	يُؤَدِّهِۦٓ	يُؤَدِّهْ	0.80	1.00	rec	1601.96	1602.82
74	16	إِلَيْكَ	إِلَيْكَ	1.00	0.99	rec	1602.92	1603.62
74	17	إِلَّا	إِلَّا	1.00	1.00	rec	1603.76	1604.24
74	18	مَا	مَا	1.00	0.99	rec	1604.54	1604.66
74	19	دُمْتَ	دُمْتَ	1.00	1.00	rec	1604.92	1605.40
74	20	عَلَيْهِ	عَلَيْهِ	1.00	1.00	rec	1605.52	1606.24
74	21	قَآئِمًۭاۗ	قَائِمًا	1.00	1.00	rec	1606.48	1608.48
74	22	ذَٰلِكَ	ذَٰلِكَ	1.00	1.00	rec	1609.74	1610.28
74	23	بِأَنَّهُمْ	بِأَنَّهُمْ	1.00	1.00	rec	1610.40	1611.66
74	24	قَالُوا۟	قَالُوا	1.00	1.00	rec	1611.82	1612.40
74	25	لَيْسَ	لَيْسَ	1.00	1.00	rec	1612.68	1613.14
74	26	عَلَيْنَا	عَلَيْنَا	1.00	1.00	rec	1613.26	1613.94
74	27	فِى	فِي	0.50	1.00	rec	1614.32	1614.44
74	28	ٱلْأُمِّيِّۦنَ	الْأُمِّيِّينَ	1.00	0.95	rec	1614.48	1616.38
74	29	سَبِيلٌۭ	سَبِييلَ	0.80	0.94	rec	1616.52	1618.06
74	30	وَيَقُولُونَ	وَيَقُولُونَ	1.00	1.00	rec	1620.88	1622.10
74	31	عَلَى	عَلَى	1.00	1.00	rec	1622.22	1622.46
74	32	ٱللَّهِ	اللَّهِ	1.00	1.00	rec	1622.50	1623.28
74	33	ٱلْكَذِبَ	الْكَذِبَ	1.00	1.00	rec	1623.34	1624.12
74	34	وَهُمْ	وَهُمْ	1.00	1.00	rec	1624.24	1624.74
74	35	يَعْلَمُونَ	يَعْلَمُونَ	1.00	1.00	rec	1624.84	1626.60
75	0	بَلَىٰ	بَلَىٰ	1.00	0.99	rec	1628.20	1628.48
75	1	مَنْ	مَنْ	1.00	0.99	rec	1628.88	1629.14
75	2	أَوْفَىٰ	أَوْفَىٰ	1.00	1.00	rec	1629.26	1629.76
75	3	بِعَهْدِهِۦ	بِعَهْدِهِ	0.83	1.00	rec	1630.12	1630.90
75	4	وَٱتَّقَىٰ	وَاتَّقَىٰ	1.00	0.97	rec	1631.26	1631.94
75	5	فَإِنَّ	فَإِنَّ	1.00	1.00	rec	1632.34	1633.46
75	6	ٱللَّهَ	اللَّهَ	1.00	1.00	rec	1633.50	1634.26
75	7	يُحِبُّ	يُحِبُّ	1.00	1.00	rec	1634.40	1635.04
75	8	ٱلْمُتَّقِينَ	الْمُتَّقِينَ	1.00	1.00	rec	1635.10	1637.32
76	0	إِنَّ	إِنَّ	1.00	1.00	rec	1638.06	1638.84
76	1	ٱلَّذِينَ	الَّذِينَ	1.00	1.00	rec	1638.90	1639.74
76	2	يَشْتَرُونَ	يَشْتَرُونَ	1.00	1.00	rec	1639.84	1640.96
76	3	بِعَهْدِ	بِعَهْدِ	1.00	1.00	rec	1641.08	1641.64
76	4	ٱللَّهِ	اللَّهِ	1.00	0.99	rec	1641.70	1642.42
76	5	وَأَيْمَٰنِهِمْ	وَأَيْمَعَانِهِمْ	0.89	0.94	rec	1642.60	1644.28
76	6	ثَمَنًۭا	ثَمَنًا	1.00	1.00	rec	1644.40	1644.94
76	7	قَلِيلًا	قَلِيلًا	1.00	1.00	rec	1645.70	1646.54
76	8	أُو۟لَٰٓئِكَ	أُولَـٰئِكَ	1.00	0.96	rec	1647.80	1650.00
76	9	لَا	لَا	1.00	1.00	rec	1650.18	1650.30
76	10	خَلَٰقَ	خَلَاقَ	1.00	1.00	rec	1650.66	1651.48
76	11	لَهُمْ	لَهُمْ	1.00	1.00	rec	1651.62	1652.12
76	12	فِى	فِي	0.50	1.00	rec	1652.24	1652.34
76	13	ٱلْءَاخِرَةِ	الْآخِرَةِ	0.86	1.00	rec	1652.38	1653.60
76	14	وَلَا	وَلَا	1.00	0.94	rec	1653.72	1654.06
76	15	يُكَلِّمُهُمُ	يُكَلِّمُهُمُ	1.00	1.00	rec	1654.50	1655.92
76	16	ٱللَّهُ	اللَّهُ	1.00	1.00	rec	1655.98	1656.76
76	17	وَلَا	وَلَا	1.00	1.00	rec	1656.90	1657.28
76	18	يَنظُرُ	يَنْظُرُ	1.00	1.00	rec	1657.62	1658.76
76	19	إِلَيْهِمْ	إِلَيْهِمْ	1.00	1.00	rec	1658.96	1659.94
76	20	يَوْمَ	يَوْمَ	1.00	1.00	rec	1666.54	1666.92
76	21	ٱلْقِيَٰمَةِ	الْقِيَامَةِ	1.00	1.00	rec	1666.98	1668.26
76	22	وَلَا	وَلَا	1.00	1.00	rec	1668.40	1668.72
76	23	يُزَكِّيهِمْ	يُزَكِّيهِمْ	1.00	0.97	rec	1669.04	1670.36
76	24	وَلَهُمْ	وَلَهُمْ	1.00	1.00	rec	1670.46	1671.12
76	25	عَذَابٌ	عَذَابٌ	1.00	1.00	rec	1671.22	1672.02
76	26	أَلِيمٌۭ	أَلِيمٌ	1.00	1.00	rec	1672.42	1673.70
77	0	وَإِنَّ	وَإِنَّ	1.00	1.00	rec	1675.80	1676.86
77	1	مِنْهُمْ	مِنْهُمْ	1.00	1.00	rec	1676.96	1677.58
77	2	لَفَرِيقًۭا	لَفَرِيقًا	1.00	1.00	rec	1677.66	1678.62
77	3	يَلْوُۥنَ	يَلْءُونَ	0.80	0.94	rec	1679.44	1680.42
77	4	أَلْسِنَتَهُم	أَلْسِنَتَهُمْ	1.00	0.99	rec	1680.54	1682.18
77	5	بِٱلْكِتَٰبِ	بِالْكِتَابِ	1.00	1.00	rec	1682.24	1683.40
77	6	لِتَحْسَبُوهُ	لِتَحْسِبُوهُ	1.00	1.00	rec	1683.52	1684.78
77	7	مِنَ	مِنَ	1.00	1.00	rec	1684.92	1685.16
77	8	ٱلْكِتَٰبِ	الْكِتَابِ	1.00	1.00	rec	1685.20	1686.14
77	9	وَمَا	وَمَا	1.00	1.00	rec	1686.26	1686.60
77	10	هُوَ	هُوَ	1.00	1.00	rec	1686.92	1687.22
77	11	مِنَ	مِنْهُ	0.67	0.99	rec	1687.34	1687.66
77	12	ٱلْكِتَٰبِ	الْكِتَابِ	1.00	1.00	rec	1687.80	1689.38
77	13	وَيَقُولُونَ	وَيَقُولُونَ	1.00	1.00	rec	1690.18	1691.40
77	14	هُوَ	هُوَ	1.00	1.00	rec	1691.58	1691.86
77	15	مِنْ	مِنْ	1.00	1.00	rec	1692.00	1692.32
77	16	عِندِ	عِنْدِ	1.00	1.00	rec	1692.40	1693.20
77	17	ٱللَّهِ	اللَّهِ	1.00	0.96	rec	1693.24	1693.96
77	18	وَمَا	وَمَا	1.00	1.00	rec	1694.14	1694.52
77	19	هُوَ	هُوَ	1.00	0.99	rec	1694.96	1695.24
77	20	مِنْ	مِنْ	1.00	1.00	rec	1695.38	1695.72
77	21	عِندِ	عِنْدِ	1.00	1.00	rec	1695.80	1696.70
77	22	ٱللَّهِ	اللَّهِ	1.00	1.00	rec	1696.74	1697.80
77	23	وَيَقُولُونَ	وَيَقُولُونَ	1.00	1.00	rec	1698.36	1699.64
77	24	عَلَى	عَلَى	1.00	1.00	rec	1699.78	1700.04
77	25	ٱللَّهِ	اللَّهِ	1.00	1.00	rec	1700.08	1700.76
77	26	ٱلْكَذِبَ	الْكَذِبَ	1.00	1.00	rec	1700.82	1701.62
77	27	وَهُمْ	وَهُمْ	1.00	1.00	rec	1701.74	1702.24
77	28	يَعْلَمُونَ	يَعْلَمُونَ	1.00	1.00	rec	1702.36	1704.18
78	0	مَا	مَا	1.00	0.92	rec	1705.18	1705.30
78	1	كَانَ	كَانَ	1.00	1.00	rec	1705.58	1706.10
78	2	لِبَشَرٍ	لِبَشَرٍ	1.00	1.00	rec	1706.22	1706.94
78	3	أَن	أَنْ	1.00	1.00	rec	1707.30	1708.30
78	4	يُؤْتِيَهُ	يُؤْتِيَهُ	1.00	0.95	rec	1708.36	1709.34
78	5	ٱللَّهُ	اللَّهُ	1.00	1.00	rec	1709.42	1710.32
78	6	ٱلْكِتَٰبَ	الْكِتَابَ	1.00	1.00	rec	1710.38	1711.52
78	7	وَٱلْحُكْمَ	وَالْحُكْمَ	1.00	1.00	rec	1711.62	1712.56
78	8	وَٱلنُّبُوَّةَ	وَالنُّبُوَّةَ	1.00	1.00	rec	1712.70	1714.26
78	9	ثُمَّ	ثُمَّ	1.00	1.00	rec	1714.46	1715.46
78	10	يَقُولَ	يَقُولَ	1.00	1.00	rec	1715.60	1716.38
78	11	لِلنَّاسِ	لِلنَّاسِ	1.00	1.00	rec	1716.48	1717.94
78	12	كُونُوا۟	كُونُوا	1.00	1.00	rec	1718.12	1718.72
78	13	عِبَادًۭا	عِبَادًا	1.00	1.00	rec	1718.96	1719.84
78	14	لِّى	لِي	0.50	1.00	rec	1720.06	1720.14
78	15	مِن	مِنْ	1.00	1.00	rec	1720.50	1721.16
78	16	دُونِ	دُونِ	1.00	1.00	rec	1721.24	1721.66
78	17	ٱللَّهِ	اللَّهِ	1.00	0.96	rec	1721.72	1722.48
78	18	وَلَٰكِن	وَلَـٰكِنْ	1.00	1.00	rec	1723.50	1725.20
78	19	كُونُوا۟	كُونُوا	1.00	0.99	rec	1725.34	1726.04
78	20	رَبَّٰنِيِّۦنَ	رَبَّانِيِّينَ	1.00	0.97	rec	1726.38	1728.04
78	21	بِمَا	بِمَا	1.00	1.00	rec	1728.14	1728.48
78	22	كُنتُمْ	كُنْتُمْ	1.00	1.00	rec	1728.80	1729.98
78	23	تُعَلِّمُونَ	تَعْلَمُونَ	1.00	1.00	rec	1730.12	1731.14
78	24	ٱلْكِتَٰبَ	الْكِتَابَ	1.00	1.00	rec	1731.18	1732.18
78	25	وَبِمَا	وَبِمَا	1.00	1.00	rec	1732.30	1732.88
78	26	كُنتُمْ	كُنْتُمْ	1.00	1.00	rec	1733.22	1734.48
78	27	تَدْرُسُونَ	تَدْرُسُونَ	1.00	1.00	rec	1734.60	1736.42
79	0	وَلَا	وَلَا	1.00	1.00	rec	1737.38	1737.68
79	1	يَأْمُرَكُمْ	يَأْمُرُكُمْ	1.00	0.98	rec	1738.10	1739.08
79	2	أَن	أَنْ	1.00	1.00	rec	1739.16	1739.74
79	3	تَتَّخِذُوا۟	تَتَّخِذُوا	1.00	0.99	rec	1739.86	1740.76
79	4	ٱلْمَلَٰٓئِكَةَ	الْمَلَائِكَةَ	1.00	1.00	rec	1740.82	1743.04
79	5	وَٱلنَّبِيِّۦنَ	وَالنَّبِيِّينَ	1.00	0.97	rec	1743.14	1745.16
79	6	أَرْبَابًاۗ	أَرْبَابًا	1.00	1.00	rec	1745.30	1746.20
79	7	أَيَأْمُرُكُم	أَيَأْمُرُكُمْ	1.00	1.00	rec	1748.06	1750.02
79	8	بِٱلْكُفْرِ	بِالْكُفْرِ	1.00	1.00	rec	1750.08	1750.84
79	9	بَعْدَ	بَعْدَ	1.00	1.00	rec	1750.98	1751.40
79	10	إِذْ	إِذْ	1.00	1.00	rec	1751.52	1751.78
79	11	أَنتُم	أَنْتُمْ	1.00	1.00	rec	1751.88	1753.66
79	12	مُّسْلِمُونَ	مُسْلِمُونَ	1.00	1.00	rec	1753.70	1755.62
80	0	وَإِذْ	وَإِذْ	1.00	1.00	rec	1756.52	1756.86
80	1	أَخَذَ	أَخَذَ	1.00	1.00	rec	1756.92	1757.38
80	2	ٱللَّهُ	اللَّهُ	1.00	1.00	rec	1757.44	1757.96
80	3	مِيثَٰقَ	مِيثَاقَ	1.00	0.86	rec	1758.08	1758.80
80	4	ٱلنَّبِيِّۦنَ	النَّبِيِّينَ	1.00	1.00	rec	1758.86	1760.48
80	5	لَمَآ	لَمَا	1.00	1.00	rec	1760.64	1760.94
80	6	ءَاتَيْتُكُم	آتَيْتُكُمْ	0.86	1.00	rec	1761.22	1762.62
80	7	مِّن	مِنْ	1.00	1.00	rec	1762.68	1763.24
80	8	كِتَٰبٍۢ	كِتَابٍ	1.00	1.00	rec	1763.34	1764.20
80	9	وَحِكْمَةٍۢ	وَحِكْمَةٍ	1.00	1.00	rec	1764.74	1765.54
80	10	ثُمَّ	ثُمَّ	1.00	1.00	rec	1766.26	1766.84
80	11	جَآءَكُمْ	جَاءَكُمْ	1.00	1.00	rec	1767.02	1768.76
80	12	رَسُولٌۭ	رَسُولٌ	1.00	1.00	rec	1768.84	1769.62
80	13	مُّصَدِّقٌۭ	مُصَدِّقٌ	1.00	1.00	rec	1770.04	1770.96
80	14	لِّمَا	لِمَا	1.00	1.00	rec	1771.24	1771.58
80	15	مَعَكُمْ	مَعَكُمْ	1.00	1.00	rec	1771.94	1772.66
80	16	لَتُؤْمِنُنَّ	لَتُؤْمِنُنَّ	1.00	1.00	rec	1772.74	1774.28
80	17	بِهِۦ	بِهِ	0.67	1.00	rec	1774.44	1774.74
80	18	وَلَتَنصُرُنَّهُۥۚ	وَلَتَنْصُرُنَّهُ	0.89	0.99	rec	1775.14	1778.18
80	19	قَالَ	قَالَ	1.00	1.00	rec	1779.22	1779.76
80	20	ءَأَقْرَرْتُمْ	أََقْرَرْتُمْ	0.86	0.96	rec	1779.94	1781.56
80	21	وَأَخَذْتُمْ	وَأَخَدْ+تُمْ	0.83	0.98	rec	1781.68	1782.92
80	22	عَلَىٰ	عَلَىٰ	1.00	1.00	rec	1783.02	1783.36
80	23	ذَٰلِكُمْ	ذَٰلِكُمْ	1.00	1.00	rec	1783.66	1784.86
80	24	إِصْرِىۖ	إِصْرِي	0.75	1.00	rec	1784.96	1785.44
80	25	قَالُوٓا۟	قَالُوا	1.00	1.00	rec	1786.62	1787.24
80	26	أَقْرَرْنَاۚ	أَقْرَرْنَا	1.00	0.97	rec	1787.88	1788.80
80	27	قَالَ	قَالَ	1.00	1.00	rec	1789.26	1789.84
80	28	فَٱشْهَدُوا۟	فَاشْهَدُوا	1.00	1.00	rec	1789.98	1790.72
80	29	وَأَنَا۠	وَأَنَا	1.00	1.00	rec	1791.00	1791.48
80	30	مَعَكُم	مَعَكُمْ	1.00	1.00	rec	1791.58	1792.88
80	31	مِّنَ	مِنَ	1.00	1.00	rec	1792.94	1793.16
80	32	ٱلشَّٰهِدِينَ	الشَّاهِدِينَ	1.00	0.99	rec	1793.20	1794.90
81	0	فَمَن	فَمَنْ	1.00	1.00	rec	1795.70	1797.10
81	1	تَوَلَّىٰ	تَوَلَّىٰ	1.00	1.00	rec	1797.20	1797.92
81	2	بَعْدَ	بَعْدَ	1.00	1.00	rec	1798.48	1798.88
81	3	ذَٰلِكَ	ذَٰلِكَ	1.00	1.00	rec	1799.04	1799.88
81	4	فَأُو۟لَٰٓئِكَ	فَأُولَـٰئِكَ	1.00	0.96	rec	1800.02	1802.52
81	5	هُمُ	هُمُ	1.00	1.00	rec	1802.64	1802.92
81	6	ٱلْفَٰسِقُونَ	الْفَاسِقُونَ	1.00	0.93	rec	1802.98	1804.62
82	0	أَفَغَيْرَ	أَفَغَيْرَ	1.00	1.00	rec	1806.14	1806.92
82	1	دِينِ	دِينِ	1.00	1.00	rec	1807.06	1807.48
82	2	ٱللَّهِ	اللَّهِ	1.00	1.00	rec	1807.54	1808.22
82	3	يَبْغُونَ	يَبْغُونَ	1.00	0.93	rec	1808.32	1809.84
82	4	وَلَهُۥٓ	وَلَهُ	0.75	1.00	rec	1810.42	1810.90
82	5	أَسْلَمَ	أَسْلَمَ	1.00	1.00	rec	1811.34	1812.00
82	6	مَن	مَنْ	1.00	1.00	rec	1812.14	1812.96
82	7	فِى	فِي	0.50	1.00	rec	1813.04	1813.14
82	8	ٱلسَّمَٰوَٰتِ	السَّمَاوَاتِ	1.00	0.99	rec	1813.18	1814.48
82	9	وَٱلْأَرْضِ	وَالْأَرْضِ	1.00	1.00	rec	1814.64	1815.42
82	10	طَوْعًۭا	طَوْعًا	1.00	1.00	rec	1815.60	1816.04
82	11	وَكَرْهًۭا	وَكَرْهًا	1.00	1.00	rec	1816.80	1817.58
82	12	وَإِلَيْهِ	وَإِلَيْهِ	1.00	1.00	rec	1818.42	1819.22
82	13	يُرْجَعُونَ	تُرْجَعُونَ	0.83	0.99	rec	1819.40	1821.06
83	0	قُلْ	قُلْ	1.00	1.00	rec	1822.10	1822.40
83	1	ءَامَنَّا	آمَنَّا	0.80	1.00	rec	1822.50	1823.88
83	2	بِٱللَّهِ	بِاللَّهِ	1.00	0.93	rec	1824.20	1825.08
83	3	وَمَآ	وَمَا	1.00	1.00	rec	1825.24	1825.58
83	4	أُنزِلَ	أُنْزِلَ	1.00	1.00	rec	1825.84	1826.76
83	5	عَلَيْنَا	عَلَيْنَا	1.00	1.00	rec	1826.88	1827.58
83	6	وَمَآ	وَمَا	1.00	1.00	rec	1827.84	1828.20
83	7	أُنزِلَ	أُنْزِلَ	1.00	1.00	rec	1828.54	1829.48
83	8	عَلَىٰٓ	عَلَىٰ	1.00	1.00	rec	1829.66	1830.02
83	9	إِبْرَٰهِيمَ	إِبْرَاهِيمَ	1.00	1.00	rec	1830.42	1831.84
83	10	وَإِسْمَٰعِيلَ	وَإِسْمَاعِيلَ	1.00	1.00	rec	1831.98	1833.42
83	11	وَإِسْحَٰقَ	وَإِسْحَاقَ	1.00	0.99	rec	1833.54	1834.72
83	12	وَيَعْقُوبَ	وَيَعْقُوبَ	1.00	1.00	rec	1834.88	1836.02
83	13	وَٱلْأَسْبَاطِ	وَال+صبَاقٍ	0.62	0.72	rec	1836.12	1838.16
83	14	وَمَآ	وَمَا	1.00	0.98	rec	1839.46	1839.82
83	15	أُوتِىَ	أُوتِيَ	0.75	1.00	rec	1840.14	1840.80
83	16	مُوسَىٰ	مُوسَىٰ	1.00	1.00	rec	1840.92	1841.52
83	17	وَعِيسَىٰ	وَعِيسَىٰ	1.00	1.00	rec	1841.96	1842.86
83	18	وَٱلنَّبِيُّونَ	وَالنَّبِيُّونَ	1.00	1.00	rec	1843.24	1845.44
83	19	مِن	مِنْ	1.00	1.00	rec	1845.54	1845.78
83	20	رَّبِّهِمْ	رَبِّهِمْ	1.00	1.00	rec	1845.86	1846.90
83	21	لَا	لَا	1.00	1.00	rec	1847.54	1847.64
83	22	نُفَرِّقُ	نُفَرِّقُ	1.00	0.98	rec	1848.04	1849.06
83	23	بَيْنَ	بَيْنَ	1.00	1.00	rec	1849.22	1849.66
83	24	أَحَدٍۢ	أَحَدٍ	1.00	1.00	rec	1849.76	1850.28
83	25	مِّنْهُمْ	مِنْهُمْ	1.00	1.00	rec	1851.12	1851.70
83	26	وَنَحْنُ	وَنَحْنُ	1.00	1.00	rec	1851.80	1852.42
83	27	لَهُۥ	لَهُ	0.67	1.00	rec	1852.56	1852.84
83	28	مُسْلِمُونَ	مُسْلِمُونَ	1.00	1.00	rec	1853.26	1854.98
84	0	وَمَن	وَمَنْ	1.00	1.00	rec	1856.04	1857.14
84	1	يَبْتَغِ	يَبْتَغِ	1.00	1.00	rec	1857.20	1857.96
84	2	غَيْرَ	غَيْرَ	1.00	1.00	rec	1858.14	1858.54
84	3	ٱلْإِسْلَٰمِ	الْإِسْلَعَامِ	0.88	1.00	rec	1858.60	1859.86
84	4	دِينًۭا	دِينًا	1.00	1.00	rec	1860.02	1860.66
84	5	فَلَن	فَلَنْ	1.00	1.00	rec	1861.46	1862.32
84	6	يُقْبَلَ	يُقْبَلَ	1.00	1.00	rec	1862.38	1863.04
84	7	مِنْهُ	مِنْهُ	1.00	1.00	rec	1863.16	1863.62
84	8	وَهُوَ	وَهْوَ	1.00	0.97	rec	1863.76	1864.16
84	9	فِى	فِلَ	0.50	0.81	rec	1864.30	1864.70
84	10	ٱلْءَاخِرَةِ	آخِرَةْ	0.57	1.00	rec	1864.84	1865.72
84	11	مِنَ	مِنَ	1.00	1.00	rec	1865.84	1866.08
84	12	ٱلْخَٰسِرِينَ	الْخَاسِرِينَ	1.00	1.00	rec	1866.12	1867.50
85	0	كَيْفَ	كَيْفَ	1.00	1.00	rec	1869.82	1870.28
85	1	يَهْدِى	يَهْدِ	0.75	1.00	rec	1870.38	1870.74
85	2	ٱللَّهُ	اللَّهُ	1.00	1.00	rec	1870.78	1871.44
85	3	قَوْمًۭا	قَوْمًا	1.00	1.00	rec	1871.64	1872.02
85	4	كَفَرُوا۟	كَفَرُوا	1.00	0.97	rec	1872.58	1873.08
85	5	بَعْدَ	بَعْدَ	1.00	1.00	rec	1873.32	1873.72
85	6	إِيمَٰنِهِمْ	إِيمَانِهِمْ	1.00	1.00	rec	1873.86	1875.36
85	7	وَشَهِدُوٓا۟	وَشَهِدُوا	1.00	0.96	rec	1883.62	1884.46
85	8	أَنَّ	أَنَّ	1.00	0.99	rec	1884.72	1885.64
85	9	ٱلرَّسُولَ	الرَّسُولَ	1.00	0.98	rec	1885.70	1886.84
85	10	حَقٌّۭ	حَقٌّ	1.00	1.00	rec	1891.86	1892.34
85	11	وَجَآءَهُمُ	وَجَاءَهُمُ	1.00	1.00	rec	1892.96	1895.24
85	12	ٱلْبَيِّنَٰتُۚ	الْبَيِّنَاتُ	1.00	1.00	rec	1895.32	1897.02
85	13	وَٱللَّهُ	وَاللَّهُ	1.00	1.00	rec	1897.70	1898.58
85	14	لَا	لَا	1.00	1.00	rec	1898.74	1898.86
85	15	يَهْدِى	يَهْدِي	0.75	0.99	rec	1899.22	1899.66
85	16	ٱلْقَوْمَ	الْقَوْمَ	1.00	1.00	rec	1899.72	1900.58
85	17	ٱلظَّٰلِمِينَ	الظَّالِمِينَ	1.00	1.00	rec	1900.64	1902.82
86	0	أُو۟لَٰٓئِكَ	أُولَـٰئِكَ	1.00	1.00	rec	1904.04	1906.44
86	1	جَزَآؤُهُمْ	جَزَاؤُهُمْ	1.00	1.00	rec	1906.58	1908.80
86	2	أَنَّ	أَنَّ	1.00	1.00	rec	1908.90	1909.74
86	3	عَلَيْهِمْ	عَلَيْهِمْ	1.00	0.98	rec	1909.86	1910.94
86	4	لَعْنَةَ	لَعْنَةَ	1.00	0.99	rec	1911.04	1911.74
86	5	ٱللَّهِ	اللَّهِ	1.00	0.99	rec	1911.78	1912.58
86	6	وَٱلْمَلَٰٓئِكَةِ	وَالْمَلَائِكَةِ	1.00	1.00	rec	1912.72	1915.02
86	7	وَٱلنَّاسِ	وَالنَّاسِ	1.00	0.99	rec	1915.12	1916.46
86	8	أَجْمَعِينَ	أَجْمَعِينَ	1.00	0.97	rec	1916.62	1918.32
87	0	خَٰلِدِينَ	خَالِدِينَ	1.00	1.00	rec	1918.98	1919.94
87	1	فِيهَا	فِيهَا	1.00	1.00	rec	1920.12	1920.70
87	2	لَا	عَلَا	0.67	0.94	rec	1920.86	1921.22
87	3	يُخَفَّفُ	يُخَفَّفُ	1.00	1.00	rec	1921.50	1922.38
87	4	عَنْهُمُ	عَنْهُمُ	1.00	1.00	rec	1922.52	1923.12
87	5	ٱلْعَذَابُ	الْعَذَابُ	1.00	1.00	rec	1923.18	1924.08
87	6	وَلَا	وَلَا	1.00	1.00	rec	1924.20	1924.54
87	7	هُمْ	هُمْ	1.00	1.00	rec	1924.82	1925.12
87	8	يُنظَرُونَ	يُنْظَرُونَ+ن	0.86	0.52	rec	1925.24	1927.34
88	0	إِلَّا	إِلَّا	1.00	0.98	rec	1928.02	1928.36
88	1	ٱلَّذِينَ	الَّذِينَ	1.00	1.00	rec	1928.40	1929.00
88	2	تَابُوا۟	تَابُوا	1.00	1.00	rec	1929.16	1929.62
88	3	مِنۢ	مِنْ	1.00	1.00	rec	1929.88	1930.46
88	4	بَعْدِ	بَعْدِ	1.00	1.00	rec	1930.54	1930.94
88	5	ذَٰلِكَ	ذَٰلِكَ	1.00	1.00	rec	1931.06	1931.74
88	6	وَأَصْلَحُوا۟	وَأَصْلَحُوا	1.00	0.97	rec	1931.84	1932.64
88	7	فَإِنَّ	فَإِنَّ	1.00	1.00	rec	1933.52	1934.52
88	8	ٱللَّهَ	اللَّهَ	1.00	1.00	rec	1934.56	1935.34
88	9	غَفُورٌۭ	غَفُورٌ	1.00	1.00	rec	1935.50	1936.32
88	10	رَّحِيمٌ	رَحِيمٌ	1.00	1.00	rec	1936.54	1938.00
89	0	إِنَّ	إِنَّ	1.00	1.00	rec	1938.56	1939.22
89	1	ٱلَّذِينَ	الَّذِينَ	1.00	1.00	rec	1939.28	1940.04
89	2	كَفَرُوا۟	كَفَرُوا	1.00	1.00	rec	1940.22	1940.74
89	3	بَعْدَ	بَعْدَ	1.00	1.00	rec	1940.98	1941.40
89	4	إِيمَٰنِهِمْ	إِيمَانِهِمْ	1.00	1.00	rec	1941.54	1943.02
89	5	ثُمَّ	ثُمَّ	1.00	1.00	rec	1943.18	1944.22
89	6	ٱزْدَادُوا۟	ازْدَعَادُوا	0.88	0.97	rec	1944.28	1945.16
89	7	كُفْرًۭا	كُفْرًا	1.00	1.00	rec	1945.58	1946.04
89	8	لَّن	لَنْ	1.00	1.00	rec	1946.34	1947.16
89	9	تُقْبَلَ	تُقْبَلَ	1.00	1.00	rec	1947.30	1948.02
89	10	تَوْبَتُهُمْ	تَوْبَتُهُمْ	1.00	1.00	rec	1948.22	1949.56
89	11	وَأُو۟لَٰٓئِكَ	وَأُولَـٰئِكَ	1.00	1.00	rec	1953.46	1956.14
89	12	هُمُ	هُمُ	1.00	1.00	rec	1956.32	1956.60
89	13	ٱلضَّآلُّونَ	الضَّالُّونَ	1.00	0.93	rec	1956.70	1961.30
90	0	إِنَّ	إِنَّ	1.00	0.97	rec	1962.40	1963.58
90	1	ٱلَّذِينَ	الَّذِينَ	1.00	1.00	rec	1963.64	1964.58
90	2	كَفَرُوا۟	كَفَرُوا	1.00	1.00	rec	1964.78	1965.30
90	3	وَمَاتُوا۟	وَمَعَتُوا	0.83	0.95	rec	1965.50	1966.40
90	4	وَهُمْ	وَهُمْ	1.00	1.00	rec	1966.64	1967.24
90	5	كُفَّارٌۭ	كُفَّارٌ	1.00	1.00	rec	1967.38	1968.42
90	6	فَلَن	فَلَنْ	1.00	1.00	rec	1969.06	1969.94
90	7	يُقْبَلَ	يُقْبَلَ	1.00	1.00	rec	1969.98	1970.64
90	8	مِنْ	مِنْ	1.00	1.00	rec	1970.78	1971.10
90	9	أَحَدِهِم	أَحَدِهِمْ	1.00	1.00	rec	1971.16	1972.36
90	10	مِّلْءُ	مِلْءُ	1.00	1.00	rec	1977.06	1977.48
90	11	ٱلْأَرْضِ	الْأَرْضِ	1.00	1.00	rec	1977.54	1978.20
90	12	ذَهَبًۭا	ذَهَبًا	1.00	1.00	rec	1978.34	1978.88
90	13	وَلَوِ	وَلَوِ	1.00	1.00	rec	1979.58	1980.02
90	14	ٱفْتَدَىٰ	افْتَدَىٰ	1.00	0.98	rec	1980.06	1980.64
90	15	بِهِۦٓۗ	بِهِ	0.67	1.00	rec	1980.98	1981.24
90	16	أُو۟لَٰٓئِكَ	أُولَـٰئِكَ	1.00	0.97	rec	1981.94	1984.16
90	17	لَهُمْ	لَهُمْ	1.00	1.00	rec	1984.26	1984.70
90	18	عَذَابٌ	عَذَابٌ	1.00	1.00	rec	1984.78	1985.60
90	19	أَلِيمٌۭ	أَلِيمٌ	1.00	1.00	rec	1985.92	1986.76
90	20	وَمَا	وَمَا	1.00	1.00	rec	1987.36	1987.70
90	21	لَهُم	لَهُمْ	1.00	1.00	rec	1987.94	1988.66
90	22	مِّن	مِنْ	1.00	1.00	rec	1988.72	1989.82
90	23	نَّٰصِرِينَ	نَاصِرِينَ	1.00	0.99	rec	1989.88	1990.90
91	0	لَن	لَنْ	1.00	1.00	rec	1993.54	1994.50
91	1	تَنَالُوا۟	تَنَعَالُوا	0.86	0.89	rec	1994.62	1995.48
91	2	ٱلْبِرَّ	الْبِرَّ	1.00	1.00	rec	1995.52	1996.12
91	3	حَتَّىٰ	حَتَّىٰ	1.00	1.00	rec	1996.30	1996.78
91	4	تُنفِقُوا۟	تُنْفِقُوا	1.00	1.00	rec	1997.16	1998.56
91	5	مِمَّا	مِمَّا	1.00	0.99	rec	1998.92	2000.06
91	6	تُحِبُّونَۚ	تُح+بونِ	1.00	0.76	rec	2000.44	2002.30
92	0	وَمَا	وَمَا	1.00	1.00	rec	2003.38	2003.72
92	1	تُنفِقُوا۟	تُنْفِقُوا	1.00	0.98	rec	2004.12	2005.30
92	2	مِن	مِنْ	1.00	1.00	rec	2005.76	2006.24
92	3	شَىْءٍۢ	شَيْءٍ	0.67	1.00	rec	2006.36	2006.88
92	4	فَإِنَّ	فَإِنَّ	1.00	1.00	rec	2007.44	2008.40
92	5	ٱللَّهَ	اللَّهَ	1.00	1.00	rec	2008.46	2009.22
92	6	بِهِۦ	بِهِ	0.67	1.00	rec	2009.38	2009.66
92	7	عَلِيمٌۭ	عَلِيمٌ	1.00	1.00	rec	2010.20	2011.36
93	0	كُلُّ	كُلُّ	1.00	1.00	rec	2012.42	2012.70
93	1	ٱلطَّعَامِ	الطَّعَامِ	1.00	1.00	rec	2012.78	2013.74
93	2	كَانَ	كَانَ	1.00	1.00	rec	2013.98	2014.58
93	3	حِلًّۭا	حِلًّا	1.00	1.00	rec	2014.76	2015.22
93	4	لِّبَنِىٓ	لِبَنِي	0.75	1.00	rec	2015.48	2016.04
93	5	إِسْرَٰٓءِيلَ	إِسْرَائِيلَ	0.86	1.00	rec	2016.40	2018.96
93	6	إِلَّا	إِلَّا	1.00	1.00	rec	2019.10	2019.58
93	7	مَا	مَا	1.00	1.00	rec	2019.94	2020.06
93	8	حَرَّمَ	حَرَّمَ	1.00	1.00	rec	2020.38	2021.06
93	9	إِسْرَٰٓءِيلُ	إِسْرَائِيلُ	0.86	1.00	rec	2021.28	2023.96
93	10	عَلَىٰ	عَلَىٰ	1.00	1.00	rec	2024.12	2024.46
93	11	نَفْسِهِۦ	نَفْسِهِ	0.80	1.00	rec	2024.80	2025.44
93	12	مِن	مِنْ	1.00	1.00	rec	2032.82	2033.30
93	13	قَبْلِ	قَبْلِ	1.00	1.00	rec	2033.42	2033.88
93	14	أَن	أَنْ	1.00	1.00	rec	2034.04	2034.84
93	15	تُنَزَّلَ	تُنْزَلَ	1.00	1.00	rec	2034.96	2035.98
93	16	ٱلتَّوْرَىٰةُۗ	التَّوْلَاهِ	0.62	0.90	rec	2036.06	2037.42
93	17	قُلْ	قُلْ	1.00	1.00	rec	2038.36	2038.62
93	18	فَأْتُوا۟	فَأْتُوا	1.00	1.00	rec	2038.74	2039.26
93	19	بِٱلتَّوْرَىٰةِ	بِالتَّوْرِيةِ	0.78	0.93	rec	2039.58	2040.74
93	20	فَٱتْلُوهَآ	فَتْلُوهَا	0.86	1.00	rec	2040.90	2041.88
93	21	إِن	إِنْ	1.00	1.00	rec	2042.42	2043.30
93	22	كُنتُمْ	كُنْتُمْ	1.00	0.94	rec	2043.44	2044.78
93	23	صَٰدِقِينَ	صَادِقِينَ	1.00	1.00	rec	2044.92	2047.40
94	0	فَمَنِ	فَمَنِ	1.00	1.00	rec	2049.72	2050.18
94	1	ٱفْتَرَىٰ	افْتَدِي	0.50	0.88	rec	2050.22	2050.76
94	2	عَلَى	عَلَى	1.00	1.00	rec	2051.06	2051.32
94	3	ٱللَّهِ	اللَّهِ	1.00	1.00	rec	2051.36	2052.32
94	4	ٱلْكَذِبَ	الْكَذِبَ	1.00	1.00	rec	2052.38	2053.18
94	5	مِنۢ	مِنْ	1.00	1.00	rec	2053.30	2053.92
94	6	بَعْدِ	بَعْدِ	1.00	1.00	rec	2053.98	2054.40
94	7	ذَٰلِكَ	ذَٰلِكَ	1.00	1.00	rec	2054.54	2055.26
94	8	فَأُو۟لَٰٓئِكَ	فَأُولَـٰئِكَ	1.00	1.00	rec	2055.44	2057.98
94	9	هُمُ	هُمُ	1.00	1.00	rec	2058.10	2058.42
94	10	ٱلظَّٰلِمُونَ	الظَّالِمُونَ	1.00	0.99	rec	2058.50	2061.00
95	0	قُلْ	قُلْ	1.00	1.00	rec	2061.84	2062.18
95	1	صَدَقَ	صَدَقَ	1.00	1.00	rec	2062.40	2062.96
95	2	ٱللَّهُۗ	اللَّهُ	1.00	1.00	rec	2063.02	2063.82
95	3	فَٱتَّبِعُوا۟	فَاتَّبِعُوا	1.00	0.96	rec	2064.08	2064.98
95	4	مِلَّةَ	مِلَّةَ	1.00	1.00	rec	2065.46	2066.24
95	5	إِبْرَٰهِيمَ	إِبْرَاهِيمَ	1.00	0.98	rec	2066.36	2067.76
95	6	حَنِيفًۭا	حَنِيفًا	1.00	1.00	rec	2067.94	2068.84
95	7	وَمَا	وَمَا	1.00	1.00	rec	2069.42	2069.76
95	8	كَانَ	كَانَ	1.00	1.00	rec	2070.08	2070.68
95	9	مِنَ	مِنَ	1.00	1.00	rec	2070.80	2071.04
95	10	ٱلْمُشْرِكِينَ	الْمُِْ+شركين	1.00	0.87	rec	2071.08	2073.30
96	0	إِنَّ	إِنَّ	1.00	1.00	rec	2074.48	2075.54
96	1	أَوَّلَ	أَوَّلَ	1.00	1.00	rec	2075.68	2076.32
96	2	بَيْتٍۢ	بَيْتٍ	1.00	1.00	rec	2076.50	2077.12
96	3	وُضِعَ	وُضِعَ	1.00	1.00	rec	2078.06	2078.64
96	4	لِلنَّاسِ	لِلنَّاسِ	1.00	0.98	rec	2078.80	2080.14
96	5	لَلَّذِى	لَلَّذِي	0.75	1.00	rec	2080.26	2080.92
96	6	بِبَكَّةَ	بِبَكَّةَ	1.00	0.99	rec	2081.20	2082.14
96	7	مُبَارَكًۭا	مُبَارَكًا	1.00	1.00	rec	2082.30	2083.48
96	8	وَهُدًۭى	وَهُدًى	1.00	1.00	rec	2084.04	2084.60
96	9	لِّلْعَٰلَمِينَ	لِلْعَالَمِينَ	1.00	1.00	rec	2084.92	2086.94
97	0	فِيهِ	فِيهِ	1.00	1.00	rec	2087.82	2088.24
97	1	ءَايَٰتٌۢ	آيَاتٌ	0.80	1.00	rec	2088.44	2089.38
97	2	بَيِّنَٰتٌۭ	بَيِّنَاتٌ	1.00	1.00	rec	2090.08	2091.50
97	3	مَّقَامُ	مَقَامُ	1.00	1.00	rec	2092.30	2093.20
97	4	إِبْرَٰهِيمَۖ	إِبْرَاهِيمُ	1.00	1.00	rec	2093.44	2095.68
97	5	وَمَن	وَمَنْ	1.00	1.00	rec	2096.52	2097.64
97	6	دَخَلَهُۥ	دَخَلَهُ	0.80	1.00	rec	2097.76	2098.60
97	7	كَانَ	كَانَ	1.00	1.00	rec	2099.12	2099.62
97	8	ءَامِنًۭاۗ	آمِنًا	0.80	1.00	rec	2099.78	2100.60
97	9	وَلِلَّهِ	وَلِلَّهِ	1.00	1.00	rec	2101.74	2103.06
97	10	عَلَى	عَلَى	1.00	1.00	rec	2103.30	2103.64
97	11	ٱلنَّاسِ	النَّاسِ	1.00	0.96	rec	2103.68	2105.18
97	12	حِجُّ	حَ+يُّ	0.50	0.86	rec	2105.36	2105.90
97	13	ٱلْبَيْتِ	الْبَيْتِ	1.00	1.00	rec	2105.98	2106.82
97	14	مَنِ	مَنِ	1.00	0.98	rec	2106.98	2107.26
97	15	ٱسْتَطَاعَ	تَضَاعَ	0.50	0.91	rec	2107.62	2108.56
97	16	إِلَيْهِ	إِلَيْهِ	1.00	1.00	rec	2108.74	2109.66
97	17	سَبِيلًۭاۚ	سَبِيلًا	1.00	1.00	rec	2109.88	2110.90
97	18	وَمَن	وَمَنْ	1.00	1.00	rec	2112.04	2113.16
97	19	كَفَرَ	كَفَرَ	1.00	1.00	rec	2113.28	2113.82
97	20	فَإِنَّ	فَإِنَّ	1.00	1.00	rec	2114.04	2115.14
97	21	ٱللَّهَ	اللَّهَ	1.00	1.00	rec	2115.20	2116.02
97	22	غَنِىٌّ	غَنِيٌّ	0.67	1.00	rec	2116.22	2116.92
97	23	عَنِ	عَنِ	1.00	1.00	rec	2117.32	2117.60
97	24	ٱلْعَٰلَمِينَ	الْعَالَمِينَ	1.00	1.00	rec	2117.66	2120.02
98	0	قُلْ	قُلْ	1.00	1.00	rec	2120.92	2121.22
98	1	يَٰٓأَهْلَ	يَا+أَهْلَ	1.00	1.00	rec	2121.36	2122.40
98	2	ٱلْكِتَٰبِ	الْكِتَابِ	1.00	1.00	rec	2122.46	2123.58
98	3	لِمَ	لِمَ	1.00	1.00	rec	2123.74	2124.04
98	4	تَكْفُرُونَ	تَكْفُرُونَ	1.00	1.00	rec	2124.26	2125.40
98	5	بِـَٔايَٰتِ	بِآيَاتِ	1.00	1.00	rec	2125.58	2126.90
98	6	ٱللَّهِ	اللَّهِ	1.00	1.00	rec	2126.96	2127.74
98	7	وَٱللَّهُ	وَاللَّهُ	1.00	1.00	rec	2127.90	2128.82
98	8	شَهِيدٌ	شَهِيدٌ	1.00	1.00	rec	2129.02	2129.80
98	9	عَلَىٰ	عَلَىٰ	1.00	1.00	rec	2130.18	2130.54
98	10	مَا	مَا	1.00	1.00	rec	2130.84	2130.98
98	11	تَعْمَلُونَ	تَعْمَلُونَ	1.00	1.00	rec	2131.34	2133.38
99	0	قُلْ	قُلْ	1.00	1.00	rec	2134.24	2134.62
99	1	يَٰٓأَهْلَ	يَا+أَهْلَ	1.00	1.00	rec	2134.74	2135.86
99	2	ٱلْكِتَٰبِ	الْكِتَابِ	1.00	1.00	rec	2135.92	2137.08
99	3	لِمَ	لِمَ	1.00	1.00	rec	2137.24	2137.56
99	4	تَصُدُّونَ	تَصُدُّونَ	1.00	0.94	rec	2137.76	2139.12
99	5	عَن	عَنْ	1.00	1.00	rec	2139.26	2139.88
99	6	سَبِيلِ	سَبِيلِ	1.00	1.00	rec	2139.98	2140.78
99	7	ٱللَّهِ	اللَّهِ	1.00	1.00	rec	2140.84	2141.68
99	8	مَنْ	مَنْ	1.00	1.00	rec	2141.94	2142.26
99	9	ءَامَنَ	آمَنَ	0.75	1.00	rec	2142.34	2142.96
99	10	تَبْغُونَهَا	تَبَغُونَهَا	1.00	1.00	rec	2143.18	2144.42
99	11	عِوَجًۭا	عِوَجًا	1.00	1.00	rec	2144.68	2145.26
99	12	وَأَنتُمْ	وَأَنْتُمْ	1.00	1.00	rec	2145.78	2147.24
99	13	شُهَدَآءُۗ	شُهَدَاءَ	1.00	0.93	rec	2147.36	2149.48
99	14	وَمَا	وَمَا	1.00	1.00	rec	2150.26	2150.54
99	15	ٱللَّهُ	اللَّهُ	1.00	1.00	rec	2150.58	2151.52
99	16	بِغَٰفِلٍ	بِغَافِلٍ	1.00	1.00	rec	2151.72	2152.82
99	17	عَمَّا	عَمَّا	1.00	1.00	rec	2153.18	2154.36
99	18	تَعْمَلُونَ	تَعْمَلُونَ	1.00	1.00	rec	2154.76	2156.66
100	0	يَٰٓأَيُّهَا	يَا+أَيُّهَا	1.00	1.00	rec	2158.60	2159.90
100	1	ٱلَّذِينَ	الَّذِينَ	1.00	1.00	rec	2159.96	2160.88
100	2	ءَامَنُوٓا۟	آامَنُوا	0.83	0.85	rec	2161.06	2161.90
100	3	إِن	إِنْ	1.00	1.00	rec	2162.36	2163.12
100	4	تُطِيعُوا۟	تُطِيعُوا	1.00	1.00	rec	2163.24	2164.16
100	5	فَرِيقًۭا	فَرِيقًا	1.00	1.00	rec	2164.60	2165.36
100	6	مِّنَ	مِنَ	1.00	1.00	rec	2166.12	2166.38
100	7	ٱلَّذِينَ	الَّذِينَ	1.00	1.00	rec	2166.44	2167.30
100	8	أُوتُوا۟	أُوتُوا	1.00	1.00	rec	2167.44	2168.02
100	9	ٱلْكِتَٰبَ	الْكِتَابَ	1.00	1.00	rec	2168.08	2169.06
100	10	يَرُدُّوكُم	يَرُدُّوكُمْ	1.00	1.00	rec	2169.20	2170.74
100	11	بَعْدَ	بَعْدَ	1.00	1.00	rec	2173.68	2174.14
100	12	إِيمَٰنِكُمْ	إِيمَانِكُمْ	1.00	1.00	rec	2174.30	2176.12
100	13	كَٰفِرِينَ	كَافِرِينَ	1.00	0.99	rec	2176.30	2178.54
101	0	وَكَيْفَ	وَكَيْفَ	1.00	1.00	rec	2179.92	2180.60
101	1	تَكْفُرُونَ	تَكْفُرُونَ	1.00	1.00	rec	2180.72	2181.64
101	2	وَأَنتُمْ	وَأَنْتُمْ	1.00	1.00	rec	2181.78	2183.24
101	3	تُتْلَىٰ	تُتْلَىٰ	1.00	0.87	rec	2183.34	2183.86
101	4	عَلَيْكُمْ	عَلَيْكُمْ	1.00	1.00	rec	2184.08	2185.16
101	5	ءَايَٰتُ	آيَاتُ	0.80	1.00	rec	2185.30	2186.16
101	6	ٱللَّهِ	اللَّهِ	1.00	1.00	rec	2186.22	2187.00
101	7	وَفِيكُمْ	وَفِيكُمْ	1.00	1.00	rec	2187.24	2188.40
101	8	رَسُولُهُۥۗ	رَسُولُهُ	0.83	1.00	rec	2188.50	2189.52
101	9	وَمَن	وَمَنْ	1.00	1.00	rec	2190.26	2191.48
101	10	يَعْتَصِم	يَعْتَصِمْ	1.00	1.00	rec	2191.52	2193.20
101	11	بِٱللَّهِ	بِاللَّهِ	1.00	0.99	rec	2193.26	2194.20
101	12	فَقَدْ	فَقَدْ	1.00	0.99	rec	2194.42	2195.04
101	13	هُدِىَ	هُدِيَ	0.67	0.99	rec	2195.20	2195.72
101	14	إِلَىٰ	إِلَىٰ	1.00	1.00	rec	2195.88	2196.22
101	15	صِرَٰطٍۢ	صِرَاطٍ	1.00	1.00	rec	2196.52	2197.26
101	16	مُّسْتَقِيمٍۢ	اْتَقِيم	0.67	0.91	rec	2198.40	2200.12
102	0	يَٰٓأَيُّهَا	يَا+أَيُّهَا	1.00	1.00	rec	2201.40	2202.76
102	1	ٱلَّذِينَ	الَّذِينَ	1.00	1.00	rec	2202.80	2203.78
102	2	ءَامَنُوا۟	آمَنُوا	0.83	1.00	rec	2203.98	2204.80
102	3	ٱتَّقُوا۟	اتَّقُوا	1.00	0.96	rec	2204.86	2205.48
102	4	ٱللَّهَ	اللَّهَ	1.00	1.00	rec	2205.56	2206.42
102	5	حَقَّ	حَقَّ	1.00	0.93	rec	2206.62	2207.12
102	6	تُقَاتِهِۦ	تُقَاتِهِ	0.83	1.00	rec	2207.32	2208.44
102	7	وَلَا	وَلَا	1.00	1.00	rec	2208.90	2209.24
102	8	تَمُوتُنَّ	تَمُوتُنَّ	1.00	1.00	rec	2209.64	2211.22
102	9	إِلَّا	إِلَّا	1.00	1.00	rec	2211.38	2211.86
102	10	وَأَنتُم	وَأَنْتُمْ	1.00	1.00	rec	2212.24	2214.02
102	11	مُّسْلِمُونَ	مُسْلِمُونَ	1.00	0.99	rec	2214.10	2216.24
103	0	وَٱعْتَصِمُوا۟	وَاعْتَصِمُوا	1.00	0.98	rec	2217.24	2218.30
103	1	بِحَبْلِ	بِحَبْلِ	1.00	1.00	rec	2218.68	2219.42
103	2	ٱللَّهِ	اللَّهِ	1.00	1.00	rec	2219.48	2220.20
103	3	جَمِيعًۭا	جَمِيعًا	1.00	1.00	rec	2220.36	2221.14
103	4	وَلَا	وَلَا	1.00	1.00	rec	2222.00	2222.34
103	5	تَفَرَّقُوا۟ۚ	تَفَرَّقُوان	0.86	0.92	rec	2222.80	2224.40
103	6	وَٱذْكُرُوا۟	وَاذْكُرُوا	1.00	1.00	rec	2225.10	2225.82
103	7	نِعْمَتَ	نِعْمَتَ	1.00	1.00	rec	2226.20	2226.98
103	8	ٱللَّهِ	اللَّهِ	1.00	1.00	rec	2227.04	2228.02
103	9	عَلَيْكُمْ	عَلَيْكُمْ	1.00	1.00	rec	2228.18	2229.38
103	10	إِذْ		0.00	0.00	forced	2229.76	2229.84
103	11	كُنتُمْ	كُنْتُمْ	1.00	1.00	rec	2229.94	2231.32
103	12	أَعْدَآءًۭ	أَعْدَاءً	1.00	0.99	rec	2231.42	2233.18
103	13	فَأَلَّفَ	فَأَلَّفَ	1.00	1.00	rec	2234.00	2235.00
103	14	بَيْنَ	بَيْنَ	1.00	0.91	rec	2235.14	2235.62
103	15	قُلُوبِكُمْ	قُلُوبِكُمْ	1.00	1.00	rec	2235.84	2237.24
103	16	فَأَصْبَحْتُم	فَأَصْبَحْتُمْ	1.00	0.99	rec	2241.58	2243.72
103	17	بِنِعْمَتِهِۦٓ	بِنِعْمَتِهِ	0.86	1.00	rec	2243.80	2245.14
103	18	إِخْوَٰنًۭا	إِخْوَانًا	1.00	1.00	rec	2245.96	2247.06
103	19	وَكُنتُمْ	وَكُنْتُمْ	1.00	1.00	rec	2248.08	2249.74
103	20	عَلَىٰ	عَلَىٰ	1.00	1.00	rec	2249.86	2250.22
103	21	شَفَا	شَفَع	0.67	0.90	rec	2250.62	2251.08
103	22	حُفْرَةٍۢ	حُفْرَةٍ	1.00	1.00	rec	2251.52	2252.34
103	23	مِّنَ	مِنَ	1.00	1.00	rec	2253.02	2253.30
103	24	ٱلنَّارِ	النَّيلِ	0.60	0.96	rec	2253.34	2254.38
103	25	فَأَنقَذَكُم	فَأَنْقَذَكُمْ	1.00	1.00	rec	2254.58	2256.98
103	26	مِّنْهَاۗ	مِنْهَا	1.00	0.99	rec	2257.04	2257.60
103	27	كَذَٰلِكَ	كَذَٰلِكَ	1.00	1.00	rec	2258.64	2259.64
103	28	يُبَيِّنُ	يُبَيِّنُ	1.00	1.00	rec	2259.74	2260.72
103	29	ٱللَّهُ	اللَّهُ	1.00	1.00	rec	2260.80	2261.60
103	30	لَكُمْ	لَكُمْ	1.00	1.00	rec	2261.74	2262.32
103	31	ءَايَٰتِهِۦ	آيَاتِهِ	0.71	1.00	rec	2262.42	2263.48
103	32	لَعَلَّكُمْ	لَعَلَّكُمْ	1.00	1.00	rec	2263.84	2265.06
103	33	تَهْتَدُونَ	تَهْتَدُونَ	1.00	1.00	rec	2265.18	2267.04
104	0	وَلْتَكُن	وَلْتَكُنْ	1.00	0.97	rec	2267.92	2269.20
104	1	مِّنكُمْ	مِنْكُمْ	1.00	1.00	rec	2269.26	2270.52
104	2	أُمَّةٌۭ	أُمَّةٌ	1.00	1.00	rec	2270.62	2271.90
104	3	يَدْعُونَ	يَدْعُونَ	1.00	1.00	rec	2272.72	2273.68
104	4	إِلَى	إِلَى	1.00	1.00	rec	2273.84	2274.14
104	5	ٱلْخَيْرِ	الْحَيْرِ	0.80	0.93	rec	2274.20	2275.08
104	6	وَيَأْمُرُونَ	وَيَأْمُرُونَ	1.00	1.00	rec	2275.24	2276.58
104	7	بِٱلْمَعْرُوفِ	بِالْمَعْرُوفِ	1.00	1.00	rec	2276.72	2278.10
104	8	وَيَنْهَوْنَ	وَيَنْهَوْنَ	1.00	1.00	rec	2278.26	2279.46
104	9	عَنِ	عَنِ	1.00	1.00	rec	2279.58	2279.86
104	10	ٱلْمُنكَرِۚ	الْمُنْكَرِ	1.00	0.95	rec	2279.92	2281.66
104	11	وَأُو۟لَٰٓئِكَ	وَأُولَـٰئِكَ	1.00	1.00	rec	2282.26	2285.00
104	12	هُمُ	هُمُ	1.00	1.00	rec	2285.16	2285.44
104	13	ٱلْمُفْلِحُونَ	الْمُفْلِحُونَ	1.00	1.00	rec	2285.52	2287.98
105	0	وَلَا	وَلَا	1.00	1.00	rec	2289.82	2290.08
105	1	تَكُونُوا۟	تَكُونُوا	1.00	1.00	rec	2290.34	2291.12
105	2	كَٱلَّذِينَ	كَالَّذِينَ	1.00	1.00	rec	2291.56	2292.64
105	3	تَفَرَّقُوا۟	اتَفَرَّغُوا	0.71	0.95	rec	2292.70	2293.94
105	4	وَٱخْتَلَفُوا۟	وَاخْتَلَفُوا	1.00	0.98	rec	2294.34	2295.36
105	5	مِنۢ	مِنْ	1.00	1.00	rec	2295.82	2296.60
105	6	بَعْدِ	بَعْدِ	1.00	1.00	rec	2296.70	2297.16
105	7	مَا	مَا	1.00	1.00	rec	2297.32	2297.46
105	8	جَآءَهُمُ	جَاءَهُمُ	1.00	1.00	rec	2297.86	2299.94
105	9	ٱلْبَيِّنَٰتُۚ	الْبَيِّنَاتُ	1.00	1.00	rec	2300.02	2301.98
105	10	وَأُو۟لَٰٓئِكَ	وَأُولَـٰئِكَ	1.00	1.00	rec	2302.80	2305.38
105	11	لَهُمْ	لَهُمْ	1.00	1.00	rec	2305.50	2306.02
105	12	عَذَابٌ	عَذَابٌ	1.00	0.99	rec	2306.12	2306.90
105	13	عَظِيمٌۭ	عَظِيمٌ	1.00	1.00	rec	2307.34	2308.84
106	0	يَوْمَ	يَوْمَ	1.00	1.00	rec	2310.28	2310.88
106	1	تَبْيَضُّ	تَبْيَضُّ	1.00	0.98	rec	2311.10	2311.88
106	2	وُجُوهٌۭ	وُجُوهٌ	1.00	1.00	rec	2312.04	2312.94
106	3	وَتَسْوَدُّ	وَتَسْوَدُّ	1.00	1.00	rec	2313.76	2314.78
106	4	وُجُوهٌۭۚ	وُجُوهٍ	1.00	0.88	rec	2315.00	2316.66
106	5	فَأَمَّا	فَأَمَّا	1.00	1.00	rec	2317.34	2318.26
106	6	ٱلَّذِينَ	الَّذِينَ	1.00	1.00	rec	2318.30	2319.04
106	7	ٱسْوَدَّتْ	اسْوَدَّتْ	1.00	1.00	rec	2319.08	2319.90
106	8	وُجُوهُهُمْ	وُجُوهُهُمْ	1.00	1.00	rec	2320.06	2321.26
106	9	أَكَفَرْتُم	أَكْفَرْتُمْ	1.00	1.00	rec	2321.38	2323.02
106	10	بَعْدَ	بَعْدَ	1.00	1.00	rec	2323.08	2323.52
106	11	إِيمَٰنِكُمْ	إِيمَانِكُمْ	1.00	1.00	rec	2323.70	2325.36
106	12	فَذُوقُوا۟	فَذُوقُوا	1.00	0.99	rec	2325.48	2326.28
106	13	ٱلْعَذَابَ	الْعَذَابِ	1.00	0.97	rec	2326.36	2327.82
106	14	بِمَا	بِمَا	1.00	1.00	rec	2330.84	2331.20
106	15	كُنتُمْ	كُنْتُمْ	1.00	0.98	rec	2331.62	2333.06
106	16	تَكْفُرُونَ	خُرُونَ	0.50	0.90	rec	2333.60	2335.10
107	0	وَأَمَّا	وَأَمَّا	1.00	1.00	rec	2335.70	2336.70
107	1	ٱلَّذِينَ	الَّذِينَ	1.00	1.00	rec	2336.74	2337.70
107	2	ٱبْيَضَّتْ	ابْيَضَّتْ	1.00	0.99	rec	2337.74	2338.68
107	3	وُجُوهُهُمْ	وُجُوهُهُمْ	1.00	1.00	rec	2338.94	2340.42
107	4	فَفِى	فَفِي	0.67	1.00	rec	2340.54	2340.98
107	5	رَحْمَةِ	رَحْمَةِ	1.00	1.00	rec	2341.32	2342.10
107	6	ٱللَّهِ	اللَّهِ	1.00	0.92	rec	2342.16	2343.04
107	7	هُمْ	هُمْ	1.00	1.00	rec	2343.26	2343.62
107	8	فِيهَا	فِيهَا	1.00	1.00	rec	2343.76	2344.36
107	9	خَٰلِدُونَ	خَالِدُونَ	1.00	1.00	rec	2344.76	2346.82
108	0	تِلْكَ	تِلْكَ	1.00	1.00	rec	2347.54	2348.00
108	1	ءَايَٰتُ	آيَاتُ	0.80	0.98	rec	2348.14	2349.16
108	2	ٱللَّهِ	اللَّهِ	1.00	1.00	rec	2349.20	2349.94
108	3	نَتْلُوهَا	نَتْلُوهَا	1.00	1.00	rec	2350.06	2350.98
108	4	عَلَيْكَ	عَلَيْكَ	1.00	1.00	rec	2351.40	2352.18
108	5	بِٱلْحَقِّۗ	بِالْحَقِّ+قِ	0.83	0.91	rec	2352.30	2353.26
108	6	وَمَا	وَمَا	1.00	1.00	rec	2353.40	2353.76
108	7	ٱللَّهُ	اللَّهُ	1.00	1.00	rec	2353.80	2354.62
108	8	يُرِيدُ	يُرِيدُ	1.00	1.00	rec	2354.78	2355.52
108	9	ظُلْمًۭا	ظُلْمًا	1.00	1.00	rec	2355.74	2356.30
108	10	لِّلْعَٰلَمِينَ	لِلْعَالَمِينَ	1.00	1.00	rec	2356.62	2359.18
109	0	وَلِلَّهِ	وَلِلَّهِ	1.00	1.00	rec	2360.14	2361.14
109	1	مَا	مَا	1.00	1.00	rec	2361.30	2361.42
109	2	فِى	فِي	0.50	1.00	rec	2361.76	2361.86
109	3	ٱلسَّمَٰوَٰتِ	السَّمَاوَاتِ	1.00	0.97	rec	2361.88	2363.28
109	4	وَمَا	وَمَا	1.00	1.00	rec	2363.40	2363.76
109	5	فِى	فِي	0.50	1.00	rec	2364.18	2364.30
109	6	ٱلْأَرْضِۚ	الْأَرْضِ	1.00	1.00	rec	2364.34	2365.20
109	7	وَإِلَى	وَإِلَى	1.00	1.00	rec	2365.38	2365.88
109	8	ٱللَّهِ	اللَّهِ	1.00	1.00	rec	2365.94	2366.74
109	9	تُرْجَعُ	تُرْجَعُ	1.00	0.99	rec	2366.96	2367.72
109	10	ٱلْأُمُورُ	الْأُمُورِ	1.00	0.94	rec	2368.00	2369.66
110	0	كُنتُمْ	كُنْتُمْ	1.00	1.00	rec	2370.48	2371.80
110	1	خَيْرَ	خَيْرَ	1.00	1.00	rec	2372.02	2372.46
110	2	أُمَّةٍ	أُمَّةٍ	1.00	1.00	rec	2372.60	2373.72
110	3	أُخْرِجَتْ	أُخْرِجَتْ	1.00	1.00	rec	2374.10	2375.06
110	4	لِلنَّاسِ	لِلنَّاسِ	1.00	0.98	rec	2375.14	2376.84
110	5	تَأْمُرُونَ	تَأْمُرُونَ	1.00	1.00	rec	2377.04	2378.12
110	6	بِٱلْمَعْرُوفِ	بِالْمَعْرُوفِ	1.00	1.00	rec	2378.26	2379.72
110	7	وَتَنْهَوْنَ	وَتَنْهَوْنَ	1.00	1.00	rec	2379.86	2381.08
110	8	عَنِ	عَنِ	1.00	1.00	rec	2381.20	2381.46
110	9	ٱلْمُنكَرِ	الْمُنْكَرِ	1.00	1.00	rec	2381.52	2383.12
110	10	وَتُؤْمِنُونَ	وَتُؤْمِنُونَ	1.00	1.00	rec	2391.56	2393.00
110	11	بِٱللَّهِۗ	بِاللَّهِ	1.00	1.00	rec	2393.14	2394.12
110	12	وَلَوْ	وَلَوْ	1.00	1.00	rec	2394.86	2395.36
110	13	ءَامَنَ	آمَنَ	0.75	1.00	rec	2395.46	2396.22
110	14	أَهْلُ	أَهْلُ	1.00	1.00	rec	2396.34	2396.78
110	15	ٱلْكِتَٰبِ	الْكِتَابِ	1.00	1.00	rec	2396.88	2397.92
110	16	لَكَانَ	لَكَانَ	1.00	1.00	rec	2398.06	2398.88
110	17	خَيْرًۭا	خَيْرًا	1.00	0.88	rec	2399.10	2399.70
110	18	لَّهُمۚ	لَهُمْ	1.00	0.91	rec	2399.96	2400.56
110	19	مِّنْهُمُ	مِنْهُمُ	1.00	0.99	rec	2401.34	2402.00
110	20	ٱلْمُؤْمِنُونَ	الْمُؤْمِنُونَ	1.00	1.00	rec	2402.08	2403.42
110	21	وَأَكْثَرُهُمُ	وَأَكْثَرُهُمُ	1.00	1.00	rec	2403.56	2404.86
110	22	ٱلْفَٰسِقُونَ	الْفَاسِقُونَ	1.00	0.99	rec	2404.92	2407.54
111	0	لَن	لَنْ	1.00	1.00	rec	2408.22	2409.06
111	1	يَضُرُّوكُمْ	يَضُرُّوكُمْ	1.00	1.00	rec	2409.12	2410.58
111	2	إِلَّآ	إِلَّا	1.00	1.00	rec	2410.68	2411.20
111	3	أَذًۭىۖ	أَذًى	1.00	0.99	rec	2411.84	2412.16
111	4	وَإِن	وَإِنْ	1.00	1.00	rec	2413.04	2413.90
111	5	يُقَٰتِلُوكُمْ	يُقَاتِلُوكُمْ	1.00	1.00	rec	2413.96	2415.80
111	6	يُوَلُّوكُمُ	يُوَلُّوكُمُ	1.00	1.00	rec	2415.94	2417.24
111	7	ٱلْأَدْبَارَ	الْأَدْبَارَ	1.00	0.99	rec	2417.32	2418.48
111	8	ثُمَّ	ثُمَّ	1.00	0.99	rec	2418.68	2419.56
111	9	لَا	لَا	1.00	1.00	rec	2419.74	2419.86
111	10	يُنصَرُونَ	يُنْصَرُونَ	1.00	1.00	rec	2420.14	2422.86
112	0	ضُرِبَتْ	ضُرِبَتْ	1.00	0.97	rec	2423.68	2424.32
112	1	عَلَيْهِمُ	عَلَيْهِمِ	1.00	1.00	rec	2424.40	2425.26
112	2	ٱلذِّلَّةُ	الذِّلَّةُ	1.00	0.97	rec	2425.34	2426.24
112	3	أَيْنَ	أَيْنَ	1.00	1.00	rec	2426.44	2426.98
112	4	مَا	مَا	1.00	1.00	rec	2427.14	2427.26
112	5	ثُقِفُوٓا۟	ثُقِفُوا	1.00	1.00	rec	2427.72	2428.50
112	6	إِلَّا	إِلَّا	1.00	0.99	rec	2429.18	2429.72
112	7	بِحَبْلٍۢ	بِحَبْلٍ	1.00	1.00	rec	2430.08	2430.92
112	8	مِّنَ	مِنَ	1.00	1.00	rec	2431.60	2431.86
112	9	ٱللَّهِ	اللَّهِ	1.00	1.00	rec	2431.92	2432.82
112	10	وَحَبْلٍۢ	وَحَبْلٍ	1.00	1.00	rec	2432.96	2433.68
112	11	مِّنَ	مِنَ	1.00	1.00	rec	2434.28	2434.54
112	12	ٱلنَّاسِ	النَّاسِ	1.00	1.00	rec	2434.58	2436.60
112	13	وَبَآءُو	وَبَاءُوا	0.83	1.00	rec	2437.28	2439.34
112	14	بِغَضَبٍۢ	بِغَضَبٍ	1.00	1.00	rec	2439.64	2440.36
112	15	مِّنَ	مِنَ	1.00	1.00	rec	2441.00	2441.24
112	16	ٱللَّهِ	اللَّهِ	1.00	1.00	rec	2441.28	2442.08
112	17	وَضُرِبَتْ	وَضُرِبَتْ	1.00	0.96	rec	2442.28	2443.20
112	18	عَلَيْهِمُ	عَلَيْهِمِ	1.00	1.00	rec	2443.30	2444.18
112	19	ٱلْمَسْكَنَةُۚ	الْمَسْكَنَةِ	1.00	1.00	rec	2444.24	2445.34
112	20	ذَٰلِكَ	ذَٰلِكَ	1.00	1.00	rec	2446.10	2446.70
112	21	بِأَنَّهُمْ	بِأَنَّهُمْ	1.00	0.99	rec	2446.82	2448.20
112	22	كَانُوا۟	كَانُوا	1.00	1.00	rec	2448.42	2449.04
112	23	يَكْفُرُونَ	يَكْفُرُونَ	1.00	0.99	rec	2449.42	2450.44
112	24	بِـَٔايَٰتِ	بِآيَاتِ	1.00	1.00	rec	2450.58	2451.88
112	25	ٱللَّهِ	اللَّهِ	1.00	1.00	rec	2451.92	2452.64
112	26	وَيَقْتُلُونَ	وَيَقْتُلُونَ	1.00	1.00	rec	2452.80	2454.14
112	27	ٱلْأَنۢبِيَآءَ	الْأَمْرِيَاءَ	0.75	0.93	rec	2454.20	2456.86
112	28	بِغَيْرِ	بِغَيْرِ	1.00	1.00	rec	2457.00	2457.80
112	29	حَقٍّۢۚ	حَقٍّّ	1.00	0.70	rec	2458.02	2458.40
112	30	ذَٰلِكَ	قذَٰلِكَ	0.80	0.99	rec	2458.64	2460.48
112	31	بِمَا	بِمَا	1.00	1.00	rec	2460.62	2460.98
112	32	عَصَوا۟	عَصَوْا	1.00	1.00	rec	2461.26	2461.88
112	33	وَّكَانُوا۟	وَكَانُوا	1.00	1.00	rec	2461.98	2462.84
112	34	يَعْتَدُونَ	ْتَدُونَ	0.67	0.98	rec	2463.74	2465.58
113	0	لَيْسُوا۟	لَيْسُوا	1.00	1.00	rec	2467.64	2468.22
113	1	سَوَآءًۭۗ	سَوَاءً	1.00	1.00	rec	2468.60	2471.06
113	2	مِّنْ	مِنْ	1.00	1.00	rec	2472.20	2472.44
113	3	أَهْلِ	أَهْلِ	1.00	1.00	rec	2472.50	2472.84
113	4	ٱلْكِتَٰبِ	الْكِتَابِ	1.00	1.00	rec	2472.92	2473.84
113	5	أُمَّةٌۭ	أُمَّةٌ	1.00	1.00	rec	2473.98	2475.08
113	6	قَآئِمَةٌۭ	قَائِمَةٌ	1.00	1.00	rec	2476.08	2478.54
113	7	يَتْلُونَ	يَتْلُونَ	1.00	1.00	rec	2479.20	2480.14
113	8	ءَايَٰتِ	آيَاتِ	0.80	1.00	rec	2480.30	2481.26
113	9	ٱللَّهِ	اللَّهِ	1.00	1.00	rec	2481.30	2482.00
113	10	ءَانَآءَ	آنَاءَ	0.80	1.00	rec	2482.16	2483.80
113	11	ٱلَّيْلِ	اللَّيْلِ	0.80	1.00	rec	2483.84	2484.64
113	12	وَهُمْ	وَهُمْ	1.00	0.98	rec	2484.78	2485.32
113	13	يَسْجُدُونَ	َصْجُدُونَ	0.67	0.97	rec	2485.68	2487.30
114	0	يُؤْمِنُونَ	يُؤْمِنُونَ	1.00	1.00	rec	2488.26	2489.00
114	1	بِٱللَّهِ	بِاللَّهِ	1.00	1.00	rec	2489.12	2489.84
114	2	وَٱلْيَوْمِ	وَالْيَوْمِ	1.00	1.00	rec	2489.96	2490.74
114	3	ٱلْءَاخِرِ	الْآخِرِ	0.83	1.00	rec	2490.82	2491.86
114	4	وَيَأْمُرُونَ	وَيَأْمُرُونَ	1.00	1.00	rec	2492.06	2493.40
114	5	بِٱلْمَعْرُوفِ	بِالْمَعْرُوفِ	1.00	1.00	rec	2493.52	2494.84
114	6	وَيَنْهَوْنَ	وَيَنْهَوْنَ	1.00	1.00	rec	2495.00	2496.18
114	7	عَنِ	عَنِ	1.00	1.00	rec	2496.30	2496.54
114	8	ٱلْمُنكَرِ	الْمُنْكَرِ	1.00	1.00	rec	2496.60	2497.98
114	9	وَيُسَٰرِعُونَ	وَيُسَارِعُونَ	1.00	1.00	rec	2498.12	2499.80
114	10	فِى	فِي	0.50	1.00	rec	2499.94	2500.04
114	11	ٱلْخَيْرَٰتِ	الْخَيْرَاتِ	1.00	1.00	rec	2500.08	2502.08
114	12	وَأُو۟لَٰٓئِكَ	وَأُولَـٰئِكَ	1.00	1.00	rec	2502.82	2505.28
114	13	مِنَ	مِنَ	1.00	1.00	rec	2505.40	2505.64
114	14	ٱلصَّٰلِحِينَ	الصَّالِحِينَ	1.00	0.99	rec	2505.70	2508.12
115	0	وَمَا	وَمَا	1.00	1.00	rec	2508.88	2509.24
115	1	يَفْعَلُوا۟	تَفْعَلُوا	0.83	1.00	rec	2509.66	2510.46
115	2	مِنْ	مِنْ	1.00	1.00	rec	2510.84	2511.20
115	3	خَيْرٍۢ	خَيْرٍ	1.00	0.91	rec	2511.36	2511.94
115	4	فَلَن	فَلَنْتُمْ	0.60	0.94	rec	2512.70	2514.00
115	5	يُكْفَرُوهُۗ	فَرُوهُ	0.67	0.87	rec	2514.24	2515.38
115	6	وَٱللَّهُ	وَاللَّهُ	1.00	1.00	rec	2516.00	2516.88
115	7	عَلِيمٌۢ	عَلِيمٌ	1.00	1.00	rec	2517.04	2517.82
115	8	بِٱلْمُتَّقِينَ	بِالْمُدِ+تَّقِينِ	0.89	0.78	rec	2518.62	2521.20
116	0	إِنَّ	إِنَّ	1.00	1.00	rec	2521.86	2523.10
116	1	ٱلَّذِينَ	الَّذِينَ	1.00	1.00	rec	2523.14	2523.90
116	2	كَفَرُوا۟	كَفَرُوا	1.00	1.00	rec	2524.08	2524.60
116	3	لَن	لَنْ	1.00	1.00	rec	2524.86	2525.54
116	4	تُغْنِىَ	تُغْنِيَ	0.75	0.99	rec	2525.68	2526.42
116	5	عَنْهُمْ	عَنْهُمْ	1.00	1.00	rec	2526.54	2527.26
116	6	أَمْوَٰلُهُمْ	أَمْوَالُهُمْ	1.00	1.00	rec	2527.38	2528.64
116	7	وَلَآ	وَلَا	1.00	1.00	rec	2528.78	2529.12
116	8	أَوْلَٰدُهُم	أَوْلَادُهُمْ	1.00	1.00	rec	2529.64	2531.38
116	9	مِّنَ	مِنَ	1.00	1.00	rec	2531.44	2531.70
116	10	ٱللَّهِ	اللَّهِ	1.00	0.97	rec	2531.76	2532.58
116	11	شَيْـًۭٔاۖ	شَيْئًا	0.75	1.00	rec	2532.82	2533.42
116	12	وَأُو۟لَٰٓئِكَ	وَأُولَـٰئِكَ	1.00	1.00	rec	2534.70	2536.66
116	13	أَصْحَٰبُ	أَصْحَابُ	1.00	1.00	rec	2536.80	2537.90
116	14	ٱلنَّارِۚ	النَّارِ	1.00	1.00	rec	2537.96	2539.14
116	15	هُمْ	هُمْ	1.00	1.00	rec	2539.30	2539.68
116	16	فِيهَا	فِيهَا	1.00	1.00	rec	2539.86	2540.42
116	17	خَٰلِدُونَ	خَالِدُونَ	1.00	1.00	rec	2540.76	2543.08
117	0	مَثَلُ	مَثَلُ	1.00	0.99	rec	2543.96	2544.48
117	1	مَا	مَا	1.00	1.00	rec	2544.66	2544.78
117	2	يُنفِقُونَ	يُنْفِقُونَ	1.00	0.95	rec	2545.08	2546.82
117	3	فِى	فِي	0.50	1.00	rec	2547.04	2547.20
117	4	هَٰذِهِ	هَـٰذِهِ	1.00	1.00	rec	2547.62	2548.46
117	5	ٱلْحَيَوٰةِ	الْحَيَاةُ	0.86	1.00	rec	2548.52	2549.64
117	6	ٱلدُّنْيَا	الدُّنْيَا	1.00	0.96	rec	2549.84	2550.60
117	7	كَمَثَلِ	كَمَثَلِ	1.00	1.00	rec	2551.08	2551.78
117	8	رِيحٍۢ	رِيحٍ	1.00	0.91	rec	2551.92	2552.50
117	9	فِيهَا	فِيهَا	1.00	1.00	rec	2553.24	2553.88
117	10	صِرٌّ	صِرٌ	1.00	1.00	rec	2554.36	2554.76
117	11	أَصَابَتْ	أَصَابٌ	0.80	0.98	rec	2560.42	2561.40
117	12	حَرْثَ	حَرْثَ	1.00	1.00	rec	2561.74	2562.18
117	13	قَوْمٍۢ	قَوْمٍ	1.00	1.00	rec	2562.38	2562.86
117	14	ظَلَمُوٓا۟	ظَلَمُوا	1.00	0.97	rec	2563.42	2563.94
117	15	أَنفُسَهُمْ	أَنْفُسَهُمْ	1.00	1.00	rec	2564.46	2566.30
117	16	فَأَهْلَكَتْهُۚ	فَأَهْلَكَتْ	0.86	1.00	rec	2566.42	2567.56
117	17	وَمَا	وَمَا	1.00	1.00	rec	2568.50	2568.84
117	18	ظَلَمَهُمُ	ظَلَمَهُمُ	1.00	1.00	rec	2569.14	2570.08
117	19	ٱللَّهُ	اللَّهُ	1.00	1.00	rec	2570.14	2571.02
117	20	وَلَٰكِنْ	وَلَـٰكِنْ	1.00	1.00	rec	2571.14	2572.14
117	21	أَنفُسَهُمْ	أَنْفُسَهُمْ	1.00	1.00	rec	2572.24	2573.82
117	22	يَظْلِمُونَ	يَظْلِمُونَ	1.00	1.00	rec	2573.96	2575.76
118	0	يَٰٓأَيُّهَا	يَا+أَيُّهَا	1.00	1.00	rec	2576.60	2577.92
118	1	ٱلَّذِينَ	الَّذِينَ	1.00	0.93	rec	2577.98	2578.74
118	2	ءَامَنُوا۟	آمَنُوا	0.83	1.00	rec	2578.90	2579.64
118	3	لَا	لَا	1.00	1.00	rec	2580.00	2580.10
118	4	تَتَّخِذُوا۟	تَتَّخِذُوا	1.00	1.00	rec	2580.42	2581.34
118	5	بِطَانَةًۭ	بِطَانَةً	1.00	1.00	rec	2581.58	2582.64
118	6	مِّن	مِنْ	1.00	1.00	rec	2583.06	2583.64
118	7	دُونِكُمْ	دُونِكُمْ	1.00	1.00	rec	2583.74	2584.86
118	8	لَا	لَا	1.00	1.00	rec	2584.94	2585.06
118	9	يَأْلُونَكُمْ	يَأْلُونَكُمْ	1.00	1.00	rec	2585.40	2586.80
118	10	خَبَالًۭا	خَبَالًا	1.00	1.00	rec	2587.00	2587.78
118	11	وَدُّوا۟	وَدُّوا	1.00	1.00	rec	2588.94	2589.54
118	12	مَا	مَا	1.00	1.00	rec	2589.88	2590.00
118	13	عَنِتُّمْ	عَنِتُّمْ	1.00	0.96	rec	2590.30	2591.26
118	14	قَدْ		0.00	0.46	forced	2591.42	2591.72
118	15	بَدَتِ		0.00	0.40	forced	2591.86	2592.34
118	16	ٱلْبَغْضَآءُ		0.00	0.29	forced	2592.40	2595.04
118	17	مِنْ	مِنْ	1.00	1.00	rec	2595.16	2595.58
118	18	أَفْوَٰهِهِمْ	أَفْوَاهِهِمْ	1.00	1.00	rec	2595.68	2597.16
118	19	وَمَا	وَمَا	1.00	1.00	rec	2597.28	2597.62
118	20	تُخْفِى	تُخْفِي	0.75	1.00	rec	2598.00	2598.54
118	21	صُدُورُهُمْ	صُدُورُهُمْ	1.00	1.00	rec	2598.92	2600.16
118	22	أَكْبَرُۚ	أَكْبَرُ	1.00	1.00	rec	2600.26	2600.98
118	23	قَدْ	قَدْ	1.00	1.00	rec	2601.80	2602.06
118	24	بَيَّنَّا	بَيَّنَّعَا	0.80	0.93	rec	2602.20	2603.62
118	25	لَكُمُ	لَكُمُ	1.00	0.98	rec	2603.90	2604.50
118	26	ٱلْءَايَٰتِۖ	الْآيَاتِ	0.86	1.00	rec	2604.60	2605.96
118	27	إِن	إِنْ	1.00	1.00	rec	2606.10	2606.74
118	28	كُنتُمْ	كُنْتُمْ	1.00	1.00	rec	2606.86	2608.16
118	29	تَعْقِلُونَ	تَعْقِلُونَ	1.00	1.00	rec	2608.30	2610.38
119	0	هَٰٓأَنتُمْ	هَاأَنْتُمْ	1.00	1.00	rec	2611.36	2613.24
119	1	أُو۟لَآءِ	أُولَاءِ	1.00	1.00	rec	2613.36	2614.98
119	2	تُحِبُّونَهُمْ	تُحِبُّونَهُمْ	1.00	1.00	rec	2615.18	2616.72
119	3	وَلَا	وَلَا	1.00	1.00	rec	2616.84	2617.16
119	4	يُحِبُّونَكُمْ	يُحِبُّونَكُمْ	1.00	1.00	rec	2617.50	2619.36
119	5	وَتُؤْمِنُونَ	وَتُؤْمِنُونَ	1.00	1.00	rec	2619.86	2620.94
119	6	بِٱلْكِتَٰبِ	بِالْكِتَابِ	1.00	1.00	rec	2621.06	2622.34
119	7	كُلِّهِۦ	كُلِّهِ	0.75	1.00	rec	2622.56	2623.22
119	8	وَإِذَا	وَإِذَا	1.00	1.00	rec	2623.86	2624.38
119	9	لَقُوكُمْ	لَقُوكُمْ	1.00	1.00	rec	2624.70	2625.84
119	10	قَالُوٓا۟	قَالُوا	1.00	1.00	rec	2626.00	2626.66
119	11	ءَامَنَّا	آعْمَنَّا	0.60	0.96	rec	2627.20	2628.66
119	12	وَإِذَا	وَإِذَا	1.00	1.00	rec	2629.00	2629.64
119	13	خَلَوْا۟	خَلَوْعَ	0.75	0.97	rec	2630.04	2630.84
119	14	عَضُّوا۟	ضُّوا	0.75	0.93	rec	2631.24	2631.36
119	15	عَلَيْكُمُ	عَلَيْكُمُ	1.00	1.00	rec	2631.70	2632.62
119	16	ٱلْأَنَامِلَ	الْأَنَامِلَ	1.00	1.00	rec	2632.70	2633.94
119	17	مِنَ	مِنَ	1.00	1.00	rec	2634.08	2634.34
119	18	ٱلْغَيْظِۚ	الْغَيْظِ	1.00	0.96	rec	2634.40	2635.98
119	19	قُلْ	قُلْ	1.00	1.00	rec	2636.70	2637.02
119	20	مُوتُوا۟	مُوتُوا	1.00	1.00	rec	2637.12	2637.72
119	21	بِغَيْظِكُمْۗ	بِغَيْظِكُمْ	1.00	1.00	rec	2638.04	2639.48
119	22	إِنَّ	إِنَّ	1.00	1.00	rec	2639.96	2640.88
119	23	ٱللَّهَ	اللَّهَ	1.00	1.00	rec	2640.94	2641.74
119	24	عَلِيمٌۢ	عَلِيمٌ	1.00	1.00	rec	2641.88	2642.70
119	25	بِذَاتِ	بِذَاتِ	1.00	1.00	rec	2643.38	2644.24
119	26	ٱلصُّدُورِ	الصُّدُورِ	1.00	1.00	rec	2644.30	2646.08
120	0	إِن	إِنْ	1.00	1.00	rec	2646.78	2647.54
120	1	تَمْسَسْكُمْ	تَمْسَسْكُمْ	1.00	1.00	rec	2647.66	2648.60
120	2	حَسَنَةٌۭ	حَسَنَةٌ	1.00	1.00	rec	2648.74	2649.48
120	3	تَسُؤْهُمْ	تَسُؤْهُمْ	1.00	1.00	rec	2650.48	2651.62
120	4	وَإِن	وَإِنْ	1.00	1.00	rec	2652.18	2653.20
120	5	تُصِبْكُمْ	تُصِبْكُمْ	1.00	1.00	rec	2653.32	2654.40
120	6	سَيِّئَةٌۭ	سَيِّئَةٌ	1.00	1.00	rec	2654.52	2655.52
120	7	يَفْرَحُوا۟	يَفْرَحُوا	1.00	1.00	rec	2656.38	2657.22
120	8	بِهَاۖ	بِهَا	1.00	1.00	rec	2657.64	2658.10
120	9	وَإِن	وَإِنْ	1.00	1.00	rec	2659.40	2660.50
120	10	تَصْبِرُوا۟	تَصْبِرُوا	1.00	1.00	rec	2660.62	2661.36
120	11	وَتَتَّقُوا۟	وَتَتَّقُوا	1.00	1.00	rec	2661.66	2662.66
120	12	لَا	لَا	1.00	1.00	rec	2663.04	2663.16
120	13	يَضُرُّكُمْ	يَضِرْكُمْ	1.00	1.00	rec	2663.56	2664.62
120	14	كَيْدُهُمْ	كَيْدُوهُمْ	0.83	0.99	rec	2664.76	2665.82
120	15	شَيْـًٔاۗ	شَيْئًا	0.75	0.91	rec	2666.00	2666.76
120	16	إِنَّ	إِنَّ	1.00	1.00	rec	2667.78	2668.78
120	17	ٱللَّهَ	اللَّهَ	1.00	1.00	rec	2668.84	2669.70
120	18	بِمَا	بِمَا	1.00	1.00	rec	2669.86	2670.20
120	19	يَعْمَلُونَ	يَعْمَلُونَ	1.00	1.00	rec	2670.60	2671.82
120	20	مُحِيطٌۭ	حيط	0.75	0.88	rec	2672.26	2673.40
121	0	وَإِذْ	وَإِذْ	1.00	1.00	rec	2674.70	2675.24
121	1	غَدَوْتَ	غَدَوْتَ	1.00	1.00	rec	2675.34	2676.00
121	2	مِنْ	مِنْ	1.00	1.00	rec	2676.12	2676.42
121	3	أَهْلِكَ	أَهْلِكَ	1.00	1.00	rec	2676.48	2677.16
121	4	تُبَوِّئُ	تُبَوِّئُ	1.00	1.00	rec	2677.32	2678.20
121	5	ٱلْمُؤْمِنِينَ	الْمُؤْمِنِينَ	1.00	1.00	rec	2678.30	2679.50
121	6	مَقَٰعِدَ	مَقَ+عَعِدَ	0.80	0.92	rec	2679.62	2680.72
121	7	لِلْقِتَالِۗ	لِلْقِتَالِ	1.00	1.00	rec	2680.84	2682.66
121	8	وَٱللَّهُ	وَاللَّهُ	1.00	1.00	rec	2683.40	2684.42
121	9	سَمِيعٌ	سَمِيعٌ	1.00	1.00	rec	2684.60	2685.50
121	10	عَلِيمٌ	عَلِيمٌ	1.00	1.00	rec	2685.94	2687.34
122	0	إِذْ	إذْ	1.00	1.00	rec	2688.68	2688.94
122	1	هَمَّت	هَمَّطْ	0.67	0.98	rec	2689.04	2689.62
122	2	طَّآئِفَتَانِ	ضَائِفَتَانِ	0.86	0.98	rec	2689.80	2692.94
122	3	مِنكُمْ	مِنْكُمْ	1.00	1.00	rec	2693.08	2694.06
122	4	أَن	أَنْ	1.00	1.00	rec	2694.16	2694.72
122	5	تَفْشَلَا	تَفْشَلَاَا	0.83	0.89	rec	2694.82	2695.66
122	6	وَٱللَّهُ	وَاللَّهُ	1.00	1.00	rec	2695.86	2696.66
122	7	وَلِيُّهُمَاۗ	وَلِيُّوهُمَا	0.86	1.00	rec	2696.78	2697.90
122	8	وَعَلَى	وَعَلَى	1.00	1.00	rec	2698.86	2699.30
122	9	ٱللَّهِ	اللَّهِ	1.00	1.00	rec	2699.34	2700.08
122	10	فَلْيَتَوَكَّلِ	فَلْيَتَوَى+كَلِ	0.88	0.98	rec	2700.24	2701.72
122	11	ٱلْمُؤْمِنُونَ	الْمُؤْمِنُونَ	1.00	1.00	rec	2701.78	2703.98
123	0	وَلَقَدْ	وَلَقَدْ	1.00	1.00	rec	2704.80	2705.62
123	1	نَصَرَكُمُ	نَصَرَكُمُ	1.00	1.00	rec	2705.74	2706.70
123	2	ٱللَّهُ	اللَّهُ	1.00	1.00	rec	2706.78	2707.66
123	3	بِبَدْرٍۢ	بِبَدْرٍ	1.00	0.97	rec	2707.80	2708.42
123	4	وَأَنتُمْ	وَأَنْتُمْ	1.00	1.00	rec	2708.90	2710.38
123	5	أَذِلَّةٌۭۖ	أَذِلَّةٌ	1.00	0.96	rec	2710.46	2711.30
123	6	فَٱتَّقُوا۟	فَاتَّقُوا	1.00	1.00	rec	2711.94	2712.54
123	7	ٱللَّهَ	اللَّهَ	1.00	1.00	rec	2712.60	2713.24
123	8	لَعَلَّكُمْ	لَعَلَّكُمْ	1.00	1.00	rec	2713.38	2714.46
123	9	تَشْكُرُونَ	تَفْشْرَ+حُرُونَ	0.62	0.66	rec	2714.60	2716.84
124	0	إِذْ		0.00	0.00	forced	2717.18	2717.42
124	1	تَقُولُ	اتَّقُولُ	0.80	1.00	rec	2717.48	2718.50
124	2	لِلْمُؤْمِنِينَ	لِلْمُؤْمِنِينَ	1.00	1.00	rec	2718.62	2720.10
124	3	أَلَن	عَلَنْ	0.67	0.90	rec	2720.28	2721.24
124	4	يَكْفِيَكُمْ	يَكْفِيَكُمْ	1.00	1.00	rec	2721.30	2722.46
124	5	أَن	أَنْ	1.00	1.00	rec	2722.58	2723.20
124	6	يُمِدَّكُمْ	يُمِدَّكُمْ	1.00	1.00	rec	2723.24	2724.32
124	7	رَبُّكُم	رَبُّكُمْ	1.00	0.95	rec	2724.44	2725.60
124	8	بِثَلَٰثَةِ	بِثَلَاثَةِ	1.00	1.00	rec	2725.64	2726.86
124	9	ءَالَٰفٍۢ	آلَافٍ	0.80	1.00	rec	2727.06	2727.86
124	10	مِّنَ	مِنَ	1.00	1.00	rec	2728.38	2728.62
124	11	ٱلْمَلَٰٓئِكَةِ	الْمَلَائِكَةِ	1.00	1.00	rec	2728.68	2731.24
124	12	مُنزَلِينَ	مُنْزَلِينَ	1.00	1.00	rec	2731.36	2733.36
125	0	بَلَىٰٓۚ	بَلَىٰ	1.00	1.00	rec	2734.34	2734.66
125	1	إِن	إِنْ	1.00	1.00	rec	2734.96	2735.62
125	2	تَصْبِرُوا۟	تَصْبِرُوا	1.00	1.00	rec	2735.74	2736.48
125	3	وَتَتَّقُوا۟	وَتَتَّقُوا	1.00	0.95	rec	2736.78	2737.74
125	4	وَيَأْتُوكُم	وَيَأْتُوكُمْ	1.00	1.00	rec	2738.10	2739.90
125	5	مِّن	مِنْ	1.00	1.00	rec	2739.96	2740.62
125	6	فَوْرِهِمْ	فَوْلِهِمْ	0.80	0.95	rec	2740.74	2741.82
125	7	هَٰذَا	هَـٰذَا	1.00	0.98	rec	2741.92	2742.48
125	8	يُمْدِدْكُمْ	يُمْدِدْكُمْ	1.00	1.00	rec	2742.88	2744.00
125	9	رَبُّكُم	رَبُّكُمْ	1.00	1.00	rec	2744.10	2745.34
125	10	بِخَمْسَةِ	بِخَمْسَةِ	1.00	0.90	rec	2745.38	2746.38
125	11	ءَالَٰفٍۢ	آلَافٍ	0.80	1.00	rec	2746.56	2747.84
125	12	مِّنَ	مِنَ	1.00	1.00	rec	2754.24	2754.48
125	13	ٱلْمَلَٰٓئِكَةِ	الْمَلَائِكَةِ	1.00	1.00	rec	2754.52	2757.08
125	14	مُسَوِّمِينَ	مُسَوٌ+ظِمِينَ	0.86	0.93	rec	2757.22	2758.94
126	0	وَمَا	وَمَا	1.00	0.97	rec	2759.62	2759.92
126	1	جَعَلَهُ	جَعَلَهُ	1.00	1.00	rec	2760.24	2760.92
126	2	ٱللَّهُ	اللَّهُ	1.00	1.00	rec	2760.98	2761.74
126	3	إِلَّا	إِلَّا	1.00	0.99	rec	2761.94	2762.40
126	4	بُشْرَىٰ	بُشْرِي	0.60	0.96	rec	2762.70	2763.16
126	5	لَكُمْ	لَكُمْ	1.00	1.00	rec	2763.44	2763.98
126	6	وَلِتَطْمَئِنَّ	وَلِتَطْمَئِنَّ	1.00	0.96	rec	2764.10	2766.18
126	7	قُلُوبُكُم	قُلُوبُكُمْ	1.00	1.00	rec	2766.40	2768.28
126	8	بِهِۦۗ	بِهِ	0.67	1.00	rec	2768.34	2768.58
126	9	وَمَا	وَمَا	1.00	1.00	rec	2769.26	2769.60
126	10	ٱلنَّصْرُ	النَّصْرُ	1.00	1.00	rec	2769.64	2770.92
126	11	إِلَّا	إِلَّا	1.00	1.00	rec	2771.08	2771.58
126	12	مِنْ	مِنْ	1.00	1.00	rec	2771.96	2772.26
126	13	عِندِ	عِنْدِ	1.00	1.00	rec	2772.34	2773.22
126	14	ٱللَّهِ	اللَّهِ	1.00	1.00	rec	2773.26	2774.00
126	15	ٱلْعَزِيزِ	الْعَزِيزِ	1.00	1.00	rec	2774.06	2775.06
126	16	ٱلْحَكِيمِ	الْحَكِيمِ	1.00	0.94	rec	2775.10	2776.68
127	0	لِيَقْطَعَ	لِيَقْضَعَ	0.80	0.93	rec	2777.36	2778.32
127	1	طَرَفًۭا	طَرَفًا	1.00	0.96	rec	2778.50	2779.08
127	2	مِّنَ	مِنَ	1.00	0.95	rec	2779.94	2780.20
127	3	ٱلَّذِينَ	الَّذِينَ	1.00	1.00	rec	2780.26	2781.16
127	4	كَفَرُوٓا۟	كَفَرُوا	1.00	1.00	rec	2781.38	2781.96
127	5	أَوْ	أَوْ	1.00	1.00	rec	2782.54	2782.84
127	6	يَكْبِتَهُمْ	يَكْبِتَهُمْ	1.00	1.00	rec	2782.92	2784.18
127	7	فَيَنقَلِبُوا۟	فَيَنْقَلِبُوا	1.00	1.00	rec	2784.28	2785.80
127	8	خَآئِبِينَ	خَائِبِينَ	1.00	1.00	rec	2786.18	2789.16
128	0	لَيْسَ	لَيْسَ	1.00	1.00	rec	2789.98	2790.52
128	1	لَكَ	لَكَ	1.00	1.00	rec	2790.64	2790.94
128	2	مِنَ	مِنَ	1.00	1.00	rec	2791.06	2791.28
128	3	ٱلْأَمْرِ	الْأَمْرِ	1.00	0.99	rec	2791.32	2791.98
128	4	شَىْءٌ	شَيْءٌ	0.67	1.00	rec	2792.16	2792.58
128	5	أَوْ	أَوْ	1.00	1.00	rec	2792.92	2793.18
128	6	يَتُوبَ	يَتُوبَ	1.00	1.00	rec	2793.26	2793.94
128	7	عَلَيْهِمْ	عَلَيْهِمْ	1.00	1.00	rec	2794.06	2795.00
128	8	أَوْ	أَوْ	1.00	1.00	rec	2795.10	2795.32
128	9	يُعَذِّبَهُمْ	يُعَذِّبَهُمْ	1.00	0.97	rec	2795.40	2796.68
128	10	فَإِنَّهُمْ	فَإِنَّهُمْ	1.00	1.00	rec	2796.80	2798.26
128	11	ظَٰلِمُونَ	لظَالِمُونَ	0.86	0.99	rec	2798.34	2800.36
129	0	وَلِلَّهِ	وَلِلَّهِ	1.00	1.00	rec	2802.78	2803.80
129	1	مَا	مَا	1.00	1.00	rec	2803.98	2804.10
129	2	فِى	فِي	0.50	0.94	rec	2804.48	2804.58
129	3	ٱلسَّمَٰوَٰتِ	السَّمَاوَاتِ	1.00	1.00	rec	2804.62	2806.14
129	4	وَمَا	وَمَا	1.00	1.00	rec	2806.30	2806.66
129	5	فِى	فِي	0.50	1.00	rec	2807.06	2807.18
129	6	ٱلْأَرْضِۚ	الْأَرْضِ	1.00	1.00	rec	2807.22	2807.80
129	7	يَغْفِرُ	يَغْفِرُ	1.00	1.00	rec	2808.66	2809.42
129	8	لِمَن	لِمَنْ	1.00	1.00	rec	2809.58	2810.38
129	9	يَشَآءُ	يَشَاءُ	1.00	1.00	rec	2810.44	2812.06
129	10	وَيُعَذِّبُ	وَيُعَدْ+ذِّبُ	0.83	0.89	rec	2812.22	2813.36
129	11	مَن	مَنْ	1.00	1.00	rec	2813.56	2814.46
129	12	يَشَآءُۚ	يَشَاءُ	1.00	1.00	rec	2814.52	2816.50
129	13	وَٱللَّهُ	وَاللَّهُ	1.00	0.99	rec	2817.22	2818.06
129	14	غَفُورٌۭ	غَفُورٌ	1.00	1.00	rec	2818.22	2819.06
129	15	رَّحِيمٌۭ	رَحِيمٌ	1.00	1.00	rec	2819.34	2821.08
130	0	يَٰٓأَيُّهَا	يَا+أَيُّهَا	1.00	1.00	rec	2821.86	2823.28
130	1	ٱلَّذِينَ	الَّذِينَ	1.00	1.00	rec	2823.34	2824.14
130	2	ءَامَنُوا۟	آمَنُوا	0.83	0.99	rec	2824.34	2825.02
130	3	لَا	لَا	1.00	0.90	rec	2825.34	2825.46
130	4	تَأْكُلُوا۟	كُلُو	0.50	1.00	rec	2826.34	2826.60
130	5	ٱلرِّبَوٰٓا۟	الرِّبَاءَ	0.71	0.93	rec	2826.68	2827.76
130	6	أَضْعَٰفًۭا	أَضْعَافًا	1.00	0.84	rec	2827.98	2828.78
130	7	مُّضَٰعَفَةًۭۖ	مُضَاعَفَةً	1.00	1.00	rec	2829.60	2830.88
130	8	وَٱتَّقُوا۟	وَاتَّقُوا	1.00	0.92	rec	2831.62	2832.24
130	9	ٱللَّهَ	اللَّهَ	1.00	1.00	rec	2832.30	2833.06
130	10	لَعَلَّكُمْ	لَعَلَّكُمْ	1.00	1.00	rec	2833.20	2834.38
130	11	تُفْلِحُونَ	فْلِحُونَ	0.83	0.97	rec	2834.80	2836.66
131	0	وَٱتَّقُوا۟	وَاتَّقُوا	1.00	1.00	rec	2837.38	2838.02
131	1	ٱلنَّارَ	النَّارَ	1.00	0.93	rec	2838.08	2839.56
131	2	ٱلَّتِىٓ	الَّتِي	0.75	0.99	rec	2839.60	2840.26
131	3	أُعِدَّتْ	أُعِدَّتْ	1.00	0.92	rec	2840.92	2841.82
131	4	لِلْكَٰفِرِينَ	لِلْكَافِرِينَ	1.00	1.00	rec	2841.90	2844.06
132	0	وَأَطِيعُوا۟	وَأَطِيعُوا	1.00	1.00	rec	2844.70	2845.76
132	1	ٱللَّهَ	اللَّهَ	1.00	0.95	rec	2845.82	2846.70
132	2	وَٱلرَّسُولَ	وَالرَّسُولَ	1.00	1.00	rec	2846.84	2848.02
132	3	لَعَلَّكُمْ	لَعَلَّكُمْ	1.00	0.98	rec	2848.16	2849.38
132	4	تُرْحَمُونَ	تُرْحَمُونَ	1.00	1.00	rec	2849.52	2851.48
133	0	وَسَارِعُوٓا۟	وَسَارِعُوا	1.00	0.99	rec	2852.20	2853.18
133	1	إِلَىٰ	إِلَىٰ	1.00	0.99	rec	2853.60	2853.90
133	2	مَغْفِرَةٍۢ	مَرْضٍ+َغْفِرَةٍ	0.71	0.79	rec	2854.22	2855.22
133	3	مِّن	مِنْ	1.00	1.00	rec	2855.88	2856.14
133	4	رَّبِّكُمْ	رَبِّكُمْ	1.00	1.00	rec	2856.24	2857.04
133	5	وَجَنَّةٍ	وَجَنَّةٍ	1.00	1.00	rec	2857.16	2858.50
133	6	عَرْضُهَا	عَرْضُهَا	1.00	1.00	rec	2858.86	2859.56
133	7	ٱلسَّمَٰوَٰتُ	السَّمَاوَاتُ	1.00	1.00	rec	2859.60	2861.00
133	8	وَٱلْأَرْضُ	وَالْأَرْضُ	1.00	1.00	rec	2861.08	2861.88
133	9	أُعِدَّتْ	أُعِدَّتْ	1.00	1.00	rec	2862.06	2862.92
133	10	لِلْمُتَّقِينَ	لِلْمُتَّقِينَ	1.00	1.00	rec	2863.02	2865.30
134	0	ٱلَّذِينَ	الَّذِينَ	1.00	1.00	rec	2866.16	2866.96
134	1	يُنفِقُونَ	يُنْفِقُونَ	1.00	1.00	rec	2867.08	2868.82
134	2	فِى	فِي	0.50	1.00	rec	2868.96	2869.08
134	3	ٱلسَّرَّآءِ	السَّرَّاءِ	1.00	0.98	rec	2869.12	2871.74
134	4	وَٱلضَّرَّآءِ	وَالضَّرَّاءِ	1.00	1.00	rec	2871.86	2874.64
134	5	وَٱلْكَٰظِمِينَ	وَالْكَاظِمِينَ	1.00	1.00	rec	2874.78	2876.48
134	6	ٱلْغَيْظَ	الْغَيْظِ	1.00	0.98	rec	2876.52	2878.16
134	7	وَٱلْعَافِينَ	وَالْعَافِينَ	1.00	1.00	rec	2882.36	2884.00
134	8	عَنِ	عَنِ	1.00	1.00	rec	2884.14	2884.42
134	9	ٱلنَّاسِۗ	النَّاسِ	1.00	1.00	rec	2884.48	2885.74
134	10	وَٱللَّهُ	وَاللَّهُ	1.00	0.98	rec	2885.92	2886.96
134	11	يُحِبُّ	يُحح	0.67	0.74	rec	2887.12	2887.44
134	12	ٱلْمُحْسِنِينَ	بُالْمُحْسِنِينَ	0.89	0.98	rec	2887.78	2890.64
135	0	وَٱلَّذِينَ	وَالَّذِينَ	1.00	1.00	rec	2891.44	2892.38
135	1	إِذَا	إِذَا	1.00	1.00	rec	2892.50	2892.82
135	2	فَعَلُوا۟	فَعَلُوا	1.00	0.99	rec	2893.20	2893.72
135	3	فَٰحِشَةً	فَاحِشَةً	1.00	1.00	rec	2894.14	2895.18
135	4	أَوْ	أَوْ	1.00	1.00	rec	2895.58	2895.88
135	5	ظَلَمُوٓا۟	ظَلَمُوا	1.00	1.00	rec	2895.98	2896.54
135	6	أَنفُسَهُمْ	أَنْفُسَهُمْ	1.00	1.00	rec	2897.08	2898.56
135	7	ذَكَرُوا۟	ذَكَرُا	0.80	0.96	rec	2898.70	2899.22
135	8	ٱللَّهَ	اللَّهَ	1.00	0.99	rec	2899.24	2899.90
135	9	فَٱسْتَغْفَرُوا۟	فَاسْتَ+فَرُوا	0.89	0.93	rec	2900.06	2901.20
135	10	لِذُنُوبِهِمْ	لِذُنُوبِهِمْ	1.00	1.00	rec	2901.50	2903.02
135	11	وَمَن	وَمَنْ	1.00	1.00	rec	2903.70	2904.92
135	12	يَغْفِرُ	يَغْفِرُ	1.00	1.00	rec	2904.98	2905.72
135	13	ٱلذُّنُوبَ	الذُّنُوبَ	1.00	1.00	rec	2905.80	2906.76
135	14	إِلَّا	إِلَّا	1.00	1.00	rec	2906.92	2907.50
135	15	ٱللَّهُ	اللَّهُ	1.00	0.96	rec	2907.56	2908.76
135	16	وَلَمْ	وَلَمْ	1.00	0.98	rec	2909.32	2909.82
135	17	يُصِرُّوا۟	يُصِرُّوا	1.00	0.99	rec	2909.92	2910.70
135	18	عَلَىٰ	عَلَىٰ	1.00	1.00	rec	2911.06	2911.42
135	19	مَا	مَا	1.00	1.00	rec	2911.84	2911.96
135	20	فَعَلُوا۟	فَعَلُوا	1.00	1.00	rec	2912.40	2913.02
135	21	وَهُمْ	وَهُمْ	1.00	1.00	rec	2913.34	2913.96
135	22	يَعْلَمُونَ	يَعْلَمُونَ	1.00	1.00	rec	2914.10	2915.80
136	0	أُو۟لَٰٓئِكَ	أُولَـٰئِكَ	1.00	1.00	rec	2916.30	2918.66
136	1	جَزَآؤُهُم	جَزَاؤُهُمْ	1.00	1.00	rec	2918.82	2921.42
136	2	مَّغْفِرَةٌۭ	مَغْثِرَةٌ	0.80	0.99	rec	2921.48	2922.46
136	3	مِّن	مِنْ	1.00	1.00	rec	2923.06	2923.30
136	4	رَّبِّهِمْ	رَبِّهِمْ	1.00	1.00	rec	2923.36	2924.20
136	5	وَجَنَّٰتٌۭ	وَجَنَّاتٌ	1.00	1.00	rec	2924.32	2926.42
136	6	تَجْرِى	تَجْرِي	0.75	1.00	rec	2929.28	2929.80
136	7	مِن	مِنْ	1.00	1.00	rec	2930.18	2930.68
136	8	تَحْتِهَا	تَحْتِهَا	1.00	1.00	rec	2930.80	2931.44
136	9	ٱلْأَنْهَٰرُ	الْأَنْهَارُ	1.00	1.00	rec	2931.50	2932.68
136	10	خَٰلِدِينَ	خَالِدِينَ	1.00	1.00	rec	2932.86	2934.06
136	11	فِيهَاۚ	فِيهَا	1.00	1.00	rec	2934.24	2934.78
136	12	وَنِعْمَ	وَنِعْمَ	1.00	1.00	rec	2935.84	2936.46
136	13	أَجْرُ	أَجْرُ	1.00	0.99	rec	2936.60	2937.04
136	14	ٱلْعَٰمِلِينَ	الْعَامِلِينَ	1.00	1.00	rec	2937.12	2939.36
137	0	قَدْ	قَدْ	1.00	1.00	rec	2940.10	2940.38
137	1	خَلَتْ	خَلَتْ	1.00	1.00	rec	2940.54	2941.06
137	2	مِن	مِنْ	1.00	1.00	rec	2941.18	2942.08
137	3	قَبْلِكُمْ	قَبْلِكُمْ	1.00	1.00	rec	2942.20	2943.14
137	4	سُنَنٌۭ	سُنَنٌ	1.00	1.00	rec	2943.26	2943.76
137	5	فَسِيرُوا۟	فَسِيرُوا	1.00	1.00	rec	2944.48	2945.36
137	6	فِى	فِي	0.50	1.00	rec	2945.74	2945.86
137	7	ٱلْأَرْضِ	الْأَرْضِ	1.00	1.00	rec	2945.90	2946.72
137	8	فَٱنظُرُوا۟	فَانْظُرُوا	1.00	1.00	rec	2946.92	2948.12
137	9	كَيْفَ	كَيْفَ	1.00	1.00	rec	2953.16	2953.68
137	10	كَانَ	كَانَ	1.00	1.00	rec	2953.90	2954.46
137	11	عَٰقِبَةُ	عَاقِبَةُ	1.00	0.98	rec	2954.64	2955.86
137	12	ٱلْمُكَذِّبِينَ	الْمُكْذِ+مبين	0.89	0.76	rec	2955.94	2958.50
138	0	هَٰذَا	هَـٰذَا	1.00	1.00	rec	2959.38	2960.00
138	1	بَيَانٌۭ	بَيَانٌ	1.00	0.98	rec	2960.32	2961.06
138	2	لِّلنَّاسِ	لِلنَّاسِ	1.00	1.00	rec	2961.36	2962.70
138	3	وَهُدًۭى	وَهُدًى	1.00	1.00	rec	2962.82	2963.34
138	4	وَمَوْعِظَةٌۭ	وَمَوْعِظَةٌ	1.00	1.00	rec	2963.82	2964.94
138	5	لِّلْمُتَّقِينَ	لِلْمُتَّقِينَ	1.00	0.99	rec	2965.22	2967.50
139	0	وَلَا	وَلَا	1.00	1.00	rec	2968.24	2968.52
139	1	تَهِنُوا۟	تَهِنُوا	1.00	1.00	rec	2968.80	2969.34
139	2	وَلَا	وَلَا	1.00	1.00	rec	2969.60	2969.96
139	3	تَحْزَنُوا۟	تَحْزَنُوا	1.00	1.00	rec	2970.40	2971.16
139	4	وَأَنتُمُ	وَأَنْتُمُ	1.00	1.00	rec	2971.52	2972.94
139	5	ٱلْأَعْلَوْنَ	الْأَعْلَوْنَ	1.00	1.00	rec	2973.04	2974.16
139	6	إِن	إِنْ	1.00	1.00	rec	2974.30	2975.00
139	7	كُنتُم	كُنْتُمْ	1.00	1.00	rec	2975.12	2976.86
139	8	مُّؤْمِنِينَ	مُؤْمِنِينَ	1.00	1.00	rec	2976.92	2978.60
140	0	إِن	إِنْ	1.00	1.00	rec	2979.36	2979.82
140	1	يَمْسَسْكُمْ	يَمْسَسْكُمْ	1.00	1.00	rec	2979.88	2980.88
140	2	قَرْحٌۭ	قَرْحٌ	1.00	1.00	rec	2981.04	2981.54
140	3	فَقَدْ	فَقَدْ	1.00	1.00	rec	2982.38	2982.96
140	4	مَسَّ	مَسَّ	1.00	1.00	rec	2983.06	2983.48
140	5	ٱلْقَوْمَ	الْقَوْمَ	1.00	1.00	rec	2983.54	2984.34
140	6	قَرْحٌۭ	قَرْحٌ	1.00	1.00	rec	2984.50	2984.92
140	7	مِّثْلُهُۥۚ	مِثْلُهُ	0.80	1.00	rec	2986.04	2986.64
140	8	وَتِلْكَ	وَتِلْكَ	1.00	1.00	rec	2987.34	2987.98
140	9	ٱلْأَيَّامُ	الْأَيَّامُ	1.00	1.00	rec	2988.02	2989.02
140	10	نُدَاوِلُهَا	نُدَاوِلُهَا	1.00	1.00	rec	2989.16	2990.26
140	11	بَيْنَ	بَيْنَ	1.00	1.00	rec	2990.64	2991.24
140	12	ٱلنَّاسِ	النِّيسِ	0.80	0.95	rec	2991.28	2992.78
140	13	وَلِيَعْلَمَ	وَلِيَعْلَمَ	1.00	0.99	rec	2993.26	2994.18
140	14	ٱللَّهُ	اللَّهُ	1.00	0.95	rec	2994.24	2994.96
140	15	ٱلَّذِينَ	الَّذِينَ	1.00	1.00	rec	2995.02	2995.88
140	16	ءَامَنُوا۟	آمَنُوا	0.83	0.96	rec	2996.08	2996.78
140	17	وَيَتَّخِذَ	وَيَتَّخِذَ	1.00	0.98	rec	2997.10	2998.16
140	18	مِنكُمْ	مِنْكُمْ	1.00	1.00	rec	2998.28	2999.34
140	19	شُهَدَآءَۗ	شُهَدًا	0.80	0.95	rec	2999.48	3000.04
140	20	وَٱللَّهُ	وَاللَّهُ	1.00	1.00	rec	3001.94	3002.84
140	21	لَا	لَا	1.00	1.00	rec	3002.98	3003.10
140	22	يُحِبُّ	يُحِبُّ	1.00	1.00	rec	3003.32	3004.06
140	23	ٱلظَّٰلِمِينَ	الظَّالِمِينَ	1.00	1.00	rec	3004.12	3006.28
141	0	وَلِيُمَحِّصَ	وَلِيُمَحِّصَ	1.00	1.00	rec	3006.98	3008.38
141	1	ٱللَّهُ	اللَّهُ	1.00	1.00	rec	3008.44	3009.26
141	2	ٱلَّذِينَ	الَّذِينَ	1.00	0.89	rec	3009.32	3010.14
141	3	ءَامَنُوا۟	آمَنُوا	0.83	0.98	rec	3010.26	3011.06
141	4	وَيَمْحَقَ	وَيَمْحَقَ	1.00	1.00	rec	3011.32	3012.22
141	5	ٱلْكَٰفِرِينَ	الْكَافِرِينَ	1.00	1.00	rec	3012.26	3014.40
142	0	أَمْ	أَمْ	1.00	1.00	rec	3015.00	3015.18
142	1	حَسِبْتُمْ	حَسِبْتُمْ	1.00	1.00	rec	3015.26	3016.26
142	2	أَن	أَنْ	1.00	1.00	rec	3016.36	3017.04
142	3	تَدْخُلُوا۟	تَدْخُلُوا	1.00	1.00	rec	3017.16	3017.92
142	4	ٱلْجَنَّةَ	الْجَنَّةَ	1.00	0.90	rec	3017.94	3019.62
142	5	وَلَمَّا	وَلَمَّا	1.00	0.98	rec	3020.30	3021.60
142	6	يَعْلَمِ	يَعْلَمِ	1.00	1.00	rec	3021.98	3022.64
142	7	ٱللَّهُ	اللَّهُ	1.00	1.00	rec	3022.70	3023.44
142	8	ٱلَّذِينَ	الَّذِينَ	1.00	0.97	rec	3023.50	3024.26
142	9	جَٰهَدُوا۟	جَاهَدُوا	1.00	0.98	rec	3024.44	3025.22
142	10	مِنكُمْ	مِنْكُمْ	1.00	1.00	rec	3025.60	3026.68
142	11	وَيَعْلَمَ	وَيَعْلَمَ	1.00	1.00	rec	3026.80	3027.66
142	12	ٱلصَّٰبِرِينَ	الصَّابِرِينَ	1.00	1.00	rec	3027.72	3029.88
143	0	وَلَقَدْ	وَلَقَدْ	1.00	1.00	rec	3030.58	3031.40
143	1	كُنتُمْ	كُنْتُمْ	1.00	1.00	rec	3031.60	3032.94
143	2	تَمَنَّوْنَ	تَمَنَّوْنَ	1.00	0.97	rec	3033.06	3034.52
143	3	ٱلْمَوْتَ	الْمَوْتَ	1.00	1.00	rec	3034.58	3035.40
143	4	مِن	مِنْ	1.00	1.00	rec	3035.54	3036.06
143	5	قَبْلِ	قَبْلِ	1.00	0.94	rec	3036.20	3036.70
143	6	أَن	أَنْ	1.00	1.00	rec	3036.86	3037.70
143	7	تَلْقَوْهُ	تَلْقَوْهُ	1.00	1.00	rec	3037.82	3039.24
143	8	فَقَدْ	فَقَدْ	1.00	1.00	rec	3039.86	3040.40
143	9	رَأَيْتُمُوهُ	رَأَيْتُمُوهُ	1.00	1.00	rec	3040.54	3041.88
143	10	وَأَنتُمْ	وَأَنْتُمْ	1.00	1.00	rec	3042.06	3043.68
143	11	تَنظُرُونَ	تَنْظُرُونَ	1.00	1.00	rec	3043.84	3046.62
144	0	وَمَا	وَمَا	1.00	1.00	rec	3048.70	3049.02
144	1	مُحَمَّدٌ	مُحَمَّدٌ	1.00	0.99	rec	3049.20	3050.62
144	2	إِلَّا	إِلَّا	1.00	0.99	rec	3051.04	3051.58
144	3	رَسُولٌۭ	رَسُولٌ	1.00	1.00	rec	3051.84	3052.64
144	4	قَدْ	قَدْ	1.00	1.00	rec	3053.48	3053.78
144	5	خَلَتْ	خَلَتْ	1.00	1.00	rec	3053.96	3054.52
144	6	مِن	مِنْ	1.00	1.00	rec	3054.62	3055.36
144	7	قَبْلِهِ	قَبْلِهِ	1.00	1.00	rec	3055.48	3056.30
144	8	ٱلرُّسُلُۚ	الرُّسُلُ	1.00	0.99	rec	3056.40	3057.40
144	9	أَفَإِي۟ن	أَفَإِنْ	0.80	1.00	rec	3058.08	3059.26
144	10	مَّاتَ	مَاتَ	1.00	1.00	rec	3059.32	3060.00
144	11	أَوْ	أَوْا	0.67	0.98	rec	3060.14	3060.44
144	12	قُتِلَ	قُتِلَ	1.00	1.00	rec	3060.60	3061.16
144	13	ٱنقَلَبْتُمْ	انْقَلَبْتُمْ	1.00	1.00	rec	3061.24	3063.10
144	14	عَلَىٰٓ	عَلَىٰ	1.00	1.00	rec	3063.20	3063.56
144	15	أَعْقَٰبِكُمْۚ	أَعْقَابِكُمْ	1.00	1.00	rec	3064.18	3065.82
144	16	وَمَن	وَمَءْ	0.67	0.90	rec	3066.68	3067.66
144	17	يَنقَلِبْ	يَنْقَلِبْ	1.00	0.99	rec	3067.74	3069.20
144	18	عَلَىٰ	عَلَىٰ	1.00	1.00	rec	3069.36	3069.68
144	19	عَقِبَيْهِ	عَقِبَيْهِ	1.00	1.00	rec	3069.96	3070.90
144	20	فَلَن	فَلَنْ	1.00	1.00	rec	3071.10	3071.96
144	21	يَضُرَّ	يَضُرَّ	1.00	1.00	rec	3072.00	3072.62
144	22	ٱللَّهَ	اللَّهَ	1.00	1.00	rec	3072.70	3073.48
144	23	شَيْـًۭٔاۗ	شَيْئًا	0.75	1.00	rec	3073.70	3074.36
144	24	وَسَيَجْزِى	وَسَيَجْزِي	0.83	1.00	rec	3075.32	3076.20
144	25	ٱللَّهُ	اللَّهُ	1.00	1.00	rec	3076.24	3076.96
144	26	ٱلشَّٰكِرِينَ	شَاكِرِينَ	0.75	1.00	rec	3077.30	3079.48
145	0	وَمَا	وَمَا	1.00	1.00	rec	3080.86	3081.18
145	1	كَانَ	كَاعَنَا	0.60	0.91	rec	3081.50	3082.16
145	2	لِنَفْسٍ	لِنَفْسٍ	1.00	1.00	rec	3082.28	3082.86
145	3	أَن	أَنْ	1.00	1.00	rec	3083.22	3084.06
145	4	تَمُوتَ	تَمُوتَ	1.00	1.00	rec	3084.18	3084.96
145	5	إِلَّا	إِلْعَى	0.50	0.91	rec	3085.12	3085.70
145	6	بِإِذْنِ	بِإِذْنِ	1.00	1.00	rec	3086.04	3086.78
145	7	ٱللَّهِ	اللَّهِ	1.00	0.98	rec	3086.84	3087.70
145	8	كِتَٰبًۭا	كِتَابًا	1.00	1.00	rec	3087.90	3088.82
145	9	مُّؤَجَّلًۭاۗ	مُؤَجَّلًا	1.00	1.00	rec	3089.42	3090.28
145	10	وَمَن	وَمَنْ	1.00	1.00	rec	3091.22	3092.18
145	11	يُرِدْ		0.00	0.25	forced	3092.24	3092.80
145	12	ثَوَابَ	وَعَبَ	0.50	0.88	rec	3092.90	3093.42
145	13	ٱلدُّنْيَا	الدُّنْيَا	1.00	0.99	rec	3093.48	3094.22
145	14	نُؤْتِهِۦ	نُؤْتِهْ	0.80	1.00	rec	3094.58	3095.22
145	15	مِنْهَا	مِنْهَا	1.00	1.00	rec	3095.34	3095.86
145	16	وَمَن	وَمَنْ	1.00	1.00	rec	3096.76	3097.82
145	17	يُرِدْ		0.00	0.00	spread	3097.82	3097.86
145	18	ثَوَابَ	يُرِلثَّوَابَ	0.57	0.92	rec	3097.86	3099.10
145	19	ٱلْءَاخِرَةِ	الْآخِرَةِ	0.86	1.00	rec	3099.16	3100.36
145	20	نُؤْتِهِۦ	نُؤْتِهْ	0.80	1.00	rec	3100.50	3101.10
145	21	مِنْهَاۚ	مِنْهَا	1.00	1.00	rec	3101.20	3101.72
145	22	وَسَنَجْزِى	وَسَنَجْزِي	0.83	1.00	rec	3102.08	3102.96
145	23	ٱلشَّٰكِرِينَ	الشَّاكِرِينَ	1.00	1.00	rec	3103.00	3105.24
146	0	وَكَأَيِّن	وَكَأَيِّنْ	1.00	1.00	rec	3106.00	3107.48
146	1	مِّن	مِنْ	1.00	1.00	rec	3107.52	3108.10
146	2	نَّبِىٍّۢ	نَبِيٍّ	0.67	1.00	rec	3108.16	3108.82
146	3	قَٰتَلَ	قُتِلَ	0.75	1.00	rec	3109.56	3110.08
146	4	مَعَهُۥ	مَعَهُ	0.75	1.00	rec	3110.24	3110.76
146	5	رِبِّيُّونَ	نِبِّيُّونَ	0.80	0.98	rec	3111.24	3112.42
146	6	كَثِيرٌۭ	كَثِيرٌ	1.00	1.00	rec	3112.60	3113.40
146	7	فَمَا	فَمَا	1.00	1.00	rec	3114.10	3114.46
146	8	وَهَنُوا۟	وَهَنُوا	1.00	1.00	rec	3116.96	3117.50
146	9	لِمَآ	لِمَا	1.00	1.00	rec	3117.88	3118.22
146	10	أَصَابَهُمْ	أَصَابَهُمْ	1.00	1.00	rec	3118.54	3119.84
146	11	فِى	فِي	0.50	1.00	rec	3119.98	3120.12
146	12	سَبِيلِ	سَبِيلِ	1.00	1.00	rec	3120.40	3121.04
146	13	ٱللَّهِ	اللَّهِ	1.00	0.99	rec	3121.08	3121.78
146	14	وَمَا	وَمَا	1.00	1.00	rec	3121.98	3122.34
146	15	ضَعُفُوا۟	ضَعُفُوا	1.00	0.97	rec	3122.70	3123.32
146	16	وَمَا	وَمَا	1.00	1.00	rec	3123.62	3123.90
146	17	ٱسْتَكَانُوا۟ۗ	اسْتَكَانُوا	1.00	0.97	rec	3123.94	3125.04
146	18	وَٱللَّهُ	وَاللَّهُ	1.00	1.00	rec	3126.04	3126.98
146	19	يُحِبُّ	يُحِبُّ	1.00	1.00	rec	3127.12	3127.82
146	20	ٱلصَّٰبِرِينَ	الصَّابِرِينَ	1.00	1.00	rec	3127.88	3130.60
147	0	وَمَا	وَمَا	1.00	1.00	rec	3131.88	3132.20
147	1	كَانَ	كَانَ	1.00	1.00	rec	3132.54	3133.02
147	2	قَوْلَهُمْ	قَوْلَهُمْ	1.00	1.00	rec	3133.22	3134.16
147	3	إِلَّآ	إِلَّا	1.00	1.00	rec	3134.26	3134.84
147	4	أَن	أَنْ	1.00	1.00	rec	3135.20	3135.96
147	5	قَالُوا۟	قَالُوا	1.00	1.00	rec	3136.08	3136.76
147	6	رَبَّنَا	رَبَّنَا	1.00	1.00	rec	3137.08	3137.68
147	7	ٱغْفِرْ	اغْفِرْ	1.00	0.98	rec	3137.72	3138.34
147	8	لَنَا	لَنَا	1.00	1.00	rec	3138.44	3138.76
147	9	ذُنُوبَنَا	ذُنُوبَنَا	1.00	0.97	rec	3139.10	3140.12
147	10	وَإِسْرَافَنَا	سِرَافَنَا	0.75	0.83	rec	3140.94	3141.84
147	11	فِىٓ	فِي	0.50	1.00	rec	3142.20	3142.36
147	12	أَمْرِنَا	أَمْرِنَا	1.00	1.00	rec	3143.10	3143.76
147	13	وَثَبِّتْ	وَثَبِّتْ	1.00	1.00	rec	3144.12	3145.08
147	14	أَقْدَامَنَا	أَقْدَ+امَنَعَ	0.86	0.82	rec	3148.72	3150.28
147	15	وَٱنصُرْنَا	وَانْصُرْنَا	1.00	1.00	rec	3150.56	3152.02
147	16	عَلَى	عَلَى	1.00	0.87	rec	3152.40	3152.68
147	17	ٱلْقَوْمِ	الْقَوْمِ	1.00	1.00	rec	3152.72	3153.68
147	18	ٱلْكَٰفِرِينَ	الْكَافِرِينَ	1.00	0.93	rec	3153.74	3156.14
148	0	فَـَٔاتَىٰهُمُ	فَآتَاهُمُ	0.86	1.00	rec	3156.84	3158.26
148	1	ٱللَّهُ	اللَّهُ	1.00	0.95	rec	3158.32	3159.14
148	2	ثَوَابَ	ثَوَابَ	1.00	1.00	rec	3159.34	3160.00
148	3	ٱلدُّنْيَا	الدُّنْيَا	1.00	1.00	rec	3160.06	3160.86
148	4	وَحُسْنَ	وَكُسْنَ	0.75	0.92	rec	3161.16	3161.88
148	5	ثَوَابِ	ثَوَابِ	1.00	1.00	rec	3162.08	3162.88
148	6	ٱلْءَاخِرَةِۗ	الْآخِرَةِ	0.86	1.00	rec	3162.94	3164.18
148	7	وَٱللَّهُ	وَاللَّهُ	1.00	1.00	rec	3164.84	3165.74
148	8	يُحِبُّ	يُحِبُّ	1.00	1.00	rec	3165.90	3166.60
148	9	ٱلْمُحْسِنِينَ	الْمُحْسِنِينَ	1.00	1.00	rec	3166.68	3169.04
149	0	يَٰٓأَيُّهَا	يَا+أَيُّهَا	1.00	1.00	rec	3169.84	3171.12
149	1	ٱلَّذِينَ	الَّذِينَ	1.00	1.00	rec	3171.18	3172.02
149	2	ءَامَنُوٓا۟	آمَنُوا	0.83	0.99	rec	3172.16	3172.92
149	3	إِن	إِنْ	1.00	1.00	rec	3173.26	3174.02
149	4	تُطِيعُوا۟	تُضِيعُوا	0.83	0.95	rec	3174.14	3175.02
149	5	ٱلَّذِينَ	الَّذِينَ	1.00	0.97	rec	3175.08	3175.96
149	6	كَفَرُوا۟	كَفَرُوا	1.00	1.00	rec	3176.16	3176.70
149	7	يَرُدُّوكُمْ	يَرُدُّوكُمْ	1.00	1.00	rec	3176.98	3178.36
149	8	عَلَىٰٓ	عَلَىٰ	1.00	1.00	rec	3178.46	3178.80
149	9	أَعْقَٰبِكُمْ	أَعْقَابِكُمْ	1.00	1.00	rec	3179.20	3180.72
149	10	فَتَنقَلِبُوا۟	فَتَنْقَلِبُوا	1.00	0.96	rec	3180.82	3182.72
149	11	خَٰسِرِينَ	خَاسِرِينَ	1.00	0.99	rec	3183.16	3185.16
150	0	بَلِ	بَلِ	1.00	1.00	rec	3185.86	3186.06
150	1	ٱللَّهُ	اللَّهُ	1.00	0.89	rec	3186.12	3186.82
150	2	مَوْلَىٰكُمْۖ	مَوْلَاكُمْ	0.86	1.00	rec	3186.96	3188.14
150	3	وَهُوَ	وَهُوَ	1.00	1.00	rec	3188.26	3188.66
150	4	خَيْرُ	خَيْرُ	1.00	1.00	rec	3188.86	3189.34
150	5	ٱلنَّٰصِرِينَ	النَّاصِرِينَ	1.00	1.00	rec	3189.40	3192.32
151	0	سَنُلْقِى	سَنُلْقِي	0.80	1.00	rec	3193.04	3193.86
151	1	فِى	فِي	0.50	1.00	rec	3194.28	3194.44
151	2	قُلُوبِ	قُلُوبِ	1.00	1.00	rec	3194.72	3195.46
151	3	ٱلَّذِينَ	الَّذِينَ	1.00	1.00	rec	3195.54	3196.52
151	4	كَفَرُوا۟	كَفَرُوا	1.00	1.00	rec	3196.74	3197.32
151	5	ٱلرُّعْبَ	الرُّعْبَ	1.00	0.99	rec	3197.38	3198.14
151	6	بِمَآ	بِمَا	1.00	1.00	rec	3198.30	3198.72
151	7	أَشْرَكُوا۟	أَشْرَكُوا	1.00	1.00	rec	3199.12	3199.94
151	8	بِٱللَّهِ	بِاللَّهِ	1.00	1.00	rec	3200.28	3201.00
151	9	مَا	مَا	1.00	1.00	rec	3201.18	3201.30
151	10	لَمْ	لَمْ	1.00	1.00	rec	3201.56	3201.82
151	11	يُنَزِّلْ	يُنْزِلْ	1.00	1.00	rec	3201.90	3202.98
151	12	بِهِۦ	بِهِ	0.67	1.00	rec	3203.06	3203.38
151	13	سُلْطَٰنًۭاۖ	سُلْطَانَا	1.00	1.00	rec	3203.94	3205.30
151	14	وَمَأْوَىٰهُمُ	وَمَأْوَاهُمُ	0.88	1.00	rec	3206.46	3207.80
151	15	ٱلنَّارُۚ	النَّارُ	1.00	1.00	rec	3207.88	3209.24
151	16	وَبِئْسَ	وَبِ	0.50	0.73	rec	3209.38	3209.70
151	17	مَثْوَى	سَمَثْوَى	0.80	1.00	rec	3210.10	3210.86
151	18	ٱلظَّٰلِمِينَ	الظَّالِمِينَ	1.00	1.00	rec	3210.90	3212.98
152	0	وَلَقَدْ	وَلَقَدْ	1.00	1.00	rec	3213.80	3214.50
152	1	صَدَقَكُمُ	صَدَقَكُمُ	1.00	1.00	rec	3214.60	3215.58
152	2	ٱللَّهُ	اللَّهُ	1.00	0.98	rec	3215.66	3216.50
152	3	وَعْدَهُۥٓ	وَعْدَهُ	0.80	0.98	rec	3216.60	3217.32
152	4	إِذْ		0.00	0.50	forced	3217.84	3220.72
152	5	تَحُسُّونَهُم	اتَّحُسُّونَهُمْ	0.88	1.00	rec	3221.78	3224.00
152	6	بِإِذْنِهِۦۖ	بِإِذْنِهِ	0.83	1.00	rec	3224.06	3225.02
152	7	حَتَّىٰٓ	حَتَّىٰ	1.00	1.00	rec	3225.48	3225.96
152	8	إِذَا	إِذَا	1.00	1.00	rec	3226.44	3226.76
152	9	فَشِلْتُمْ	فَسِلْتُمْ	0.80	0.95	rec	3227.12	3228.14
152	10	وَتَنَٰزَعْتُمْ	وَتَنَازَعْتُمْ	1.00	1.00	rec	3228.24	3229.90
152	11	فِى	فِي	0.50	1.00	rec	3230.00	3230.10
152	12	ٱلْأَمْرِ	الْأَمْرِ	1.00	1.00	rec	3230.14	3230.82
152	13	وَعَصَيْتُم	وَعَصَيْتُمْ	1.00	1.00	rec	3231.00	3232.46
152	14	مِّنۢ	مِنْ	1.00	0.96	rec	3234.80	3235.40
152	15	بَعْدِ	بَعْدِ	1.00	1.00	rec	3235.50	3236.00
152	16	مَآ	مَا	1.00	1.00	rec	3236.18	3236.30
152	17	أَرَىٰكُم	أَلَيكُمْ	0.50	1.00	rec	3236.86	3238.32
152	18	مَّا	مَا	1.00	1.00	rec	3238.40	3238.52
152	19	تُحِبُّونَۚ	تُحِبُّونَ	1.00	1.00	rec	3238.94	3240.46
152	20	مِنكُم	مِنْكُمْ	1.00	1.00	rec	3241.06	3242.52
152	21	مَّن	مَنْ	1.00	1.00	rec	3242.58	3243.14
152	22	يُرِيدُ	يُرِيدُ	1.00	1.00	rec	3243.20	3243.96
152	23	ٱلدُّنْيَا	الدُّنْيَا	1.00	1.00	rec	3244.02	3244.84
152	24	وَمِنكُم	وَمِنْكُمْ	1.00	1.00	rec	3245.12	3246.90
152	25	مَّن	مَنْ	1.00	1.00	rec	3246.96	3247.56
152	26	يُرِيدُ	يُرِيدُ	1.00	1.00	rec	3247.60	3248.48
152	27	ٱلْءَاخِرَةَۚ	الْآخِرَةُ	0.86	0.90	rec	3248.54	3249.88
152	28	ثُمَّ	ثُمَّ	1.00	1.00	rec	3250.48	3251.30
152	29	صَرَفَكُمْ	صَرَفَكُمْ	1.00	1.00	rec	3251.46	3252.44
152	30	عَنْهُمْ	عَنْهُمْ	1.00	1.00	rec	3252.52	3253.28
152	31	لِيَبْتَلِيَكُمْۖ	لِيَبْتَلِيَكُمْ	1.00	1.00	rec	3253.34	3255.02
152	32	وَلَقَدْ	وَلَقَدْ	1.00	1.00	rec	3255.48	3256.18
152	33	عَفَا	عَفَا	1.00	1.00	rec	3256.30	3256.66
152	34	عَنكُمْۗ	عَنْكُمْ	1.00	1.00	rec	3256.98	3258.64
152	35	وَٱللَّهُ	وَاللَّهُ	1.00	0.99	rec	3258.74	3259.60
152	36	ذُو	ذُو	1.00	1.00	rec	3259.78	3259.90
152	37	فَضْلٍ	فَضْلٍ	1.00	1.00	rec	3260.26	3260.72
152	38	عَلَى	عَلَى	1.00	1.00	rec	3261.08	3261.38
152	39	ٱلْمُؤْمِنِينَ	الْمُؤْمِنِينَ	1.00	1.00	rec	3261.42	3264.10
153	0	إِذْ	إِذْ	1.00	0.99	rec	3264.90	3265.18
153	1	تُصْعِدُونَ	تُصْعِدُونَ	1.00	0.99	rec	3265.26	3266.32
153	2	وَلَا	وَلَا	1.00	1.00	rec	3266.48	3266.80
153	3	تَلْوُۥنَ	تَلْوُونَ	1.00	0.99	rec	3267.28	3268.28
153	4	عَلَىٰٓ	عَلَىٰ	1.00	1.00	rec	3268.44	3268.80
153	5	أَحَدٍۢ	أَحَدٍ	1.00	1.00	rec	3269.14	3269.72
153	6	وَٱلرَّسُولُ	وَالرَّسُولُ	1.00	1.00	rec	3270.36	3271.48
153	7	يَدْعُوكُمْ	يَدْعُوكُمْ	1.00	1.00	rec	3271.64	3272.80
153	8	فِىٓ	فِي	0.50	1.00	rec	3272.94	3273.08
153	9	أُخْرَىٰكُمْ	أُخْرَاكُمْ	0.86	0.98	rec	3273.70	3275.06
153	10	فَأَثَٰبَكُمْ	فَأَثَابَكُمْ	1.00	0.95	rec	3275.80	3277.30
153	11	غَمًّۢا	غَمًّا	1.00	0.98	rec	3277.46	3278.32
153	12	بِغَمٍّۢ	بِغَمٍ	1.00	1.00	rec	3279.02	3279.78
153	13	لِّكَيْلَا	لِكَيْ+لَا	1.00	0.99	rec	3280.08	3280.88
153	14	تَحْزَنُوا۟	تَحْزَنُوا	1.00	1.00	rec	3281.24	3281.98
153	15	عَلَىٰ	عَلَىٰ	1.00	0.90	rec	3282.24	3282.56
153	16	مَا	مَا	1.00	1.00	rec	3282.86	3282.98
153	17	فَاتَكُمْ	فَاتَكُمْ	1.00	0.99	rec	3283.30	3284.28
153	18	وَلَا	وَلَا	1.00	1.00	rec	3284.40	3284.72
153	19	مَآ	مَا	1.00	1.00	rec	3285.04	3285.16
153	20	أَصَٰبَكُمْۗ	أَصَابَكُمْ	1.00	1.00	rec	3285.52	3286.98
153	21	وَٱللَّهُ	وَاللَّهُ	1.00	1.00	rec	3287.72	3288.66
153	22	خَبِيرٌۢ	خَبِيرٌ	1.00	1.00	rec	3288.88	3289.64
153	23	بِمَا	بِمَا	1.00	1.00	rec	3290.32	3290.66
153	24	تَعْمَلُونَ	تَعْمَلُونَ	1.00	1.00	rec	3291.00	3293.02
154	0	ثُمَّ	ثُمَّ	1.00	1.00	rec	3293.64	3294.40
154	1	أَنزَلَ	أَنْزَلَ	1.00	1.00	rec	3294.54	3295.68
154	2	عَلَيْكُم	عَلَيْكُمْ	1.00	1.00	rec	3295.86	3297.08
154	3	مِّنۢ	مِنْ	1.00	1.00	rec	3297.14	3297.98
154	4	بَعْدِ	بَعْدِ	1.00	1.00	rec	3298.06	3298.48
154	5	ٱلْغَمِّ	الْغَمِّ	1.00	1.00	rec	3298.54	3299.60
154	6	أَمَنَةًۭ	عَمَنَةً	0.75	1.00	rec	3299.74	3300.50
154	7	نُّعَاسًۭا	نُعَاسَى	0.80	0.99	rec	3301.02	3301.78
154	8	يَغْشَىٰ	يَغْشَىٰ	1.00	0.99	rec	3303.52	3304.06
154	9	طَآئِفَةًۭ	طَائِفَةً	1.00	0.95	rec	3304.46	3306.56
154	10	مِّنكُمْۖ	مِنْكُمْ	1.00	1.00	rec	3307.10	3308.34
154	11	وَطَآئِفَةٌۭ	وَضَائِفَةٌ	0.83	0.99	rec	3308.46	3311.48
154	12	قَدْ	قَدْ	1.00	1.00	rec	3312.12	3312.40
154	13	أَهَمَّتْهُمْ	أَهَمَّتْهُمْ	1.00	1.00	rec	3312.54	3314.28
154	14	أَنفُسُهُمْ	أَنْفُسُهُمْ	1.00	1.00	rec	3314.38	3316.28
154	15	يَظُنُّونَ	يَظُنُّونَ	1.00	1.00	rec	3317.16	3318.84
154	16	بِٱللَّهِ	بِاللَّهِ	1.00	1.00	rec	3318.96	3319.84
154	17	غَيْرَ	غَيْرَ	1.00	1.00	rec	3320.00	3320.44
154	18	ٱلْحَقِّ	الْحَقِّ	1.00	1.00	rec	3320.50	3321.22
154	19	ظَنَّ	ظَنَّ	1.00	1.00	rec	3321.34	3322.28
154	20	ٱلْجَٰهِلِيَّةِۖ	الْجَاهِلِيَّةَ	1.00	0.97	rec	3322.32	3323.82
154	21	يَقُولُونَ	يَقُولُونَ	1.00	1.00	rec	3324.50	3325.62
154	22	هَل	هَلْ	1.00	1.00	rec	3325.82	3326.18
154	23	لَّنَا	لَنَا	1.00	1.00	rec	3326.26	3326.60
154	24	مِنَ	مِنَ	1.00	1.00	rec	3326.92	3327.16
154	25	ٱلْأَمْرِ	الْأَمْرِ	1.00	0.99	rec	3327.20	3327.80
154	26	مِن	مِنْ	1.00	1.00	rec	3327.94	3328.66
154	27	شَىْءٍۢۗ	شَيْءٍ	0.67	1.00	rec	3328.78	3329.90
154	28	قُلْ	قُلْ	1.00	1.00	rec	3330.42	3330.72
154	29	إِنَّ	إِنَّ	1.00	1.00	rec	3330.80	3331.72
154	30	ٱلْأَمْرَ	الْأَمْرَ	1.00	1.00	rec	3331.78	3332.50
154	31	كُلَّهُۥ	كُلُّهُ	0.75	1.00	rec	3332.72	3333.48
154	32	لِلَّهِۗ	لِلَّ	0.67	1.00	rec	3333.88	3334.42
154	33	يُخْفُونَ	يُخْفُونَ	1.00	0.98	rec	3335.48	3336.22
154	34	فِىٓ	فِي	0.50	0.85	rec	3336.46	3336.62
154	35	أَنفُسِهِم	أَنْفُسِهِمْ	1.00	1.00	rec	3337.00	3339.22
154	36	مَّا	مَعَ	0.50	0.85	rec	3339.28	3339.60
154	37	لَا	لَا	1.00	1.00	rec	3339.78	3339.90
154	38	يُبْدُونَ	يُبْدُونَ	1.00	1.00	rec	3340.26	3341.30
154	39	لَكَۖ	لَكَ	1.00	1.00	rec	3341.42	3341.82
154	40	يَقُولُونَ	يَقُولُونَ	1.00	1.00	rec	3342.28	3343.54
154	41	لَوْ	لَوْ	1.00	1.00	rec	3343.70	3343.98
154	42	كَانَ	كَانَ	1.00	1.00	rec	3344.14	3344.68
154	43	لَنَا	لَنَا	1.00	1.00	rec	3344.80	3345.10
154	44	مِنَ	مِنَ	1.00	1.00	rec	3345.46	3345.68
154	45	ٱلْأَمْرِ	الْأَمْرِ	1.00	1.00	rec	3345.72	3346.32
154	46	شَىْءٌۭ	شَيْءٌ	0.67	1.00	rec	3346.50	3346.92
154	47	مَّا	مَا	1.00	0.95	rec	3347.82	3347.96
154	48	قُتِلْنَا	قُتِلْنَاهَا	0.71	1.00	rec	3348.32	3349.58
154	49	هَٰهُنَاۗ	هُنَا	0.60	1.00	rec	3350.02	3350.34
154	50	قُل	قُلْ	1.00	1.00	rec	3351.14	3351.36
154	51	لَّوْ	لَوْ	1.00	1.00	rec	3351.44	3351.68
154	52	كُنتُمْ	كُنْتُمْ	1.00	1.00	rec	3351.82	3353.16
154	53	فِى	فِي	0.50	1.00	rec	3353.32	3353.46
154	54	بُيُوتِكُمْ	بُيُوتٍ+ثُمْلَ	0.71	0.80	rec	3353.78	3355.24
154	55	لَبَرَزَ	بَرَزَ	0.75	1.00	rec	3355.40	3355.86
154	56	ٱلَّذِينَ	الَّذِينَ	1.00	1.00	rec	3355.92	3356.72
154	57	كُتِبَ	كُتِبَ	1.00	1.00	rec	3356.92	3357.40
154	58	عَلَيْهِمُ	عَلَيْهِمِ	1.00	1.00	rec	3357.54	3358.44
154	59	ٱلْقَتْلُ	الْقَتْلُ	1.00	0.95	rec	3358.50	3359.22
154	60	إِلَىٰ	إِلَىٰ	1.00	1.00	rec	3359.40	3359.70
154	61	مَضَاجِعِهِمْۖ	مَضَاجِعِهِمْ	1.00	0.97	rec	3359.96	3361.68
154	62	وَلِيَبْتَلِىَ	وَلِيَبْتَلِيَ	0.86	1.00	rec	3362.34	3363.64
154	63	ٱللَّهُ	اللَّهُ	1.00	1.00	rec	3363.68	3364.44
154	64	مَا	مَا	1.00	1.00	rec	3364.58	3364.70
154	65	فِى	فِي	0.50	1.00	rec	3365.12	3365.26
154	66	صُدُورِكُمْ	صُدُورِكُمْ	1.00	1.00	rec	3365.66	3366.88
154	67	وَلِيُمَحِّصَ	وَلِيُمَحِّصَ	1.00	1.00	rec	3366.98	3368.26
154	68	مَا	مَا	1.00	0.99	rec	3368.42	3368.54
154	69	فِى	فِي	0.50	1.00	rec	3368.90	3369.06
154	70	قُلُوبِكُمْۗ	قُلُوبِكُمْ	1.00	1.00	rec	3369.40	3370.74
154	71	وَٱللَّهُ	وَاللَّهُ	1.00	1.00	rec	3371.42	3372.28
154	72	عَلِيمٌۢ	عَلِيمٌ	1.00	1.00	rec	3372.42	3373.06
154	73	بِذَاتِ	بِذَاتِ	1.00	1.00	rec	3373.74	3374.66
154	74	ٱلصُّدُورِ	الصُّدُورِ	1.00	1.00	rec	3374.72	3376.42
155	0	إِنَّ	إِنَّ	1.00	1.00	rec	3377.12	3377.92
155	1	ٱلَّذِينَ	الَّذِينَ	1.00	1.00	rec	3377.98	3378.84
155	2	تَوَلَّوْا۟	تَوَلَّوْا	1.00	1.00	rec	3379.04	3379.88
155	3	مِنكُمْ	مِنْكُمْ	1.00	1.00	rec	3380.02	3381.12
155	4	يَوْمَ	يَوْمَ	1.00	1.00	rec	3381.26	3381.64
155	5	ٱلْتَقَى	الْتَقَى	1.00	1.00	rec	3381.70	3382.32
155	6	ٱلْجَمْعَانِ	الْجَمْعَانِ	1.00	1.00	rec	3382.38	3383.86
155	7	إِنَّمَا	إِنَّمَا	1.00	1.00	rec	3384.00	3384.96
155	8	ٱسْتَزَلَّهُمُ	اسْتَزَلَّهُمُ	1.00	1.00	rec	3385.02	3386.42
155	9	ٱلشَّيْطَٰنُ	الشَّيْطَانُ	1.00	1.00	rec	3386.50	3387.90
155	10	بِبَعْضِ	بِبَعْضِ	1.00	1.00	rec	3388.06	3388.80
155	11	مَا	مَا	1.00	1.00	rec	3388.96	3389.08
155	12	كَسَبُوا۟ۖ	كَسَبُوا	1.00	1.00	rec	3389.48	3390.04
155	13	وَلَقَدْ	وَلَقَدْ	1.00	1.00	rec	3391.02	3391.82
155	14	عَفَا	عَفَا	1.00	1.00	rec	3391.94	3392.26
155	15	ٱللَّهُ	اللَّهُ	1.00	1.00	rec	3392.30	3393.12
155	16	عَنْهُمْۗ	عَنْهُمْ	1.00	1.00	rec	3393.30	3394.26
155	17	إِنَّ	إِنَّ	1.00	1.00	rec	3394.74	3395.70
155	18	ٱللَّهَ	اللَّهَ	1.00	0.97	rec	3395.74	3396.54
155	19	غَفُورٌ	غَفُورٌ	1.00	1.00	rec	3396.70	3397.58
155	20	حَلِيمٌۭ	حَلِيمٌ	1.00	1.00	rec	3398.02	3399.52
156	0	يَٰٓأَيُّهَا	يَا+أَيُّهَا	1.00	1.00	rec	3400.98	3402.10
156	1	ٱلَّذِينَ	الَّذِينَ	1.00	1.00	rec	3402.16	3403.06
156	2	ءَامَنُوا۟	عَامَنُوا	0.83	0.99	rec	3403.20	3403.92
156	3	لَا	لَا	1.00	1.00	rec	3404.24	3404.36
156	4	تَكُونُوا۟	تَكُونُوا	1.00	1.00	rec	3404.72	3405.52
156	5	كَٱلَّذِينَ	كَالَّذِينَ	1.00	0.98	rec	3405.88	3406.92
156	6	كَفَرُوا۟	كَفَرُوا	1.00	1.00	rec	3407.12	3407.64
156	7	وَقَالُوا۟	وَقَالُوا	1.00	1.00	rec	3407.88	3408.68
156	8	لِإِخْوَٰنِهِمْ	لِإِخْوَانِهِمْ	1.00	0.99	rec	3408.96	3410.48
156	9	إِذَا	إِذَا	1.00	1.00	rec	3410.62	3410.96
156	10	ضَرَبُوا۟	ضَرَبُوا	1.00	1.00	rec	3411.26	3411.76
156	11	فِى	فِي	0.50	1.00	rec	3412.10	3412.20
156	12	ٱلْأَرْضِ	الْأَرْضِ	1.00	1.00	rec	3412.24	3412.88
156	13	أَوْ		0.00	0.31	forced	3414.02	3415.68
156	14	كَانُوا۟	كَانُوا	1.00	0.99	rec	3416.78	3417.46
156	15	غُزًّۭى		0.00	0.33	forced	3417.76	3418.26
156	16	لَّوْ	لَوْ	1.00	1.00	rec	3418.52	3418.78
156	17	كَانُوا۟	كَانُوا	1.00	1.00	rec	3418.96	3419.44
156	18	عِندَنَا	عِنْدَنَا	1.00	1.00	rec	3419.76	3420.66
156	19	مَا	مَا	1.00	1.00	rec	3420.92	3421.06
156	20	مَاتُوا۟	مَاتُوا	1.00	1.00	rec	3421.32	3421.90
156	21	وَمَا	وَمَا	1.00	1.00	rec	3422.16	3422.50
156	22	قُتِلُوا۟	قُتِلُوا	1.00	0.98	rec	3422.84	3423.38
156	23	لِيَجْعَلَ	لِيَجْعَلَ	1.00	0.95	rec	3424.26	3425.10
156	24	ٱللَّهُ	اللَّهُ	1.00	0.97	rec	3425.16	3425.96
156	25	ذَٰلِكَ	ذَٰلِكَ	1.00	1.00	rec	3426.14	3426.82
156	26	حَسْرَةًۭ	حَسْرَةً	1.00	1.00	rec	3426.96	3427.70
156	27	فِى	فِي	0.50	1.00	rec	3428.54	3428.70
156	28	قُلُوبِهِمْۗ	قُلُوبِهِمْ	1.00	1.00	rec	3429.10	3430.44
156	29	وَٱللَّهُ	وَاللَّهُ	1.00	1.00	rec	3431.06	3431.96
156	30	يُحْىِۦ	يُحْيِي	0.75	1.00	rec	3432.08	3432.62
156	31	وَيُمِيتُۗ	وَيُمِيتُ	1.00	1.00	rec	3433.10	3434.64
156	32	وَٱللَّهُ	وَاللَّهُ	1.00	0.96	rec	3435.18	3436.16
156	33	بِمَا	بِمَا	1.00	1.00	rec	3436.32	3436.68
156	34	تَعْمَلُونَ	تَعْمَلُونَ	1.00	1.00	rec	3436.98	3438.36
156	35	بَصِيرٌۭ	بَصِيرٌ	1.00	1.00	rec	3438.48	3440.32
157	0	وَلَئِن	وَلَئِنْ	1.00	1.00	rec	3441.54	3442.94
157	1	قُتِلْتُمْ	قُتِلْتُمْ	1.00	1.00	rec	3443.06	3444.18
157	2	فِى	فِي	0.50	1.00	rec	3444.32	3444.46
157	3	سَبِيلِ	سَبِيلِ	1.00	1.00	rec	3444.92	3445.74
157	4	ٱللَّهِ	اللَّهِ	1.00	1.00	rec	3445.80	3446.60
157	5	أَوْ	أَوْ	1.00	0.93	rec	3446.78	3447.12
157	6	مُتُّمْ	مُتُّمْ	1.00	0.98	rec	3447.28	3448.12
157	7	لَمَغْفِرَةٌۭ	لَمَغْفِرَةٌ	1.00	0.99	rec	3448.20	3449.54
157	8	مِّنَ	مِنَ	1.00	1.00	rec	3450.24	3450.50
157	9	ٱللَّهِ	اللَّهِ	1.00	1.00	rec	3450.56	3451.54
157	10	وَرَحْمَةٌ	وَرَحْمَةٌ	1.00	1.00	rec	3451.74	3452.72
157	11	خَيْرٌۭ	خَيْرٌ	1.00	1.00	rec	3453.18	3453.68
157	12	مِّمَّا	مِمَّا	1.00	1.00	rec	3454.32	3455.24
157	13	يَجْمَعُونَ	تَجْمَعُونَ	0.83	1.00	rec	3455.70	3457.58
158	0	وَلَئِن	وَلَئِنْ	1.00	1.00	rec	3458.32	3459.46
158	1	مُّتُّمْ	مُتُّمْ	1.00	0.97	rec	3459.52	3460.20
158	2	أَوْ	أَوْ	1.00	1.00	rec	3460.32	3460.58
158	3	قُتِلْتُمْ	قُتِلْتُمْ	1.00	1.00	rec	3460.72	3461.68
158	4	لَإِلَى	لَإِلَى	1.00	1.00	rec	3461.78	3462.24
158	5	ٱللَّهِ	اللَّهِ	1.00	1.00	rec	3462.30	3463.14
158	6	تُحْشَرُونَ	حشَرُونَ	0.83	0.88	rec	3463.64	3465.12
159	0	فَبِمَا	فَبِمَا	1.00	1.00	rec	3465.76	3466.30
159	1	رَحْمَةٍۢ	رَحْمَةٍ	1.00	1.00	rec	3466.66	3467.42
159	2	مِّنَ	مِنَ	1.00	1.00	rec	3468.14	3468.42
159	3	ٱللَّهِ	اللَّهِ	1.00	0.97	rec	3468.48	3469.48
159	4	لِنتَ	لِنْتَ	1.00	0.98	rec	3469.64	3470.88
159	5	لَهُمْۖ	لَهُمْ	1.00	1.00	rec	3471.04	3471.68
159	6	وَلَوْ	وَلَوْ	1.00	1.00	rec	3472.24	3472.74
159	7	كُنتَ	كُنْتَ	1.00	1.00	rec	3472.90	3474.12
159	8	فَظًّا	فَرًّا	0.67	0.99	rec	3474.36	3474.92
159	9	غَلِيظَ	غَلِيظَ	1.00	0.97	rec	3475.36	3476.30
159	10	ٱلْقَلْبِ	الْقَلْبِ	1.00	1.00	rec	3476.38	3477.24
159	11	لَٱنفَضُّوا۟	لَنْفَقْ+ضُو	0.57	0.88	rec	3477.44	3479.06
159	12	مِنْ	مِنْ	1.00	1.00	rec	3479.52	3479.84
159	13	حَوْلِكَۖ	حَوْلِكَ	1.00	1.00	rec	3479.98	3480.90
159	14	فَٱعْفُ	فَاعْفُ	1.00	1.00	rec	3481.36	3481.82
159	15	عَنْهُمْ	عَنْهُمْ	1.00	1.00	rec	3481.98	3482.90
159	16	وَٱسْتَغْفِرْ	وَاسْتَغْفِرْ	1.00	1.00	rec	3483.04	3484.18
159	17	لَهُمْ	لَهُمْ	1.00	1.00	rec	3484.26	3484.80
159	18	وَشَاوِرْهُمْ	وَشَاوِرْهُمْ	1.00	1.00	rec	3484.90	3486.60
159	19	فِى	فِي	0.50	1.00	rec	3486.74	3486.84
159	20	ٱلْأَمْرِۖ	الْأَمْرِ	1.00	1.00	rec	3486.90	3487.60
159	21	فَإِذَا	فَإِذَا	1.00	1.00	rec	3488.18	3488.70
159	22	عَزَمْتَ	عَزَمْتَ	1.00	1.00	rec	3489.02	3489.76
159	23	فَتَوَكَّلْ	فَتَوَكَّلْ	1.00	1.00	rec	3489.88	3491.04
159	24	عَلَى	عَلَى	1.00	1.00	rec	3491.14	3491.40
159	25	ٱللَّهِۚ	اللَّهِ	1.00	1.00	rec	3491.44	3492.90
159	26	إِنَّ	إِنَّ	1.00	1.00	rec	3493.36	3494.40
159	27	ٱللَّهَ	اللَّهَ	1.00	1.00	rec	3494.44	3495.20
159	28	يُحِبُّ	يُحِبُّ	1.00	0.82	rec	3495.32	3495.86
159	29	ٱلْمُتَوَكِّلِينَ	بُالْمُتَوَكِّلِينَ	0.90	0.98	rec	3496.02	3499.02
160	0	إِن	إِنْ	1.00	1.00	rec	3500.62	3501.36
160	1	يَنصُرْكُمُ	يَنْصُرْكُمُ	1.00	1.00	rec	3501.40	3503.06
160	2	ٱللَّهُ	اللَّهُ	1.00	1.00	rec	3503.16	3503.98
160	3	فَلَا	فَلَا	1.00	0.94	rec	3504.20	3504.56
160	4	غَالِبَ	غَالِبَ	1.00	1.00	rec	3504.84	3505.60
160	5	لَكُمْۖ	لَكُمْ	1.00	1.00	rec	3505.72	3506.46
160	6	وَإِن	وَإِنْ	1.00	1.00	rec	3507.00	3507.96
160	7	يَخْذُلْكُمْ	يَخْذُلْكُمْ	1.00	1.00	rec	3508.00	3509.38
160	8	فَمَن	فَمَنْ	1.00	1.00	rec	3509.50	3510.42
160	9	ذَا	ذَا	1.00	1.00	rec	3510.50	3510.60
160	10	ٱلَّذِى	الَّذِي	0.75	1.00	rec	3510.66	3511.24
160	11	يَنصُرُكُم	يَنْصُرْكُمْ	1.00	0.98	rec	3511.54	3513.72
160	12	مِّنۢ	مِنْ	1.00	1.00	rec	3513.78	3514.40
160	13	بَعْدِهِۦۗ	بَعْدِهِ	0.80	1.00	rec	3514.46	3515.10
160	14	وَعَلَى	وَعَلَى	1.00	1.00	rec	3515.64	3516.10
160	15	ٱللَّهِ	اللَّهِ	1.00	1.00	rec	3516.16	3516.98
160	16	فَلْيَتَوَكَّلِ	فَلْيَتَوَكَّلِ	1.00	1.00	rec	3517.16	3518.68
160	17	ٱلْمُؤْمِنُونَ	الْمُؤْمِنُونَ	1.00	1.00	rec	3518.74	3521.22
161	0	وَمَا	وَمَا	1.00	1.00	rec	3521.96	3522.28
161	1	كَانَ	كَانَ	1.00	1.00	rec	3522.62	3523.18
161	2	لِنَبِىٍّ	لِنَبِيٍّ	0.75	0.98	rec	3523.30	3524.18
161	3	أَن	أَنْ	1.00	1.00	rec	3524.56	3525.20
161	4	يَغُلَّۚ	يَغُلُ	1.00	0.90	rec	3525.24	3525.92
161	5	وَمَن	وَمَنْ	1.00	1.00	rec	3526.48	3527.46
161	6	يَغْلُلْ	يَغْلُلْ	1.00	1.00	rec	3527.50	3528.22
161	7	يَأْتِ	يَأْتِ	1.00	1.00	rec	3528.28	3528.72
161	8	بِمَا	بِمَا	1.00	1.00	rec	3528.84	3529.18
161	9	غَلَّ	غَلَّ	1.00	0.93	rec	3529.48	3529.96
161	10	يَوْمَ	يَوْمَ	1.00	1.00	rec	3530.10	3530.58
161	11	ٱلْقِيَٰمَةِۚ	الْقِيَامَةِ	1.00	1.00	rec	3530.64	3531.92
161	12	ثُمَّ	ثُمَّ	1.00	1.00	rec	3532.58	3533.34
161	13	تُوَفَّىٰ	تُوَفَّعَ	0.60	0.93	rec	3533.52	3534.34
161	14	كُلُّ	كُلُّ	1.00	1.00	rec	3534.74	3535.12
161	15	نَفْسٍۢ	نَفْسٍ	1.00	1.00	rec	3535.24	3535.64
161	16	مَّا	مَا	1.00	1.00	rec	3536.40	3536.54
161	17	كَسَبَتْ	كَسَبَتْ	1.00	1.00	rec	3537.06	3537.88
161	18	وَهُمْ	وَهُمْ	1.00	1.00	rec	3537.94	3538.56
161	19	لَا	لَا	1.00	1.00	rec	3538.66	3538.78
161	20	يُظْلَمُونَ	يُظْلَمُونَ	1.00	0.94	rec	3539.20	3541.02
162	0	أَفَمَنِ	أَفَمَنِ	1.00	1.00	rec	3541.56	3542.24
162	1	ٱتَّبَعَ	اتَّبَعَ	1.00	0.99	rec	3542.28	3543.08
162	2	رِضْوَٰنَ	رِضْوَانَ	1.00	1.00	rec	3543.22	3544.20
162	3	ٱللَّهِ	اللَّهِ	1.00	0.99	rec	3544.24	3545.16
162	4	كَمَنۢ	كَمَنْ	1.00	1.00	rec	3545.40	3546.50
162	5	بَآءَ	بَعءَ	0.67	0.91	rec	3546.60	3548.00
162	6	بِسَخَطٍۢ	بِسَخَطٍ	1.00	1.00	rec	3548.12	3549.02
162	7	مِّنَ	مِنَ	1.00	1.00	rec	3549.84	3550.08
162	8	ٱللَّهِ	اللَّهِ	1.00	1.00	rec	3550.12	3550.96
162	9	وَمَأْوَىٰهُ	وَمَأْوَاهُ	0.86	1.00	rec	3551.10	3552.28
162	10	جَهَنَّمُۚ	جَهَنَّمُ	1.00	1.00	rec	3552.44	3553.92
162	11	وَبِئْسَ		0.00	0.31	forced	3554.80	3558.38
162	12	ٱلْمَصِيرُ	الْمَصِيرُ	1.00	0.98	rec	3558.44	3560.38
163	0	هُمْ	هُمْ	1.00	1.00	rec	3561.30	3561.68
163	1	دَرَجَٰتٌ	دَرَجَاتٌ	1.00	1.00	rec	3561.78	3562.90
163	2	عِندَ	عِنْدَ	1.00	1.00	rec	3563.36	3564.36
163	3	ٱللَّهِۗ	اللَّهِ	1.00	1.00	rec	3564.42	3565.62
163	4	وَٱللَّهُ	وَاللَّهُ	1.00	1.00	rec	3566.22	3567.12
163	5	بَصِيرٌۢ	بَصِيرٌ	1.00	1.00	rec	3567.26	3568.12
163	6	بِمَا	بِمَا	1.00	1.00	rec	3568.64	3568.96
163	7	يَعْمَلُونَ	يَعْمَلُونَ	1.00	1.00	rec	3569.32	3570.96
164	0	لَقَدْ	لَقَدْ	1.00	1.00	rec	3571.78	3572.32
164	1	مَنَّ	مَنَّ	1.00	1.00	rec	3572.46	3573.52
164	2	ٱللَّهُ	اللَّهُ	1.00	1.00	rec	3573.60	3574.44
164	3	عَلَى	عَلَى	1.00	1.00	rec	3574.64	3574.96
164	4	ٱلْمُؤْمِنِينَ	الْمُؤْمِنِينَ	1.00	1.00	rec	3575.00	3576.54
164	5	إِذْ		0.00	0.00	forced	3576.72	3577.04
164	6	بَعَثَ	رْبَعَثَ	0.75	1.00	rec	3577.04	3577.68
164	7	فِيهِمْ	فِيهِمْ	1.00	1.00	rec	3577.86	3578.68
164	8	رَسُولًۭا	رَسُولًا	1.00	1.00	rec	3578.76	3579.76
164	9	مِّنْ	مِنْ	1.00	1.00	rec	3580.46	3580.78
164	10	أَنفُسِهِمْ	أَنْفُسِهِمْ	1.00	1.00	rec	3580.88	3582.86
164	11	يَتْلُوا۟	يَتْلُو	0.80	1.00	rec	3582.94	3583.44
164	12	عَلَيْهِمْ	عَلَيْهِمْ	1.00	1.00	rec	3583.84	3584.70
164	13	ءَايَٰتِهِۦ	آيَاتِهِ	0.71	1.00	rec	3584.94	3586.08
164	14	وَيُزَكِّيهِمْ	وَيُزَكْْ+كِيهِمْ	0.88	0.79	rec	3593.98	3595.70
164	15	وَيُعَلِّمُهُمُ	وَيُعَلِّمُهُمُ	1.00	1.00	rec	3595.82	3597.50
164	16	ٱلْكِتَٰبَ	الْكِتَابَ	1.00	1.00	rec	3597.58	3598.72
164	17	وَٱلْحِكْمَةَ	وَالْحِكْمَةَ	1.00	0.97	rec	3598.86	3600.00
164	18	وَإِن	وَإِنْ	1.00	1.00	rec	3600.14	3601.22
164	19	كَانُوا۟	كَانُوا	1.00	1.00	rec	3601.38	3602.04
164	20	مِن	مِنْ	1.00	1.00	rec	3602.54	3603.20
164	21	قَبْلُ	قَبْلُ	1.00	1.00	rec	3603.34	3603.82
164	22	لَفِى	لَفِي	0.67	1.00	rec	3604.00	3604.40
164	23	ضَلَٰلٍۢ	ضَلَالٍ	1.00	1.00	rec	3604.68	3605.40
164	24	مُّبِينٍ	مُبِينٍ	1.00	1.00	rec	3606.48	3608.38
165	0	أَوَلَمَّآ	أَوَلَمَّا	1.00	1.00	rec	3609.66	3610.96
165	1	أَصَٰبَتْكُم	أَصَابَتْكُمْ	1.00	1.00	rec	3611.56	3613.56
165	2	مُّصِيبَةٌۭ	مُصِيبَةٌ	1.00	1.00	rec	3613.64	3614.72
165	3	قَدْ	قَدْ	1.00	1.00	rec	3615.54	3615.86
165	4	أَصَبْتُم	أَصَبْتُمْ	1.00	1.00	rec	3615.98	3617.44
165	5	مِّثْلَيْهَا	مِثْلَيِهَا	1.00	0.94	rec	3617.50	3618.46
165	6	قُلْتُمْ	قُلْتُمْ	1.00	1.00	rec	3618.92	3619.70
165	7	أَنَّىٰ	أَنَّىٰ	1.00	0.98	rec	3619.82	3620.84
165	8	هَٰذَاۖ	هَـٰذَا	1.00	0.98	rec	3621.28	3621.94
165	9	قُلْ	قُلْ	1.00	1.00	rec	3622.98	3623.24
165	10	هُوَ	هُوَ	1.00	1.00	rec	3623.32	3623.56
165	11	مِنْ	مِنْ	1.00	0.99	rec	3623.70	3624.02
165	12	عِندِ	عِنْدِ	1.00	1.00	rec	3624.10	3624.96
165	13	أَنفُسِكُمْۗ	أَنْفُسِكُمْ	1.00	1.00	rec	3625.12	3626.82
165	14	إِنَّ	إِنَّ	1.00	1.00	rec	3626.92	3627.86
165	15	ٱللَّهَ	اللَّهَ	1.00	1.00	rec	3627.92	3628.76
165	16	عَلَىٰ	عَلَىٰ	1.00	1.00	rec	3628.92	3629.28
165	17	كُلِّ	كُلِّ	1.00	1.00	rec	3629.64	3630.12
165	18	شَىْءٍۢ	شَيْءٍ	0.67	1.00	rec	3630.30	3630.82
165	19	قَدِيرٌۭ	قَدِيرٌ	1.00	1.00	rec	3631.56	3632.96
166	0	وَمَآ	وَمَا	1.00	1.00	rec	3634.32	3634.68
166	1	أَصَٰبَكُمْ	أَصَابَكُمْ	1.00	1.00	rec	3634.96	3636.48
166	2	يَوْمَ	يَوْمَ	1.00	1.00	rec	3636.62	3637.02
166	3	ٱلْتَقَى	الْتَقَى	1.00	1.00	rec	3637.08	3637.68
166	4	ٱلْجَمْعَانِ	الْجَمْعَانِ	1.00	1.00	rec	3637.74	3639.14
166	5	فَبِإِذْنِ	فَبِإِذْنِ	1.00	1.00	rec	3639.38	3640.42
166	6	ٱللَّهِ	اللَّهِ	1.00	1.00	rec	3640.50	3641.34
166	7	وَلِيَعْلَمَ	وَلِيَعْلَمَ	1.00	1.00	rec	3641.52	3642.66
166	8	ٱلْمُؤْمِنِينَ	الْمُؤْمِنِينَ	1.00	1.00	rec	3642.72	3644.90
167	0	وَلِيَعْلَمَ	وَلِيَعْلَمَ	1.00	0.98	rec	3645.62	3646.50
167	1	ٱلَّذِينَ	الَّذِينَ	1.00	1.00	rec	3646.56	3647.30
167	2	نَافَقُوا۟ۚ	نَافَقُوا	1.00	1.00	rec	3647.42	3648.18
167	3	وَقِيلَ	وَقِيلَ	1.00	1.00	rec	3648.40	3649.12
167	4	لَهُمْ	لَهُمْ	1.00	1.00	rec	3649.24	3649.70
167	5	تَعَالَوْا۟	تَعَالَوْا	1.00	0.98	rec	3649.84	3650.76
167	6	قَٰتِلُوا۟	قَاتِلُوا	1.00	1.00	rec	3650.96	3651.66
167	7	فِى	فِي	0.50	1.00	rec	3652.02	3652.16
167	8	سَبِيلِ	سَبِيلِ	1.00	1.00	rec	3652.42	3653.14
167	9	ٱللَّهِ	اللَّهِ	1.00	0.93	rec	3653.18	3653.92
167	10	أَوِ	أَوِ	1.00	0.90	rec	3654.18	3654.42
167	11	ٱدْفَعُوا۟ۖ	ادْفَعُوا	1.00	0.94	rec	3654.50	3655.20
167	12	قَالُوا۟	قَالُوا	1.00	0.94	rec	3656.34	3656.94
167	13	لَوْ	لَوْ	1.00	1.00	rec	3657.32	3657.56
167	14	نَعْلَمُ	نَعْلَمُ	1.00	1.00	rec	3657.64	3658.24
167	15	قِتَالًۭا	قِتَالًا	1.00	1.00	rec	3658.46	3659.22
167	16	لَّٱتَّبَعْنَٰكُمْۗ	لَاتَّبَعْنَاكُمْ	1.00	0.96	rec	3659.44	3661.40
167	17	هُمْ	هُمْ	1.00	1.00	rec	3662.00	3662.34
167	18	لِلْكُفْرِ	لِلْكُفْرِ	1.00	1.00	rec	3662.42	3663.22
167	19	يَوْمَئِذٍ	يَوْمَئِذٍ	1.00	1.00	rec	3663.34	3664.18
167	20	أَقْرَبُ	أَقْرَبُ	1.00	1.00	rec	3664.54	3665.22
167	21	مِنْهُمْ	مِنْهُمْ	1.00	1.00	rec	3665.38	3666.22
167	22	لِلْإِيمَٰنِۚ	لِلْإِيمَانِ	1.00	1.00	rec	3666.30	3668.12
167	23	يَقُولُونَ	يَقُولُونَ	1.00	1.00	rec	3668.66	3669.80
167	24	بِأَفْوَٰهِهِم	بِأَفْوَاهِهِمْ	1.00	0.99	rec	3669.94	3672.14
167	25	مَّا	مَعَ	0.50	0.96	rec	3672.18	3672.54
167	26	لَيْسَ	لَيْسَ	1.00	0.99	rec	3672.72	3673.48
167	27	فِى	فِي	0.50	1.00	rec	3673.70	3673.88
167	28	قُلُوبِهِمْۗ	قُلُوبِهِمْ	1.00	1.00	rec	3674.26	3675.70
167	29	وَٱللَّهُ	وَاللَّهُ	1.00	1.00	rec	3676.16	3677.14
167	30	أَعْلَمُ	أَعْلَمُ	1.00	1.00	rec	3677.44	3678.08
167	31	بِمَا	بِمَا	1.00	1.00	rec	3678.28	3678.64
167	32	يَكْتُمُونَ	يَرْ+طُمُونَ	0.67	0.48	rec	3679.30	3681.16
168	0	ٱلَّذِينَ	الَّذِينَ	1.00	0.98	rec	3682.00	3682.78
168	1	قَالُوا۟	قَابُوا	0.80	0.90	rec	3683.00	3683.62
168	2	لِإِخْوَٰنِهِمْ	إَخْوَانِهِمْ	0.88	0.90	rec	3684.18	3685.24
168	3	وَقَعَدُوا۟	وَقَعَدُوا	1.00	1.00	rec	3685.36	3686.16
168	4	لَوْ	لَوْ	1.00	1.00	rec	3686.48	3686.72
168	5	أَطَاعُونَا	أَضَاعُونَا	0.86	0.97	rec	3686.80	3688.02
168	6	مَا	مَا	1.00	1.00	rec	3688.34	3688.46
168	7	قُتِلُوا۟ۗ	قُتِلُوا	1.00	1.00	rec	3688.82	3689.36
168	8	قُلْ	قُلْ	1.00	1.00	rec	3690.44	3690.70
168	9	فَٱدْرَءُوا۟	فَادْرَءُواهُ	0.88	0.94	rec	3690.80	3691.78
168	10	عَنْ	عَنْ	1.00	1.00	rec	3692.00	3692.40
168	11	أَنفُسِكُمُ	أَنْفُسِكُمُ	1.00	1.00	rec	3692.48	3694.38
168	12	ٱلْمَوْتَ	الْمَوْتَ	1.00	1.00	rec	3694.46	3695.30
168	13	إِن	إِنْ	1.00	1.00	rec	3695.44	3696.26
168	14	كُنتُمْ	كُنْتُمْ	1.00	1.00	rec	3696.42	3697.64
168	15	صَٰدِقِينَ	صَادِقِينَ	1.00	1.00	rec	3697.78	3699.84
169	0	وَلَا	وَلَا	1.00	1.00	rec	3700.96	3701.24
169	1	تَحْسَبَنَّ	تَحْسِبَنَّ	1.00	1.00	rec	3701.42	3702.84
169	2	ٱلَّذِينَ	الَّذِينَ	1.00	1.00	rec	3702.90	3703.80
169	3	قُتِلُوا۟	قُتِلُوا	1.00	0.95	rec	3703.98	3704.54
169	4	فِى	فِي	0.50	1.00	rec	3704.96	3705.12
169	5	سَبِيلِ	سَبِيلِ	1.00	1.00	rec	3705.52	3706.32
169	6	ٱللَّهِ	اللَّهِ	1.00	1.00	rec	3706.36	3707.10
169	7	أَمْوَٰتًۢاۚ	أَمْوَاتًا	1.00	1.00	rec	3707.24	3708.38
169	8	بَلْ	بَلْ	1.00	1.00	rec	3709.46	3709.74
169	9	أَحْيَآءٌ	أَحْيَاءٌ	1.00	0.98	rec	3709.82	3712.34
169	10	عِندَ	عِنْدَ	1.00	1.00	rec	3712.70	3713.64
169	11	رَبِّهِمْ	رَبِّهِمْ	1.00	0.99	rec	3713.80	3714.70
169	12	يُرْزَقُونَ	يُرْزَقُونَ	1.00	1.00	rec	3714.82	3716.92
170	0	فَرِحِينَ	فَرِحِينَ	1.00	0.95	rec	3717.40	3718.26
170	1	بِمَآ	بِمَا	1.00	1.00	rec	3718.40	3718.78
170	2	ءَاتَىٰهُمُ	آتَاهُمُ	0.71	1.00	rec	3719.22	3720.50
170	3	ٱللَّهُ	اللَّهُ	1.00	1.00	rec	3720.58	3721.40
170	4	مِن	مِنْ	1.00	1.00	rec	3721.54	3722.12
170	5	فَضْلِهِۦ	فَضْلِهِ	0.80	1.00	rec	3722.24	3722.96
170	6	وَيَسْتَبْشِرُونَ	وَيَسْتَبْسِرُونَ	0.89	1.00	rec	3723.54	3725.12
170	7	بِٱلَّذِينَ	بِالَّذِينَ	1.00	1.00	rec	3725.24	3726.24
170	8	لَمْ	لَمْ	1.00	1.00	rec	3726.38	3726.66
170	9	يَلْحَقُوا۟	يَلْحَقُوا	1.00	1.00	rec	3726.74	3727.48
170	10	بِهِم	بِهِمْ	1.00	1.00	rec	3727.74	3728.70
170	11	مِّنْ	مِنْ	1.00	1.00	rec	3728.76	3729.10
170	12	خَلْفِهِمْ	خَلْفِهِمْ	1.00	1.00	rec	3729.24	3730.20
170	13	أَلَّا	أَلَّا	1.00	1.00	rec	3730.30	3730.78
170	14	خَوْفٌ	خَوْفٌ	1.00	1.00	rec	3731.14	3731.68
170	15	عَلَيْهِمْ	عَلَيْهِمْ	1.00	1.00	rec	3732.00	3733.22
170	16	وَلَا	وَلَا	1.00	1.00	rec	3736.74	3737.02
170	17	هُمْ	هُمْ	1.00	1.00	rec	3737.30	3737.60
170	18	يَحْزَنُونَ	يَحْزَنُونَ	1.00	1.00	rec	3737.70	3739.74
171	0	يَسْتَبْشِرُونَ	يَسْتَبْفِرُونَ	0.88	0.99	rec	3740.32	3741.74
171	1	بِنِعْمَةٍۢ	بِنِعْمَةٍ	1.00	1.00	rec	3741.86	3742.72
171	2	مِّنَ	مِنَ	1.00	1.00	rec	3743.62	3743.88
171	3	ٱللَّهِ	اللَّهِ	1.00	1.00	rec	3743.92	3744.84
171	4	وَفَضْلٍۢ	وَفَضْلٍ	1.00	1.00	rec	3745.06	3745.90
171	5	وَأَنَّ	وَأَنَّ	1.00	1.00	rec	3746.60	3747.56
171	6	ٱللَّهَ	اللَّهَ	1.00	1.00	rec	3747.62	3748.40
171	7	لَا	لَا	1.00	1.00	rec	3748.56	3748.70
171	8	يُضِيعُ	يُضِيعُ	1.00	1.00	rec	3748.96	3749.72
171	9	أَجْرَ	أَجْرَ	1.00	1.00	rec	3749.94	3750.36
171	10	ٱلْمُؤْمِنِينَ	الْمُؤْمِنِينَ	1.00	1.00	rec	3750.44	3752.34
172	0	ٱلَّذِينَ	الَّذِينَ	1.00	1.00	rec	3753.14	3753.78
172	1	ٱسْتَجَابُوا۟	اسْتَجَاعَبُوا	0.89	0.98	rec	3753.82	3754.80
172	2	لِلَّهِ	لِلَّهِ	1.00	1.00	rec	3755.14	3755.94
172	3	وَٱلرَّسُولِ	وَالرَّسُولِ	1.00	1.00	rec	3756.06	3757.16
172	4	مِنۢ	مِنْ	1.00	1.00	rec	3757.28	3757.88
172	5	بَعْدِ	بَعْدِ	1.00	1.00	rec	3757.96	3758.40
172	6	مَآ	مَا	1.00	1.00	rec	3758.58	3758.70
172	7	أَصَابَهُمُ	أَصَابَهُمُ	1.00	1.00	rec	3759.06	3760.46
172	8	ٱلْقَرْحُۚ	الْقَرْحُ	1.00	1.00	rec	3760.54	3761.36
172	9	لِلَّذِينَ	لِلَّذِينَ	1.00	1.00	rec	3761.98	3762.84
172	10	أَحْسَنُوا۟	أَحْسَنُوا	1.00	0.91	rec	3762.94	3763.68
172	11	مِنْهُمْ	مِنْهُمْ	1.00	1.00	rec	3764.10	3764.74
172	12	وَٱتَّقَوْا۟	وَاتَّقَوْا	1.00	0.92	rec	3764.84	3765.66
172	13	أَجْرٌ	أَجْرٌ	1.00	1.00	rec	3765.82	3766.30
172	14	عَظِيمٌ	عَظِيمٌ	1.00	1.00	rec	3766.68	3767.96
173	0	ٱلَّذِينَ	الَّذِينَ	1.00	1.00	rec	3768.60	3769.42
173	1	قَالَ	قَالَ	1.00	1.00	rec	3769.60	3770.18
173	2	لَهُمُ	لَهُمُ	1.00	1.00	rec	3770.30	3770.82
173	3	ٱلنَّاسُ	النَّاسُ	1.00	1.00	rec	3770.90	3771.92
173	4	إِنَّ	إِنَّ	1.00	0.95	rec	3772.04	3772.76
173	5	ٱلنَّاسَ	النَّاسَ	1.00	0.94	rec	3772.82	3774.06
173	6	قَدْ	قَدْ	1.00	1.00	rec	3774.22	3774.52
173	7	جَمَعُوا۟	جَمَعُوا	1.00	0.98	rec	3774.60	3775.20
173	8	لَكُمْ	لَكُمْ	1.00	1.00	rec	3775.66	3776.36
173	9	فَٱخْشَوْهُمْ	فَاخْشَوْوهُمْ	0.88	0.89	rec	3776.48	3778.12
173	10	فَزَادَهُمْ	فَزَعَادَهُمْ	0.86	1.00	rec	3778.82	3780.36
173	11	إِيمَٰنًۭا	إِيمَعَانًا	0.86	0.95	rec	3780.46	3781.78
173	12	وَقَالُوا۟	وَقَالُوا	1.00	1.00	rec	3782.42	3783.28
173	13	حَسْبُنَا	حَسْبُنَا	1.00	0.93	rec	3783.70	3784.44
173	14	ٱللَّهُ	اللَّهُ	1.00	1.00	rec	3784.48	3785.36
173	15	وَنِعْمَ	وَنِعْمَ	1.00	1.00	rec	3785.48	3786.14
173	16	ٱلْوَكِيلُ	الْوَكِيلُ	1.00	0.95	rec	3786.20	3787.84
174	0	فَٱنقَلَبُوا۟	فَانْقَلَبُوا	1.00	1.00	rec	3788.40	3789.86
174	1	بِنِعْمَةٍۢ	بِنِعْمَةٍ	1.00	1.00	rec	3790.18	3791.10
174	2	مِّنَ	مِنَ	1.00	1.00	rec	3791.62	3791.86
174	3	ٱللَّهِ	اللَّهِ	1.00	1.00	rec	3791.90	3792.70
174	4	وَفَضْلٍۢ	وَفَضْلٍ	1.00	1.00	rec	3792.92	3793.74
174	5	لَّمْ	لَمْ	1.00	1.00	rec	3794.10	3794.44
174	6	يَمْسَسْهُمْ	يَمْسَس+هُمْ	1.00	0.92	rec	3794.54	3795.64
174	7	سُوٓءٌۭ	سُوءٌ	1.00	0.98	rec	3795.78	3797.90
174	8	وَٱتَّبَعُوا۟	وَاتَّبَعُوا	1.00	0.99	rec	3798.56	3799.24
174	9	رِضْوَٰنَ	رِضْوَانَ	1.00	1.00	rec	3799.48	3800.40
174	10	ٱللَّهِۗ	اللَّهِ	1.00	1.00	rec	3800.46	3801.20
174	11	وَٱللَّهُ	وَاللَّهُ	1.00	1.00	rec	3801.34	3802.16
174	12	ذُو	ذُو	1.00	1.00	rec	3802.34	3802.46
174	13	فَضْلٍ	فَضْلٍ	1.00	0.91	rec	3802.84	3803.38
174	14	عَظِيمٍ	عَظِيمٍ	1.00	1.00	rec	3803.84	3805.22
175	0	إِنَّمَا	إِنَّمَا	1.00	1.00	rec	3805.78	3806.90
175	1	ذَٰلِكُمُ	ذَٰلِكُمُ	1.00	1.00	rec	3807.28	3808.32
175	2	ٱلشَّيْطَٰنُ	الشَّيْطَانُ	1.00	1.00	rec	3808.40	3809.80
175	3	يُخَوِّفُ	يُخَوِّفُ	1.00	1.00	rec	3809.98	3811.08
175	4	أَوْلِيَآءَهُۥ	أَوْلِيَاءَهُ	0.88	1.00	rec	3811.30	3813.62
175	5	فَلَا	فَلَا	1.00	1.00	rec	3814.16	3814.48
175	6	تَخَافُوهُمْ	تَخَافُوهُمْ	1.00	1.00	rec	3814.74	3816.28
175	7	وَخَافُونِ	وَخَافُونِي	0.86	1.00	rec	3816.40	3817.88
175	8	إِن	إِنْ	1.00	1.00	rec	3818.26	3818.92
175	9	كُنتُم	كُنْتُمْ	1.00	1.00	rec	3819.08	3820.84
175	10	مُّؤْمِنِينَ	مُؤْمِنِينَ	1.00	1.00	rec	3820.90	3822.54
176	0	وَلَا	وَلَا	1.00	1.00	rec	3823.40	3823.70
176	1	يَحْزُنكَ	يَحْزُنْكَ	1.00	1.00	rec	3824.00	3825.24
176	2	ٱلَّذِينَ	الَّذِينَ	1.00	1.00	rec	3825.28	3826.14
176	3	يُسَٰرِعُونَ	يُسَادِعُونَ	0.86	0.98	rec	3826.22	3827.46
176	4	فِى	فِي	0.50	0.94	rec	3827.60	3827.70
176	5	ٱلْكُفْرِۚ	الْكُفْرِ	1.00	1.00	rec	3827.74	3828.40
176	6	إِنَّهُمْ	إِنَّهُمْ	1.00	1.00	rec	3828.58	3829.60
176	7	لَن	لَنْ	1.00	1.00	rec	3829.70	3830.32
176	8	يَضُرُّوا۟	يَضُرُّوا	1.00	0.98	rec	3830.36	3831.00
176	9	ٱللَّهَ	اللَّهَ	1.00	1.00	rec	3831.04	3831.78
176	10	شَيْـًۭٔاۗ	شَيْئًا	0.75	1.00	rec	3832.00	3832.58
176	11	يُرِيدُ	يُرِيدُ	1.00	1.00	rec	3833.52	3834.16
176	12	ٱللَّهُ	اللَّهُ	1.00	0.91	rec	3834.22	3834.96
176	13	أَلَّا	أَلَا	1.00	1.00	rec	3835.16	3835.68
176	14	يَجْعَلَ	يَدْعَلَ	0.75	0.92	rec	3835.96	3836.70
176	15	لَهُمْ	لَهُمْ	1.00	1.00	rec	3836.82	3837.26
176	16	حَظًّۭا	حًَّا	0.67	0.97	rec	3837.42	3837.90
176	17	فِى	فِي	0.50	1.00	rec	3838.72	3838.84
176	18	ٱلْءَاخِرَةِۖ	الْآخِرَةِ	0.86	1.00	rec	3838.88	3840.08
176	19	وَلَهُمْ	وَلَهُمْ	1.00	1.00	rec	3840.64	3841.30
176	20	عَذَابٌ	عَذَابٌ	1.00	1.00	rec	3841.40	3842.26
176	21	عَظِيمٌ	عَظِيمٌ	1.00	1.00	rec	3842.72	3844.18
177	0	إِنَّ	إِنَّ	1.00	1.00	rec	3845.26	3846.54
177	1	ٱلَّذِينَ	الَّذِينَ	1.00	1.00	rec	3846.58	3847.52
177	2	ٱشْتَرَوُا۟	اشْتَرَوُا	1.00	1.00	rec	3847.58	3848.30
177	3	ٱلْكُفْرَ	الْكُفْرَ	1.00	1.00	rec	3848.38	3849.12
177	4	بِٱلْإِيمَٰنِ	بِالْإِيمَانِ	1.00	1.00	rec	3849.28	3850.52
177	5	لَن	لَنْ	1.00	1.00	rec	3850.64	3851.44
177	6	يَضُرُّوا۟	يَضُرُّوا	1.00	0.99	rec	3851.48	3852.16
177	7	ٱللَّهَ	اللَّهَ	1.00	1.00	rec	3852.22	3852.92
177	8	شَيْـًۭٔا	شَيْئًا	0.75	1.00	rec	3853.12	3853.62
177	9	وَلَهُمْ	وَلَهُمْ	1.00	1.00	rec	3854.44	3855.08
177	10	عَذَابٌ	عَذَابٌ	1.00	1.00	rec	3855.16	3856.02
177	11	أَلِيمٌۭ	أَلِيمٌ	1.00	1.00	rec	3856.46	3857.70
178	0	وَلَا	وَلَا	1.00	1.00	rec	3858.50	3858.78
178	1	يَحْسَبَنَّ	يَحْسِبَنَّ	1.00	1.00	rec	3859.04	3860.42
178	2	ٱلَّذِينَ	الَّذِينَ	1.00	1.00	rec	3860.48	3861.48
178	3	كَفَرُوٓا۟	كَفَرُوا	1.00	0.94	rec	3861.68	3862.24
178	4	أَنَّمَا	أَنَّمَا	1.00	0.96	rec	3862.66	3863.78
178	5	نُمْلِى	نُمْلِي	0.75	1.00	rec	3864.18	3864.72
178	6	لَهُمْ	لَهُمْ	1.00	1.00	rec	3865.10	3865.60
178	7	خَيْرٌۭ	خَيْرٌ	1.00	1.00	rec	3865.76	3866.38
178	8	لِّأَنفُسِهِمْۚ	لِأَنْفُسِهِمْ	1.00	1.00	rec	3866.66	3868.62
178	9	إِنَّمَا	إِنَّمَا	1.00	1.00	rec	3869.16	3870.22
178	10	نُمْلِى	نُمْلِي	0.75	1.00	rec	3870.60	3871.14
178	11	لَهُمْ	لَهُمْ	1.00	1.00	rec	3871.46	3871.98
178	12	لِيَزْدَادُوٓا۟	لِيَزْدَادُوا	1.00	0.98	rec	3872.06	3873.16
178	13	إِثْمًۭاۚ	إِثْمًا	1.00	1.00	rec	3873.84	3874.36
178	14	وَلَهُمْ	وَلَهُمْ	1.00	1.00	rec	3874.82	3875.54
178	15	عَذَابٌۭ	عَذَابٌ	1.00	1.00	rec	3875.62	3876.60
178	16	مُّهِينٌۭ	مُهِينٌ	1.00	1.00	rec	3877.02	3878.84
179	0	مَّا	مَا	1.00	1.00	rec	3879.74	3879.86
179	1	كَانَ	كَانَ	1.00	1.00	rec	3880.20	3880.70
179	2	ٱللَّهُ	اللَّهُ	1.00	1.00	rec	3880.76	3881.44
179	3	لِيَذَرَ	لِيَذَرَ	1.00	0.95	rec	3881.54	3882.16
179	4	ٱلْمُؤْمِنِينَ	الْمُؤْمِنِينَ	1.00	1.00	rec	3882.22	3883.34
179	5	عَلَىٰ	عَلَىٰ	1.00	1.00	rec	3883.46	3883.78
179	6	مَآ	مَا	1.00	1.00	rec	3884.02	3884.14
179	7	أَنتُمْ	أَنْتُمْ	1.00	0.99	rec	3884.56	3885.48
179	8	عَلَيْهِ	عَلَيْهِ	1.00	1.00	rec	3885.56	3886.22
179	9	حَتَّىٰ	حَتَّىٰ	1.00	1.00	rec	3886.40	3886.88
179	10	يَمِيزَ	يَمِيزَ	1.00	1.00	rec	3887.10	3887.80
179	11	ٱلْخَبِيثَ	الْخَبِيثَ	1.00	1.00	rec	3887.86	3888.92
179	12	مِنَ	مِنَ	1.00	1.00	rec	3889.02	3889.26
179	13	ٱلطَّيِّبِۗ	الضَّيِّبِ	0.80	1.00	rec	3889.32	3890.30
179	14	وَمَا	وَمَا	1.00	1.00	rec	3891.08	3891.40
179	15	كَانَ	كَانَ	1.00	1.00	rec	3891.76	3892.30
179	16	ٱللَّهُ	اللَّهُ	1.00	1.00	rec	3892.36	3893.18
179	17	لِيُطْلِعَكُمْ	لِيُطْلِعَكُمْ	1.00	1.00	rec	3893.38	3895.02
179	18	عَلَى	عَلَى	1.00	1.00	rec	3895.10	3895.40
179	19	ٱلْغَيْبِ	الْغَيْبِ	1.00	1.00	rec	3895.46	3896.92
179	20	وَلَٰكِنَّ	وَلَـٰكِنَّ	1.00	1.00	rec	3897.58	3899.48
179	21	ٱللَّهَ	اللَّهَ	1.00	1.00	rec	3899.54	3900.42
179	22	يَجْتَبِى	يَجْتَبِي	0.80	1.00	rec	3900.58	3901.34
179	23	مِن	مِنْ	1.00	1.00	rec	3901.68	3901.92
179	24	رُّسُلِهِۦ	رُسُلِهِ	0.80	1.00	rec	3902.00	3902.78
179	25	مَن	مَنْ	1.00	1.00	rec	3903.32	3903.86
179	26	يَشَآءُۖ	يَشَاءُ	1.00	0.99	rec	3903.92	3905.56
179	27	فَـَٔامِنُوا۟	فَآمِنُوا	1.00	1.00	rec	3906.06	3906.88
179	28	بِٱللَّهِ	بِاللَّهِ	1.00	1.00	rec	3907.16	3908.00
179	29	وَرُسُلِهِۦۚ	وَرُسُلِهِ	0.83	1.00	rec	3908.14	3909.10
179	30	وَإِن	وَإِنْ	1.00	1.00	rec	3909.62	3910.62
179	31	تُؤْمِنُوا۟	تُؤْمِنُوا	1.00	1.00	rec	3910.72	3911.34
179	32	وَتَتَّقُوا۟	وَتَتَّقُوا	1.00	0.96	rec	3911.62	3912.56
179	33	فَلَكُمْ	فَلَكُمْ	1.00	1.00	rec	3912.92	3913.70
179	34	أَجْرٌ	أَجْرٌ	1.00	1.00	rec	3913.80	3914.28
179	35	عَظِيمٌۭ	عَظِيمٌ	1.00	1.00	rec	3914.68	3916.14
180	0	وَلَا	وَلَا	1.00	1.00	rec	3916.94	3917.24
180	1	يَحْسَبَنَّ	يَحْسِبَنَّ	1.00	0.98	rec	3917.42	3918.74
180	2	ٱلَّذِينَ	الَّذِينَ	1.00	1.00	rec	3918.80	3919.64
180	3	يَبْخَلُونَ	يَبْخَلُونَ	1.00	1.00	rec	3919.74	3921.08
180	4	بِمَآ	بِمَا	1.00	1.00	rec	3921.22	3921.62
180	5	ءَاتَىٰهُمُ	آتَاهُمُ	0.71	0.99	rec	3921.98	3923.24
180	6	ٱللَّهُ	اللَّهُ	1.00	1.00	rec	3923.32	3924.16
180	7	مِن	مِنْ	1.00	1.00	rec	3924.30	3924.86
180	8	فَضْلِهِۦ	فَضْلِهِ	0.80	1.00	rec	3924.96	3925.66
180	9	هُوَ	هُوَ	1.00	1.00	rec	3926.02	3926.28
180	10	خَيْرًۭا	خَيْرًا	1.00	0.99	rec	3926.48	3927.06
180	11	لَّهُمۖ	لَهُمْ	1.00	1.00	rec	3927.34	3928.08
180	12	بَلْ	بَلْ	1.00	1.00	rec	3928.62	3928.90
180	13	هُوَ	هُوَ	1.00	1.00	rec	3929.00	3929.24
180	14	شَرٌّۭ	شَرٌ	1.00	1.00	rec	3929.44	3929.90
180	15	لَّهُمْۖ	لَهُمْ	1.00	1.00	rec	3930.22	3930.88
180	16	سَيُطَوَّقُونَ	سَيُطَوَّقُونَ	1.00	0.94	rec	3931.46	3933.02
180	17	مَا	مَا	1.00	1.00	rec	3933.16	3933.28
180	18	بَخِلُوا۟	بَخِلُوا	1.00	1.00	rec	3933.58	3934.14
180	19	بِهِۦ	بِهِ	0.67	1.00	rec	3934.46	3934.78
180	20	يَوْمَ	يَوْمَ	1.00	1.00	rec	3935.14	3935.60
180	21	ٱلْقِيَٰمَةِۗ	الْقِيَامَةِ	1.00	1.00	rec	3935.66	3937.02
180	22	وَلِلَّهِ	وَلِلَّهِ	1.00	1.00	rec	3937.62	3938.50
180	23	مِيرَٰثُ	مِيرَاثُ	1.00	0.95	rec	3938.66	3939.60
180	24	ٱلسَّمَٰوَٰتِ	السَّمَاوَاتِ	1.00	1.00	rec	3939.66	3941.18
180	25	وَٱلْأَرْضِۗ	وَالْأَرْضِ	1.00	1.00	rec	3941.30	3942.06
180	26	وَٱللَّهُ	وَاللَّهُ	1.00	1.00	rec	3942.78	3943.68
180	27	بِمَا	بِمَا	1.00	1.00	rec	3943.82	3944.16
180	28	تَعْمَلُونَ	يَعْمَلُونَ	0.83	1.00	rec	3944.44	3945.70
180	29	خَبِيرٌۭ	خَبِيرٌ	1.00	1.00	rec	3945.90	3947.46
181	0	لَّقَدْ	لَقَدْ	1.00	1.00	rec	3948.26	3948.66
181	1	سَمِعَ	سَمِعَ	1.00	1.00	rec	3948.72	3949.20
181	2	ٱللَّهُ	اللَّهُ	1.00	1.00	rec	3949.26	3950.00
181	3	قَوْلَ	قَوْلَ	1.00	1.00	rec	3950.26	3950.66
181	4	ٱلَّذِينَ	الَّذِينَ	1.00	0.99	rec	3950.74	3951.44
181	5	قَالُوٓا۟	قَالُوا	1.00	1.00	rec	3951.62	3952.12
181	6	إِنَّ	إِنَّ	1.00	1.00	rec	3952.56	3953.24
181	7	ٱللَّهَ	اللَّهَ	1.00	1.00	rec	3953.28	3954.02
181	8	فَقِيرٌۭ	فَقِيرٌ	1.00	1.00	rec	3954.24	3954.92
181	9	وَنَحْنُ	وَنَحْنُ	1.00	1.00	rec	3955.58	3956.14
181	10	أَغْنِيَآءُۘ	أَغْنِيَاءِ	1.00	1.00	rec	3956.32	3958.30
181	11	سَنَكْتُبُ	سَنَكْتُبُ	1.00	0.99	rec	3958.94	3959.66
181	12	مَا	مَا	1.00	1.00	rec	3959.82	3959.96
181	13	قَالُوا۟	قَالُوا	1.00	1.00	rec	3960.32	3960.96
181	14	وَقَتْلَهُمُ	وَقَتْلَهُمُ	1.00	1.00	rec	3961.24	3962.34
181	15	ٱلْأَنۢبِيَآءَ	الْأَنْبِيَاءَ	1.00	1.00	rec	3962.42	3965.12
181	16	بِغَيْرِ	بِغَيْرِ	1.00	1.00	rec	3965.22	3965.92
181	17	حَقٍّۢ	حَ+قَّ	1.00	0.70	rec	3966.14	3966.78
181	18	وَنَقُولُ	وَنَقُولُ	1.00	1.00	rec	3967.40	3968.28
181	19	ذُوقُوا۟	ذُوقُوا	1.00	1.00	rec	3968.44	3969.04
181	20	عَذَابَ	عَذَابَ	1.00	1.00	rec	3969.38	3970.28
181	21	ٱلْحَرِيقِ	الْحَرِيقِ	1.00	1.00	rec	3970.34	3971.92
182	0	ذَٰلِكَ	ذَٰلِكَ	1.00	1.00	rec	3972.66	3973.58
182	1	بِمَا	بِمَا	1.00	1.00	rec	3973.68	3974.06
182	2	قَدَّمَتْ	قَدَّمَتْ	1.00	1.00	rec	3974.38	3975.14
182	3	أَيْدِيكُمْ	أَيْدِيكُمْ	1.00	1.00	rec	3975.20	3976.42
182	4	وَأَنَّ	وَأَنَّ	1.00	1.00	rec	3976.52	3977.60
182	5	ٱللَّهَ	اللَّهَ	1.00	1.00	rec	3977.66	3978.44
182	6	لَيْسَ	لَيْسَ	1.00	1.00	rec	3978.58	3979.14
182	7	بِظَلَّامٍۢ	بِظَلَّامٍ	1.00	1.00	rec	3979.26	3980.44
182	8	لِّلْعَبِيدِ	لِلْعَبِيدِ	1.00	1.00	rec	3980.90	3982.68
183	0	ٱلَّذِينَ	الَّذِينَ	1.00	1.00	rec	3984.76	3985.46
183	1	قَالُوٓا۟	قَالُوا	1.00	1.00	rec	3985.66	3986.30
183	2	إِنَّ	إِنَّ	1.00	1.00	rec	3986.58	3987.42
183	3	ٱللَّهَ	اللَّهَ	1.00	1.00	rec	3987.48	3988.38
183	4	عَهِدَ	عَهِدَ	1.00	0.99	rec	3988.54	3989.14
183	5	إِلَيْنَآ	إِلَيْنَا	1.00	1.00	rec	3989.28	3990.02
183	6	أَلَّا	أَلَّا	1.00	0.99	rec	3990.32	3990.82
183	7	نُؤْمِنَ	نُؤْمِنَ	1.00	1.00	rec	3991.16	3991.84
183	8	لِرَسُولٍ	لِرَسُولٍ	1.00	1.00	rec	3991.96	3992.98
183	9	حَتَّىٰ	حَتَّىٰ	1.00	1.00	rec	3993.40	3993.94
183	10	يَأْتِيَنَا	يَهْ+ْتِيَنَا	0.83	0.97	rec	3997.64	3998.74
183	11	بِقُرْبَانٍۢ	بِقُرْبَانٍ	1.00	0.99	rec	3999.08	4000.22
183	12	تَأْكُلُهُ	تَأْكُلُهُ	1.00	1.00	rec	4000.94	4001.82
183	13	ٱلنَّارُۗ	النَّارُ	1.00	1.00	rec	4001.90	4003.76
183	14	قُلْ	قُلْ	1.00	1.00	rec	4004.32	4004.56
183	15	قَدْ	قَدْ	1.00	1.00	rec	4004.68	4004.94
183	16	جَآءَكُمْ	جَاءَكُمْ	1.00	1.00	rec	4005.02	4007.02
183	17	رُسُلٌۭ	رُسُلٌ	1.00	1.00	rec	4007.12	4007.70
183	18	مِّن	مِنْ	1.00	1.00	rec	4008.18	4008.60
183	19	قَبْلِى	قَبْلِي	0.75	0.95	rec	4008.72	4009.24
183	20	بِٱلْبَيِّنَٰتِ	بِالْبَيِّنَاتِ	1.00	1.00	rec	4009.56	4011.18
183	21	وَبِٱلَّذِى	وَبِالَّذِي	0.83	0.97	rec	4011.32	4012.16
183	22	قُلْتُمْ	قُلْتُمْ	1.00	1.00	rec	4012.56	4013.52
183	23	فَلِمَ	فَلِمَ	1.00	1.00	rec	4014.00	4014.46
183	24	قَتَلْتُمُوهُمْ	قَتَلْتُمُوهُمْ	1.00	1.00	rec	4014.66	4016.26
183	25	إِن	إِنْ	1.00	1.00	rec	4016.36	4017.16
183	26	كُنتُمْ	كُنْتُمْ	1.00	1.00	rec	4017.30	4018.64
183	27	صَٰدِقِينَ	صَادِقِينَ	1.00	1.00	rec	4018.78	4021.12
184	0	فَإِن	فَإِنْ	1.00	1.00	rec	4022.36	4023.66
184	1	كَذَّبُوكَ	كَمْذَبُوكَ	0.83	0.89	rec	4023.78	4024.74
184	2	فَقَدْ	فَقَدْ	1.00	0.98	rec	4024.88	4025.40
184	3	كُذِّبَ	كُذِّبَ	1.00	1.00	rec	4025.56	4026.14
184	4	رُسُلٌۭ	رُسُلٌ	1.00	1.00	rec	4026.28	4026.80
184	5	مِّن	مِنْ	1.00	1.00	rec	4027.52	4028.14
184	6	قَبْلِكَ	قَبْلِكَ	1.00	1.00	rec	4028.28	4029.02
184	7	جَآءُو	جَاءُوا	0.80	0.99	rec	4029.18	4030.88
184	8	بِٱلْبَيِّنَٰتِ	بِالْبَيِّنَاتِ	1.00	1.00	rec	4031.34	4033.20
184	9	وَٱلزُّبُرِ	وَالزُّبُرِ	1.00	1.00	rec	4037.74	4038.70
184	10	وَٱلْكِتَٰبِ	وَالْكِتَابِ	1.00	0.98	rec	4038.84	4040.14
184	11	ٱلْمُنِيرِ	الْمُنِيرِ	1.00	1.00	rec	4040.20	4041.80
185	0	كُلُّ	كُلُّ	1.00	1.00	rec	4043.04	4043.36
185	1	نَفْسٍۢ	نَفْسٍ	1.00	1.00	rec	4043.46	4043.84
185	2	ذَآئِقَةُ	ذَائِقَةُ	1.00	1.00	rec	4044.50	4046.90
185	3	ٱلْمَوْتِۗ	الْمَوْتِ	1.00	1.00	rec	4047.02	4048.52
185	4	وَإِنَّمَا	وَإِنَّمَا	1.00	1.00	rec	4049.46	4050.94
185	5	تُوَفَّوْنَ	تُوَفَّوْنَ	1.00	1.00	rec	4051.38	4052.50
185	6	أُجُورَكُمْ	أُجُورَكُمْ	1.00	1.00	rec	4052.64	4053.88
185	7	يَوْمَ	يَوْمَ	1.00	1.00	rec	4053.98	4054.34
185	8	ٱلْقِيَٰمَةِۖ	الْقِيَامَةِ	1.00	1.00	rec	4054.40	4055.60
185	9	فَمَن	فَمَنْ	1.00	0.95	rec	4056.16	4057.04
185	10	زُحْزِحَ	زُحْزِحَ	1.00	1.00	rec	4057.14	4057.88
185	11	عَنِ	عَنِ	1.00	1.00	rec	4058.02	4058.32
185	12	ٱلنَّارِ	النَّارِ	1.00	1.00	rec	4058.36	4059.42
185	13	وَأُدْخِلَ	وَأُدْخِلَ	1.00	0.95	rec	4059.56	4060.46
185	14	ٱلْجَنَّةَ	الْجَنَّةَ	1.00	1.00	rec	4060.52	4061.86
185	15	فَقَدْ	فَقَدْ	1.00	1.00	rec	4062.02	4062.60
185	16	فَازَۗ	فَازَ	1.00	0.97	rec	4062.80	4064.04
185	17	وَمَا	وَمَا	1.00	1.00	rec	4064.56	4064.82
185	18	ٱلْحَيَوٰةُ	الْحَيَاةُ	0.86	0.98	rec	4064.84	4065.80
185	19	ٱلدُّنْيَآ	الدُّنْيَا	1.00	1.00	rec	4065.86	4066.78
185	20	إِلَّا	إِلَّا	1.00	0.98	rec	4067.14	4067.60
185	21	مَتَٰعُ	مَتَاَعُ	1.00	0.92	rec	4067.92	4068.82
185	22	ٱلْغُرُورِ	الْغُرُورِ	1.00	0.99	rec	4068.90	4070.66
186	0	لَتُبْلَوُنَّ	لَتُبْلَوُنَّ	1.00	1.00	rec	4071.36	4073.04
186	1	فِىٓ	فِي	0.50	1.00	rec	4073.22	4073.36
186	2	أَمْوَٰلِكُمْ	أَمْوَالِكُمْ	1.00	1.00	rec	4073.80	4074.96
186	3	وَأَنفُسِكُمْ	وَأَنْفُسِكُمْ	1.00	1.00	rec	4075.08	4076.96
186	4	وَلَتَسْمَعُنَّ	وَلَتَسْمَعُنَّ	1.00	1.00	rec	4077.08	4078.58
186	5	مِنَ	مِنَ	1.00	1.00	rec	4078.68	4078.92
186	6	ٱلَّذِينَ	الَّذِينَ	1.00	1.00	rec	4078.98	4079.74
186	7	أُوتُوا۟	أُوتُوا	1.00	0.99	rec	4079.88	4080.44
186	8	ٱلْكِتَٰبَ	الْكِتَابَ	1.00	1.00	rec	4080.50	4081.40
186	9	مِن	مِنْ	1.00	1.00	rec	4081.54	4082.44
186	10	قَبْلِكُمْ	قَبْلِكُمْ	1.00	1.00	rec	4082.56	4083.72
186	11	وَمِنَ	وَمِنَ	1.00	0.97	rec	4091.20	4091.62
186	12	ٱلَّذِينَ	الَّذِينَ	1.00	1.00	rec	4091.68	4092.52
186	13	أَشْرَكُوٓا۟	أَشْرَكُوا	1.00	0.99	rec	4092.66	4093.46
186	14	أَذًۭى	أَذًا	0.67	0.99	rec	4094.08	4094.40
186	15	كَثِيرًۭاۚ	كَثِيرًا	1.00	1.00	rec	4095.08	4095.94
186	16	وَإِن	وَإِنْ	1.00	1.00	rec	4096.90	4097.86
186	17	تَصْبِرُوا۟	تَصْبِرُوا	1.00	1.00	rec	4097.98	4098.70
186	18	وَتَتَّقُوا۟	وَتَتَّقُوا	1.00	1.00	rec	4098.88	4099.78
186	19	فَإِنَّ	فَإِنَّ	1.00	1.00	rec	4100.10	4100.90
186	20	ذَٰلِكَ	ذَٰلِكَ	1.00	1.00	rec	4101.04	4101.74
186	21	مِنْ	مِنْ	1.00	1.00	rec	4101.86	4102.22
186	22	عَزْمِ	عَزْمِ	1.00	1.00	rec	4102.30	4102.74
186	23	ٱلْأُمُورِ	الْأُمُورِ	1.00	1.00	rec	4102.82	4104.48
187	0	وَإِذْ	وَإِذْ	1.00	0.92	rec	4106.48	4107.02
187	1	أَخَذَ	أَخَذَ	1.00	1.00	rec	4107.10	4107.62
187	2	ٱللَّهُ	اللَّهُ	1.00	1.00	rec	4107.68	4108.48
187	3	مِيثَٰقَ	مِيثَاقَ	1.00	1.00	rec	4108.60	4109.54
187	4	ٱلَّذِينَ	الَّذِينَ	1.00	0.99	rec	4109.60	4110.58
187	5	أُوتُوا۟	أُوتُوا	1.00	1.00	rec	4110.74	4111.32
187	6	ٱلْكِتَٰبَ	الْكِتَابَ	1.00	0.99	rec	4111.36	4113.08
187	7	لَتُبَيِّنُنَّهُۥ	لَيُبَيِّنُنَّهُ	0.75	0.99	rec	4113.84	4115.86
187	8	لِلنَّاسِ	لِلنَّاسِ	1.00	1.00	rec	4116.38	4117.70
187	9	وَلَا	وَلَا	1.00	1.00	rec	4117.82	4118.16
187	10	تَكْتُمُونَهُۥ	يَكْتُمُونَهُ	0.75	1.00	rec	4118.60	4119.76
187	11	فَنَبَذُوهُ	فَنَبَذُوهُ	1.00	0.98	rec	4120.38	4121.44
187	12	وَرَآءَ	وَرَاءَ	1.00	1.00	rec	4121.62	4123.54
187	13	ظُهُورِهِمْ	ظُهُورِهِمْ	1.00	1.00	rec	4123.68	4124.84
187	14	وَٱشْتَرَوْا۟	وَاشْتَرَوْا	1.00	0.99	rec	4124.92	4125.68
187	15	بِهِۦ	بِهِ	0.67	1.00	rec	4125.80	4126.10
187	16	ثَمَنًۭا	ثَمَنًا	1.00	1.00	rec	4126.50	4127.02
187	17	قَلِيلًۭاۖ	قَلِيلًا	1.00	1.00	rec	4127.84	4128.58
187	18	فَبِئْسَ	فَبِئْسَ	1.00	1.00	rec	4129.40	4130.12
187	19	مَا		0.00	0.38	forced	4130.24	4130.38
187	20	يَشْتَرُونَ	تَرُومَ	0.50	0.90	rec	4131.18	4132.74
188	0	لَا	لَا	1.00	1.00	rec	4133.44	4133.56
188	1	تَحْسَبَنَّ	يَحْسِبَنَّ	0.80	1.00	rec	4133.90	4135.14
188	2	ٱلَّذِينَ	الَّذِينَ	1.00	1.00	rec	4135.20	4136.00
188	3	يَفْرَحُونَ	يَفْرَحُونَ	1.00	1.00	rec	4136.12	4137.36
188	4	بِمَآ	بِمَا	1.00	1.00	rec	4137.46	4137.84
188	5	أَتَوا۟	أَتَوْا	1.00	0.99	rec	4138.12	4138.70
188	6	وَّيُحِبُّونَ	وَيُحِبُّونَ	1.00	1.00	rec	4138.82	4140.08
188	7	أَن	عَنْ	0.50	0.94	rec	4140.24	4140.96
188	8	يُحْمَدُوا۟	يُحْمَدُوا	1.00	1.00	rec	4141.00	4141.70
188	9	بِمَا	بِمَعَ	0.67	0.83	rec	4142.02	4142.66
188	10	لَمْ	لَمْ	1.00	1.00	rec	4142.80	4143.14
188	11	يَفْعَلُوا۟	يَفْعَلُونَ	0.83	1.00	rec	4143.26	4144.46
188	12	فَلَا	فَلَا	1.00	1.00	rec	4145.10	4145.42
188	13	تَحْسَبَنَّهُم	يَحْسِبُنَّهُمْ	0.86	1.00	rec	4145.76	4147.64
188	14	بِمَفَازَةٍۢ	بِمَفَازَةٍ	1.00	1.00	rec	4147.92	4149.34
188	15	مِّنَ	مِنَ	1.00	1.00	rec	4149.88	4150.16
188	16	ٱلْعَذَابِۖ	الْعَذَابِ	1.00	1.00	rec	4150.20	4151.20
188	17	وَلَهُمْ	وَلَهُمْ	1.00	1.00	rec	4151.32	4152.02
188	18	عَذَابٌ	عَذَابٌ	1.00	1.00	rec	4152.10	4152.80
188	19	أَلِيمٌۭ	أَلِيمٌ	1.00	1.00	rec	4153.16	4154.32
189	0	وَلِلَّهِ	وَلِلَّهِ	1.00	1.00	rec	4154.96	4156.00
189	1	مُلْكُ	مُلْكُ	1.00	1.00	rec	4156.14	4156.64
189	2	ٱلسَّمَٰوَٰتِ	السَّمَاوَاتِ	1.00	0.96	rec	4156.70	4158.12
189	3	وَٱلْأَرْضِۗ	وَالْأَرْضِ	1.00	1.00	rec	4158.22	4159.06
189	4	وَٱللَّهُ	وَاللَّهُ	1.00	0.98	rec	4159.20	4160.06
189	5	عَلَىٰ	عَلَىٰ	1.00	1.00	rec	4160.24	4160.58
189	6	كُلِّ	كُلِّ	1.00	1.00	rec	4160.92	4161.36
189	7	شَىْءٍۢ	شَيْءٍ	0.67	1.00	rec	4161.58	4162.08
189	8	قَدِيرٌ	قَدِيرٌ	1.00	1.00	rec	4163.04	4164.44
190	0	إِنَّ	إِنَّ	1.00	1.00	rec	4165.10	4165.96
190	1	فِى	فِي	0.50	1.00	rec	4166.14	4166.30
190	2	خَلْقِ	خَلْقِ	1.00	1.00	rec	4166.62	4167.12
190	3	ٱلسَّمَٰوَٰتِ	السَّمَاوَاتِ	1.00	1.00	rec	4167.18	4168.56
190	4	وَٱلْأَرْضِ	وَالْأَرْضِ	1.00	1.00	rec	4168.66	4169.54
190	5	وَٱخْتِلَٰفِ	اخْتِلَافِ	0.86	0.94	rec	4169.92	4170.60
190	6	ٱلَّيْلِ	اللَّيْلِ	0.80	1.00	rec	4170.66	4171.26
190	7	وَٱلنَّهَارِ	وَالنَّهِيرِ	0.86	1.00	rec	4171.38	4172.68
190	8	لَءَايَٰتٍۢ	لَآيَاتٍ	0.83	1.00	rec	4172.82	4173.92
190	9	لِّأُو۟لِى	لِأُولِي	0.80	1.00	rec	4174.24	4174.70
190	10	ٱلْأَلْبَٰبِ	الْأَلْبَابِ	1.00	1.00	rec	4174.76	4176.40
191	0	ٱلَّذِينَ	الَّذِينَ	1.00	0.99	rec	4177.18	4178.08
191	1	يَذْكُرُونَ	يَذْكُرُونَ	1.00	1.00	rec	4178.22	4179.52
191	2	ٱللَّهَ	اللَّهَ	1.00	1.00	rec	4179.56	4180.42
191	3	قِيَٰمًۭا	قِيَامًا	1.00	1.00	rec	4180.64	4181.42
191	4	وَقُعُودًۭا	وَقُعُودًا	1.00	1.00	rec	4181.96	4183.04
191	5	وَعَلَىٰ	وَعَلَىٰ	1.00	1.00	rec	4183.56	4184.16
191	6	جُنُوبِهِمْ	جُنُوبِهِمْ	1.00	1.00	rec	4184.54	4186.06
191	7	وَيَتَفَكَّرُونَ	وَيَتَفَكَّرُونَ	1.00	1.00	rec	4186.68	4188.54
191	8	فِى	فِي	0.50	1.00	rec	4188.72	4188.86
191	9	خَلْقِ	خَلْقِ	1.00	1.00	rec	4189.20	4189.76
191	10	ٱلسَّمَٰوَٰتِ	السَّمَاوَاتِ	1.00	0.95	rec	4189.82	4191.36
191	11	وَٱلْأَرْضِ	وَالْأَرْضِ	1.00	1.00	rec	4191.50	4192.22
191	12	رَبَّنَا	رَبَّنَا	1.00	1.00	rec	4192.90	4193.50
191	13	مَا	مَا	1.00	1.00	rec	4193.86	4193.98
191	14	خَلَقْتَ	خَلَقْتَهَا	0.67	1.00	rec	4194.30	4195.44
191	15	هَٰذَا	أَذَا	0.75	0.95	rec	4195.68	4196.02
191	16	بَٰطِلًۭا	بَاضِلًا	0.80	0.99	rec	4196.38	4197.18
191	17	سُبْحَٰنَكَ	سُبْحَانَكَ	1.00	1.00	rec	4197.86	4199.26
191	18	فَقِنَا	فَقِنَا	1.00	1.00	rec	4199.44	4200.04
191	19	عَذَابَ	عَذَابَ	1.00	1.00	rec	4200.34	4201.22
191	20	ٱلنَّارِ	النِّارِ	1.00	0.92	rec	4201.28	4202.86
192	0	رَبَّنَآ	رَبَّنَا	1.00	1.00	rec	4203.40	4203.96
192	1	إِنَّكَ	إِنَّكَ	1.00	1.00	rec	4204.32	4205.42
192	2	مَن	مَنْ	1.00	1.00	rec	4205.54	4206.12
192	3	تُدْخِلِ	تُدْخِلِ	1.00	1.00	rec	4206.22	4206.90
192	4	ٱلنَّارَ	النَّارَ	1.00	1.00	rec	4206.96	4208.08
192	5	فَقَدْ	فَقَدْ	1.00	1.00	rec	4208.26	4208.78
192	6	أَخْزَيْتَهُۥۖ	أَخْزَيْتَهُ	0.86	1.00	rec	4208.90	4210.04
192	7	وَمَا	وَمَا	1.00	1.00	rec	4210.54	4210.86
192	8	لِلظَّٰلِمِينَ	لِلظَّالِمِينَ	1.00	1.00	rec	4211.12	4212.66
192	9	مِنْ	مِنْ	1.00	1.00	rec	4212.80	4213.20
192	10	أَنصَارٍۢ	أَنْصِيرٍ	0.80	1.00	rec	4213.28	4215.24
193	0	رَّبَّنَآ	رَبَّنَا	1.00	1.00	rec	4215.92	4216.58
193	1	إِنَّنَا	إِنَّنَا	1.00	0.99	rec	4216.94	4217.98
193	2	سَمِعْنَا	سَمِعْنَا	1.00	0.99	rec	4218.34	4219.10
193	3	مُنَادِيًۭا	مُنَادِيًا	1.00	0.99	rec	4219.56	4220.66
193	4	يُنَادِى	يُنَادِئِ	0.80	0.95	rec	4221.32	4222.44
193	5	لِلْإِيمَٰنِ	لِلْإِيمَانِ	1.00	1.00	rec	4222.78	4224.14
193	6	أَنْ	أَنْ	1.00	1.00	rec	4224.30	4224.62
193	7	ءَامِنُوا۟	آمِنُوا	0.83	0.95	rec	4224.68	4225.32
193	8	بِرَبِّكُمْ	بِرَبِّكُمْ	1.00	1.00	rec	4225.62	4226.86
193	9	فَـَٔامَنَّاۚ	فَآمَنَّا	1.00	1.00	rec	4227.00	4228.88
193	10	رَبَّنَا	رَبَّنَا	1.00	0.94	rec	4229.92	4230.48
193	11	فَٱغْفِرْ	فَاغْفِرْ	1.00	0.98	rec	4230.92	4231.74
193	12	لَنَا	لَنَا	1.00	1.00	rec	4231.84	4232.16
193	13	ذُنُوبَنَا	ذُنُوبَنَا	1.00	1.00	rec	4232.56	4233.42
193	14	وَكَفِّرْ	وَكَفِّرْ	1.00	1.00	rec	4233.90	4234.90
193	15	عَنَّا	عَنَّا	1.00	1.00	rec	4234.98	4235.88
193	16	سَيِّـَٔاتِنَا	سَيِّئَاتِنَا	0.86	1.00	rec	4236.32	4237.64
193	17	وَتَوَفَّنَا	وَتَوَفَّنَا	1.00	1.00	rec	4238.00	4239.00
193	18	مَعَ	مَعَ	1.00	1.00	rec	4239.46	4239.74
193	19	ٱلْأَبْرَارِ	الْأَبْنِيرِ	0.71	0.92	rec	4239.80	4241.38
194	0	رَبَّنَا	رَبَّنَا	1.00	1.00	rec	4242.00	4242.58
194	1	وَءَاتِنَا	وَآتِنَا	0.83	1.00	rec	4242.82	4243.66
194	2	مَا	مَع	0.50	0.85	rec	4244.02	4244.16
194	3	وَعَدتَّنَا	وَعَدْتَنَا	1.00	1.00	rec	4244.50	4245.44
194	4	عَلَىٰ	عَلَىٰ	1.00	1.00	rec	4245.70	4246.00
194	5	رُسُلِكَ	رُسُلِكَ	1.00	1.00	rec	4246.40	4247.14
194	6	وَلَا	وَلَا	1.00	1.00	rec	4247.60	4247.90
194	7	تُخْزِنَا	تُخْزِنَا	1.00	1.00	rec	4248.16	4248.90
194	8	يَوْمَ	يَوْمَ	1.00	1.00	rec	4249.24	4249.62
194	9	ٱلْقِيَٰمَةِۗ	الْقِيَامَةِ	1.00	1.00	rec	4249.68	4250.80
194	10	إِنَّكَ	إِنَّكَ	1.00	1.00	rec	4250.94	4252.12
194	11	لَا	لَا	1.00	1.00	rec	4252.28	4252.40
194	12	تُخْلِفُ	تُخْلِفُ	1.00	1.00	rec	4252.90	4253.64
194	13	ٱلْمِيعَادَ	الْمِيعَادُ	1.00	0.92	rec	4253.72	4255.66
195	0	فَٱسْتَجَابَ	فَاسْتَجَابَ	1.00	1.00	rec	4256.20	4257.16
195	1	لَهُمْ	لَهُمْ	1.00	1.00	rec	4257.24	4257.70
195	2	رَبُّهُمْ	رَبُّهُمْ	1.00	0.99	rec	4257.80	4258.62
195	3	أَنِّى	أَنِّي	0.67	1.00	rec	4258.72	4259.50
195	4	لَآ	لَا	1.00	1.00	rec	4259.82	4259.94
195	5	أُضِيعُ	أُضِيعُو	0.80	0.93	rec	4260.34	4261.08
195	6	عَمَلَ	عَمَلَ	1.00	1.00	rec	4261.24	4261.70
195	7	عَٰمِلٍۢ	عَامِلٍ	1.00	1.00	rec	4261.84	4262.52
195	8	مِّنكُم	مِنْكُمْ	1.00	1.00	rec	4263.06	4264.46
195	9	مِّن	مِنْ	1.00	1.00	rec	4264.52	4264.94
195	10	ذَكَرٍ	ذَكَرٍ	1.00	0.98	rec	4265.02	4265.48
195	11	أَوْ	أَوْ	1.00	1.00	rec	4265.84	4266.14
195	12	أُنثَىٰۖ	أُنْثَىٰ	1.00	1.00	rec	4266.24	4267.12
195	13	بَعْضُكُم	بَعْضُكُمْ	1.00	1.00	rec	4267.50	4268.74
195	14	مِّنۢ	مِنْ	1.00	1.00	rec	4268.80	4269.72
195	15	بَعْضٍۢۖ	بَعْضٍ	1.00	1.00	rec	4269.80	4270.12
195	16	فَٱلَّذِينَ	فَالَّذِينَ	1.00	1.00	rec	4270.96	4271.84
195	17	هَاجَرُوا۟	هَاجَرُوا	1.00	0.97	rec	4272.00	4272.84
195	18	وَأُخْرِجُوا۟	وَأُخْرِجُوا	1.00	1.00	rec	4273.08	4274.10
195	19	مِن	مِنْ	1.00	1.00	rec	4274.38	4274.88
195	20	دِيَٰرِهِمْ	دِيَارِهِمْ	1.00	1.00	rec	4274.98	4276.06
195	21	وَأُوذُوا۟	وَأُوذُوا	1.00	0.95	rec	4276.16	4276.88
195	22	فِى	فِي	0.50	1.00	rec	4277.24	4277.38
195	23	سَبِيلِى	سَبِيلِي	0.80	0.99	rec	4277.74	4278.50
195	24	وَقَٰتَلُوا۟	وَقَاتَلُوا	1.00	1.00	rec	4278.78	4279.84
195	25	وَقُتِلُوا۟	وَقْتِلُوا	1.00	0.92	rec	4280.12	4280.96
195	26	لَأُكَفِّرَنَّ	لَأُكَفِّرَنَّ	1.00	1.00	rec	4281.94	4283.76
195	27	عَنْهُمْ	عَنْهُمْ	1.00	1.00	rec	4283.86	4284.54
195	28	سَيِّـَٔاتِهِمْ	سَيِّئَاتِهِمْ	0.86	1.00	rec	4284.66	4286.50
195	29	وَلَأُدْخِلَنَّهُمْ	وَلَأُدْخِلَنَّهُمْ	1.00	1.00	rec	4287.04	4289.12
195	30	جَنَّٰتٍۢ	جَنَّعتٍ	0.75	0.87	rec	4289.24	4290.60
195	31	تَجْرِى	تَجْرِي	0.75	1.00	rec	4291.32	4291.88
195	32	مِن	مِنْ	1.00	1.00	rec	4292.28	4292.98
195	33	تَحْتِهَا	تَحْتِهَا	1.00	1.00	rec	4293.12	4293.80
195	34	ٱلْأَنْهَٰرُ	الْأَنْهَارُ	1.00	0.99	rec	4293.86	4295.94
195	35	ثَوَابًۭا	ثَوَابًا	1.00	1.00	rec	4296.66	4297.38
195	36	مِّنْ	مِنْ	1.00	1.00	rec	4297.84	4298.20
195	37	عِندِ	عِنْدِ	1.00	1.00	rec	4298.30	4299.36
195	38	ٱللَّهِۗ	اللَّهِ	1.00	0.98	rec	4299.40	4300.62
195	39	وَٱللَّهُ	وَاللَّهُ	1.00	1.00	rec	4301.20	4301.96
195	40	عِندَهُۥ	عِنْدَهُ	0.80	1.00	rec	4302.12	4303.10
195	41	حُسْنُ	حُسْنُ	1.00	1.00	rec	4303.48	4303.92
195	42	ٱلثَّوَابِ	الثَّوَابِ	1.00	1.00	rec	4303.98	4305.64
196	0	لَا	لَا	1.00	1.00	rec	4306.42	4306.54
196	1	يَغُرَّنَّكَ	يَغُرَّنَّكَ	1.00	1.00	rec	4306.82	4308.50
196	2	تَقَلُّبُ	تَقَلُّبُ	1.00	1.00	rec	4308.68	4309.64
196	3	ٱلَّذِينَ	الَّذِينَ	1.00	1.00	rec	4309.74	4310.66
196	4	كَفَرُوا۟	كَفَرُوا	1.00	1.00	rec	4310.84	4311.40
196	5	فِى	فِي	0.50	1.00	rec	4311.92	4312.04
196	6	ٱلْبِلَٰدِ	الْبِلَعادِ	0.86	0.91	rec	4312.08	4313.50
197	0	مَتَٰعٌۭ	مَتَاعٌ	1.00	1.00	rec	4314.14	4314.96
197	1	قَلِيلٌۭ	قَلِيلٌ	1.00	1.00	rec	4315.66	4316.54
197	2	ثُمَّ	ثُمَّ	1.00	1.00	rec	4317.16	4317.98
197	3	مَأْوَىٰهُمْ	مَأْوَاهُمْ	0.86	1.00	rec	4318.12	4319.20
197	4	جَهَنَّمُۚ	جَهَنَّمُ	1.00	1.00	rec	4319.30	4320.38
197	5	وَبِئْسَ		0.00	0.00	forced	4320.42	4321.18
197	6	ٱلْمِهَادُ	سَالْمِهَابُ	0.71	1.00	rec	4321.22	4322.96
198	0	لَٰكِنِ	لَـٰكِنِ	1.00	0.95	rec	4323.74	4324.34
198	1	ٱلَّذِينَ	الَّذِينَ	1.00	1.00	rec	4324.40	4325.16
198	2	ٱتَّقَوْا۟	اتَّقَوْا	1.00	1.00	rec	4325.22	4325.90
198	3	رَبَّهُمْ	رَبَّهُمْ	1.00	0.98	rec	4326.04	4326.78
198	4	لَهُمْ	لَهُمْ	1.00	1.00	rec	4326.86	4327.30
198	5	جَنَّٰتٌۭ	جَنَّاتٌ	1.00	1.00	rec	4327.40	4328.80
198	6	تَجْرِى	تَجْرِي	0.75	1.00	rec	4329.46	4329.96
198	7	مِن	مِنْ	1.00	1.00	rec	4330.24	4330.74
198	8	تَحْتِهَا	تَحْتِهَا	1.00	1.00	rec	4330.86	4331.48
198	9	ٱلْأَنْهَٰرُ	الْأَنْهَارُ	1.00	0.99	rec	4331.52	4333.40
198	10	خَٰلِدِينَ	خَالِدِينَ	1.00	1.00	rec	4334.14	4335.22
198	11	فِيهَا	فِيهَاا	0.80	0.88	rec	4335.42	4336.42
198	12	نُزُلًۭا	نُزُلًا	1.00	1.00	rec	4336.72	4337.28
198	13	مِّنْ	مِنْ	1.00	1.00	rec	4337.66	4337.96
198	14	عِندِ	عِنْدِ	1.00	1.00	rec	4338.06	4338.92
198	15	ٱللَّهِۗ	اللَّهِ	1.00	1.00	rec	4338.96	4339.70
198	16	وَمَا	وَمَا	1.00	1.00	rec	4340.24	4340.58
198	17	عِندَ	عِنْدَ	1.00	1.00	rec	4340.78	4341.36
198	18	ٱللَّهِ	اللَّهِ	1.00	1.00	rec	4341.42	4342.30
198	19	خَيْرٌۭ	خَيْرٌ	1.00	1.00	rec	4342.56	4343.08
198	20	لِّلْأَبْرَارِ	لِلْأَبْرِيرِ	0.86	0.99	rec	4343.44	4344.92
199	0	وَإِنَّ	وَإِنَّ	1.00	1.00	rec	4345.54	4346.46
199	1	مِنْ	مِنْ	1.00	1.00	rec	4346.58	4346.84
199	2	أَهْلِ	أَهْلِ	1.00	1.00	rec	4346.94	4347.28
199	3	ٱلْكِتَٰبِ	الْكِتَابِ	1.00	1.00	rec	4347.36	4348.22
199	4	لَمَن	لَمَنْ	1.00	0.92	rec	4348.36	4349.16
199	5	يُؤْمِنُ	يُؤْمِنُ	1.00	1.00	rec	4349.22	4349.76
199	6	بِٱللَّهِ	بِاللَّهِ	1.00	1.00	rec	4349.90	4350.60
199	7	وَمَآ	وَمَا	1.00	1.00	rec	4350.74	4351.10
199	8	أُنزِلَ	أُنْزِلَ	1.00	1.00	rec	4351.38	4352.26
199	9	إِلَيْكُمْ	إِلَيْكُمْ	1.00	0.97	rec	4352.38	4353.26
199	10	وَمَآ	وَمَا	1.00	1.00	rec	4353.38	4353.70
199	11	أُنزِلَ	أُنْزِلَ	1.00	1.00	rec	4354.12	4354.98
199	12	إِلَيْهِمْ	إِلَيْهِمْ	1.00	1.00	rec	4355.12	4356.18
199	13	خَٰشِعِينَ	خَاشِعِينَ	1.00	1.00	rec	4356.32	4357.50
199	14	لِلَّهِ	لِلَّهِ	1.00	0.94	rec	4357.62	4358.88
199	15	لَا	لَا	1.00	1.00	rec	4362.28	4362.40
199	16	يَشْتَرُونَ	يَشْتَرُونَ	1.00	1.00	rec	4362.74	4363.86
199	17	بِـَٔايَٰتِ	بِآيَاتِ	1.00	1.00	rec	4364.00	4365.18
199	18	ٱللَّهِ	اللَّهِ	1.00	0.97	rec	4365.22	4365.86
199	19	ثَمَنًۭا	ثَمَنًا	1.00	1.00	rec	4366.04	4366.58
199	20	قَلِيلًاۗ	قَلِيلًا	1.00	1.00	rec	4367.44	4368.28
199	21	أُو۟لَٰٓئِكَ	أُولَـٰئِكَ	1.00	1.00	rec	4369.22	4371.30
199	22	لَهُمْ	لَهُمْ	1.00	1.00	rec	4371.42	4371.96
199	23	أَجْرُهُمْ	أَدْرُهُمْ	0.80	0.99	rec	4372.06	4373.06
199	24	عِندَ	عِنْدَ	1.00	1.00	rec	4373.16	4374.06
199	25	رَبِّهِمْۗ	رَبِّهِمْ	1.00	1.00	rec	4374.20	4375.20
199	26	إِنَّ	إِنَّ	1.00	1.00	rec	4375.72	4376.62
199	27	ٱللَّهَ	اللَّهَ	1.00	0.91	rec	4376.68	4377.52
199	28	سَرِيعُ	سَرِيعُ	1.00	0.96	rec	4377.72	4378.58
199	29	ٱلْحِسَابِ	الْحِسَابِ	1.00	1.00	rec	4378.66	4380.38
200	0	يَٰٓأَيُّهَا	يَا+أَيُّهَا	1.00	0.96	rec	4381.34	4382.48
200	1	ٱلَّذِينَ	الَّذِينَ	1.00	1.00	rec	4382.54	4383.46
200	2	ءَامَنُوا۟	آمَنُوا	0.83	0.99	rec	4383.62	4384.54
200	3	ٱصْبِرُوا۟	اصْبِرُوا	1.00	0.94	rec	4384.60	4385.22
200	4	وَصَابِرُوا۟	وَصَابِرُوا	1.00	1.00	rec	4385.52	4386.78
200	5	وَرَابِطُوا۟	وَرَابِطُوا	1.00	0.98	rec	4387.12	4388.26
200	6	وَٱتَّقُوا۟	وَاتَّقُوا	1.00	0.99	rec	4388.66	4389.30
200	7	ٱللَّهَ	اللَّهَ	1.00	1.00	rec	4389.38	4390.20
200	8	لَعَلَّكُمْ	لَعَلَّكُمْ	1.00	1.00	rec	4390.38	4391.74
200	9	تُفْلِحُونَ	تُفْلِحُونَ	1.00	0.95	rec	4391.86	4393.90

# recognised but not in the text (repeats are listed in the json)
extra			التَّوْلَيَتَوَلَّ		0.87		28.82	30.50
extra			ج		1.00		31.66	31.68
extra			مِنْهُ		1.00		92.00	92.44
extra			آيَاتٌ		1.00		92.60	93.64
extra			مُحْكَمَاتٌ		1.00		94.40	95.60
extra			تَشَاءَ		0.91		110.70	111.36
extra			بَهَمِنْعُ		0.87		111.50	112.30
extra			فَيَتَّبِعُونَ		0.99		113.18	114.52
extra			مَا		1.00		114.66	114.78
extra			وَهَبْ		1.00		156.18	156.68
extra			لَنَا		1.00		156.80	157.12
extra			إِنَّ		1.00		195.50	196.60
extra			الَّذِينَ		1.00		196.66	197.50
extra			كَفَرُوا		1.00		197.70	198.30
extra			لَنْ		1.00		198.72	199.32
extra			تُغْنِيَ		1.00		199.48	200.30
extra			عَنْهُمْ		1.00		200.44	201.26
extra			أَمْوَالُهُمْ		1.00		201.36	202.60
extra			وَلَا		1.00		202.72	203.06
extra			أَوْلَاادُهُمْ		0.96		203.42	205.52
extra			مِنَ		1.00		205.58	205.84
extra			اللَّهِ		1.00		205.90	206.78
extra			شَيْئًا		1.00		207.04	207.74
extra			آلِي		0.97		217.30	217.92
extra			كَافِرًاٌ		0.93		258.12	259.24
extra			وَأُخْلَىٰ		0.90		260.04	260.78
extra			مِنَ		1.00		295.02	295.28
extra			النِّسَاءِ		0.93		295.32	298.60
extra			وَالْبَنِينَ		1.00		298.70	299.68
extra			وَالْخَيْلِ		0.94		309.30	310.36
extra			اصْمُ		0.92		324.52	324.80
extra			لِي		0.87		342.64	342.74
extra			خَالِدِينَ		1.00		349.78	350.94
extra			فِيهَا		1.00		351.14	351.70
extra			بِل		0.53		690.46	690.66
extra			مع		0.59		691.10	691.22
extra			اثْقَبَا		0.83		723.74	724.46
extra			عِمْرَعَنَ		0.96		746.94	747.90
extra			رَبِّ		1.00		748.04	748.48
extra			إِنِّي		1.00		748.64	749.60
extra			نَذَرْتُ		1.00		750.12	750.82
extra			لَكَ		1.00		750.96	751.28
extra			مَا		1.00		751.44	751.56
extra			فِي		1.00		752.02	752.18
extra			بَطْنِيِ		0.92		752.50	753.24
extra			مُحَرَّرًا		1.00		753.56	754.54
extra			إِذْ		1.00		757.12	757.38
extra			قَالَتِ		1.00		757.50	758.32
extra			امْرَأَتُ		1.00		758.38	759.24
extra			فَتَقَبَّلْ		1.00		770.84	771.94
extra			مِنِّيَ		0.99		772.00	773.02
extra			وَسَيِّدًا		0.97		896.62	897.50
extra			إِنَّ		1.00		1004.58	1005.60
extra			اللَّهَ		1.00		1005.66	1006.50
extra			يُبَشِّرُكِ		0.99		1006.64	1007.78
extra			بِكَلِمَةٍ		1.00		1007.90	1008.92
extra			مِنْهُ		1.00		1009.64	1010.10
extra			وَجِيَهَا		0.98		1018.70	1019.36
extra			فِي		1.00		1020.10	1020.20
extra			الدُّنْيَا		1.00		1020.24	1020.96
extra			وَالْآخِرَةِ		1.00		1021.36	1022.80
extra			فَأَنْفُخُ		1.00		1089.50	1090.98
extra			فِيهِ		0.99		1091.18	1091.72
extra			الَّذِينَ		1.00		1205.82	1206.62
extra			كَفَرُوا		1.00		1206.80	1207.30
extra			وَمُطَهِّرُكَ		0.98		1208.66	1210.08
extra			تُرَهَابٍ		0.94		1276.48	1277.64
extra			خَلَقَهُ		0.95		1278.38	1279.10
extra			تَعَالَوْ		0.92		1304.16	1305.06
extra			فَقُلْ		1.00		1306.00	1306.44
extra			وَأَنْفُسَنَا		1.00		1321.78	1323.68
extra			وَقَالَتْ		1.00		1521.16	1521.96
extra			ظَائِفَةٌ		0.98		1522.04	1524.48
extra			مِنْ		1.00		1525.48	1525.72
extra			أَهْلِ		1.00		1525.80	1526.12
extra			الْكِتَابِ		0.96		1526.18	1527.14
extra			آمِنُوا		0.99		1527.28	1527.94
extra			بِالَّذِي		1.00		1528.18	1528.82
extra			أُنْزِلَ		1.00		1529.20	1530.20
extra			عَلَى		0.99		1530.36	1530.62
extra			الَّذِينَ		0.99		1530.68	1531.42
extra			آمَنُوا		0.89		1531.56	1532.34
extra			وَلَا		1.00		1660.86	1661.16
extra			يُكَلِّمُوهُمُ		0.98		1661.34	1662.66
extra			اللَّهُ		1.00		1662.74	1663.54
extra			وَلَا		1.00		1663.70	1664.04
extra			يَنْظُرُ		1.00		1664.34	1665.30
extra			إِلَيْهِمْ		1.00		1665.46	1666.46
extra			كَيْفَ		1.00		1877.36	1877.72
extra			يَهْدِ		1.00		1877.80	1878.20
extra			اللَّهُ		1.00		1878.28	1879.06
extra			قَوُّْمًا		0.86		1879.30	1880.00
extra			كَفَرُوا		1.00		1880.62	1881.14
extra			بَعْدَ		1.00		1881.42	1881.84
extra			إِيمَانِهِمْ		1.00		1881.98	1883.44
extra			وَاشْهِدُوا		0.90		1888.58	1889.40
extra			أَنَّ		1.00		1889.74	1890.66
extra			الرَّسُولَ		0.97		1890.72	1891.70
extra			لَنْ		1.00		1950.34	1951.10
extra			تُقْبَلَ		1.00		1951.24	1951.92
extra			تَوْبَتُهُمْ		1.00		1952.12	1953.32
extra			فَلَنْ		1.00		1973.08	1974.16
extra			يُقْبَلَ		1.00		1974.22	1974.90
extra			مِنْ		1.00		1975.06	1975.38
extra			أَحَدِهِمْ		1.00		1975.48	1977.02
extra			إِلَّا		1.00		2026.48	2027.04
extra			مَا		1.00		2027.40	2027.54
extra			حَرَّمَ		1.00		2027.86	2028.54
extra			إِسْرَائِيلُ		1.00		2028.70	2031.08
extra			عَلَىٰ		0.98		2031.26	2031.58
extra			نَفْسِهِ		1.00		2031.88	2032.48
extra			يَرُدُّوكُمْ		1.00		2171.56	2173.60
extra			فَأَلَّفَ		0.98		2238.08	2238.94
extra			بَيْنَ		1.00		2239.12	2239.70
extra			قُلُوبِكُمْ		1.00		2239.94	2241.46
extra			فَذُوقُوا		0.99		2328.66	2329.50
extra			الْعَذَابَ		1.00		2329.58	2330.68
extra			تَأْمُرُونَ		1.00		2385.22	2386.18
extra			بِالْمَعْرُوفِ		1.00		2386.32	2387.78
extra			وَتَنْهَوْنَ		1.00		2387.94	2389.32
extra			عَنِ		1.00		2389.46	2389.74
extra			الْمُنْكَرِ		1.00		2389.80	2391.38
extra			كَمَثَلِ		0.97		2556.16	2556.78
extra			رِيحٍ		1.00		2556.92	2557.38
extra			فِيهَا		1.00		2558.26	2558.94
extra			صِرٌّ		1.00		2559.46	2559.96
extra			قَدْبَذَتِلْبَ		0.90		2591.42	2592.80
extra			ُضَاءُ		0.97		2593.06	2595.04
extra			يُمْدِدْكُمْ		0.99		2748.66	2749.64
extra			رَبُّكُمْ		1.00		2749.74	2751.28
extra			بِحَمْسَةِ		0.94		2751.34	2752.46
extra			آلَافٍ		1.00		2752.68	2753.70
extra			وَالْكَاظِمِينَ		1.00		2879.10	2881.04
extra			الْغَيْظَ		1.00		2881.10	2882.20
extra			وَجَنَّاتٌ		1.00		2927.08	2928.74
extra			فَسِيرُوا		1.00		2949.10	2949.92
extra			فِي		1.00		2950.30	2950.40
extra			الْأَرْضِ		1.00		2950.46	2951.20
extra			فَانْظُرُوا		1.00		2951.40	2952.76
extra			يُلِثَّ		0.97		3092.24	3092.80
extra			وَهَنُوانَ		0.89		3114.78	3115.74
extra			فَمَا		1.00		3116.34	3116.66
extra			أَقْدَامَنَا		1.00		3145.18	3146.50
extra			وَثَبِّتْ		1.00		3147.66	3148.58
extra			إِتَّحُسُّونَهُمْ		0.98		3217.84	3220.12
extra			بِإِذْنِهِ		1.00		3220.18	3221.08
extra			وَعَصَيْتُمْ		1.00		3233.18	3234.74
extra			إِذَا		1.00		3413.82	3414.14
extra			ضَرَبُوا		0.93		3414.48	3414.94
extra			فِي		1.00		3415.28	3415.38
extra			الْأَرْضِ		1.00		3415.42	3416.18
extra			عُزًّا		0.87		3417.76	3418.26
extra			وَمَأْوَاهُ		1.00		3554.80	3556.06
extra			جَهَنَّمُ		1.00		3556.22	3557.46
extra			سَ		1.00		3558.28	3558.38
extra			تُزَكِّيهِمْ		0.91		3586.94	3588.56
extra			يَتْلُو		1.00		3590.16	3590.64
extra			عَلَيْهِمْ		1.00		3590.92	3592.06
extra			آيَاتِهِ		1.00		3592.14	3593.42
extra			أَلَّا		1.00		3733.92	3734.44
extra			خَوْفٌ		1.00		3734.84	3735.42
extra			عَلَيْهِمْ		1.00		3735.72	3736.64
extra			يَأْتِيَنَا		1.00		3994.42	3995.40
extra			حَتَّىٰ		1.00		3996.72	3997.20
extra			جَاءُوا		1.00		4034.02	4035.70
extra			بِالْبَيِّنَاتِ		1.00		4036.12	4037.62
extra			وَلَتَسْمَعُنَّ		0.99		4084.56	4086.18
extra			مِنَ		1.00		4086.28	4086.52
extra			الَّذِينَ		1.00		4086.56	4087.28
extra			أُوتُوا		1.00		4087.42	4088.00
extra			الْكِتَعبَ		0.97		4088.04	4089.16
extra			مِنْ		1.00		4089.28	4090.06
extra			قَبْلِكُمْ		0.97		4090.18	4091.10
extra			مَعيَْ		0.86		4130.24	4131.02
extra			خَاشِعِينَ		0.97		4359.78	4361.04
extra			لِلَّهِ		1.00		4361.18	4362.14
