group	word	mushaf	heard	sim	prob	how	t0	t1
isti	0	أَعُوذُ		0.00	0.00	spread	0.00	0.24
isti	1	بِٱللَّهِ		0.00	0.00	spread	0.24	0.48
isti	2	مِنَ		0.00	0.00	spread	0.48	0.72
isti	3	ٱلشَّيْطَٰنِ		0.00	0.00	spread	0.72	0.96
isti	4	ٱلرَّجِيمِ		0.00	0.00	spread	0.96	1.20
header	0	بِسۡمِ	بِسْمِ	1.00	1.00	rec	1.20	1.58
header	1	ٱللَّهِ	اللَّهِ	1.00	1.00	rec	1.62	2.28
header	2	ٱلرَّحۡمَٰنِ	الرَّحْمَـٰنِ	1.00	1.00	rec	2.32	3.50
header	3	ٱلرَّحِيمِ	الرَّحِيمِ	1.00	1.00	rec	3.54	5.64
1	0	يَٰٓأَيُّهَا	يَا+أَيُّهَا	1.00	1.00	rec	6.72	7.94
1	1	ٱلنَّاسُ	النَّاسُ	1.00	1.00	rec	8.00	9.26
1	2	ٱتَّقُوا۟	اتَّقُوا	1.00	1.00	rec	9.32	9.88
1	3	رَبَّكُمُ	رَبَّكُمُ	1.00	1.00	rec	10.20	10.98
1	4	ٱلَّذِى	الَّذِي	1.00	1.00	rec	11.06	11.56
1	5	خَلَقَكُم	خَلَقَكُمْ	1.00	1.00	rec	11.82	12.96
1	6	مِّن	مِنْ	1.00	1.00	rec	13.04	13.54
1	7	نَّفْسٍۢ	نَفْسٍ	1.00	1.00	rec	13.60	14.00
1	8	وَٰحِدَةٍۢ	وَاحِدَةٍ	1.00	1.00	rec	14.78	15.78
1	9	وَخَلَقَ	وَخَلَقَ	1.00	1.00	rec	16.50	17.26
1	10	مِنْهَا	مِنْهَا	1.00	1.00	rec	17.36	17.86
1	11	زَوْجَهَا	زَوْجَهَا	1.00	1.00	rec	18.18	18.92
1	12	وَبَثَّ	وَبَثَّ	1.00	0.98	rec	23.14	23.74
1	13	مِنْهُمَا	مِنْهُمَا	1.00	1.00	rec	23.84	24.50
1	14	رِجَالًۭا	رِجَالًا	1.00	0.97	rec	24.72	25.34
1	15	كَثِيرًۭا	كَثِيرًا	1.00	1.00	rec	25.96	26.74
1	16	وَنِسَآءًۭۚ	وَنِسَاءًا	0.83	0.99	rec	27.26	29.52
1	17	وَٱتَّقُوا۟	وَاتَّقُوا	1.00	0.99	rec	30.60	31.22
1	18	ٱللَّهَ	اللَّهَ	1.00	1.00	rec	31.28	32.08
1	19	ٱلَّذِى	الَّذِي	1.00	0.93	rec	32.12	32.68
1	20	تَسَآءَلُونَ	تَسَّاءَلُونَ	1.00	0.98	rec	33.02	35.52
1	21	بِهِۦ	بِهِ	1.00	1.00	rec	35.66	35.94
1	22	وَٱلْأَرْحَامَۚ	وَالْأَرْحَامِ	1.00	1.00	rec	36.34	38.48
1	23	إِنَّ	إِنَّ	1.00	1.00	rec	39.10	39.88
1	24	ٱللَّهَ	اللَّهَ	1.00	1.00	rec	39.92	40.64
1	25	كَانَ	كَانَ	1.00	1.00	rec	40.86	41.34
1	26	عَلَيْكُمْ	عَلَيْكُمْ	1.00	1.00	rec	41.46	42.52
1	27	رَقِيبًۭا	رَقِيبًا	1.00	0.99	rec	42.62	43.50
2	0	وَءَاتُوا۟	وَآتُوا	0.83	0.99	rec	44.72	45.34
2	1	ٱلْيَتَٰمَىٰٓ	الْيَتَامَىٰ	1.00	0.97	rec	45.38	46.34
2	2	أَمْوَٰلَهُمْۖ	أَمْوَالَهُمْ	1.00	1.00	rec	46.76	47.96
2	3	وَلَا	وَلَا	1.00	1.00	rec	48.08	48.38
2	4	تَتَبَدَّلُوا۟	تَتَبَدَّلُوا	1.00	0.99	rec	48.76	49.82
2	5	ٱلْخَبِيثَ	الْخَبِيثَ	1.00	1.00	rec	49.88	50.96
2	6	بِٱلطَّيِّبِۖ		0.00	0.24	forced	51.08	52.32
2	7	وَلَا	وَلَا	1.00	1.00	rec	52.98	53.30
2	8	تَأْكُلُوٓا۟	تَأْكُلُوا	1.00	0.94	rec	53.60	54.28
2	9	أَمْوَٰلَهُمْ	أَمْوَالَهُمْ	1.00	1.00	rec	54.74	56.06
2	10	إِلَىٰٓ	إِلَىٰ	1.00	1.00	rec	56.18	56.52
2	11	أَمْوَٰلِكُمْۚ	أَمْوَالِكُمْ	1.00	1.00	rec	56.90	58.36
2	12	إِنَّهُۥ	إِنَّهُ	1.00	1.00	rec	58.48	59.54
2	13	كَانَ	كَانَ	1.00	1.00	rec	60.00	60.54
2	14	حُوبًۭا	حُوبًا	1.00	1.00	rec	60.74	61.40
2	15	كَبِيرًۭا	كَبِيرًا	1.00	1.00	rec	62.24	63.14
3	0	وَإِنْ	وَإِنْ	1.00	1.00	rec	64.24	64.76
3	1	خِفْتُمْ	خِفْتُمْ	1.00	1.00	rec	64.88	65.56
3	2	أَلَّا	أَلَّا	1.00	0.96	rec	65.66	66.10
3	3	تُقْسِطُوا۟	تُقْسِطُوا	1.00	0.98	rec	66.44	67.28
3	4	فِى	فِي	1.00	1.00	rec	67.60	67.70
3	5	ٱلْيَتَٰمَىٰ	الْيَتَامَىٰ	1.00	1.00	rec	67.74	68.76
3	6	فَٱنكِحُوا۟	فَانْكِحُوا	1.00	0.96	rec	69.12	70.26
3	7	مَا	مَا	1.00	1.00	rec	70.62	70.76
3	8	طَابَ	طَعابَ	0.75	0.88	rec	71.08	71.82
3	9	لَكُم	لَكُمْ	1.00	1.00	rec	71.94	72.58
3	10	مِّنَ	مِنَ	1.00	1.00	rec	77.20	77.48
3	11	ٱلنِّسَآءِ	النِّسَاءِ	1.00	1.00	rec	77.52	79.90
3	12	مَثْنَىٰ	مَثْنَع	0.60	0.91	rec	80.04	80.62
3	13	وَثُلَٰثَ	وَثُلَاةَ	0.80	0.98	rec	80.94	81.98
3	14	وَرُبَٰعَۖ	وَرُبَاعِ	1.00	0.94	rec	82.10	83.42
3	15	فَإِنْ	فَإِنْ	1.00	1.00	rec	84.10	84.70
3	16	خِفْتُمْ	خِفْتُمْ	1.00	1.00	rec	84.82	85.52
3	17	أَلَّا	أَلَّا	1.00	0.99	rec	85.62	86.04
3	18	تَعْدِلُوا۟	تَعْدِلُوا	1.00	1.00	rec	86.34	87.00
3	19	فَوَٰحِدَةً	فَوَاحِدَةً	1.00	1.00	rec	87.30	88.46
3	20	أَوْ	أَوْ	1.00	1.00	rec	88.82	89.10
3	21	مَا	مَعَ	0.50	0.98	rec	89.20	89.48
3	22	مَلَكَتْ	مَلَكَتْ	1.00	1.00	rec	89.62	90.34
3	23	أَيْمَٰنُكُمْۚ	أَيْمَانُكُمْ	1.00	1.00	rec	90.42	91.92
3	24	ذَٰلِكَ	ذَٰلِكَ	1.00	1.00	rec	92.54	93.14
3	25	أَدْنَىٰٓ	أَدْنَىٰ	1.00	0.99	rec	93.30	93.86
3	26	أَلَّا	أَلَّا	1.00	1.00	rec	94.24	94.86
3	27	تَعُولُوا۟	تَعُولُوا	1.00	0.99	rec	95.26	96.14
4	0	وَءَاتُوا۟	وَآتُوا	0.83	1.00	rec	97.00	97.74
4	1	ٱلنِّسَآءَ	النِّسَاءَ	1.00	1.00	rec	97.80	100.20
4	2	صَدُقَٰتِهِنَّ	صَدُقَاتِهِنَّ	1.00	0.96	rec	100.40	102.76
4	3	نِحْلَةًۭۚ	نِحْلَةً	1.00	0.99	rec	102.90	103.66
4	4	فَإِن	فَإِنْ	1.00	0.98	rec	104.26	105.32
4	5	طِبْنَ	طِبْنَ	1.00	1.00	rec	105.46	106.00
4	6	لَكُمْ	لَكُمْ	1.00	1.00	rec	106.14	106.80
4	7	عَن	عَنْ	1.00	1.00	rec	106.90	107.56
4	8	شَىْءٍۢ	شَيْءٍ	1.00	1.00	rec	107.70	108.18
4	9	مِّنْهُ	مِنْهُ	1.00	1.00	rec	108.86	109.30
4	10	نَفْسًۭا	نَفْسًا	1.00	0.99	rec	109.44	109.90
4	11	فَكُلُوهُ	فَكُلُوهُ	1.00	1.00	rec	110.56	111.46
4	12	هَنِيٓـًۭٔا	هَنِيئًا	0.80	1.00	rec	111.66	113.12
4	13	مَّرِيٓـًۭٔا	مَرِيئًا	0.80	0.99	rec	114.02	115.70
5	0	وَلَا	وَلَا	1.00	1.00	rec	116.78	117.08
5	1	تُؤْتُوا۟	تُؤْتُوا	1.00	0.98	rec	117.46	117.88
5	2	ٱلسُّفَهَآءَ	السُّفَهَا	0.86	1.00	rec	117.92	118.62
5	3	أَمْوَٰلَكُمُ	أَمْوَالَكُمُ	1.00	1.00	rec	119.22	120.32
5	4	ٱلَّتِى	الَّتِي	1.00	0.98	rec	120.40	120.94
5	5	جَعَلَ	جَعَلَ	1.00	1.00	rec	121.18	121.62
5	6	ٱللَّهُ	اللَّهُ	1.00	1.00	rec	121.68	122.46
5	7	لَكُمْ	لَكُمْ	1.00	1.00	rec	122.62	123.12
5	8	قِيَٰمًۭا	قِيَامًا	1.00	0.95	rec	123.28	124.00
5	9	وَٱرْزُقُوهُمْ	وَارْزُقُوهُمْ	1.00	1.00	rec	124.86	126.22
5	10	فِيهَا	فِيهَا	1.00	1.00	rec	126.38	126.86
5	11	وَٱكْسُوهُمْ	وَكْسُوهُمْ	0.86	1.00	rec	127.26	128.32
5	12	وَقُولُوا۟	وَقُولُوا	1.00	1.00	rec	128.44	129.22
5	13	لَهُمْ	لَهُمْ	1.00	1.00	rec	129.48	129.98
5	14	قَوْلًۭا	قَوْلًا	1.00	1.00	rec	130.18	130.80
5	15	مَّعْرُوفًۭا	مَعْرُوفًا	1.00	1.00	rec	131.62	132.80
6	0	وَٱبْتَلُوا۟	وَابْتَلُوا	1.00	1.00	rec	133.94	134.62
6	1	ٱلْيَتَٰمَىٰ	الْيَتَامَىٰ	1.00	0.99	rec	134.66	135.82
6	2	حَتَّىٰٓ	حَتَّىٰ	1.00	0.95	rec	136.20	136.74
6	3	إِذَا	إِذَا	1.00	1.00	rec	137.06	137.40
6	4	بَلَغُوا۟	بَلَغُوا	1.00	0.99	rec	137.66	138.18
6	5	ٱلنِّكَاحَ	النِّكَاحَ	1.00	0.95	rec	138.24	140.02
6	6	فَإِنْ	فَإِنْ	1.00	0.97	rec	140.52	141.02
6	7	ءَانَسْتُم	آنَسْتُمْ	0.83	0.97	rec	141.10	142.40
6	8	مِّنْهُمْ	مِنْهُمْ	1.00	1.00	rec	142.46	143.06
6	9	رُشْدًۭا	رُشْدًا	1.00	0.97	rec	143.14	143.68
6	10	فَٱدْفَعُوٓا۟	فَادْفَعُوا	1.00	0.97	rec	144.30	145.14
6	11	إِلَيْهِمْ	إِلَيِْهِمْ	1.00	0.98	rec	145.54	146.66
6	12	أَمْوَٰلَهُمْۖ	أَمْوَالَهُمْ	1.00	1.00	rec	146.74	148.26
6	13	وَلَا	وَلَا	1.00	1.00	rec	152.72	153.02
6	14	تَأْكُلُوهَآ	تَأْكُلُوهَا	1.00	0.99	rec	153.32	154.38
6	15	إِسْرَافًۭا	صِرَافًا	0.67	0.87	rec	154.98	155.68
6	16	وَبِدَارًا	وَبِدَارًا	1.00	0.99	rec	156.22	157.24
6	17	أَن	أَنْ	1.00	1.00	rec	157.60	158.44
6	18	يَكْبَرُوا۟ۚ	يَكْبَرُوان	0.86	0.92	rec	158.48	159.50
6	19	وَمَن	وَمَنْ	1.00	1.00	rec	160.04	160.90
6	20	كَانَ	كَانَ	1.00	1.00	rec	161.04	161.56
6	21	غَنِيًّۭا	غَنِيًّا	1.00	1.00	rec	161.68	162.26
6	22	فَلْيَسْتَعْفِفْۖ	فَلْيَسْتَعْفِفَ	1.00	0.98	rec	162.80	164.26
6	23	وَمَن	وَمَنْ	1.00	1.00	rec	164.84	165.74
6	24	كَانَ	كَانَ	1.00	1.00	rec	165.88	166.42
6	25	فَقِيرًۭا	فَقِيرًا	1.00	1.00	rec	166.60	167.38
6	26	فَلْيَأْكُلْ	فَلْيَعْْ+كُلْ	0.83	0.89	rec	168.16	169.32
6	27	بِٱلْمَعْرُوفِۚ	بِالْمَعْرُوفِ	1.00	1.00	rec	169.44	171.24
6	28	فَإِذَا	فَإِذَا	1.00	1.00	rec	171.66	172.16
6	29	دَفَعْتُمْ	دَفَعْتُمْ	1.00	0.99	rec	172.44	173.36
6	30	إِلَيْهِمْ	إِلَيهِمْ	1.00	1.00	rec	173.44	174.54
6	31	أَمْوَٰلَهُمْ	أَمْوَعَ+لَهُمْ	0.86	0.97	rec	174.62	176.02
6	32	فَأَشْهِدُوا۟	فَأَشْهِدُوا	1.00	1.00	rec	176.16	177.08
6	33	عَلَيْهِمْۚ	عَلَيْهِمْ	1.00	1.00	rec	177.36	178.36
6	34	وَكَفَىٰ	وَكَفَىٰ	1.00	1.00	rec	178.46	179.10
6	35	بِٱللَّهِ	بِاللَّهِ	1.00	1.00	rec	179.44	180.32
6	36	حَسِيبًۭا	حَسِيبًا	1.00	0.99	rec	180.52	181.56
7	0	لِّلرِّجَالِ	لِلرِّجَالِ	1.00	1.00	rec	182.60	183.78
7	1	نَصِيبٌۭ	نَصِيبٌ	1.00	1.00	rec	183.98	184.88
7	2	مِّمَّا	مِمَّا	1.00	1.00	rec	185.44	186.36
7	3	تَرَكَ	تَرَكَ	1.00	1.00	rec	186.76	187.32
7	4	ٱلْوَٰلِدَانِ	الْوَالِدَانِ	1.00	1.00	rec	187.38	188.72
7	5	وَٱلْأَقْرَبُونَ	وَالْأَقْرَبُونَ	1.00	1.00	rec	188.84	190.86
7	6	وَلِلنِّسَآءِ	وَلِلنِّسَاءِ	1.00	1.00	rec	191.44	194.46
7	7	نَصِيبٌۭ	نَصِيبٌ	1.00	1.00	rec	194.64	195.56
7	8	مِّمَّا	مِمَّا	1.00	0.94	rec	196.36	197.16
7	9	تَرَكَ	تَرَكَ	1.00	1.00	rec	197.42	197.94
7	10	ٱلْوَٰلِدَانِ	الْوَالِدَانِ	1.00	1.00	rec	198.00	199.36
7	11	وَٱلْأَقْرَبُونَ	وَالْأَقْرَبُونَ	1.00	1.00	rec	199.46	200.74
7	12	مِمَّا	مِمَّا	1.00	1.00	rec	200.86	201.66
7	13	قَلَّ	قَلَّ	1.00	0.98	rec	201.98	202.38
7	14	مِنْهُ	مِنْهُ	1.00	1.00	rec	202.50	202.94
7	15	أَوْ	أَوْ	1.00	1.00	rec	203.12	203.40
7	16	كَثُرَۚ	كَثُرَ	1.00	0.91	rec	203.54	204.08
7	17	نَصِيبًۭا	نَصِيبًا	1.00	1.00	rec	208.70	209.68
7	18	مَّفْرُوضًۭا	مَفْرُوظًا	0.83	1.00	rec	210.24	211.38
8	0	وَإِذَا	وَإِذَا	1.00	1.00	rec	212.38	212.92
8	1	حَضَرَ	حَضَرَ	1.00	1.00	rec	213.30	213.84
8	2	ٱلْقِسْمَةَ	الْقِسْمَةَ	1.00	1.00	rec	213.90	214.98
8	3	أُو۟لُوا۟	أُولُو	0.80	1.00	rec	215.14	215.44
8	4	ٱلْقُرْبَىٰ	الْقُرْبَىٰ	1.00	1.00	rec	215.50	216.26
8	5	وَٱلْيَتَٰمَىٰ	وَالْيَتَامَىٰ	1.00	0.93	rec	216.62	217.80
8	6	وَٱلْمَسَٰكِينُ	وَالْمَسَاكِينُ	1.00	1.00	rec	218.14	219.64
8	7	فَٱرْزُقُوهُم	فَارْزُقُوهُمْ	1.00	1.00	rec	219.92	221.52
8	8	مِّنْهُ	مِنْهُ	1.00	1.00	rec	221.58	222.00
8	9	وَقُولُوا۟	وَقُولُوا	1.00	1.00	rec	222.14	223.02
8	10	لَهُمْ	لَهُمْ	1.00	1.00	rec	223.30	223.98
8	11	قَوْلًۭا	قَوْلًا	1.00	1.00	rec	229.10	229.60
8	12	مَّعْرُوفًۭا	مَعْرُوفًا	1.00	1.00	rec	230.42	231.58
9	0	وَلْيَخْشَ	وَلْيَخْشَ	1.00	1.00	rec	232.76	233.48
9	1	ٱلَّذِينَ	الَّذِينَ	1.00	1.00	rec	233.56	234.28
9	2	لَوْ	لَوْ	1.00	1.00	rec	234.42	234.68
9	3	تَرَكُوا۟	تَرَكُوا	1.00	1.00	rec	234.80	235.32
9	4	مِنْ	مِنْ	1.00	1.00	rec	235.62	235.90
9	5	خَلْفِهِمْ	خَلْفِهِمْ	1.00	1.00	rec	236.04	236.92
9	6	ذُرِّيَّةًۭ	ذُرِّيَّةً	1.00	0.99	rec	237.02	237.90
9	7	ضِعَٰفًا	ضِعَافًا	1.00	1.00	rec	238.72	239.54
9	8	خَافُوا۟	خَافُوا	1.00	1.00	rec	239.92	240.60
9	9	عَلَيْهِمْ	عَلَيْهِمْ	1.00	1.00	rec	240.94	242.06
9	10	فَلْيَتَّقُوا۟	فَلْيَتَّقُوا	1.00	0.99	rec	242.72	243.72
9	11	ٱللَّهَ	اللَّهَ	1.00	1.00	rec	243.78	244.56
9	12	وَلْيَقُولُوا۟	وَلْيَقُولُوا	1.00	0.98	rec	244.70	245.98
9	13	قَوْلًۭا	قَوْلًا	1.00	1.00	rec	246.38	246.98
9	14	سَدِيدًا	سَدِيدًا	1.00	1.00	rec	247.86	248.76
10	0	إِنَّ	إِنَّ	1.00	1.00	rec	249.88	250.86
10	1	ٱلَّذِينَ	الَّذِينَ	1.00	1.00	rec	250.92	251.84
10	2	يَأْكُلُونَ	يَأْكُلُونَ	1.00	1.00	rec	251.98	253.22
10	3	أَمْوَٰلَ	أَمْوَالَ	1.00	1.00	rec	253.36	254.24
10	4	ٱلْيَتَٰمَىٰ	الْيَتَامَىٰ	1.00	0.95	rec	254.32	255.50
10	5	ظُلْمًا	ظُلْمًا	1.00	1.00	rec	255.96	256.54
10	6	إِنَّمَا	إِنَّمَا	1.00	1.00	rec	256.86	258.10
10	7	يَأْكُلُونَ	يَأْكُلُونَ	1.00	0.94	rec	258.62	259.78
10	8	فِى	فِي	1.00	1.00	rec	259.98	260.14
10	9	بُطُونِهِمْ	بُطُونِهِمْ	1.00	1.00	rec	260.46	261.78
10	10	نَارًۭاۖ	نَارًا	1.00	1.00	rec	261.88	262.34
10	11	وَسَيَصْلَوْنَ	وَسَيَصْلَوْنَ	1.00	0.97	rec	263.32	264.74
10	12	سَعِيرًۭا	سَعِيرًا	1.00	1.00	rec	264.92	265.90
11	0	يُوصِيكُمُ	يُوصِيكُمُ	1.00	1.00	rec	266.96	268.08
11	1	ٱللَّهُ	اللَّهُ	1.00	1.00	rec	268.16	268.78
11	2	فِىٓ	فِي	1.00	1.00	rec	269.04	269.18
11	3	أَوْلَٰدِكُمْۖ	أَوْلَادِكُمْ	1.00	1.00	rec	269.90	271.26
11	4	لِلذَّكَرِ	لِلذَّكَرِ	1.00	0.94	rec	271.34	272.14
11	5	مِثْلُ	مِثْلُ	1.00	1.00	rec	272.28	272.72
11	6	حَظِّ		0.00	0.30	forced	272.90	273.42
11	7	ٱلْأُنثَيَيْنِۚ	الْأُنْثَ+يَيْنِ	1.00	0.99	rec	273.50	275.94
11	8	فَإِن	فَإِنْ	1.00	1.00	rec	276.62	277.44
11	9	كُنَّ	كُنَّ	1.00	1.00	rec	277.58	278.52
11	10	نِسَآءًۭ	نِسَاءً	1.00	1.00	rec	278.66	280.30
11	11	فَوْقَ	فَوْقَ	1.00	1.00	rec	281.06	281.56
11	12	ٱثْنَتَيْنِ	اثْنَتَيْنِ	1.00	0.99	rec	281.62	282.58
11	13	فَلَهُنَّ	فَلَهُنَّ	1.00	1.00	rec	282.74	283.80
11	14	ثُلُثَا	ثُلُثَىٰ	0.80	0.99	rec	283.94	284.52
11	15	مَا	مَا	1.00	0.99	rec	284.92	285.06
11	16	تَرَكَۖ	تَرَكَ	1.00	0.91	rec	285.38	285.86
11	17	وَإِن	وَإِنْ	1.00	1.00	rec	286.46	287.42
11	18	كَانَتْ	كَانَتْ	1.00	1.00	rec	287.54	288.20
11	19	وَٰحِدَةًۭ	وَاحِدَةً	1.00	1.00	rec	288.26	289.16
11	20	فَلَهَا	فَلَهَا	1.00	1.00	rec	289.94	290.48
11	21	ٱلنِّصْفُۚ	النِّصْفُ	1.00	0.96	rec	290.54	291.74
11	22	وَلِأَبَوَيْهِ	وَلِأَبْوَيْهِ	1.00	0.99	rec	292.52	293.82
11	23	لِكُلِّ	لِكُلِّ	1.00	0.98	rec	293.98	294.68
11	24	وَٰحِدٍۢ	وَاحِدٍ	1.00	1.00	rec	294.82	295.62
11	25	مِّنْهُمَا	مِنْهُمَا	1.00	1.00	rec	296.42	297.10
11	26	ٱلسُّدُسُ	السُّدُسُ	1.00	1.00	rec	297.14	297.94
11	27	مِمَّا	مِمَّا	1.00	0.91	rec	298.10	299.18
11	28	تَرَكَ	تَرَكَ	1.00	1.00	rec	299.60	300.14
11	29	إِن	إِنْ	1.00	1.00	rec	300.32	301.04
11	30	كَانَ	كَانَ	1.00	1.00	rec	301.18	301.76
11	31	لَهُۥ	لَهُ	1.00	1.00	rec	301.90	302.24
11	32	وَلَدٌۭۚ	وَلَدٌ	1.00	1.00	rec	302.70	303.22
11	33	فَإِن	فَإِنْ	1.00	1.00	rec	304.40	304.76
11	34	لَّمْ	لَمْ	1.00	1.00	rec	304.84	305.08
11	35	يَكُن	يَكُنْ	1.00	1.00	rec	305.16	305.64
11	36	لَّهُۥ	لَهُ	1.00	1.00	rec	305.72	306.00
11	37	وَلَدٌۭ	وَلَدٌ	1.00	1.00	rec	306.26	306.74
11	38	وَوَرِثَهُۥٓ	وَوَرِثَهُ	1.00	1.00	rec	307.38	308.34
11	39	أَبَوَاهُ	أَبْوَاهُ	1.00	0.99	rec	308.78	309.60
11	40	فَلِأُمِّهِ	فَلِأُمِّهِ	1.00	1.00	rec	309.78	311.26
11	41	ٱلثُّلُثُۚ	الثُّلُثُ	1.00	1.00	rec	311.34	312.06
11	42	فَإِن	فَإِنْ	1.00	1.00	rec	312.56	313.46
11	43	كَانَ	كَانَ	1.00	1.00	rec	313.58	314.04
11	44	لَهُۥٓ	لَهُ	1.00	1.00	rec	314.18	314.48
11	45	إِخْوَةٌۭ	إِخْوَةٌ	1.00	0.92	rec	315.16	315.86
11	46	فَلِأُمِّهِ	فَلِأُمِّهِ	1.00	1.00	rec	316.58	318.02
11	47	ٱلسُّدُسُۚ	السُّدُسُ	1.00	0.99	rec	318.10	318.92
11	48	مِنۢ	مِنْ	1.00	1.00	rec	319.54	320.44
11	49	بَعْدِ	بَعْدِ	1.00	1.00	rec	320.52	321.00
11	50	وَصِيَّةٍۢ	وَصِيَّةٍ	1.00	0.94	rec	321.18	322.38
11	51	يُوصِى	يُوصِي	1.00	1.00	rec	323.24	323.92
11	52	بِهَآ	بِهَا	1.00	1.00	rec	324.28	324.66
11	53	أَوْ	أَوْدَيْنِ⌐	1.00	0.98	rec	325.42	326.19
11	54	دَيْنٍۗ	أَوْدَيْنِ¬	1.00	0.98	rec	326.19	327.34
11	55	ءَابَآؤُكُمْ	آبَاؤُكُمْ	0.86	1.00	rec	328.08	330.68
11	56	وَأَبْنَآؤُكُمْ	وَأَبْنَاؤُكُمْ	1.00	1.00	rec	330.78	333.60
11	57	لَا	لَا	1.00	1.00	rec	333.70	333.82
11	58	تَدْرُونَ	تَدْرُونَ	1.00	0.97	rec	334.24	335.12
11	59	أَيُّهُمْ	أَيُّهُمْ	1.00	1.00	rec	335.28	336.20
11	60	أَقْرَبُ	أَقْرَبُ	1.00	1.00	rec	336.32	337.04
11	61	لَكُمْ	لَكُمْ	1.00	1.00	rec	337.20	337.64
11	62	نَفْعًۭاۚ	نَفْعًا	1.00	0.98	rec	337.88	338.48
11	63	فَرِيضَةًۭ	فَرِيضَةً	1.00	1.00	rec	339.66	340.66
11	64	مِّنَ	مِنَ	1.00	1.00	rec	341.42	341.68
11	65	ٱللَّهِۗ	اللَّهِ	1.00	1.00	rec	341.72	342.96
11	66	إِنَّ	إِنَّ	1.00	0.98	rec	343.74	344.86
11	67	ٱللَّهَ	اللَّهَ	1.00	1.00	rec	344.90	345.60
11	68	كَانَ	كَانَ	1.00	1.00	rec	345.82	346.40
11	69	عَلِيمًا	عَلِيمًا	1.00	1.00	rec	346.52	347.40
11	70	حَكِيمًۭا	حَكِيمًا	1.00	1.00	rec	347.76	348.76
12	0	وَلَكُمْ	وَلَكُمْ	1.00	1.00	rec	350.50	351.28
12	1	نِصْفُ	نِصْفُ	1.00	1.00	rec	351.38	351.84
12	2	مَا	مَا	1.00	1.00	rec	352.02	352.14
12	3	تَرَكَ	تَرَكَ	1.00	1.00	rec	352.54	353.08
12	4	أَزْوَٰجُكُمْ	أَزْوَاجُكُمْ	1.00	1.00	rec	353.22	354.66
12	5	إِن	إِنْ	1.00	0.99	rec	354.76	354.98
12	6	لَّمْ	لَمْ	1.00	1.00	rec	355.06	355.28
12	7	يَكُن	يَكُنْ	1.00	1.00	rec	355.34	355.82
12	8	لَّهُنَّ	لَهُنَّ	1.00	1.00	rec	355.88	357.02
12	9	وَلَدٌۭۚ	وَلَدٌ	1.00	0.99	rec	357.12	357.62
12	10	فَإِن	فَإِنْ	1.00	1.00	rec	358.16	358.96
12	11	كَانَ	كَانَ	1.00	0.99	rec	359.10	359.66
12	12	لَهُنَّ	لَهُنَّ	1.00	1.00	rec	359.80	360.80
12	13	وَلَدٌۭ	وَلَدٌ	1.00	1.00	rec	360.92	361.40
12	14	فَلَكُمُ	فَلَكُمُ	1.00	0.98	rec	362.06	362.78
12	15	ٱلرُّبُعُ	الرُّبُعُ	1.00	1.00	rec	362.86	363.60
12	16	مِمَّا	مِمَّا	1.00	1.00	rec	363.76	364.66
12	17	تَرَكْنَۚ	تَرَكَنَ	1.00	0.94	rec	365.12	365.78
12	18	مِنۢ	مِنْ	1.00	1.00	rec	366.32	367.32
12	19	بَعْدِ	بَعْدِ	1.00	1.00	rec	367.40	367.90
12	20	وَصِيَّةٍۢ	وَصِيَّةٍ	1.00	0.93	rec	368.02	369.12
12	21	يُوصِينَ	يُوصِيِينَ	0.83	0.91	rec	369.84	370.98
12	22	بِهَآ	بِهَا	1.00	1.00	rec	371.14	371.50
12	23	أَوْ	أَوْدَيْنِ⌐	1.00	1.00	rec	372.02	372.67
12	24	دَيْنٍۢۚ	أَوْدَيْنِ¬	1.00	1.00	rec	372.67	373.64
12	25	وَلَهُنَّ	وَلَهُنَّ	1.00	1.00	rec	374.62	376.16
12	26	ٱلرُّبُعُ	الرُّبُعُ	1.00	0.97	rec	376.22	377.02
12	27	مِمَّا	مِمَّا	1.00	1.00	rec	377.18	378.08
12	28	تَرَكْتُمْ	تَرَكْتُمْ	1.00	0.94	rec	378.46	379.20
12	29	إِن	إِنْ	1.00	1.00	rec	379.30	379.48
12	30	لَّمْ	لَمْ	1.00	1.00	rec	379.56	379.78
12	31	يَكُن	يَكُنْ	1.00	1.00	rec	379.86	380.28
12	32	لَّكُمْ	لَكُمْ	1.00	1.00	rec	380.36	380.82
12	33	وَلَدٌۭۚ	وَلَدٌ	1.00	1.00	rec	380.92	381.38
12	34	فَإِن	فَإِنْ	1.00	1.00	rec	381.88	382.80
12	35	كَانَ	كَانَ	1.00	0.99	rec	382.92	383.54
12	36	لَكُمْ	لَكُمْ	1.00	1.00	rec	383.66	384.10
12	37	وَلَدٌۭ	وَلَدٌ	1.00	1.00	rec	384.18	384.62
12	38	فَلَهُنَّ	فَلَهُنَّ	1.00	1.00	rec	385.26	386.34
12	39	ٱلثُّمُنُ	الثُّمُنُ	1.00	0.98	rec	386.40	387.08
12	40	مِمَّا	مِمَّا	1.00	0.96	rec	387.22	388.06
12	41	تَرَكْتُمۚ	تَرَكْتُمْ	1.00	1.00	rec	388.34	389.32
12	42	مِّنۢ	مِنْ	1.00	1.00	rec	389.90	390.60
12	43	بَعْدِ	بَعْدِ	1.00	1.00	rec	390.68	391.12
12	44	وَصِيَّةٍۢ	وَصِيَّةٍ	1.00	0.97	rec	391.26	392.24
12	45	تُوصُونَ	تُوصُونَ	1.00	1.00	rec	393.18	394.16
12	46	بِهَآ	بِهَا	1.00	1.00	rec	394.30	394.68
12	47	أَوْ	أَوْدَيْنِ⌐	1.00	0.89	rec	395.60	396.11
12	48	دَيْنٍۢۗ	أَوْدَيْنِ¬	1.00	0.89	rec	396.11	396.88
12	49	وَإِن	وَإِنْ	1.00	1.00	rec	397.46	398.28
12	50	كَانَ	كَانَ	1.00	1.00	rec	398.40	398.90
12	51	رَجُلٌۭ	رَجُلٌ	1.00	1.00	rec	399.04	399.50
12	52	يُورَثُ	يُورَثُكَ	0.80	1.00	rec	400.08	400.94
12	53	كَلَٰلَةً	لَالَةً	0.80	0.96	rec	401.08	401.86
12	54	أَوِ	أَوِ	1.00	1.00	rec	402.16	402.38
12	55	ٱمْرَأَةٌۭ	امْرَأَةٌ	1.00	1.00	rec	402.42	403.20
12	56	وَلَهُۥٓ	وَلَهُ	1.00	1.00	rec	403.80	404.32
12	57	أَخٌ	أَخٌ	1.00	0.91	rec	404.82	405.12
12	58	أَوْ	أَوْ	1.00	1.00	rec	405.54	405.80
12	59	أُخْتٌۭ	أُخْتٌ	1.00	0.92	rec	405.90	406.30
12	60	فَلِكُلِّ	فَلِكُلِّ	1.00	1.00	rec	407.04	407.88
12	61	وَٰحِدٍۢ	وَاحِدٍ	1.00	1.00	rec	408.00	408.62
12	62	مِّنْهُمَا	مِنْهُمَا	1.00	1.00	rec	409.26	409.88
12	63	ٱلسُّدُسُۚ	السُّدُسِ	1.00	0.97	rec	409.94	410.68
12	64	فَإِن	فَإِنْ	1.00	1.00	rec	411.20	412.02
12	65	كَانُوٓا۟	كَانُوا	1.00	0.98	rec	412.16	412.74
12	66	أَكْثَرَ	أَكْثَرَ	1.00	1.00	rec	413.18	413.84
12	67	مِن	مِنْ	1.00	1.00	rec	413.96	414.42
12	68	ذَٰلِكَ	ذَٰلِكَ	1.00	1.00	rec	414.50	415.20
12	69	فَهُمْ	فَهُمْ	1.00	1.00	rec	415.32	415.82
12	70	شُرَكَآءُ	شُرَكَاءُ	1.00	0.99	rec	415.94	418.26
12	71	فِى	فِي	1.00	1.00	rec	418.42	418.54
12	72	ٱلثُّلُثِۚ	الثُّلُثِ	1.00	0.98	rec	418.58	419.28
12	73	مِنۢ	مِنْ	1.00	1.00	rec	419.82	420.82
12	74	بَعْدِ	بَعْدِ	1.00	1.00	rec	420.90	421.40
12	75	وَصِيَّةٍۢ	وَصِيَّةٍ	1.00	0.90	rec	421.54	422.62
12	76	يُوصَىٰ	يُوصِئِي	0.60	0.96	rec	423.26	424.00
12	77	بِهَآ	بِهَا	1.00	1.00	rec	424.26	424.62
12	78	أَوْ	أَوْدَيْنٍ⌐	1.00	1.00	rec	424.98	425.36
12	79	دَيْنٍ	أَوْدَيْنٍ¬	1.00	1.00	rec	425.36	425.92
12	80	غَيْرَ	غَيْرَ	1.00	1.00	rec	426.34	426.86
12	81	مُضَآرٍّۢۚ	مُضَارٍ	1.00	1.00	rec	427.00	429.50
12	82	وَصِيَّةًۭ	وَصِيَّةً	1.00	0.96	rec	430.10	430.98
12	83	مِّنَ	مِنَ	1.00	1.00	rec	431.64	431.88
12	84	ٱللَّهِۗ	اللَّهِ	1.00	1.00	rec	431.94	432.88
12	85	وَٱللَّهُ	وَاللَّهُ	1.00	1.00	rec	433.04	434.06
12	86	عَلِيمٌ	عَلِيمٌ	1.00	1.00	rec	434.20	434.98
12	87	حَلِيمٌۭ	حَلِيمٌ	1.00	1.00	rec	435.44	436.74
13	0	تِلْكَ	تِلْكَ	1.00	1.00	rec	437.24	437.64
13	1	حُدُودُ	حُدُودُ	1.00	1.00	rec	437.80	438.62
13	2	ٱللَّهِۚ	اللَّهِ	1.00	1.00	rec	438.70	440.06
13	3	وَمَن	وَمَنْ	1.00	1.00	rec	440.54	441.40
13	4	يُطِعِ	يُطِعِ	1.00	1.00	rec	441.44	441.94
13	5	ٱللَّهَ	اللَّهَ	1.00	1.00	rec	442.00	442.60
13	6	وَرَسُولَهُۥ	وَرَسُولَهُ	1.00	1.00	rec	442.70	443.78
13	7	يُدْخِلْهُ	يُدْخِلْهُ	1.00	1.00	rec	444.02	444.76
13	8	جَنَّٰتٍۢ	جَنَّاتٍ	1.00	1.00	rec	444.90	446.14
13	9	تَجْرِى	تَجْرِي	1.00	1.00	rec	446.80	447.32
13	10	مِن	مِنْ	1.00	1.00	rec	447.60	448.14
13	11	تَحْتِهَا	تَحْتِهَا	1.00	1.00	rec	448.26	448.90
13	12	ٱلْأَنْهَٰرُ	الْأَنْهَارُ	1.00	1.00	rec	448.94	451.00
13	13	خَٰلِدِينَ	خَالِدِينَ	1.00	1.00	rec	451.38	452.52
13	14	فِيهَاۚ	فِيهَا	1.00	1.00	rec	452.72	453.20
13	15	وَذَٰلِكَ	وَذَٰلِكَ	1.00	1.00	rec	453.54	454.42
13	16	ٱلْفَوْزُ	الْفَوْزُ	1.00	1.00	rec	454.46	455.34
13	17	ٱلْعَظِيمُ	الْعَظِيمُ	1.00	1.00	rec	455.42	457.14
14	0	وَمَن	وَمَنْ	1.00	1.00	rec	457.68	458.66
14	1	يَعْصِ	يَعْصِ	1.00	1.00	rec	458.70	459.22
14	2	ٱللَّهَ	اللَّهَ	1.00	0.98	rec	459.28	459.96
14	3	وَرَسُولَهُۥ	وَرَسُولَهُ	1.00	1.00	rec	460.10	461.28
14	4	وَيَتَعَدَّ	وَيَتَعَدَّ	1.00	1.00	rec	461.58	462.62
14	5	حُدُودَهُۥ	حُدُودَهُ	1.00	1.00	rec	462.78	463.66
14	6	يُدْخِلْهُ	يُدْخِلْهُ	1.00	1.00	rec	463.96	464.72
14	7	نَارًا	نَارًا	1.00	1.00	rec	464.88	465.38
14	8	خَٰلِدًۭا	خَالِدًا	1.00	0.99	rec	468.10	468.84
14	9	فِيهَا	فِيهَا	1.00	1.00	rec	469.60	470.12
14	10	وَلَهُۥ	وَلَهُ	1.00	1.00	rec	470.54	471.08
14	11	عَذَابٌۭ	عَذَابٌ	1.00	1.00	rec	471.46	472.36
14	12	مُّهِينٌۭ	مُهِينٌ	1.00	1.00	rec	472.84	474.20
15	0	وَٱلَّٰتِى	وَاللَّاتِي	0.86	0.95	rec	474.92	475.76
15	1	يَأْتِينَ	يَأْتِينَا	0.83	0.92	rec	476.16	477.12
15	2	ٱلْفَٰحِشَةَ	الْفَاحِشَةَ	1.00	1.00	rec	477.16	478.42
15	3	مِن	مِنْ	1.00	1.00	rec	478.56	479.02
15	4	نِّسَآئِكُمْ	نِسَائِكُمْ	1.00	1.00	rec	479.08	481.52
15	5	فَٱسْتَشْهِدُوا۟	فَاسْتَشْهِدُوا	1.00	1.00	rec	481.64	482.58
15	6	عَلَيْهِنَّ	عَلَيْهِنَّ	1.00	1.00	rec	482.78	484.14
15	7	أَرْبَعَةًۭ	أَرْبَعَةً	1.00	1.00	rec	484.28	485.22
15	8	مِّنكُمْۖ	مِنْكُمْ	1.00	1.00	rec	485.90	487.18
15	9	فَإِن	فَإِنْ	1.00	1.00	rec	487.86	488.62
15	10	شَهِدُوا۟	شَهِدُوا	1.00	1.00	rec	488.72	489.30
15	11	فَأَمْسِكُوهُنَّ	فَأَمْسِكُوهُنَّ	1.00	0.99	rec	489.62	491.58
15	12	فِى	فِي	1.00	1.00	rec	491.74	491.84
15	13	ٱلْبُيُوتِ	الْبُيُوتِ	1.00	1.00	rec	491.88	492.80
15	14	حَتَّىٰ	حَتَّىٰ	1.00	0.99	rec	492.96	493.42
15	15	يَتَوَفَّىٰهُنَّ	يَتَوَفَّاهُنَّ	0.88	1.00	rec	493.70	495.36
15	16	ٱلْمَوْتُ	الْمَوْتُ	1.00	1.00	rec	495.40	496.24
15	17	أَوْ	أَوْ	1.00	1.00	rec	496.42	496.70
15	18	يَجْعَلَ	يَجْعَلَ	1.00	0.99	rec	496.80	497.44
15	19	ٱللَّهُ	اللَّهُ	1.00	1.00	rec	497.50	498.16
15	20	لَهُنَّ	لَهُنَّ	1.00	1.00	rec	498.28	499.30
15	21	سَبِيلًۭا	سَبِيلًا	1.00	1.00	rec	499.46	500.38
16	0	وَٱلَّذَانِ	وَاللَّذَانِ	0.86	0.98	rec	501.56	502.54
16	1	يَأْتِيَٰنِهَا	يَأْتِيَانِهَا	1.00	0.92	rec	502.66	504.02
16	2	مِنكُمْ	مِنْكُمْ	1.00	1.00	rec	504.36	505.42
16	3	فَـَٔاذُوهُمَاۖ	فَأَعْذُوهُمَا	0.88	0.93	rec	505.54	507.08
16	4	فَإِن	فَإِنْ	1.00	1.00	rec	510.06	510.92
16	5	تَابَا	تَابَعَا	0.80	0.98	rec	511.08	511.94
16	6	وَأَصْلَحَا	وَأَصْلَحَا	1.00	1.00	rec	512.28	513.22
16	7	فَأَعْرِضُوا۟	فَأَعْرِضُوا	1.00	0.94	rec	513.66	514.64
16	8	عَنْهُمَآۗ	عَنْهُمَا	1.00	1.00	rec	514.94	515.74
16	9	إِنَّ	إِنَّ	1.00	1.00	rec	516.60	517.54
16	10	ٱللَّهَ	اللَّهَ	1.00	1.00	rec	517.58	518.34
16	11	كَانَ	كَانَ	1.00	1.00	rec	518.56	519.06
16	12	تَوَّابًۭا	تَوَّابًا	1.00	1.00	rec	519.26	520.22
16	13	رَّحِيمًا	رَحِيمًا	1.00	1.00	rec	520.46	521.52
17	0	إِنَّمَا	إِنَّمَا	1.00	1.00	rec	523.92	525.24
17	1	ٱلتَّوْبَةُ	التَّوبَةُ	1.00	0.99	rec	525.28	526.12
17	2	عَلَى	عَلَى	1.00	1.00	rec	526.26	526.52
17	3	ٱللَّهِ	اللَّهِ	1.00	1.00	rec	526.56	527.28
17	4	لِلَّذِينَ	لِلَّذِينَ	1.00	1.00	rec	527.40	528.26
17	5	يَعْمَلُونَ	يَعْمَلُونَ	1.00	1.00	rec	528.38	529.38
17	6	ٱلسُّوٓءَ	سُوءَ	0.60	1.00	rec	529.66	531.06
17	7	بِجَهَٰلَةٍۢ	بِجَهَالَةٍ	1.00	1.00	rec	531.18	532.28
17	8	ثُمَّ	ثُمَّ	1.00	1.00	rec	533.06	533.62
17	9	يَتُوبُونَ	يَتُوبُونَ	1.00	1.00	rec	533.74	534.74
17	10	مِن	مِنْ	1.00	1.00	rec	534.86	535.64
17	11	قَرِيبٍۢ	قَرِيبٍ	1.00	1.00	rec	535.78	537.00
17	12	فَأُو۟لَٰٓئِكَ	فَأُولَـٰئِكَ	1.00	1.00	rec	537.80	540.02
17	13	يَتُوبُ	يَتُوبُ	1.00	1.00	rec	540.10	540.84
17	14	ٱللَّهُ	اللَّهُ	1.00	1.00	rec	540.92	541.62
17	15	عَلَيْهِمْۗ	عَلَيْهِمْ	1.00	1.00	rec	541.76	542.66
17	16	وَكَانَ	وَكَانَ	1.00	1.00	rec	543.24	543.96
17	17	ٱللَّهُ	اللَّهُ	1.00	1.00	rec	544.02	544.76
17	18	عَلِيمًا	عَلِيمًا	1.00	1.00	rec	544.90	545.68
17	19	حَكِيمًۭا	حَكِيمًا	1.00	1.00	rec	546.02	546.90
18	0	وَلَيْسَتِ	وَلَيْسَتِ	1.00	1.00	rec	549.10	549.78
18	1	ٱلتَّوْبَةُ	التَّوْبَةُ	1.00	0.99	rec	549.82	550.60
18	2	لِلَّذِينَ	لِلَّذِينَ	1.00	1.00	rec	550.72	551.64
18	3	يَعْمَلُونَ	يَعْمَلُونَ	1.00	1.00	rec	551.76	553.04
18	4	ٱلسَّيِّـَٔاتِ	السَّيِّئَاتِ	0.86	1.00	rec	553.10	554.38
18	5	حَتَّىٰٓ	حَتَّىٰ	1.00	0.96	rec	554.54	555.08
18	6	إِذَا	إِذَا	1.00	0.97	rec	555.40	555.76
18	7	حَضَرَ	حَضَرَ	1.00	1.00	rec	556.10	556.62
18	8	أَحَدَهُمُ	أَحَدَهُمُ	1.00	1.00	rec	556.78	557.68
18	9	ٱلْمَوْتُ	الْمَوْتُ	1.00	1.00	rec	557.76	559.08
18	10	قَالَ	قَالَ	1.00	1.00	rec	564.12	564.68
18	11	إِنِّى	إِنِّي	1.00	1.00	rec	564.80	565.88
18	12	تُبْتُ	تُبْتُ	1.00	0.97	rec	566.42	566.82
18	13	ٱلْـَٰٔنَ	الْآنَ	1.00	0.93	rec	566.90	567.76
18	14	وَلَا	وَلَا	1.00	1.00	rec	567.88	568.14
18	15	ٱلَّذِينَ	الَّذِينَ	1.00	1.00	rec	568.18	569.00
18	16	يَمُوتُونَ	يَمُوتُونَ	1.00	1.00	rec	569.10	570.12
18	17	وَهُمْ	وَهُمْ	1.00	1.00	rec	570.22	570.66
18	18	كُفَّارٌۚ	كُفَّارٍ	1.00	0.94	rec	570.86	572.28
18	19	أُو۟لَٰٓئِكَ	أُولَـٰئِكَ	1.00	1.00	rec	573.02	575.14
18	20	أَعْتَدْنَا	أَعْتَدْنَعلَهُ⌐	0.78	0.97	rec	575.24	576.11
18	21	لَهُمْ	أَعْتَدْنَعلَهُ¬	0.78	0.97	rec	576.11	576.54
18	22	عَذَابًا	عَذَابٌ	0.80	1.00	rec	576.94	577.82
18	23	أَلِيمًۭا	أَلِيمٌ+م	0.80	0.94	rec	578.22	578.84
19	0	يَٰٓأَيُّهَا	يَا+أَيُّهَا	1.00	1.00	rec	581.50	582.58
19	1	ٱلَّذِينَ	الَّذِيَ+ينَ	0.83	0.85	rec	582.62	583.32
19	2	ءَامَنُوا۟	آمَنُوا	0.83	0.99	rec	583.46	584.04
19	3	لَا	لَا	1.00	1.00	rec	584.28	584.40
19	4	يَحِلُّ	يَحفِيَ	0.50	0.69	rec	584.56	585.04
19	5	لَكُمْ	لَكُمْ	1.00	1.00	rec	585.30	585.82
19	6	أَن	أَنْ	1.00	1.00	rec	585.92	586.56
19	7	تَرِثُوا۟	تَلِفُوا	0.60	0.96	rec	586.68	587.20
19	8	ٱلنِّسَآءَ	النِّسَاءَ	1.00	1.00	rec	587.24	589.46
19	9	كَرْهًۭاۖ	اكَّرْهَا	0.80	0.84	rec	589.54	590.28
19	10	وَلَا	وَلَا	1.00	0.99	rec	591.24	591.52
19	11	تَعْضُلُوهُنَّ	تَعْضُلُوهُنَّ	1.00	1.00	rec	591.74	593.32
19	12	لِتَذْهَبُوا۟	لِتَذْهَبُوا	1.00	1.00	rec	593.46	594.44
19	13	بِبَعْضِ	بِبَعْضٍ	1.00	0.99	rec	594.70	595.32
19	14	مَآ	بِمَا	0.67	0.88	rec	595.36	595.66
19	15	ءَاتَيْتُمُوهُنَّ	آتَيْكُمُوهُنَّ	0.78	0.96	rec	596.08	598.10
19	16	إِلَّآ	إِلَّا	1.00	1.00	rec	598.26	598.74
19	17	أَن	أَنْ	1.00	1.00	rec	599.10	599.64
19	18	يَأْتِينَ	يَأْتِي	0.80	1.00	rec	599.68	600.16
19	19	بِفَٰحِشَةٍۢ	نَبِفًى+حِشَةٍ	0.71	0.85	rec	600.42	601.78
19	20	مُّبَيِّنَةٍۢۚ	مُبَيِّنَةٍ	1.00	1.00	rec	602.46	603.52
19	21	وَعَاشِرُوهُنَّ	وَعَاشِرُوهُنَّ	1.00	1.00	rec	604.16	606.14
19	22	بِٱلْمَعْرُوفِۚ	بِالْمَعْرُوفِ	1.00	1.00	rec	606.28	608.02
19	23	فَإِن	فَإِنْ	1.00	1.00	rec	608.60	609.54
19	24	كَرِهْتُمُوهُنَّ	كَرِهْتُمُوهُنَّ	1.00	1.00	rec	609.68	611.54
19	25	فَعَسَىٰٓ	فَعَسَىٰ⌐	0.71	1.00	rec	611.74	612.20
19	26	أَن	فَعَسَىٰ¬	0.71	1.00	rec	612.20	612.38
19	27	تَكْرَهُوا۟	تَكْرَهُ	0.67	1.00	rec	613.44	614.06
19	28	شَيْـًۭٔا	شَيْئًا	0.75	1.00	rec	614.52	615.02
19	29	وَيَجْعَلَ	وَيَدْعَلَ	0.80	0.98	rec	615.62	616.52
19	30	ٱللَّهُ	اللَّهُ	1.00	1.00	rec	616.58	617.40
19	31	فِيهِ	فِيهِ	1.00	1.00	rec	617.60	618.04
19	32	خَيْرًۭا	خَيْرًا	1.00	1.00	rec	618.28	618.74
19	33	كَثِيرًۭا	كَثِيرًا	1.00	1.00	rec	619.40	620.24
20	0	وَإِنْ	وَإِنْ	1.00	1.00	rec	621.44	621.90
20	1	أَرَدتُّمُ	أَرَدْتُمُ	1.00	1.00	rec	621.98	622.70
20	2	ٱسْتِبْدَالَ	اسْتِبْدَالَ	1.00	0.98	rec	622.78	623.76
20	3	زَوْجٍۢ	زَوْجٍ	1.00	1.00	rec	623.90	624.34
20	4	مَّكَانَ	مَكَانَ	1.00	1.00	rec	624.76	625.40
20	5	زَوْجٍۢ	زَوْجٍ	1.00	1.00	rec	625.54	626.00
20	6	وَءَاتَيْتُمْ	وَآتَيْتُمْ	0.86	1.00	rec	626.46	627.80
20	7	إِحْدَىٰهُنَّ	إِحْدَاهُنَّ	0.86	1.00	rec	627.90	629.24
20	8	قِنطَارًۭا	قِنْطَارًا	1.00	0.97	rec	629.40	630.78
20	9	فَلَا	فَلَا	1.00	0.85	rec	631.34	631.66
20	10	تَأْخُذُوا۟	خُذُوا	0.67	1.00	rec	632.44	632.78
20	11	مِنْهُ	مِنْهُ	1.00	1.00	rec	633.06	633.48
20	12	شَيْـًٔاۚ	شَيْئًا	0.75	1.00	rec	633.68	634.24
20	13	أَتَأْخُذُونَهُۥ	أَتَأْخُذُونَهُ	1.00	1.00	rec	635.14	636.46
20	14	بُهْتَٰنًۭا	بُهْتَعَانًا	0.86	1.00	rec	636.86	638.00
20	15	وَإِثْمًۭا	وَإِثْمًا	1.00	1.00	rec	638.64	639.28
20	16	مُّبِينًۭا	مُبِينًا	1.00	1.00	rec	639.80	640.62
21	0	وَكَيْفَ	وَكَيْفَ	1.00	1.00	rec	641.46	642.10
21	1	تَأْخُذُونَهُۥ	تَأْخُذُونَهُ	1.00	1.00	rec	642.28	643.74
21	2	وَقَدْ	وَقَدَ	1.00	0.89	rec	644.04	644.62
21	3	أَفْضَىٰ	أَفْ+ضَا	0.80	0.69	rec	644.76	645.42
21	4	بَعْضُكُمْ	بَعْضُكُمْ	1.00	1.00	rec	645.88	646.96
21	5	إِلَىٰ	إِلَىٰ	1.00	1.00	rec	647.06	647.42
21	6	بَعْضٍۢ	بَعْضٍ	1.00	1.00	rec	647.82	648.12
21	7	وَأَخَذْنَ	وَأَخَذْنَ	1.00	1.00	rec	648.76	649.70
21	8	مِنكُم	مِنْكُمْ	1.00	1.00	rec	649.86	651.46
21	9	مِّيثَٰقًا	مِيثَاقًا	1.00	1.00	rec	651.52	652.60
21	10	غَلِيظًۭا	غَلِيظًا	1.00	1.00	rec	653.10	654.18
22	0	وَلَا	وَلَا	1.00	1.00	rec	655.24	655.52
22	1	تَنكِحُوا۟	تَنْكِحُوا	1.00	0.98	rec	655.82	656.86
22	2	مَا	مَا	1.00	1.00	rec	657.16	657.30
22	3	نَكَحَ	نَكَحَ	1.00	1.00	rec	657.54	658.04
22	4	ءَابَآؤُكُم	آبَاؤُكُمْ⌐	0.67	0.99	rec	658.18	660.54
22	5	مِّنَ	آبَاؤُكُمْ¬	0.67	0.99	rec	660.54	661.22
22	6	ٱلنِّسَآءِ	النِّسَا	0.83	1.00	rec	661.54	662.40
22	7	إِلَّا	إِلَّا	1.00	1.00	rec	662.98	663.44
22	8	مَا	مَا	1.00	1.00	rec	663.78	663.90
22	9	قَدْ	قَسَّلَفَ⌐	0.80	0.99	rec	664.24	664.57
22	10	سَلَفَۚ	قَسَّلَفَ¬	0.80	0.99	rec	664.57	665.06
22	11	إِنَّهُۥ	إِنَّهُ	1.00	1.00	rec	665.60	666.42
22	12	كَانَ	كَانَ	1.00	1.00	rec	666.78	667.20
22	13	فَٰحِشَةًۭ	فَاحِشَةً	1.00	1.00	rec	667.40	668.48
22	14	وَمَقْتًۭا	وَمَقْتًا	1.00	1.00	rec	669.12	670.04
22	15	وَسَآءَ	وَسَاءَسَب	0.67	0.89	rec	670.68	673.12
22	16	سَبِيلًا		0.00	0.12	forced	673.36	673.76
23	0	حُرِّمَتْ	حُرِّمَتْ	1.00	1.00	rec	674.78	675.58
23	1	عَلَيْكُمْ	عَلَيْكُمْ	1.00	1.00	rec	675.66	676.66
23	2	أُمَّهَٰتُكُمْ	أُمَّهَاتُكُمْ	1.00	1.00	rec	676.76	678.86
23	3	وَبَنَاتُكُمْ	وَبَنَاتُكُمْ	1.00	1.00	rec	678.98	680.28
23	4	وَأَخَوَٰتُكُمْ	وَأَخَوَاتُكُمْ	1.00	1.00	rec	680.38	681.96
23	5	وَعَمَّٰتُكُمْ	وَعَمَّاتُكُمْ	1.00	0.96	rec	682.06	683.70
23	6	وَخَٰلَٰتُكُمْ	وَخَالَاتُكُمْ	1.00	0.98	rec	683.80	685.46
23	7	وَبَنَاتُ	وَبَنَاتُ	1.00	1.00	rec	685.56	686.40
23	8	ٱلْأَخِ	الْأَخِ	1.00	1.00	rec	686.48	687.00
23	9	وَبَنَاتُ	وَبَنَاتُ	1.00	1.00	rec	689.58	690.50
23	10	ٱلْأُخْتِ	الْأُخْتِ	1.00	1.00	rec	692.40	693.10
23	11	وَأُمَّهَٰتُكُمُ	وَأُمَّهَاتُكُمُ	1.00	1.00	rec	693.24	695.56
23	12	ٱلَّٰتِىٓ	اللَّاتِي	0.83	0.94	rec	695.64	696.36
23	13	أَرْضَعْنَكُمْ	أَرْضَعْنَكُمْ	1.00	1.00	rec	696.98	698.12
23	14	وَأَخَوَٰتُكُم	وَأَخَوَاتُكُمْ	1.00	1.00	rec	698.34	700.68
23	15	مِّنَ	مِنَ	1.00	1.00	rec	700.74	701.00
23	16	ٱلرَّضَٰعَةِ	الرَّضَاعَةِ	1.00	0.99	rec	701.06	702.34
23	17	وَأُمَّهَٰتُ	وَأُمَّهَاتُ	1.00	1.00	rec	707.00	708.60
23	18	نِسَآئِكُمْ	نِسَائِكُمْ	1.00	1.00	rec	708.72	710.72
23	19	وَرَبَٰٓئِبُكُمُ	وَرَبَائِبُكُمْ	1.00	1.00	rec	710.86	713.54
23	20	ٱلَّٰتِى	اللَّاتِي	0.83	0.97	rec	717.02	717.82
23	21	فِى	فِي	1.00	1.00	rec	718.22	718.36
23	22	حُجُورِكُم	حُجُورِكُمْ	1.00	0.97	rec	718.70	720.06
23	23	مِّن	مِنْ	1.00	1.00	rec	720.12	720.56
23	24	نِّسَآئِكُمُ	نِسَائِكُمُ	1.00	1.00	rec	720.62	723.08
23	25	ٱلَّٰتِى	اللَّاتِي	0.83	1.00	rec	723.14	723.98
23	26	دَخَلْتُم	دَخَلْتُمْ	1.00	1.00	rec	724.34	725.64
23	27	بِهِنَّ	بِهِنَّ	1.00	1.00	rec	725.70	726.86
23	28	فَإِن	فَإِنْ	1.00	1.00	rec	727.42	727.78
23	29	لَّمْ	لَمْ	1.00	1.00	rec	727.86	728.06
23	30	تَكُونُوا۟	تَكُونُوا	1.00	1.00	rec	728.16	728.92
23	31	دَخَلْتُم	دَخَلْتُمْ	1.00	1.00	rec	729.30	730.56
23	32	بِهِنَّ	بِهِنَّ	1.00	0.92	rec	730.62	731.56
23	33	فَلَا	فَلَا	1.00	1.00	rec	731.74	732.06
23	34	جُنَاحَ	جُنَاحَ	1.00	1.00	rec	732.34	733.02
23	35	عَلَيْكُمْ	عَلَيْكُمْ	1.00	1.00	rec	733.12	734.20
23	36	وَحَلَٰٓئِلُ	وَحَلَائِلُ	1.00	1.00	rec	734.76	736.74
23	37	أَبْنَآئِكُمُ	أَبْنَائِكُمُ	1.00	1.00	rec	736.88	739.28
23	38	ٱلَّذِينَ	الَّذِينَ	1.00	1.00	rec	739.36	740.28
23	39	مِنْ	مِنْ	1.00	1.00	rec	740.42	740.76
23	40	أَصْلَٰبِكُمْ	أَصْلَابِكُمْ	1.00	1.00	rec	740.86	742.42
23	41	وَأَن	وَأَنْ	1.00	1.00	rec	743.06	744.16
23	42	تَجْمَعُوا۟	تَ+جْمَعُوا	1.00	0.99	rec	744.28	745.00
23	43	بَيْنَ	بَيْنَ	1.00	1.00	rec	745.32	745.98
23	44	ٱلْأُخْتَيْنِ	الْأُخْتَيْنِ	1.00	1.00	rec	746.04	747.24
23	45	إِلَّا	إِلَّا	1.00	1.00	rec	747.40	747.90
23	46	مَا	مَا	1.00	1.00	rec	748.26	748.38
23	47	قَدْ	قَسَّلَفْ⌐	0.80	0.96	rec	748.78	749.11
23	48	سَلَفَۗ	قَسَّلَفْ¬	0.80	0.96	rec	749.11	749.60
23	49	إِنَّ	إِنَّ	1.00	1.00	rec	750.16	751.00
23	50	ٱللَّهَ	اللَّهَ	1.00	1.00	rec	751.06	751.78
23	51	كَانَ	كَانَ	1.00	1.00	rec	751.98	752.56
23	52	غَفُورًۭا	غَفُورًا	1.00	0.96	rec	752.74	753.62
23	53	رَّحِيمًۭا	رَحِيمًا	1.00	1.00	rec	753.88	755.12
24	0	وَٱلْمُحْصَنَٰتُ	وَالْمُحْصَنَاتُ	1.00	1.00	rec	756.92	758.40
24	1	مِنَ	مِنَ	1.00	1.00	rec	758.52	758.78
24	2	ٱلنِّسَآءِ	النِّسَاءِ	1.00	1.00	rec	758.84	760.88
24	3	إِلَّا	الَّا	1.00	0.94	rec	760.94	761.30
24	4	مَا	مَا	1.00	1.00	rec	761.58	761.70
24	5	مَلَكَتْ	مَلَكَتْ	1.00	1.00	rec	761.92	762.64
24	6	أَيْمَٰنُكُمْۖ	أَيْمَانُكُمْ	1.00	0.99	rec	762.70	763.94
24	7	كِتَٰبَ	كِتَابَ	1.00	1.00	rec	764.08	764.82
24	8	ٱللَّهِ	اللَّهِ	1.00	1.00	rec	764.88	765.64
24	9	عَلَيْكُمْۚ	عَلَيْكُمْ	1.00	1.00	rec	765.78	766.88
24	10	وَأُحِلَّ	وَأَحَلَّ	1.00	1.00	rec	767.92	768.78
24	11	لَكُم	لَكُمْ	1.00	1.00	rec	768.92	769.92
24	12	مَّا	مَا	1.00	1.00	rec	769.98	770.12
24	13	وَرَآءَ	وَرَاءَ	1.00	1.00	rec	770.38	771.82
24	14	ذَٰلِكُمْ	ذَٰلِكُمْ	1.00	1.00	rec	771.98	772.86
24	15	أَن	أَنْ	1.00	1.00	rec	772.96	773.62
24	16	تَبْتَغُوا۟	تَبْتَغُوا	1.00	1.00	rec	773.74	774.52
24	17	بِأَمْوَٰلِكُم	بِأَمْوَالِكُمْ	1.00	1.00	rec	774.78	776.54
24	18	مُّحْصِنِينَ	سِنِينَ	0.50	1.00	rec	777.04	777.76
24	19	غَيْرَ	غَيْرَ	1.00	1.00	rec	777.94	778.42
24	20	مُسَٰفِحِينَۚ	مُسَافِحِينَ	1.00	1.00	rec	778.56	780.84
24	21	فَمَا	فَمَا	1.00	1.00	rec	781.94	782.22
24	22	ٱسْتَمْتَعْتُم	اسْتَمْتَعْتُمْ	1.00	1.00	rec	782.26	784.18
24	23	بِهِۦ	بِهِ	1.00	0.97	rec	784.24	784.56
24	24	مِنْهُنَّ	مِنْهُنَّ	1.00	1.00	rec	784.94	786.22
24	25	فَـَٔاتُوهُنَّ	فَآتُوهُنَّ	1.00	0.98	rec	786.40	788.20
24	26	أُجُورَهُنَّ	أُجُورَهُنَ+نَّ	0.86	0.82	rec	788.36	790.04
24	27	فَرِيضَةًۭۚ	فَرِيضَةٌ	1.00	0.98	rec	790.22	791.14
24	28	وَلَا	وَلَا	1.00	1.00	rec	792.26	792.58
24	29	جُنَاحَ	جُنَاحَ	1.00	1.00	rec	792.84	793.56
24	30	عَلَيْكُمْ	عَلَيْكُمْ	1.00	1.00	rec	793.74	794.98
24	31	فِيمَا	فِيمَا	1.00	1.00	rec	795.12	795.74
24	32	تَرَٰضَيْتُم	تَرَاضَيْتُمْ	1.00	0.99	rec	796.16	798.22
24	33	بِهِۦ	بِهِ	1.00	1.00	rec	798.28	798.60
24	34	مِنۢ	مِنْ	1.00	1.00	rec	799.10	799.72
24	35	بَعْدِ	بَعْدِ	1.00	1.00	rec	799.78	800.22
24	36	ٱلْفَرِيضَةِۚ	الْفَرِيضَةِ	1.00	0.96	rec	800.30	801.62
24	37	إِنَّ	إِنَّ	1.00	1.00	rec	802.60	803.74
24	38	ٱللَّهَ	اللَّهَ	1.00	1.00	rec	803.80	804.56
24	39	كَانَ	كَانَ	1.00	1.00	rec	804.78	805.32
24	40	عَلِيمًا	عَلِيمًا	1.00	1.00	rec	805.44	806.22
24	41	حَكِيمًۭا	حَكِيمًا	1.00	1.00	rec	806.66	807.66
25	0	وَمَن	وَمَنْ	1.00	1.00	rec	809.32	809.86
25	1	لَّمْ	لَمْ	1.00	1.00	rec	809.94	810.26
25	2	يَسْتَطِعْ	يَسْتَطِعْ	1.00	1.00	rec	810.38	811.46
25	3	مِنكُمْ	مِنْكُمْ	1.00	1.00	rec	811.54	812.88
25	4	طَوْلًا	قَوْلًا	0.75	1.00	rec	813.04	813.60
25	5	أَن	أَنْ	1.00	1.00	rec	813.96	814.70
25	6	يَنكِحَ	يَنْكِحَ	1.00	1.00	rec	814.74	815.76
25	7	ٱلْمُحْصَنَٰتِ	الْمُحْصَنَاتِ	1.00	1.00	rec	815.82	817.18
25	8	ٱلْمُؤْمِنَٰتِ	الْمُؤْمِنَاتِ	1.00	1.00	rec	817.22	818.52
25	9	فَمِن	فَمِمَّا⌐	0.80	1.00	rec	818.70	819.53
25	10	مَّا	فَمِمَّا¬	0.80	1.00	rec	819.53	820.08
25	11	مَلَكَتْ	مَلَكَتْ	1.00	1.00	rec	820.36	821.08
25	12	أَيْمَٰنُكُم	أَيْمَانُكُمْ	1.00	1.00	rec	821.14	822.78
25	13	مِّن	مِنْ	1.00	1.00	rec	828.24	829.00
25	14	فَتَيَٰتِكُمُ	فَتَيَاتِكُمُ	1.00	0.95	rec	829.14	830.78
25	15	ٱلْمُؤْمِنَٰتِۚ	الْمُؤْمِنَاتُ	1.00	1.00	rec	830.88	832.90
25	16	وَٱللَّهُ	وَاللَّهُ	1.00	1.00	rec	833.70	834.78
25	17	أَعْلَمُ	أَعْلَمُ	1.00	1.00	rec	835.00	835.72
25	18	بِإِيمَٰنِكُمۚ	بِإِيمَانِكُمْ	1.00	1.00	rec	835.94	838.16
25	19	بَعْضُكُم	بَعْضُكُمْ	1.00	0.95	rec	838.24	839.62
25	20	مِّنۢ	مِنْ	1.00	1.00	rec	839.76	840.54
25	21	بَعْضٍۢۚ	بَعْضٍ	1.00	1.00	rec	840.62	840.98
25	22	فَٱنكِحُوهُنَّ	فَانْكِحُوهُنَّ	1.00	1.00	rec	841.84	844.22
25	23	بِإِذْنِ	بِإِذْنِ	1.00	1.00	rec	844.34	845.08
25	24	أَهْلِهِنَّ	أَهْلِهِنَّ	1.00	1.00	rec	845.24	846.60
25	25	وَءَاتُوهُنَّ	وَآتُوهُنَّ	0.86	1.00	rec	846.72	848.52
25	26	أُجُورَهُنَّ	أُجُورَهُنَّ	1.00	1.00	rec	848.66	850.22
25	27	بِٱلْمَعْرُوفِ	بِالْمَعْرُوفِ	1.00	1.00	rec	850.36	852.50
25	28	مُحْصَنَٰتٍ	صَنَاتٍ	0.67	1.00	rec	859.74	860.62
25	29	غَيْرَ	غَيْرَ	1.00	1.00	rec	861.04	861.50
25	30	مُسَٰفِحَٰتٍۢ	مُسَافِحَاتٍ	1.00	1.00	rec	861.62	863.22
25	31	وَلَا	وَلَا	1.00	1.00	rec	863.92	864.24
25	32	مُتَّخِذَٰتِ	مُتَّخِذَاتِ	1.00	1.00	rec	864.54	866.06
25	33	أَخْدَانٍۢۚ	أَخْدَانٍ	1.00	0.97	rec	866.22	867.92
25	34	فَإِذَآ	فَإِذَا	1.00	1.00	rec	868.88	869.44
25	35	أُحْصِنَّ	أُحْصِنَّ	1.00	0.98	rec	869.92	871.26
25	36	فَإِنْ	فَإِنْ	1.00	1.00	rec	871.44	871.98
25	37	أَتَيْنَ	أَتَيْنَا	0.80	0.97	rec	872.04	872.86
25	38	بِفَٰحِشَةٍۢ	بِفَاحِشَةٍ	1.00	1.00	rec	873.02	874.54
25	39	فَعَلَيْهِنَّ	فَعَلَيْهِنَّ	1.00	0.94	rec	875.26	876.88
25	40	نِصْفُ	نِصْفُ	1.00	1.00	rec	879.52	880.00
25	41	مَا	مَا	1.00	1.00	rec	880.26	880.38
25	42	عَلَى	عَلَى	1.00	1.00	rec	880.68	881.00
25	43	ٱلْمُحْصَنَٰتِ	الْمُحْصَنَاتِ	1.00	1.00	rec	881.04	882.54
25	44	مِنَ	مِنَ	1.00	1.00	rec	882.68	882.94
25	45	ٱلْعَذَابِۚ	الْعَذَابِ	1.00	1.00	rec	883.00	884.58
25	46	ذَٰلِكَ	ذَٰلِكَ	1.00	1.00	rec	885.46	886.40
25	47	لِمَنْ	لِمَنْ	1.00	1.00	rec	886.52	887.10
25	48	خَشِىَ	خَشِيَ	1.00	1.00	rec	887.28	887.86
25	49	ٱلْعَنَتَ	الْعَنَةَ	0.80	1.00	rec	887.92	888.76
25	50	مِنكُمْۚ	مِنْكُمْ	1.00	1.00	rec	888.92	890.36
25	51	وَأَن	وَأَنْ	1.00	1.00	rec	891.10	892.20
25	52	تَصْبِرُوا۟	تَصْبِرُوا	1.00	1.00	rec	892.34	893.08
25	53	خَيْرٌۭ	خَيْرٌ	1.00	1.00	rec	893.52	894.08
25	54	لَّكُمْۗ	لَكُمْ	1.00	1.00	rec	894.40	895.12
25	55	وَٱللَّهُ	وَاللَّهُ	1.00	1.00	rec	895.26	896.26
25	56	غَفُورٌۭ	غَفُورٌ	1.00	1.00	rec	896.48	897.34
25	57	رَّحِيمٌۭ	رَحِيمٌ	1.00	1.00	rec	897.66	899.28
26	0	يُرِيدُ	يُرِيدُ	1.00	1.00	rec	900.06	900.70
26	1	ٱللَّهُ	اللَّهُ	1.00	0.97	rec	900.76	901.62
26	2	لِيُبَيِّنَ	لِيُبَيِّنَ	1.00	0.98	rec	901.80	903.12
26	3	لَكُمْ	لَكُمْ	1.00	1.00	rec	903.28	903.90
26	4	وَيَهْدِيَكُمْ	وَيَهْدِيَكُمْ	1.00	1.00	rec	904.04	905.50
26	5	سُنَنَ	سُنَنَ	1.00	1.00	rec	905.62	906.06
26	6	ٱلَّذِينَ	الَّذِينَ	1.00	0.91	rec	906.12	907.02
26	7	مِن	مِنْ	1.00	1.00	rec	907.16	907.78
26	8	قَبْلِكُمْ	قَبْلِكُمْ	1.00	0.99	rec	907.90	908.84
26	9	وَيَتُوبَ	وَيَتُوبَ	1.00	1.00	rec	909.08	910.10
26	10	عَلَيْكُمْۗ	عَلَيْكُمْ	1.00	1.00	rec	910.22	911.46
26	11	وَٱللَّهُ	وَاللَّهُ	1.00	1.00	rec	912.26	913.18
26	12	عَلِيمٌ	عَلِيمٌ	1.00	1.00	rec	913.32	914.24
26	13	حَكِيمٌۭ	حَكِيمٍ	1.00	0.95	rec	914.70	916.10
27	0	وَٱللَّهُ	وَاللَّهُ	1.00	1.00	rec	917.44	918.46
27	1	يُرِيدُ	يُرِيدُ	1.00	1.00	rec	918.62	919.40
27	2	أَن	أَنْ	1.00	1.00	rec	919.58	920.36
27	3	يَتُوبَ	يَتُوبَ	1.00	1.00	rec	920.40	921.34
27	4	عَلَيْكُمْ	عَلَيْكُمْ	1.00	1.00	rec	921.48	922.68
27	5	وَيُرِيدُ	وَيُرِيدُ	1.00	1.00	rec	922.82	923.84
27	6	ٱلَّذِينَ	الَّذِينَ	1.00	0.98	rec	923.92	924.86
27	7	يَتَّبِعُونَ	يَتَّبِعُونَ	1.00	1.00	rec	924.96	926.26
27	8	ٱلشَّهَوَٰتِ	الشَّهَوَاتِ	1.00	1.00	rec	926.32	927.70
27	9	أَن	أَنْ	1.00	1.00	rec	927.88	928.60
27	10	تَمِيلُوا۟	تَمِيلُوا	1.00	1.00	rec	928.72	929.48
27	11	مَيْلًا	مَيْلًا	1.00	1.00	rec	929.82	930.36
27	12	عَظِيمًۭا	عَظِيمًا	1.00	1.00	rec	930.76	931.76
28	0	يُرِيدُ	يُرِيدُ	1.00	1.00	rec	933.04	933.66
28	1	ٱللَّهُ	اللَّهُ	1.00	1.00	rec	933.72	934.46
28	2	أَن	أَنْ	1.00	1.00	rec	934.76	935.38
28	3	يُخَفِّفَ	يُخَفِّفَ	1.00	0.99	rec	935.44	936.42
28	4	عَنكُمْۚ	عَنْكُمْ	1.00	1.00	rec	936.56	937.94
28	5	وَخُلِقَ	وَخُلِقَ	1.00	1.00	rec	938.54	939.34
28	6	ٱلْإِنسَٰنُ	الْإِنْسَانُ	1.00	1.00	rec	939.42	941.28
28	7	ضَعِيفًۭا	ضَعِيفًا	1.00	1.00	rec	941.50	942.42
29	0	يَٰٓأَيُّهَا	يَا+أَيُّهَا	1.00	1.00	rec	943.86	945.18
29	1	ٱلَّذِينَ	الَّذِينَ	1.00	1.00	rec	945.24	946.20
29	2	ءَامَنُوا۟	آمَنُوا	0.83	1.00	rec	946.34	947.16
29	3	لَا	لَات	0.67	0.69	rec	947.50	948.10
29	4	تَأْكُلُوٓا۟	كُلُوا	0.67	1.00	rec	948.58	948.92
29	5	أَمْوَٰلَكُم	أَمْوَالَكُمْ	1.00	1.00	rec	949.48	951.46
29	6	بَيْنَكُم	بَيْنَكُمْ	1.00	0.99	rec	951.52	952.76
29	7	بِٱلْبَٰطِلِ	بِالْبَاقِلِ	0.86	0.98	rec	953.26	954.72
29	8	إِلَّآ	إِلَّا	1.00	1.00	rec	955.42	955.98
29	9	أَن	أَنْ	1.00	1.00	rec	956.26	956.82
29	10	تَكُونَ	تَكُونَ	1.00	1.00	rec	956.94	957.70
29	11	تِجَٰرَةً	تِجَارَةٌ	1.00	1.00	rec	957.90	959.02
29	12	عَن	عَنْ	1.00	1.00	rec	959.42	960.34
29	13	تَرَاضٍۢ	تَرَاضٍ	1.00	1.00	rec	960.48	961.32
29	14	مِّنكُمْۚ	مِنْكُمْ	1.00	1.00	rec	962.10	963.46
29	15	وَلَا	وَلَا	1.00	1.00	rec	964.10	964.44
29	16	تَقْتُلُوٓا۟	تَقْتُلُوا	1.00	1.00	rec	964.88	965.76
29	17	أَنفُسَكُمْۚ	أَنْفُسَكُمْ	1.00	1.00	rec	966.20	967.84
29	18	إِنَّ	إِنَّ	1.00	0.93	rec	967.96	968.96
29	19	ٱللَّهَ	اللَّهَ	1.00	1.00	rec	969.02	969.76
29	20	كَانَ	كَانَ	1.00	1.00	rec	969.98	970.54
29	21	بِكُمْ	بِكُمْ	1.00	1.00	rec	970.70	971.36
29	22	رَحِيمًۭا	رَحِينٌ+مَا	0.83	0.69	rec	971.44	972.40
30	0	وَمَن	وَمَنْ	1.00	0.93	rec	973.90	974.90
30	1	يَفْعَلْ	يَفْعَلْ	1.00	1.00	rec	974.94	975.60
30	2	ذَٰلِكَ	ذَٰلِكَ	1.00	1.00	rec	975.70	976.56
30	3	عُدْوَٰنًۭا	عُدْوَانًا	1.00	1.00	rec	976.70	977.52
30	4	وَظُلْمًۭا	وَظُلْمًا	1.00	1.00	rec	978.30	979.08
30	5	فَسَوْفَ	فَسَوْفَ	1.00	1.00	rec	979.68	980.48
30	6	نُصْلِيهِ	نُصْلِيهِ	1.00	1.00	rec	980.62	981.46
30	7	نَارًۭاۚ	نَارًا	1.00	1.00	rec	981.62	982.10
30	8	وَكَانَ	وَكَانَ	1.00	1.00	rec	983.02	983.74
30	9	ذَٰلِكَ	ذَٰلِكَ	1.00	1.00	rec	983.90	984.80
30	10	عَلَى	عَلَى	1.00	1.00	rec	984.96	985.28
30	11	ٱللَّهِ	اللَّهِ	1.00	0.99	rec	985.34	986.28
30	12	يَسِيرًا	يَسِيرًا	1.00	1.00	rec	986.44	987.68
31	0	إِن	إِنْ	1.00	1.00	rec	988.54	989.38
31	1	تَجْتَنِبُوا۟	تَجْتَنِبُوا	1.00	1.00	rec	989.52	990.62
31	2	كَبَآئِرَ	كَبَائِرَ	1.00	1.00	rec	991.06	993.18
31	3	مَا	مَا	1.00	1.00	rec	993.36	993.50
31	4	تُنْهَوْنَ	تُنْهَوْنَ	1.00	1.00	rec	993.86	994.74
31	5	عَنْهُ	عَنْهُ	1.00	1.00	rec	994.88	995.42
31	6	نُكَفِّرْ	نُكَفِّرْ	1.00	1.00	rec	995.60	996.56
31	7	عَنكُمْ	عَنْكُمْ	1.00	1.00	rec	996.66	998.02
31	8	سَيِّـَٔاتِكُمْ	سَيِّئَاتِكُمْ	0.86	1.00	rec	998.14	999.94
31	9	وَنُدْخِلْكُم	وَنُدْخِلْكُمْ	1.00	1.00	rec	1000.02	1001.68
31	10	مُّدْخَلًۭا	مُدْخَلًا	1.00	1.00	rec	1001.74	1002.58
31	11	كَرِيمًۭا	كَرِيمًا	1.00	1.00	rec	1003.52	1004.42
32	0	وَلَا	وَلَا	1.00	1.00	rec	1005.60	1005.92
32	1	تَتَمَنَّوْا۟	تَتَمَنَّوْا	1.00	1.00	rec	1006.30	1007.82
32	2	مَا	مَا	1.00	1.00	rec	1007.98	1008.10
32	3	فَضَّلَ	فَضْضٍ+ضَلَ	0.60	0.67	rec	1008.48	1009.22
32	4	ٱللَّهُ	اللَّهُ	1.00	1.00	rec	1009.30	1010.18
32	5	بِهِۦ	بِهِ	1.00	1.00	rec	1010.36	1010.66
32	6	بَعْضَكُمْ	عْضَكُمْ	0.80	1.00	rec	1011.32	1012.10
32	7	عَلَىٰ	عَلَىٰ	1.00	1.00	rec	1012.18	1012.54
32	8	بَعْضٍۢۚ	بَعْضٍ	1.00	1.00	rec	1012.96	1013.34
32	9	لِّلرِّجَالِ	لِلرِّجَالِ	1.00	1.00	rec	1014.06	1015.08
32	10	نَصِيبٌۭ	نَصِيبٌ	1.00	1.00	rec	1015.24	1016.10
32	11	مِّمَّا	مِمَّا	1.00	1.00	rec	1017.08	1017.74
32	12	ٱكْتَسَبُوا۟ۖ	اكْتَسَبُوا	1.00	0.93	rec	1017.78	1018.72
32	13	وَلِلنِّسَآءِ	وَلِلنِّسَاءِ	1.00	1.00	rec	1019.12	1021.76
32	14	نَصِيبٌۭ	نَصِيبٌ	1.00	1.00	rec	1022.00	1022.88
32	15	مِّمَّا	مِمَّا	1.00	0.86	rec	1023.84	1024.70
32	16	ٱكْتَسَبْنَۚ	اكْتَسَبْنِ	1.00	0.92	rec	1024.76	1025.80
32	17	وَسْـَٔلُوا۟	وَاسْأَلُوا	0.71	0.99	rec	1026.54	1027.20
32	18	ٱللَّهَ	اللَّهَ	1.00	1.00	rec	1027.28	1028.18
32	19	مِن	مِنْ	1.00	1.00	rec	1028.32	1029.30
32	20	فَضْلِهِۦٓۗ	فَضْلِهِ	1.00	1.00	rec	1029.44	1030.24
32	21	إِنَّ	إِنَّ	1.00	1.00	rec	1030.80	1031.78
32	22	ٱللَّهَ	اللَّهَ	1.00	1.00	rec	1031.84	1032.60
32	23	كَانَ	كَانَ	1.00	0.88	rec	1032.82	1033.36
32	24	بِكُلِّ	بِكُلِّ	1.00	1.00	rec	1033.50	1034.26
32	25	شَىْءٍ	شَيْءٍ	1.00	1.00	rec	1034.46	1035.04
32	26	عَلِيمًۭا	عَلِيمٌ+يمًا	0.71	0.77	rec	1035.64	1036.58
33	0	وَلِكُلٍّۢ	وَلِكُلٍّ	1.00	1.00	rec	1037.74	1038.60
33	1	جَعَلْنَا	جَعَلْنَا	1.00	1.00	rec	1039.28	1040.02
33	2	مَوَٰلِىَ	مَوَالِيَ	1.00	0.94	rec	1040.40	1041.32
33	3	مِمَّا	مِمَّا	1.00	1.00	rec	1041.46	1042.30
33	4	تَرَكَ	تَرَكَ	1.00	1.00	rec	1042.70	1043.32
33	5	ٱلْوَٰلِدَانِ	الْوَالِدَانِ	1.00	1.00	rec	1043.36	1044.78
33	6	وَٱلْأَقْرَبُونَۚ	وَالْأَقْرَبُونَ	1.00	1.00	rec	1044.94	1047.08
33	7	وَٱلَّذِينَ	وَالَّذِينَ	1.00	1.00	rec	1047.76	1048.66
33	8	عَقَدَتْ	عَاقَدَتْ	0.80	1.00	rec	1048.80	1049.92
33	9	أَيْمَٰنُكُمْ	أَيْمَانُكُمْ	1.00	1.00	rec	1049.98	1051.52
33	10	فَـَٔاتُوهُمْ	فَآتُوهُمْ	1.00	1.00	rec	1051.64	1053.30
33	11	نَصِيبَهُمْۚ	نَصِيبَهُمْ	1.00	1.00	rec	1053.38	1054.92
33	12	إِنَّ	إِنَّ	1.00	1.00	rec	1055.44	1056.40
33	13	ٱللَّهَ	اللَّهَ	1.00	1.00	rec	1056.46	1057.26
33	14	كَانَ	كَانَ	1.00	1.00	rec	1057.50	1058.06
33	15	عَلَىٰ	عَلَىٰ	1.00	1.00	rec	1058.20	1058.54
33	16	كُلِّ	كُلِّ	1.00	1.00	rec	1058.88	1059.32
33	17	شَىْءٍۢ	شَيْءٍ	1.00	1.00	rec	1059.54	1060.04
33	18	شَهِيدًا	شَهِيدًا	1.00	1.00	rec	1060.98	1062.00
34	0	ٱلرِّجَالُ	الرِّجَالُ	1.00	1.00	rec	1063.24	1064.28
34	1	قَوَّٰمُونَ	قَوَّامُونَ	1.00	1.00	rec	1064.60	1066.06
34	2	عَلَى	عَلَى	1.00	1.00	rec	1066.22	1066.50
34	3	ٱلنِّسَآءِ	النِّسَاءِ	1.00	1.00	rec	1066.54	1068.98
34	4	بِمَا	بِمَا	1.00	1.00	rec	1069.12	1069.48
34	5	فَضَّلَ	فَضَّلَ	1.00	0.99	rec	1069.86	1070.54
34	6	ٱللَّهُ	اللَّهُ	1.00	1.00	rec	1070.62	1071.56
34	7	بَعْضَهُمْ	بَعْضَهُمْ	1.00	1.00	rec	1071.82	1072.88
34	8	عَلَىٰ	عَلَىٰ	1.00	0.96	rec	1072.98	1073.34
34	9	بَعْضٍۢ	بَعْضٍ	1.00	1.00	rec	1073.72	1074.28
34	10	وَبِمَآ	وَبِمَا	1.00	1.00	rec	1074.98	1075.68
34	11	أَنفَقُوا۟	أَنْفَقُوا	1.00	1.00	rec	1076.16	1077.20
34	12	مِنْ	مِنْ	1.00	1.00	rec	1077.58	1077.98
34	13	أَمْوَٰلِهِمْۚ	أَمْوَالِهِمْ	1.00	1.00	rec	1078.06	1079.64
34	14	فَٱلصَّٰلِحَٰتُ	فَالصَّالِحَاتُ	1.00	0.99	rec	1080.82	1082.50
34	15	قَٰنِتَٰتٌ	قَانِتَاتٌ	1.00	1.00	rec	1082.72	1084.16
34	16	حَٰفِظَٰتٌۭ	حَافِظَاتٌ	1.00	1.00	rec	1084.64	1086.26
34	17	لِّلْغَيْبِ	لِلْغَيْبِ	1.00	0.99	rec	1086.64	1087.80
34	18	بِمَا	بِمَا	1.00	1.00	rec	1088.00	1088.38
34	19	حَفِظَ	حَفِظَ	1.00	1.00	rec	1088.72	1089.40
34	20	ٱللَّهُۚ	اللَّهُ	1.00	0.99	rec	1089.48	1090.82
34	21	وَٱلَّٰتِى	وَاللَّاتِي	0.86	1.00	rec	1091.64	1092.62
34	22	تَخَافُونَ	تَخَافُونَ	1.00	1.00	rec	1093.06	1094.34
34	23	نُشُوزَهُنَّ	نُشُوزَهُمْ	0.83	0.99	rec	1094.48	1095.72
34	24	فَعِظُوهُنَّ	نَفَعِ+ظُوهُنَّ	0.86	0.96	rec	1096.28	1098.60
34	25	وَٱهْجُرُوهُنَّ	وَاهْجُرُوهُنَّ	1.00	0.99	rec	1101.74	1103.64
34	26	فِى	فِي	1.00	1.00	rec	1103.80	1103.92
34	27	ٱلْمَضَاجِعِ	الْمَضَادِعِ	0.86	0.95	rec	1103.96	1105.44
34	28	وَٱضْرِبُوهُنَّۖ	وَاضْلِبُوهُنَّ	0.88	0.97	rec	1105.58	1107.68
34	29	فَإِنْ	فَإِنْ	1.00	1.00	rec	1108.30	1108.96
34	30	أَطَعْنَكُمْ	أَضَعْنَكُمْ	0.83	0.99	rec	1109.06	1110.34
34	31	فَلَا	فَلَا	1.00	1.00	rec	1110.46	1110.82
34	32	تَبْغُوا۟	تَبَغُوا	1.00	0.95	rec	1111.22	1111.82
34	33	عَلَيْهِنَّ	عَلَيْهِنَّ	1.00	1.00	rec	1112.24	1113.84
34	34	سَبِيلًاۗ	سَبِيلًا	1.00	1.00	rec	1114.02	1115.02
34	35	إِنَّ	إِنَّ	1.00	1.00	rec	1115.84	1117.12
34	36	ٱللَّهَ	اللَّهَ	1.00	1.00	rec	1117.18	1118.02
34	37	كَانَ	كَانَ	1.00	1.00	rec	1118.26	1118.90
34	38	عَلِيًّۭا	عَلِيًّا	1.00	1.00	rec	1119.00	1119.72
34	39	كَبِيرًۭا	كَبِيرًا	1.00	1.00	rec	1120.46	1121.38
35	0	وَإِنْ	وَإِنْ	1.00	1.00	rec	1122.66	1123.32
35	1	خِفْتُمْ	خِفْتُمْ	1.00	1.00	rec	1123.42	1124.16
35	2	شِقَاقَ	شِقَاقَ	1.00	1.00	rec	1124.26	1125.22
35	3	بَيْنِهِمَا	بَيْنِهِمَا	1.00	1.00	rec	1125.36	1126.60
35	4	فَٱبْعَثُوا۟	فَابَعَثُوا	1.00	0.93	rec	1127.02	1127.90
35	5	حَكَمًۭا	حَكَمًا	1.00	1.00	rec	1128.24	1128.80
35	6	مِّنْ	مِنْ	1.00	1.00	rec	1129.48	1129.84
35	7	أَهْلِهِۦ	أَهْلِهِ	1.00	1.00	rec	1129.92	1130.68
35	8	وَحَكَمًۭا	وَحَكَمًا	1.00	1.00	rec	1135.98	1136.84
35	9	مِّنْ	مِنْ	1.00	1.00	rec	1137.80	1138.18
35	10	أَهْلِهَآ	أَهْلِهَا	1.00	1.00	rec	1138.28	1139.24
35	11	إِن	إِنْ	1.00	1.00	rec	1140.60	1141.24
35	12	يُرِيدَآ	يُرِيدَا	1.00	0.96	rec	1141.32	1142.12
35	13	إِصْلَٰحًۭا	إِصْلَاحًا	1.00	0.95	rec	1142.80	1143.86
35	14	يُوَفِّقِ	يُوَفِّقِ	1.00	1.00	rec	1144.42	1145.30
35	15	ٱللَّهُ	اللَّهُ	1.00	1.00	rec	1145.36	1146.14
35	16	بَيْنَهُمَآۗ	بَيْنَهُمَا	1.00	1.00	rec	1146.32	1147.42
35	17	إِنَّ	إِنَّ	1.00	1.00	rec	1148.46	1149.44
35	18	ٱللَّهَ	اللَّهَ	1.00	1.00	rec	1149.50	1150.30
35	19	كَانَ	كَانَ	1.00	1.00	rec	1150.56	1151.12
35	20	عَلِيمًا	عَلِيمًا	1.00	1.00	rec	1151.24	1152.16
35	21	خَبِيرًۭا	خَبِيرًا	1.00	0.93	rec	1152.60	1153.60
36	0	وَٱعْبُدُوا۟	وَاعْبُدُوا	1.00	1.00	rec	1155.24	1155.92
36	1	ٱللَّهَ	اللَّهَ	1.00	1.00	rec	1155.98	1156.80
36	2	وَلَا	وَلَا	1.00	0.93	rec	1156.96	1157.30
36	3	تُشْرِكُوا۟	يشْرِكُوا	0.83	0.90	rec	1157.82	1158.38
36	4	بِهِۦ	بِهِ	1.00	1.00	rec	1158.68	1159.00
36	5	شَيْـًۭٔاۖ	شَيْئًا	0.75	1.00	rec	1159.42	1159.94
36	6	وَبِٱلْوَٰلِدَيْنِ	وَبِالْوَالِدَيْنِ	1.00	0.99	rec	1160.84	1162.60
36	7	إِحْسَٰنًۭا	إِحْسَانًا	1.00	1.00	rec	1167.26	1168.28
36	8	وَبِذِى	وَابِذِي	0.80	0.92	rec	1169.00	1169.56
36	9	ٱلْقُرْبَىٰ	الْقُرْبَىٰ	1.00	1.00	rec	1169.62	1170.48
36	10	وَٱلْيَتَٰمَىٰ	وَالْيَتَامَىٰ	1.00	0.92	rec	1170.88	1172.06
36	11	وَٱلْمَسَٰكِينِ	وَالْمَسَاكِينِ	1.00	0.99	rec	1172.34	1173.86
36	12	وَٱلْجَارِ	وَالْجَارِ	1.00	0.99	rec	1174.00	1174.96
36	13	ذِى	ذِي	1.00	0.99	rec	1175.16	1175.26
36	14	ٱلْقُرْبَىٰ	الْقُرْبَىٰ	1.00	0.98	rec	1175.32	1176.22
36	15	وَٱلْجَارِ	وَالْجَادِ	0.83	0.94	rec	1177.52	1178.38
36	16	ٱلْجُنُبِ	الْجُنُبِ	1.00	1.00	rec	1181.14	1182.04
36	17	وَٱلصَّاحِبِ	وَالصَّاحِبِ	1.00	1.00	rec	1182.24	1183.62
36	18	بِٱلْجَنۢبِ	بِالْجَنْبِ	1.00	0.99	rec	1183.80	1185.30
36	19	وَٱبْنِ	وَابَنِ	1.00	0.94	rec	1185.46	1185.98
36	20	ٱلسَّبِيلِ	السَّبِيلِ	1.00	0.99	rec	1186.04	1187.12
36	21	وَمَا	وَمَا	1.00	1.00	rec	1187.28	1187.64
36	22	مَلَكَتْ	مَلَكَتْْ	1.00	0.96	rec	1188.06	1188.80
36	23	أَيْمَٰنُكُمْۗ	أَيْمَانُكُمْ	1.00	1.00	rec	1188.96	1190.64
36	24	إِنَّ	إِنَّ	1.00	1.00	rec	1191.42	1192.38
36	25	ٱللَّهَ	اللَّهَ	1.00	1.00	rec	1192.44	1193.32
36	26	لَا	لَا	1.00	1.00	rec	1193.50	1193.62
36	27	يُحِبُّ	يُحِبُّ	1.00	1.00	rec	1193.98	1194.72
36	28	مَن	مَنْ	1.00	1.00	rec	1194.98	1195.60
36	29	كَانَ	كَانَ	1.00	0.93	rec	1195.76	1196.38
36	30	مُخْتَالًۭا	مُخْتَالًا	1.00	1.00	rec	1196.50	1197.54
36	31	فَخُورًا	فَخُورًا	1.00	0.99	rec	1198.32	1199.30
37	0	ٱلَّذِينَ	الَّذِينَ	1.00	1.00	rec	1200.68	1201.52
37	1	يَبْخَلُونَ	يَبْخَلُونَ	1.00	0.95	rec	1201.62	1202.78
37	2	وَيَأْمُرُونَ	وَيَأْمُرُونَ	1.00	1.00	rec	1202.90	1204.14
37	3	ٱلنَّاسَ	النَّاسَ	1.00	1.00	rec	1204.18	1205.72
37	4	بِٱلْبُخْلِ	بِالْبُخْلِ	1.00	1.00	rec	1205.84	1206.66
37	5	وَيَكْتُمُونَ	وَيَكْتُمُونَ	1.00	1.00	rec	1206.86	1208.50
37	6	مَآ	مَا	1.00	1.00	rec	1210.58	1210.72
37	7	ءَاتَىٰهُمُ	آتَاهُمُ	0.71	1.00	rec	1211.18	1212.48
37	8	ٱللَّهُ	اللَّهُ	1.00	1.00	rec	1212.58	1213.42
37	9	مِن	مِنْ	1.00	1.00	rec	1213.60	1214.36
37	10	فَضْلِهِۦۗ	فَضْلِهِ	1.00	1.00	rec	1214.50	1215.34
37	11	وَأَعْتَدْنَا	وَأَعْتَدْنَا	1.00	1.00	rec	1215.92	1217.20
37	12	لِلْكَٰفِرِينَ	لِلْكَافِرِينَ	1.00	1.00	rec	1217.68	1219.36
37	13	عَذَابًۭا	عَذَابًا	1.00	1.00	rec	1219.50	1220.26
37	14	مُّهِينًۭا	مُهِينًا	1.00	1.00	rec	1220.98	1221.96
38	0	وَٱلَّذِينَ	وَالَّذِينَ	1.00	1.00	rec	1222.96	1223.94
38	1	يُنفِقُونَ	يُنْفِقُونَ	1.00	1.00	rec	1224.08	1225.82
38	2	أَمْوَٰلَهُمْ	أَمْوَعَا+لَهُمْ	0.88	0.91	rec	1225.98	1227.56
38	3	رِئَآءَ	رِئَاءَ	1.00	1.00	rec	1227.64	1229.04
38	4	ٱلنَّاسِ	النَّاسِ	1.00	0.95	rec	1229.12	1230.76
38	5	وَلَا	وَلَا	1.00	1.00	rec	1230.92	1231.24
38	6	يُؤْمِنُونَ	يُؤْمِنُونَ	1.00	1.00	rec	1231.56	1232.48
38	7	بِٱللَّهِ	بِاللَّهِ	1.00	1.00	rec	1232.60	1233.40
38	8	وَلَا	وَلَا	1.00	1.00	rec	1233.54	1233.86
38	9	بِٱلْيَوْمِ	بِالْيَوْمِ	1.00	1.00	rec	1234.20	1235.10
38	10	ٱلْءَاخِرِۗ	الْآخِرِ	0.83	1.00	rec	1235.16	1236.46
38	11	وَمَن	وَمَنْ	1.00	1.00	rec	1237.18	1238.32
38	12	يَكُنِ	يَكُنِ	1.00	1.00	rec	1238.36	1238.90
38	13	ٱلشَّيْطَٰنُ	الشَّيْطَانُ	1.00	1.00	rec	1238.96	1240.34
38	14	لَهُۥ	لَهُ	1.00	1.00	rec	1240.48	1240.82
38	15	قَرِينًۭا	قَرِينًا	1.00	0.95	rec	1241.32	1242.12
38	16	فَسَآءَ	فَسَاءَ	1.00	1.00	rec	1242.84	1245.10
38	17	قَرِينًۭا	قَدِينًا	0.80	0.93	rec	1245.32	1246.22
39	0	وَمَاذَا	وَمَاذَا	1.00	1.00	rec	1247.34	1248.08
39	1	عَلَيْهِمْ	عَلَيْهِمْ	1.00	1.00	rec	1248.32	1249.18
39	2	لَوْ	لَوْ	1.00	1.00	rec	1249.28	1249.46
39	3	ءَامَنُوا۟	آمَنُوا	0.83	1.00	rec	1249.56	1250.16
39	4	بِٱللَّهِ	بِاللَّهِ	1.00	1.00	rec	1250.42	1251.14
39	5	وَٱلْيَوْمِ	وَالْيَوْمِ	1.00	1.00	rec	1251.28	1252.06
39	6	ٱلْءَاخِرِ	الْآخِرِ	0.83	1.00	rec	1252.12	1253.08
39	7	وَأَنفَقُوا۟	وَأَنْفَقُوا	1.00	1.00	rec	1253.26	1254.78
39	8	مِمَّا	مِمَّا	1.00	1.00	rec	1257.72	1258.68
39	9	رَزَقَهُمُ	رَزَقَهُمُ	1.00	1.00	rec	1259.00	1260.02
39	10	ٱللَّهُۚ	اللَّهُ	1.00	1.00	rec	1260.10	1261.26
39	11	وَكَانَ	وَكَانَ	1.00	1.00	rec	1261.86	1262.74
39	12	ٱللَّهُ	اللَّهُ	1.00	1.00	rec	1262.80	1263.70
39	13	بِهِمْ	بِهِمْ	1.00	1.00	rec	1263.86	1264.56
39	14	عَلِيمًا	عَلِيمًا	1.00	1.00	rec	1264.66	1265.54
40	0	إِنَّ	إِنَّ	1.00	1.00	rec	1266.78	1267.96
40	1	ٱللَّهَ	اللَّهَ	1.00	1.00	rec	1268.02	1268.94
40	2	لَا	لَا	1.00	1.00	rec	1269.14	1269.26
40	3	يَظْلِمُ	يَظْلِمُ	1.00	1.00	rec	1269.74	1270.56
40	4	مِثْقَالَ	قَالَ	0.60	1.00	rec	1271.18	1271.72
40	5	ذَرَّةٍۢۖ	ذَرَّةُ	1.00	0.82	rec	1271.88	1272.54
40	6	وَإِن	وَإِنْ	1.00	1.00	rec	1273.20	1274.20
40	7	تَكُ	تَكُ	1.00	1.00	rec	1274.34	1274.66
40	8	حَسَنَةًۭ	حَسَنَةً	1.00	1.00	rec	1274.84	1275.68
40	9	يُضَٰعِفْهَا	يُضَاعِفْهَا	1.00	1.00	rec	1276.50	1277.94
40	10	وَيُؤْتِ	وَيُرٍ	0.50	0.73	rec	1278.42	1278.90
40	11	مِن	ئْتِمِنْ	0.50	0.85	rec	1279.06	1279.78
40	12	لَّدُنْهُ	لَدُنْهُ	1.00	1.00	rec	1279.86	1280.56
40	13	أَجْرًا	أَجْرًا	1.00	1.00	rec	1280.82	1281.34
40	14	عَظِيمًۭا	عَظِيمًا	1.00	1.00	rec	1281.74	1282.72
41	0	فَكَيْفَ	فَكَيْفَ	1.00	1.00	rec	1283.90	1284.68
41	1	إِذَا	إِذَا	1.00	1.00	rec	1284.84	1285.22
41	2	جِئْنَا	جِئْنَا	1.00	1.00	rec	1285.74	1286.30
41	3	مِن	مِنْ	1.00	1.00	rec	1286.78	1287.68
41	4	كُلِّ	كُلِّ	1.00	1.00	rec	1287.82	1288.22
41	5	أُمَّةٍۭ	أُمَّةٍ	1.00	1.00	rec	1288.32	1289.60
41	6	بِشَهِيدٍۢ	بِشَهِيدٍ	1.00	1.00	rec	1290.26	1291.84
41	7	وَجِئْنَا	وَجِئْنَا	1.00	1.00	rec	1292.58	1293.42
41	8	بِكَ	بِكَ	1.00	1.00	rec	1293.84	1294.20
41	9	عَلَىٰ	عَلَىٰ	1.00	1.00	rec	1294.34	1294.70
41	10	هَٰٓؤُلَآءِ	هَـٰؤُلَاءِ	1.00	1.00	rec	1295.04	1297.34
41	11	شَهِيدًۭا	شَهِيدًا	1.00	1.00	rec	1297.54	1298.58
42	0	يَوْمَئِذٍۢ	يَوْمَئِذٍ	1.00	0.99	rec	1299.74	1300.66
42	1	يَوَدُّ	يَوَدُ	1.00	0.79	rec	1301.46	1301.88
42	2	ٱلَّذِينَ	دُّ+الَّذِينَ	0.83	0.85	rec	1302.08	1303.20
42	3	كَفَرُوا۟	كَفَرُوا	1.00	1.00	rec	1303.42	1303.96
42	4	وَعَصَوُا۟	وَعَصَوُا	1.00	0.97	rec	1304.36	1305.18
42	5	ٱلرَّسُولَ	الرَّسُولَ	1.00	1.00	rec	1305.28	1306.20
42	6	لَوْ	لَوْ	1.00	1.00	rec	1306.36	1306.62
42	7	تُسَوَّىٰ	تُسَوَّعَ	0.60	0.97	rec	1306.74	1307.66
42	8	بِهِمُ	بِهِمِ	1.00	1.00	rec	1307.98	1308.52
42	9	ٱلْأَرْضُ	الْأَرْضُ	1.00	1.00	rec	1308.60	1309.40
42	10	وَلَا	وَلَا	1.00	1.00	rec	1309.54	1309.90
42	11	يَكْتُمُونَ	يَكْتُمُونَ	1.00	1.00	rec	1310.32	1311.38
42	12	ٱللَّهَ	اللَّهَ	1.00	0.99	rec	1311.42	1312.22
42	13	حَدِيثًۭا	حَدِيثًا	1.00	1.00	rec	1312.42	1313.42
43	0	يَٰٓأَيُّهَا	يَا+أَيُّهَا	1.00	1.00	rec	1315.58	1317.16
43	1	ٱلَّذِينَ	الَّذِينَ	1.00	1.00	rec	1317.22	1318.14
43	2	ءَامَنُوا۟	آمَنُوا	0.83	1.00	rec	1318.30	1318.96
43	3	لَا	لَا	1.00	1.00	rec	1319.28	1319.40
43	4	تَقْرَبُوا۟	تَقْرَبُوا	1.00	1.00	rec	1319.72	1320.46
43	5	ٱلصَّلَوٰةَ	الصَّلَاةَ	0.86	1.00	rec	1320.52	1321.50
43	6	وَأَنتُمْ	وَأَنْتُمْ	1.00	1.00	rec	1321.66	1323.08
43	7	سُكَٰرَىٰ	سُكَارِي	0.83	0.99	rec	1323.18	1324.02
43	8	حَتَّىٰ	حَتَّىٰ	1.00	0.94	rec	1324.42	1324.94
43	9	تَعْلَمُوا۟	تَعْلَمُوا	1.00	0.96	rec	1325.34	1325.98
43	10	مَا	مَا	1.00	1.00	rec	1326.32	1326.48
43	11	تَقُولُونَ	تَقُولُونَ	1.00	1.00	rec	1326.78	1328.82
43	12	وَلَا	وَلَا	1.00	1.00	rec	1329.70	1329.98
43	13	جُنُبًا	جُنُبًا	1.00	1.00	rec	1330.28	1330.76
43	14	إِلَّا	إِلَّا	1.00	1.00	rec	1331.06	1331.50
43	15	عَابِرِى	عَابِلِي	0.80	0.90	rec	1331.74	1332.48
43	16	سَبِيلٍ	سَبِيلٍ	1.00	1.00	rec	1332.80	1333.46
43	17	حَتَّىٰ	حَتَّىٰ	1.00	0.88	rec	1333.84	1334.32
43	18	تَغْتَسِلُوا۟ۚ	ْتَسِلُوا	0.71	0.95	rec	1335.12	1335.82
43	19	وَإِن	وَإِنْ	1.00	1.00	rec	1336.78	1337.74
43	20	كُنتُم	كُنْتُمْ	1.00	1.00	rec	1337.86	1339.28
43	21	مَّرْضَىٰٓ	مَرْضَىٰ	1.00	0.85	rec	1339.36	1339.98
43	22	أَوْ	أَوْا	0.67	0.99	rec	1340.48	1340.78
43	23	عَلَىٰ	عَلَىٰ	1.00	1.00	rec	1340.86	1341.22
43	24	سَفَرٍ	سَفَرٍ	1.00	1.00	rec	1341.52	1342.08
43	25	أَوْ	أَوْ	1.00	1.00	rec	1342.44	1342.74
43	26	جَآءَ	جَاءَ	1.00	0.99	rec	1342.88	1343.82
43	27	أَحَدٌۭ	أَحَدٌ	1.00	1.00	rec	1347.98	1348.52
43	28	مِّنكُم	مِنْكُمْ	1.00	1.00	rec	1349.04	1350.62
43	29	مِّنَ	مِنَ	1.00	1.00	rec	1350.70	1350.98
43	30	ٱلْغَآئِطِ	الْغَائِضِ	0.83	0.99	rec	1351.04	1353.30
43	31	أَوْ	أَوْ	1.00	1.00	rec	1353.50	1353.86
43	32	لَٰمَسْتُمُ	لَا+مَسْتُمُ	1.00	0.97	rec	1353.96	1355.20
43	33	ٱلنِّسَآءَ	النِّسَاءَ	1.00	0.96	rec	1355.28	1357.82
43	34	فَلَمْ	فَلَمْ	1.00	1.00	rec	1358.00	1358.54
43	35	تَجِدُوا۟	تَجِدُوا	1.00	0.98	rec	1358.66	1359.28
43	36	مَآءًۭ	مَاءً	1.00	1.00	rec	1359.62	1361.26
43	37	فَتَيَمَّمُوا۟	فَتَيَمَّمُوا	1.00	0.95	rec	1364.76	1366.14
43	38	صَعِيدًۭا	صَعِيدًا	1.00	1.00	rec	1366.54	1367.48
43	39	طَيِّبًۭا	طَيِّبًا	1.00	1.00	rec	1368.24	1369.10
43	40	فَٱمْسَحُوا۟	فَامْسَحُوا	1.00	1.00	rec	1370.02	1370.76
43	41	بِوُجُوهِكُمْ	بِوُجُوهِكُمْ	1.00	1.00	rec	1371.10	1372.62
43	42	وَأَيْدِيكُمْۗ	وَأَيْدِيكُمْ	1.00	1.00	rec	1372.72	1374.36
43	43	إِنَّ	إِنَّ	1.00	1.00	rec	1374.92	1376.02
43	44	ٱللَّهَ	اللَّهَ	1.00	1.00	rec	1376.06	1376.84
43	45	كَانَ	كَانَ	1.00	1.00	rec	1377.06	1377.62
43	46	عَفُوًّا	عَفُوًّا	1.00	1.00	rec	1377.76	1378.56
43	47	غَفُورًا	غَفُورًا	1.00	1.00	rec	1378.96	1379.98
44	0	أَلَمْ	أَلَمْ	1.00	1.00	rec	1382.46	1382.94
44	1	تَرَ	تَرَ	1.00	1.00	rec	1383.06	1383.30
44	2	إِلَى	إِلَى	1.00	1.00	rec	1383.46	1383.72
44	3	ٱلَّذِينَ	الَّذِينَ	1.00	1.00	rec	1383.76	1384.72
44	4	أُوتُوا۟	أُوتُوا	1.00	0.93	rec	1384.86	1385.44
44	5	نَصِيبًۭا	نَصِيبًا	1.00	1.00	rec	1385.82	1386.72
44	6	مِّنَ	مِنَ	1.00	1.00	rec	1387.24	1387.46
44	7	ٱلْكِتَٰبِ	الْكِتَابِ	1.00	1.00	rec	1387.50	1388.48
44	8	يَشْتَرُونَ	يَشْتَرُونَ	1.00	1.00	rec	1388.58	1389.60
44	9	ٱلضَّلَٰلَةَ	الضَّلَالَةَ	1.00	0.98	rec	1389.66	1390.92
44	10	وَيُرِيدُونَ	وَيُرِيدُونَ	1.00	1.00	rec	1391.06	1392.22
44	11	أَن	أَنْ	1.00	1.00	rec	1392.36	1393.24
44	12	تَضِلُّوا۟	تَضِلُّوا	1.00	0.98	rec	1393.36	1394.20
44	13	ٱلسَّبِيلَ	السَّبِيلَ⌐	1.00	0.93	rec	1394.24	1395.68
44	14	ۚ	السَّبِيلَ¬	1.00	0.93	rec	1395.68	1395.92
44	15	وَاَللَّهُ	وَاللَّهُ	1.00	1.00	rec	1397.00	1398.00
44	16	أَعۡلَمُ	أَعْلَمُ	1.00	1.00	rec	1398.26	1398.98
44	17	بِأَعۡدَآئِكُمۡۚ	بِأَعْدَائِكُمْ	1.00	1.00	rec	1399.22	1401.98
44	18	وَكَفَىٰ	وَكَفَىٰ	1.00	1.00	rec	1402.66	1403.32
44	19	بِاللَّهِ	بِاللَّهِ	1.00	0.98	rec	1403.68	1404.72
44	20	وَلِيّٗا	وَلِيًّا	1.00	1.00	rec	1404.92	1405.72
44	21	وَكَفَىٰ	وَكَفَىٰ	1.00	0.92	rec	1406.54	1407.20
44	22	بِاللَّهِ	بِاللَّهِ	1.00	1.00	rec	1407.62	1408.64
44	23	نَصِيرٗا	نَصِيرًا	1.00	1.00	rec	1408.86	1409.80
45	0	مِّنَ	مِنَ	1.00	1.00	rec	1410.96	1411.18
45	1	ٱلَّذِينَ	الَّذِينَ	1.00	0.98	rec	1411.24	1412.16
45	2	هَادُوا۟	هَادُوا	1.00	1.00	rec	1412.34	1413.06
45	3	يُحَرِّفُونَ	يُحَرِّفُونَ	1.00	1.00	rec	1413.34	1414.74
45	4	ٱلْكَلِمَ	الْكَلِمَ	1.00	1.00	rec	1414.80	1415.62
45	5	عَن	عَمَّوَاضِعِهِ⌐	0.88	0.98	rec	1415.76	1416.34
45	6	مَّوَاضِعِهِۦ	عَمَّوَاضِعِهِ¬	0.88	0.98	rec	1416.34	1418.08
45	7	وَيَقُولُونَ	وَيَقُولُونَ	1.00	1.00	rec	1418.46	1419.92
45	8	سَمِعْنَا	سَمِعْنَا	1.00	1.00	rec	1420.08	1420.86
45	9	وَعَصَيْنَا	وَعَصَيْنَا	1.00	1.00	rec	1421.22	1422.32
45	10	وَٱسْمَعْ	وَاسْمَعْ	1.00	0.94	rec	1427.84	1428.56
45	11	غَيْرَ	غَيْرَ	1.00	1.00	rec	1428.86	1429.42
45	12	مُسْمَعٍۢ	مُسْمَعٍ	1.00	1.00	rec	1429.56	1430.32
45	13	وَرَٰعِنَا	وَرَاعِنَا	1.00	0.98	rec	1430.88	1432.00
45	14	لَيًّۢا	لَيًّا	1.00	1.00	rec	1432.32	1432.78
45	15	بِأَلْسِنَتِهِمْ	بِأَلْسِنَتِهِمْ	1.00	1.00	rec	1433.54	1435.18
45	16	وَطَعْنًۭا	وَضَعْنًا	0.80	1.00	rec	1435.28	1435.98
45	17	فِى	الدِينِ⌐	0.71	0.76	rec	1437.00	1437.40
45	18	ٱلدِّينِۚ	الدِينِ¬	0.71	0.76	rec	1437.40	1438.40
45	19	وَلَوْ	وَلَوْ	1.00	1.00	rec	1439.18	1439.64
45	20	أَنَّهُمْ	أَنَّهُمْ	1.00	1.00	rec	1439.72	1440.86
45	21	قَالُوا۟	قَالُوا	1.00	1.00	rec	1441.04	1441.64
45	22	سَمِعْنَا	سَمِعْنَا	1.00	0.99	rec	1441.96	1442.80
45	23	وَأَطَعْنَا	وَأَضَعْنَا	0.83	0.98	rec	1443.22	1444.32
45	24	وَٱسْمَعْ	وَاسْمَعْ	1.00	1.00	rec	1444.74	1445.52
45	25	وَٱنظُرْنَا	وَانْظُرْنَا	1.00	1.00	rec	1445.60	1447.06
45	26	لَكَانَ	لَكَانَ	1.00	1.00	rec	1447.48	1448.32
45	27	خَيْرًۭا	خَيْرًا	1.00	1.00	rec	1448.56	1449.06
45	28	لَّهُمْ	لَهُمْ	1.00	1.00	rec	1449.32	1449.90
45	29	وَأَقْوَمَ	وَأَقْوَمَ	1.00	0.99	rec	1450.02	1450.94
45	30	وَلَٰكِن	وَلَـٰكِنْ	1.00	1.00	rec	1451.70	1452.74
45	31	لَّعَنَهُمُ	لَعَنَهُمُ	1.00	1.00	rec	1452.82	1453.76
45	32	ٱللَّهُ	اللَّهُ	1.00	1.00	rec	1453.86	1454.74
45	33	بِكُفْرِهِمْ	بِكُفْرِهِمْ	1.00	0.97	rec	1454.90	1456.26
45	34	فَلَا	فَلَا	1.00	1.00	rec	1456.38	1456.70
45	35	يُؤْمِنُونَ	يُؤْمِنُونَ	1.00	1.00	rec	1457.02	1458.14
45	36	إِلَّا	إِلَّا	1.00	1.00	rec	1458.28	1458.80
45	37	قَلِيلًۭا	قَلِينٌ	0.60	0.85	rec	1459.32	1459.84
46	0	يَٰٓأَيُّهَا	لَايَا+أَيُّهَا	0.75	0.86	rec	1460.10	1463.28
46	1	ٱلَّذِينَ	الَّذِينَ	1.00	0.99	rec	1463.32	1464.16
46	2	أُوتُوا۟	أُوتُوا	1.00	1.00	rec	1464.30	1464.92
46	3	ٱلْكِتَٰبَ	الْكِتَابَ	1.00	1.00	rec	1465.00	1466.14
46	4	ءَامِنُوا۟	آمِنُوا	0.83	1.00	rec	1466.32	1467.04
46	5	بِمَا	بِمَا	1.00	0.99	rec	1467.42	1467.76
46	6	نَزَّلْنَا	نَ+زَّلْنَا	1.00	0.84	rec	1468.22	1469.22
46	7	مُصَدِّقًۭا	مُصَدِّقًا	1.00	0.97	rec	1469.58	1470.56
46	8	لِّمَا	لِمَا	1.00	1.00	rec	1470.86	1471.20
46	9	مَعَكُم	مَعَكُمْ	1.00	1.00	rec	1471.48	1472.56
46	10	مِّن	مِنْ	1.00	1.00	rec	1472.62	1473.26
46	11	قَبْلِ	قَبْلِ	1.00	1.00	rec	1473.38	1473.86
46	12	أَن	أَنْ	1.00	0.94	rec	1474.00	1474.80
46	13	نَّطْمِسَ	نَطَمِسَ	1.00	0.97	rec	1474.84	1475.64
46	14	وُجُوهًۭا	وُجُوهًا	1.00	0.98	rec	1482.06	1483.00
46	15	فَنَرُدَّهَا	فَنَرُدَّهَا	1.00	0.99	rec	1483.56	1484.74
46	16	عَلَىٰٓ	عَلَىٰ	1.00	1.00	rec	1485.10	1485.46
46	17	أَدْبَارِهَآ	أَدْبِيرِهَا	0.86	1.00	rec	1485.92	1487.16
46	18	أَوْ	أَوْ	1.00	1.00	rec	1487.58	1487.94
46	19	نَلْعَنَهُمْ	نَلْعَنَهُمْ	1.00	0.98	rec	1488.02	1489.26
46	20	كَمَا	كَمَا	1.00	1.00	rec	1491.86	1492.16
46	21	لَعَنَّآ	لَعَنَّا	1.00	0.99	rec	1492.46	1493.48
46	22	أَصْحَٰبَ	حَابَ	0.60	1.00	rec	1494.50	1494.96
46	23	ٱلسَّبْتِۚ	السَّبْةِ	0.80	1.00	rec	1495.02	1495.76
46	24	وَكَانَ	وَكَانَ	1.00	0.92	rec	1495.88	1496.66
46	25	أَمْرُ	أَمْرُ	1.00	0.96	rec	1496.82	1497.30
46	26	ٱللَّهِ	اللَّهِ	1.00	0.96	rec	1497.38	1498.14
46	27	مَفْعُولًا	عُولًىٰ	0.50	0.92	rec	1498.74	1499.50
47	0	إِنَّ	إِنَّ	1.00	1.00	rec	1501.16	1502.28
47	1	ٱللَّهَ	اللَّهَ	1.00	0.98	rec	1502.34	1503.20
47	2	لَا	لَا	1.00	1.00	rec	1503.38	1503.50
47	3	يَغْفِرُ	يَِْ+ْفِرْ	0.75	0.72	rec	1503.82	1504.62
47	4	أَن	أَنْ	1.00	1.00	rec	1504.82	1505.62
47	5	يُشْرَكَ	يُشْرَكَ	1.00	1.00	rec	1505.66	1506.32
47	6	بِهِۦ	بِهِ	1.00	1.00	rec	1506.46	1506.80
47	7	وَيَغْفِرُ	وَيَرَ+ؤْفِرُ	0.67	0.82	rec	1507.26	1508.30
47	8	مَا	مَع	0.50	0.80	rec	1508.48	1508.62
47	9	دُونَ	دُونَ	1.00	0.92	rec	1508.92	1509.36
47	10	ذَٰلِكَ	ذَٰلِكَ	1.00	1.00	rec	1509.50	1510.24
47	11	لِمَن	لِمَنْ	1.00	1.00	rec	1510.38	1511.42
47	12	يَشَآءُۚ	يَشَاءُ	1.00	1.00	rec	1511.46	1513.52
47	13	وَمَن	وَمَنْ	1.00	1.00	rec	1514.42	1515.34
47	14	يُشْرِكْ	يُشْرِكْ	1.00	1.00	rec	1515.38	1516.04
47	15	بِٱللَّهِ	مِللَّهِ	0.60	0.90	rec	1516.10	1517.10
47	16	فَقَدِ	فَقَدِ	1.00	1.00	rec	1517.30	1517.84
47	17	ٱفْتَرَىٰٓ	افْتَرَاٰ	0.83	0.80	rec	1517.88	1518.46
47	18	إِثْمًا	إِثْمًا	1.00	1.00	rec	1518.88	1519.34
47	19	عَظِيمًا	عَظِيمًا	1.00	1.00	rec	1519.72	1520.68
48	0	أَلَمْ	أَلَمْ	1.00	1.00	rec	1521.78	1522.34
48	1	تَرَ	تَرَ	1.00	0.96	rec	1522.46	1522.74
48	2	إِلَى	إِلَى	1.00	1.00	rec	1522.94	1523.20
48	3	ٱلَّذِينَ	الَّذِينَ	1.00	1.00	rec	1523.24	1524.14
48	4	يُزَكُّونَ	يُزَكُّمُونَ	0.83	0.97	rec	1524.26	1525.62
48	5	أَنفُسَهُمۚ	أَنْفُسَهُمْ	1.00	1.00	rec	1525.76	1527.98
48	6	بَلِ	بَلِ	1.00	1.00	rec	1528.06	1528.34
48	7	ٱللَّهُ	اللَّهُ	1.00	0.98	rec	1528.40	1529.18
48	8	يُزَكِّى	يُزَكِّي	1.00	1.00	rec	1529.32	1530.16
48	9	مَن	مَنْ	1.00	1.00	rec	1530.56	1531.20
48	10	يَشَآءُ	يَشَاءُ	1.00	0.93	rec	1531.24	1533.00
48	11	وَلَا	وَلَا	1.00	1.00	rec	1533.16	1533.50
48	12	يُظْلَمُونَ	يُظْلَمُونَ	1.00	1.00	rec	1533.84	1535.02
48	13	فَتِيلًا	فَتِيلًا	1.00	1.00	rec	1535.20	1536.24
49	0	ٱنظُرْ	انْظُرْ	1.00	1.00	rec	1537.76	1538.92
49	1	كَيْفَ	كَيْفَ	1.00	1.00	rec	1539.04	1539.54
49	2	يَفْتَرُونَ	يَفْتَرُونَ	1.00	1.00	rec	1539.64	1540.60
49	3	عَلَى	عَلَى	1.00	1.00	rec	1540.72	1540.96
49	4	ٱللَّهِ	اللَّهِ	1.00	1.00	rec	1541.00	1541.74
49	5	ٱلْكَذِبَۖ	الْكَذِبَ	1.00	0.92	rec	1541.78	1542.64
49	6	وَكَفَىٰ	وَكَفَىٰ	1.00	1.00	rec	1542.76	1543.38
49	7	بِهِۦٓ	بِهِ	1.00	1.00	rec	1543.76	1544.10
49	8	إِثْمًۭا	إِثْمًا	1.00	1.00	rec	1544.58	1545.06
49	9	مُّبِينًا	مُبِينًا	1.00	0.98	rec	1545.98	1546.80
50	0	أَلَمْ	أَلَمْ	1.00	1.00	rec	1548.40	1549.02
50	1	تَرَ	تَرَ	1.00	1.00	rec	1549.14	1549.44
50	2	إِلَى	إِلَى	1.00	1.00	rec	1549.62	1549.88
50	3	ٱلَّذِينَ	الَّذِينَ	1.00	0.99	rec	1549.92	1550.84
50	4	أُوتُوا۟	أُوتُوا	1.00	1.00	rec	1551.00	1551.72
50	5	نَصِيبًۭا	نَصِيبًا	1.00	1.00	rec	1552.20	1553.26
50	6	مِّنَ	مِنَ	1.00	1.00	rec	1553.90	1554.12
50	7	ٱلْكِتَٰبِ	الْكِتَابِ	1.00	1.00	rec	1554.18	1555.32
50	8	يُؤْمِنُونَ	يُؤْمِنُونَ	1.00	1.00	rec	1555.50	1556.60
50	9	بِٱلْجِبْتِ	بِالْجِبْتِ	1.00	0.97	rec	1556.74	1557.74
50	10	وَٱلطَّٰغُوتِ	ضَاغُوتِ	0.50	0.95	rec	1558.36	1559.42
50	11	وَيَقُولُونَ	وَيَقُولُونَ	1.00	1.00	rec	1559.58	1560.92
50	12	لِلَّذِينَ	لِلَّذِينَ	1.00	1.00	rec	1561.04	1562.04
50	13	كَفَرُوا۟	كَفَرُوا	1.00	1.00	rec	1562.24	1562.78
50	14	هَٰٓؤُلَآءِ	وَهَـٰؤُلَاءِ	0.86	0.99	rec	1567.76	1569.20
50	15	أَهْدَىٰ	يَهْدَىٰ	0.80	1.00	rec	1569.34	1569.84
50	16	مِنَ	مِنَ	1.00	1.00	rec	1570.14	1570.40
50	17	ٱلَّذِينَ	الَّذِينَ	1.00	1.00	rec	1570.46	1571.32
50	18	ءَامَنُوا۟	آمَنُوا	0.83	0.94	rec	1571.46	1572.16
50	19	سَبِيلًا	سَبِيلًا	1.00	1.00	rec	1572.62	1573.48
51	0	أُو۟لَٰٓئِكَ	أُولَـٰئِكَ	1.00	1.00	rec	1574.78	1577.02
51	1	ٱلَّذِينَ	الَّذِينَ	1.00	1.00	rec	1577.06	1577.94
51	2	لَعَنَهُمُ	لَعَنَهُمُ	1.00	1.00	rec	1578.06	1579.00
51	3	ٱللَّهُۖ	اللَّهُ	1.00	1.00	rec	1579.08	1580.48
51	4	وَمَن	وَمَنْ	1.00	1.00	rec	1581.24	1582.04
51	5	يَلْعَنِ	يَلْعَنِ	1.00	1.00	rec	1582.10	1582.78
51	6	ٱللَّهُ	اللَّهُ	1.00	0.98	rec	1582.82	1583.52
51	7	فَلَن	فَلَنْ	1.00	1.00	rec	1583.76	1584.66
51	8	تَجِدَ	تَجِدَ	1.00	1.00	rec	1584.80	1585.34
51	9	لَهُۥ	لَهُ	1.00	1.00	rec	1585.48	1585.80
51	10	نَصِيرًا	نَصِيرًا	1.00	1.00	rec	1586.32	1587.24
52	0	أَمْ	أَمْ	1.00	1.00	rec	1588.48	1588.72
52	1	لَهُمْ	لَهُمْ	1.00	1.00	rec	1588.80	1589.30
52	2	نَصِيبٌۭ	نَصِيبٌ	1.00	1.00	rec	1589.38	1590.22
52	3	مِّنَ	مِنَ	1.00	1.00	rec	1591.10	1591.36
52	4	ٱلْمُلْكِ	الْمُلْكِ	1.00	1.00	rec	1591.40	1592.18
52	5	فَإِذًۭا	فَإِذًا	1.00	0.98	rec	1592.38	1592.94
52	6	لَّا	لَا	1.00	1.00	rec	1593.20	1593.32
52	7	يُؤْتُونَ	يُؤْ+أْتُونَ	0.83	0.79	rec	1593.68	1594.70
52	8	ٱلنَّاسَ	النَّاسَ	1.00	1.00	rec	1594.76	1595.96
52	9	نَقِيرًا	نَقِيرًا	1.00	1.00	rec	1596.12	1596.98
53	0	أَمْ	أَمْ	1.00	1.00	rec	1599.00	1599.26
53	1	يَحْسُدُونَ	يَحْسُدُونَ	1.00	1.00	rec	1599.34	1600.42
53	2	ٱلنَّاسَ	النَّاسَ	1.00	1.00	rec	1600.46	1601.88
53	3	عَلَىٰ	عَلَىٰ	1.00	1.00	rec	1602.02	1602.36
53	4	مَآ	مَا	1.00	1.00	rec	1602.72	1602.84
53	5	ءَاتَىٰهُمُ	آتَاهُمُ	0.71	1.00	rec	1603.30	1604.66
53	6	ٱللَّهُ	اللَّهُ	1.00	0.98	rec	1604.76	1605.64
53	7	مِن	مِنْ	1.00	1.00	rec	1605.88	1606.74
53	8	فَضْلِهِۦۖ	فَضْلِهِ	1.00	1.00	rec	1606.88	1607.70
53	9	فَقَدْ	فَقَدْ	1.00	1.00	rec	1608.66	1609.24
53	10	ءَاتَيْنَآ	آتَيْنَا	0.83	1.00	rec	1609.36	1610.44
53	11	ءَالَ	آلَ	0.67	1.00	rec	1610.88	1611.40
53	12	إِبْرَٰهِيمَ	إِبْرَاهِيمَ	1.00	1.00	rec	1611.54	1612.94
53	13	ٱلْكِتَٰبَ	الْكِتَابَ	1.00	1.00	rec	1613.00	1614.10
53	14	وَٱلْحِكْمَةَ	وَالْحِكْمَةَ	1.00	1.00	rec	1614.24	1615.36
53	15	وَءَاتَيْنَٰهُم	وَآتَيْنَاهُمْ	0.89	1.00	rec	1615.48	1617.62
53	16	مُّلْكًا	مُلْكًا	1.00	1.00	rec	1617.68	1618.22
53	17	عَظِيمًۭا	عَظِيمًا	1.00	1.00	rec	1618.56	1619.38
54	0	فَمِنْهُم	فَمِنْهُمْ	1.00	1.00	rec	1620.52	1621.76
54	1	مَّنْ	مَنْ	1.00	1.00	rec	1621.82	1622.16
54	2	ءَامَنَ	آمَنَ	0.75	1.00	rec	1622.24	1622.92
54	3	بِهِۦ	بِهِ	1.00	1.00	rec	1623.08	1623.42
54	4	وَمِنْهُم	وَمِنْهُمْ	1.00	1.00	rec	1623.76	1624.94
54	5	مَّن	مَنْ	1.00	1.00	rec	1625.02	1625.76
54	6	صَدَّ	صَدَّ	1.00	1.00	rec	1625.86	1626.38
54	7	عَنْهُۚ	عَنْهُ	1.00	1.00	rec	1626.52	1626.94
54	8	وَكَفَىٰ	وَكَفَىٰ	1.00	1.00	rec	1627.58	1628.24
54	9	بِجَهَنَّمَ	بِجَهَنَّمَ	1.00	1.00	rec	1628.62	1630.40
54	10	سَعِيرًا	سَعِيرًا	1.00	0.98	rec	1630.60	1631.50
55	0	إِنَّ	إِنَّ	1.00	1.00	rec	1632.50	1633.50
55	1	ٱلَّذِينَ	الَّذِينَ	1.00	1.00	rec	1633.56	1634.50
55	2	كَفَرُوا۟	كَفَرُوا	1.00	1.00	rec	1634.72	1635.32
55	3	بِـَٔايَٰتِنَا	بِآيَاتِنَا	1.00	1.00	rec	1635.68	1637.28
55	4	سَوْفَ	سَوْفًا	0.75	1.00	rec	1637.78	1638.44
55	5	نُصْلِيهِمْ	صْلِيهِمْ	0.83	0.95	rec	1638.84	1640.02
55	6	نَارًۭا	نَارًا	1.00	1.00	rec	1640.12	1640.82
55	7	كُلَّمَا	كُلَّمَا	1.00	1.00	rec	1642.02	1642.60
55	8	نَضِجَتْ	نَضِجَتْ	1.00	0.98	rec	1643.04	1643.80
55	9	جُلُودُهُم	جُنُودُهُمْ	0.83	0.97	rec	1643.94	1645.42
55	10	بَدَّلْنَٰهُمْ	بَدَّلْنَاهُمْ	1.00	1.00	rec	1645.86	1647.36
55	11	جُلُودًا	جُلُودًا	1.00	0.92	rec	1647.46	1648.18
55	12	غَيْرَهَا	غَيْرَهَا	1.00	1.00	rec	1648.54	1649.24
55	13	لِيَذُوقُوا۟	لِيَذُوقٌ	0.71	1.00	rec	1649.64	1650.60
55	14	ٱلْعَذَابَۗ	عَذَابٍ	0.67	0.92	rec	1651.08	1652.54
55	15	إِنَّ	انَّ	1.00	1.00	rec	1653.58	1654.62
55	16	ٱللَّهَ	اللَّهَ	1.00	0.93	rec	1654.80	1655.48
55	17	كَانَ	كَانَ	1.00	1.00	rec	1655.70	1656.22
55	18	عَزِيزًا	عَزِيزًا	1.00	1.00	rec	1656.40	1657.22
55	19	حَكِيمًۭا	حَكِيمًا	1.00	1.00	rec	1657.70	1658.72
56	0	وَٱلَّذِينَ	وَالَّذِينَ	1.00	1.00	rec	1661.00	1662.08
56	1	ءَامَنُوا۟	آمَنُوا	0.83	0.99	rec	1662.22	1663.14
56	2	وَعَمِلُوا۟	وَعَمِلُوا	1.00	0.99	rec	1663.46	1664.24
56	3	ٱلصَّٰلِحَٰتِ	الصَّالِحَاتِ	1.00	1.00	rec	1664.32	1665.94
56	4	سَنُدْخِلُهُمْ	سَنُدْخِلُهُمْ	1.00	1.00	rec	1666.14	1667.74
56	5	جَنَّٰتٍۢ	جَنَّاتٌ	1.00	0.99	rec	1667.88	1669.98
56	6	تَجْرِى	تَجْرِي	1.00	1.00	rec	1675.12	1675.72
56	7	مِن	مِنْ	1.00	1.00	rec	1676.20	1676.78
56	8	تَحْتِهَا	تَحْتِهَا	1.00	1.00	rec	1676.92	1677.68
56	9	ٱلْأَنْهَٰرُ	الْأَننََ+هَار	0.88	0.72	rec	1677.72	1679.76
56	10	خَٰلِدِينَ	خَالِدِينَ	1.00	1.00	rec	1681.72	1682.94
56	11	فِيهَآ	فِيهَا	1.00	0.98	rec	1683.16	1683.92
56	12	أَبَدًۭاۖ	أَبَدًا	1.00	1.00	rec	1684.72	1685.28
56	13	لَّهُمْ	لَهُمْ	1.00	1.00	rec	1685.56	1686.10
56	14	فِيهَآ	فِيهَا	1.00	1.00	rec	1686.26	1686.82
56	15	أَزْوَٰجٌۭ	أَزْوَاجٌ	1.00	1.00	rec	1687.28	1688.22
56	16	مُّطَهَّرَةٌۭۖ	مُطَهَّرَةٌ	1.00	1.00	rec	1688.88	1690.04
56	17	وَنُدْخِلُهُمْ	وَنُدْخِلُهُمْ	1.00	1.00	rec	1691.56	1693.08
56	18	ظِلًّۭا	ظِلًّا	1.00	1.00	rec	1693.20	1693.72
56	19	ظَلِيلًا	ظَلِيلًا	1.00	1.00	rec	1694.70	1695.62
57	0	إِنَّ	إِنَّ	1.00	0.99	rec	1696.92	1697.96
57	1	ٱللَّهَ	اللَّهَ	1.00	0.95	rec	1698.02	1698.90
57	2	يَأْمُرُكُمْ	يَأْمُرْكُمْ	1.00	0.94	rec	1699.08	1700.14
57	3	أَن	أَنْ	1.00	1.00	rec	1700.24	1700.80
57	4	تُؤَدُّوا۟	تُؤَدُّوا	1.00	0.98	rec	1700.90	1701.54
57	5	ٱلْأَمَٰنَٰتِ	الْأَمَانَاتِ	1.00	1.00	rec	1701.58	1702.92
57	6	إِلَىٰٓ	إِلَىٰ	1.00	1.00	rec	1703.08	1703.44
57	7	أَهْلِهَا	أَهْلِهَا	1.00	1.00	rec	1704.08	1704.74
57	8	وَإِذَا	وَإِذَا	1.00	1.00	rec	1705.12	1705.66
57	9	حَكَمْتُم	حَكَمْتُمْ	1.00	0.93	rec	1705.92	1707.04
57	10	بَيْنَ	بَيِّنَ	1.00	0.93	rec	1707.10	1707.76
57	11	ٱلنَّاسِ	النَّاسِ	1.00	0.98	rec	1707.80	1709.62
57	12	أَن	أَنْ	1.00	1.00	rec	1714.86	1715.54
57	13	تَحْكُمُوا۟	تَحْكُمُوا	1.00	1.00	rec	1715.66	1716.44
57	14	بِٱلْعَدْلِۚ	بِالْعَدْلِ	1.00	1.00	rec	1716.82	1717.72
57	15	إِنَّ	إِنَّ	1.00	0.95	rec	1718.20	1719.28
57	16	ٱللَّهَ	اللَّهَ	1.00	1.00	rec	1719.34	1720.22
57	17	نِعِمَّا	لِعِمَّا	0.75	0.95	rec	1720.44	1721.90
57	18	يَعِظُكُم	يَعِظُكُمْ	1.00	1.00	rec	1722.28	1724.24
57	19	بِهِۦٓۗ	بِهِ	1.00	1.00	rec	1724.28	1724.52
57	20	إِنَّ	إِنَّ	1.00	1.00	rec	1725.42	1726.42
57	21	ٱللَّهَ	اللَّهَ	1.00	1.00	rec	1726.46	1727.26
57	22	كَانَ	كَانَ	1.00	0.93	rec	1727.48	1728.02
57	23	سَمِيعًۢا	سَمِيعًا	1.00	1.00	rec	1728.18	1729.12
57	24	بَصِيرًۭا	بَصِيرًا	1.00	1.00	rec	1729.92	1730.82
58	0	يَٰٓأَيُّهَا	يَا+أَيُّهَا	1.00	1.00	rec	1732.02	1733.54
58	1	ٱلَّذِينَ	الَّذِينَ	1.00	1.00	rec	1733.60	1734.48
58	2	ءَامَنُوٓا۟	آمَنُوا	0.83	1.00	rec	1734.62	1735.48
58	3	أَطِيعُوا۟	أَطِيعُوا	1.00	0.97	rec	1736.00	1736.84
58	4	ٱللَّهَ	اللَّهَ	1.00	1.00	rec	1736.90	1737.74
58	5	وَأَطِيعُوا۟	وَأَطِيعُوا	1.00	0.98	rec	1737.90	1738.94
58	6	ٱلرَّسُولَ	الرَّسُولَ	1.00	1.00	rec	1739.00	1739.96
58	7	وَأُو۟لِى	وَأُولِي	1.00	1.00	rec	1740.08	1740.62
58	8	ٱلْأَمْرِ	الْأَمْرِ	1.00	1.00	rec	1740.70	1741.36
58	9	مِنكُمْۖ	مِنْكُمْ	1.00	1.00	rec	1741.50	1742.88
58	10	فَإِن	فَإِنْ	1.00	1.00	rec	1743.56	1744.56
58	11	تَنَٰزَعْتُمْ	تَنَازَعْتُمْ	1.00	1.00	rec	1744.70	1746.28
58	12	فِى	فِي	1.00	1.00	rec	1746.42	1746.58
58	13	شَىْءٍۢ	شَيْءٍ	1.00	1.00	rec	1746.90	1747.36
58	14	فَرُدُّوهُ	فَرُدُّوهُ	1.00	1.00	rec	1748.10	1749.16
58	15	إِلَى	إِلَى	1.00	1.00	rec	1749.36	1749.62
58	16	ٱللَّهِ	اللَّهِ	1.00	1.00	rec	1749.66	1750.52
58	17	وَٱلرَّسُولِ	وَالرَّسُولِ	1.00	0.95	rec	1750.64	1751.74
58	18	إِن	إِنْ	1.00	1.00	rec	1751.92	1752.56
58	19	كُنتُمْ	كُنْتُمْ	1.00	1.00	rec	1752.68	1753.92
58	20	تُؤْمِنُونَ	تُؤْمِنُونَ	1.00	1.00	rec	1754.04	1755.24
58	21	بِٱللَّهِ	بِاللَّهِ	1.00	1.00	rec	1755.36	1756.42
58	22	وَٱلْيَوْمِ	وَالْيَوْمِ	1.00	1.00	rec	1761.94	1762.86
58	23	ٱلْءَاخِرِۚ	الْآخِرِ	0.83	1.00	rec	1762.94	1764.14
58	24	ذَٰلِكَ	ذَٰلِكَ	1.00	1.00	rec	1764.72	1765.46
58	25	خَيْرٌۭ	خَيْرٌ	1.00	1.00	rec	1765.68	1766.20
58	26	وَأَحْسَنُ	وَأَحْسَنُتَ	0.83	0.96	rec	1766.96	1768.18
58	27	تَأْوِيلًا	وِيلًا	0.67	0.88	rec	1768.54	1769.20
59	0	أَلَمْ	أَلَمْ	1.00	1.00	rec	1770.36	1770.90
59	1	تَرَ	تَرَ	1.00	1.00	rec	1771.02	1771.32
59	2	إِلَى	إِلَى	1.00	1.00	rec	1771.48	1771.76
59	3	ٱلَّذِينَ	الَّذِينَ	1.00	0.99	rec	1771.80	1772.66
59	4	يَزْعُمُونَ	يَزْعُمُونَ	1.00	1.00	rec	1772.82	1774.12
59	5	أَنَّهُمْ	أَنَّهُمْ	1.00	0.99	rec	1774.26	1775.58
59	6	ءَامَنُوا۟	آعمَنُوا	0.67	0.94	rec	1775.72	1776.54
59	7	بِمَآ	بِمَا	1.00	1.00	rec	1776.80	1777.16
59	8	أُنزِلَ	أُنْزِلَ	1.00	1.00	rec	1777.46	1778.52
59	9	إِلَيْكَ	إِلَيْكَ	1.00	1.00	rec	1778.66	1779.34
59	10	وَمَآ	وَمَا	1.00	1.00	rec	1779.48	1779.86
59	11	أُنزِلَ	أُنْزِلَ	1.00	1.00	rec	1780.22	1781.22
59	12	مِن	مِنْ	1.00	1.00	rec	1781.34	1781.94
59	13	قَبْلِكَ	قَبْلِكَ	1.00	1.00	rec	1782.08	1782.86
59	14	يُرِيدُونَ	يُرِيدُونَ	1.00	1.00	rec	1783.66	1784.70
59	15	أَن	أَنْ	1.00	1.00	rec	1784.84	1785.40
59	16	يَتَحَاكَمُوٓا۟	يَتَحَاكَمُوئِلَ⌐	0.73	0.97	rec	1785.44	1787.10
59	17	إِلَى	يَتَحَاكَمُوئِلَ¬	0.73	0.97	rec	1787.10	1787.72
59	18	ٱلطَّٰغُوتِ	ضَاغُوتِ	0.57	0.98	rec	1788.10	1789.22
59	19	وَقَدْ	وَقَدْ	1.00	1.00	rec	1789.38	1789.98
59	20	أُمِرُوٓا۟	أُمِرُوا	1.00	1.00	rec	1790.14	1790.76
59	21	أَن	أَنَ	1.00	0.71	rec	1791.32	1792.08
59	22	يَكْفُرُوا۟	اْفُرُوا	0.67	0.86	rec	1792.26	1792.74
59	23	بِهِۦ	بِهِ	1.00	1.00	rec	1793.08	1793.34
59	24	وَيُرِيدُ	وَيُرِيدُ	1.00	0.98	rec	1794.14	1794.98
59	25	ٱلشَّيْطَٰنُ	الشَّيْطَانُ	1.00	1.00	rec	1795.04	1796.28
59	26	أَن	أَنْ	1.00	1.00	rec	1796.48	1797.08
59	27	يُضِلَّهُمْ	يُضِلَّهُمْ	1.00	1.00	rec	1797.14	1798.30
59	28	ضَلَٰلًۢا	ضَلَالًا	1.00	0.99	rec	1798.42	1799.20
59	29	بَعِيدًۭا	بَعِيدًا	1.00	1.00	rec	1800.06	1801.06
60	0	وَإِذَا	وَإِذَا	1.00	1.00	rec	1802.32	1802.86
60	1	قِيلَ	قِيلَ	1.00	1.00	rec	1803.20	1803.66
60	2	لَهُمْ	لَهُمْ	1.00	1.00	rec	1803.80	1804.36
60	3	تَعَالَوْا۟	تَعَالَوْا	1.00	0.99	rec	1804.50	1805.30
60	4	إِلَىٰ	إِلَىٰ	1.00	1.00	rec	1805.50	1805.84
60	5	مَآ	مَا	1.00	1.00	rec	1806.12	1806.24
60	6	أَنزَلَ	أَنْزَلَ	1.00	1.00	rec	1806.82	1807.86
60	7	ٱللَّهُ	اللَّهُ	1.00	0.92	rec	1807.92	1808.72
60	8	وَإِلَى	وَإِلَى	1.00	1.00	rec	1808.84	1809.34
60	9	ٱلرَّسُولِ	الرَّسُولُ	1.00	0.96	rec	1809.38	1811.02
60	10	رَأَيْتَ	رَأَيْتَ	1.00	1.00	rec	1811.60	1812.32
60	11	ٱلْمُنَٰفِقِينَ	الْمُنَافِقِينَ	1.00	1.00	rec	1812.38	1814.06
60	12	يَصُدُّونَ	يَصُدُّونَ	1.00	0.98	rec	1814.22	1815.50
60	13	عَنكَ	عَنْكَ	1.00	1.00	rec	1815.66	1816.76
60	14	صُدُودًۭا	صُدُودًا	1.00	0.94	rec	1816.94	1817.84
61	0	فَكَيْفَ	فَكَيْفَ	1.00	1.00	rec	1819.04	1819.82
61	1	إِذَآ	إِذَا	1.00	1.00	rec	1819.98	1820.36
61	2	أَصَٰبَتْهُم	أَصَابَتْهُمْ	1.00	1.00	rec	1820.92	1822.98
61	3	مُّصِيبَةٌۢ	مُصِيبَةٌ	1.00	1.00	rec	1823.04	1824.24
61	4	بِمَا	بِمَا	1.00	1.00	rec	1825.18	1825.54
61	5	قَدَّمَتْ	قَدَّمَتْ	1.00	1.00	rec	1825.92	1826.76
61	6	أَيْدِيهِمْ	أَيْدِيهِمْ	1.00	1.00	rec	1826.86	1828.18
61	7	ثُمَّ	ثُمَّ	1.00	1.00	rec	1828.36	1829.46
61	8	جَآءُوكَ	جَاءُوكَ	1.00	1.00	rec	1829.64	1831.80
61	9	يَحْلِفُونَ	يَحْلِفُونَ	1.00	1.00	rec	1831.92	1833.06
61	10	بِٱللَّهِ	بِاللَّهِ	1.00	1.00	rec	1833.18	1834.40
61	11	إِنْ	إِنْ	1.00	1.00	rec	1840.98	1841.34
61	12	أَرَدْنَآ	أَرَدْنَا	1.00	1.00	rec	1841.40	1842.18
61	13	إِلَّآ	إِلَّا	1.00	1.00	rec	1842.54	1843.06
61	14	إِحْسَٰنًۭا	إِحْسَانًا	1.00	1.00	rec	1843.52	1844.54
61	15	وَتَوْفِيقًا	وَتَوْفِيقًا	1.00	0.99	rec	1845.16	1846.66
62	0	أُو۟لَٰٓئِكَ	أُولَـٰئِكَ	1.00	0.97	rec	1848.02	1850.22
62	1	ٱلَّذِينَ	الَّذِينَ	1.00	1.00	rec	1850.28	1851.14
62	2	يَعْلَمُ	يَعْلَمُ	1.00	1.00	rec	1851.28	1852.00
62	3	ٱللَّهُ	اللَّهُ	1.00	1.00	rec	1852.12	1852.84
62	4	مَا	مَا	1.00	1.00	rec	1853.00	1853.14
62	5	فِى	فِي	1.00	1.00	rec	1853.52	1853.68
62	6	قُلُوبِهِمْ	قُلُوبِهِمْ	1.00	1.00	rec	1854.16	1855.64
62	7	فَأَعْرِضْ	فَأَعْرِضْ	1.00	1.00	rec	1856.38	1857.48
62	8	عَنْهُمْ	عَنْهُمْ	1.00	1.00	rec	1857.58	1858.36
62	9	وَعِظْهُمْ	وَعِظْهُمْ	1.00	1.00	rec	1858.46	1859.46
62	10	وَقُل	وَقُلْ	1.00	1.00	rec	1859.56	1860.10
62	11	لَّهُمْ	لَهُمْ	1.00	1.00	rec	1860.18	1860.74
62	12	فِىٓ	فِي	1.00	1.00	rec	1860.92	1861.08
62	13	أَنفُسِهِمْ	أَنْفُسِهِمْ	1.00	1.00	rec	1861.60	1863.16
62	14	قَوْلًۢا	قَوْلًا	1.00	1.00	rec	1863.30	1863.82
62	15	بَلِيغًۭا	بَلِيغًا	1.00	0.98	rec	1864.58	1865.56
63	0	وَمَآ	وَمَا	1.00	1.00	rec	1866.76	1867.12
63	1	أَرْسَلْنَا	أَرْسَلْنَا	1.00	1.00	rec	1867.38	1868.24
63	2	مِن	مِنْ	1.00	1.00	rec	1868.60	1868.82
63	3	رَّسُولٍ	رَسُولٍ	1.00	1.00	rec	1868.88	1869.70
63	4	إِلَّا	إِلَّا	1.00	1.00	rec	1870.06	1870.64
63	5	لِيُطَاعَ	لِيُطَاعَ	1.00	1.00	rec	1871.06	1872.22
63	6	بِإِذْنِ	بِإِذْنِ	1.00	1.00	rec	1872.36	1873.08
63	7	ٱللَّهِۚ	اللَّهِ	1.00	0.99	rec	1873.14	1874.18
63	8	وَلَوْ	وَلَوْ	1.00	1.00	rec	1875.04	1875.52
63	9	أَنَّهُمْ	أَنَّهُمْ	1.00	0.99	rec	1875.60	1876.94
63	10	إِذ	ظَلَمُوا⌐	0.71	1.00	rec	1877.46	1877.62
63	11	ظَّلَمُوٓا۟	ظَلَمُوا¬	0.71	1.00	rec	1877.62	1878.02
63	12	أَنفُسَهُمْ	أَنْفُسَهُمْ	1.00	1.00	rec	1878.54	1880.26
63	13	جَآءُوكَ	جَاءُوكَ	1.00	1.00	rec	1880.42	1882.60
63	14	فَٱسْتَغْفَرُوا۟	فَاسْتَغْفَرُوا	1.00	1.00	rec	1888.94	1890.12
63	15	ٱللَّهَ	اللَّهَ	1.00	1.00	rec	1890.18	1890.98
63	16	وَٱسْتَغْفَرَ	وَاسْتَغْفَرَ	1.00	0.97	rec	1891.12	1892.20
63	17	لَهُمُ	لَهُمُ	1.00	1.00	rec	1892.34	1892.78
63	18	ٱلرَّسُولُ	الرَّسُولُ	1.00	0.97	rec	1892.86	1893.88
63	19	لَوَجَدُوا۟	لَوَجَدُوا	1.00	0.96	rec	1894.04	1894.80
63	20	ٱللَّهَ	اللَّهَ	1.00	1.00	rec	1894.84	1895.60
63	21	تَوَّابًۭا	تَوَّابًا	1.00	1.00	rec	1895.78	1896.78
63	22	رَّحِيمًۭا	رَحِيمًا	1.00	0.91	rec	1897.08	1898.18
64	0	فَلَا	فَلَا	1.00	1.00	rec	1899.70	1900.02
64	1	وَرَبِّكَ	وَرَبِّكَ	1.00	1.00	rec	1900.32	1901.18
64	2	لَا	لَا	1.00	1.00	rec	1901.32	1901.42
64	3	يُؤْمِنُونَ	يُؤْمِنُونَ	1.00	1.00	rec	1901.64	1902.70
64	4	حَتَّىٰ	حَتَّىٰ	1.00	1.00	rec	1902.86	1903.36
64	5	يُحَكِّمُوكَ	يُحَكِّمُوكَ	1.00	0.96	rec	1903.64	1904.92
64	6	فِيمَا	فِي+مَا	1.00	1.00	rec	1912.08	1912.68
64	7	شَجَرَ	شَجَرَ	1.00	1.00	rec	1913.10	1913.68
64	8	بَيْنَهُمْ	بَيْنَهُمْ	1.00	1.00	rec	1913.86	1914.90
64	9	ثُمَّ	ثُمَّ	1.00	1.00	rec	1915.06	1915.86
64	10	لَا	لَا	1.00	1.00	rec	1916.02	1916.14
64	11	يَجِدُوا۟	يَجِدُوا	1.00	1.00	rec	1924.14	1924.74
64	12	فِىٓ	فِي	1.00	1.00	rec	1925.16	1925.30
64	13	أَنفُسِهِمْ	أَنْفُسِهِمْ	1.00	1.00	rec	1925.84	1927.48
64	14	حَرَجًۭا	حَرَجًا	1.00	1.00	rec	1927.64	1928.28
64	15	مِّمَّا	مِمَّا	1.00	1.00	rec	1929.04	1929.98
64	16	قَضَيْتَ	قَضَيْتَ	1.00	0.92	rec	1930.38	1931.14
64	17	وَيُسَلِّمُوا۟	وَيُسَلِّمُوا	1.00	1.00	rec	1931.28	1932.44
64	18	تَسْلِيمًۭا	تَسْلِيمًا	1.00	1.00	rec	1932.82	1933.76
65	0	وَلَوْ	وَلَوْ	1.00	1.00	rec	1935.06	1935.50
65	1	أَنَّا	أَنَّا	1.00	1.00	rec	1935.58	1936.38
65	2	كَتَبْنَا	كَتَبْنَا	1.00	1.00	rec	1936.76	1937.56
65	3	عَلَيْهِمْ	عَلَيْهِمْ	1.00	1.00	rec	1937.88	1938.94
65	4	أَنِ	أَنِ	1.00	1.00	rec	1939.06	1939.32
65	5	ٱقْتُلُوٓا۟	اقْتُلُوا	1.00	0.99	rec	1939.38	1940.06
65	6	أَنفُسَكُمْ	أَنْفُسَكُمْ	1.00	1.00	rec	1940.48	1942.26
65	7	أَوِ	أَوُ	1.00	1.00	rec	1942.42	1942.68
65	8	ٱخْرُجُوا۟	اخْرُجُوا	1.00	1.00	rec	1942.74	1943.40
65	9	مِن	مِنْ	1.00	1.00	rec	1943.68	1944.18
65	10	دِيَٰرِكُم	دِيَارِكُمْ	1.00	0.98	rec	1944.26	1945.62
65	11	مَّا	مَا	1.00	1.00	rec	1945.70	1945.82
65	12	فَعَلُوهُ	فَعَلُوهُ	1.00	1.00	rec	1946.18	1947.32
65	13	إِلَّا	إِلَّا	1.00	0.95	rec	1949.82	1950.32
65	14	قَلِيلٌۭ	قَلِيلٌ	1.00	0.95	rec	1950.68	1951.42
65	15	مِّنْهُمْۖ	مِنْهُمْ	1.00	1.00	rec	1952.20	1953.10
65	16	وَلَوْ	وَلَوْ	1.00	1.00	rec	1953.86	1954.32
65	17	أَنَّهُمْ	أَنَّهُمْ	1.00	1.00	rec	1954.40	1955.62
65	18	فَعَلُوا۟	فَعَلُوا	1.00	0.98	rec	1955.76	1956.30
65	19	مَا	مَا	1.00	1.00	rec	1956.62	1956.74
65	20	يُوعَظُونَ	يُوعَظُونَ	1.00	1.00	rec	1957.08	1958.20
65	21	بِهِۦ	بِهِ	1.00	1.00	rec	1958.36	1958.66
65	22	لَكَانَ	لَكَانَ	1.00	1.00	rec	1959.02	1959.88
65	23	خَيْرًۭا	خَيْرًا	1.00	0.97	rec	1960.06	1960.60
65	24	لَّهُمْ	لَهُمْ	1.00	1.00	rec	1960.88	1961.34
65	25	وَأَشَدَّ	وَأَشَدَّتْ	0.80	1.00	rec	1961.44	1962.60
65	26	تَثْبِيتًۭا	بِيتًا	0.67	0.94	rec	1962.96	1963.60
66	0	وَإِذًۭا	وَإِذًا	1.00	1.00	rec	1964.66	1965.18
66	1	لَّءَاتَيْنَٰهُم	لَآتَيْنَاهُمْ	0.89	1.00	rec	1965.46	1967.54
66	2	مِّن	مِنْ	1.00	0.98	rec	1967.58	1967.84
66	3	لَّدُنَّآ	لَدُنَّا	1.00	1.00	rec	1967.90	1968.92
66	4	أَجْرًا	أَجْرًا	1.00	0.99	rec	1969.52	1969.98
66	5	عَظِيمًۭا	عَظِيمًا	1.00	1.00	rec	1970.28	1971.08
67	0	وَلَهَدَيْنَٰهُمْ	وَلَهَدَيْنَاهُمْ	1.00	1.00	rec	1971.72	1973.68
67	1	صِرَٰطًۭا	صِرَاطًا	1.00	1.00	rec	1976.56	1977.32
67	2	مُّسْتَقِيمًۭا	مُسْتَقِيمًا	1.00	1.00	rec	1978.26	1979.74
68	0	وَمَن	وَمَنْ	1.00	1.00	rec	1981.02	1982.18
68	1	يُطِعِ	يُطِعِ	1.00	1.00	rec	1982.22	1982.76
68	2	ٱللَّهَ	اللَّهَ	1.00	1.00	rec	1982.82	1983.64
68	3	وَٱلرَّسُولَ	وَالرَّسُولَ	1.00	1.00	rec	1983.78	1984.88
68	4	فَأُو۟لَٰٓئِكَ	فَأُولَـٰئِكَ	1.00	1.00	rec	1985.10	1987.58
68	5	مَعَ	مَعَ	1.00	0.97	rec	1987.72	1987.98
68	6	ٱلَّذِينَ	الَّذِينَ	1.00	1.00	rec	1988.06	1989.00
68	7	أَنْعَمَ	أَنْعَمَ	1.00	1.00	rec	1989.18	1989.90
68	8	ٱللَّهُ	اللَّهُ	1.00	0.91	rec	1989.96	1990.82
68	9	عَلَيْهِم	عَلَيْهِمْ	1.00	1.00	rec	1990.98	1992.18
68	10	مِّنَ	مِنَ	1.00	1.00	rec	2000.02	2000.28
68	11	ٱلنَّبِيِّۦنَ	النَّبِيِّينَ	0.86	0.99	rec	2000.34	2002.28
68	12	وَٱلصِّدِّيقِينَ	وَصِّرْ+الدِّيقِينَ	0.70	0.82	rec	2002.38	2004.16
68	13	وَٱلشُّهَدَآءِ	وَالشُّهَدَاءِ	1.00	1.00	rec	2004.30	2006.60
68	14	وَٱلصَّٰلِحِينَۚ	وَالصَّالِحِينَ	1.00	1.00	rec	2006.70	2009.22
68	15	وَحَسُنَ	وَحَسُنَ	1.00	1.00	rec	2010.04	2010.82
68	16	أُو۟لَٰٓئِكَ	أُولَـٰئِكَ	1.00	1.00	rec	2010.96	2013.26
68	17	رَفِيقًۭا	رَفِيقًا	1.00	1.00	rec	2013.42	2014.48
69	0	ذَٰلِكَ	ذَٰلِكَ	1.00	1.00	rec	2015.66	2016.40
69	1	ٱلْفَضْلُ	الْفَضْلُ	1.00	1.00	rec	2016.46	2017.30
69	2	مِنَ	مِنَ	1.00	1.00	rec	2017.50	2017.76
69	3	ٱللَّهِۚ	اللَّهِ	1.00	1.00	rec	2017.82	2018.56
69	4	وَكَفَىٰ	وَكَفَىٰ	1.00	1.00	rec	2018.78	2019.42
69	5	بِٱللَّهِ	بِاللَّهِ	1.00	1.00	rec	2019.78	2020.68
69	6	عَلِيمًۭا	عَلِيمًا	1.00	1.00	rec	2020.84	2021.66
70	0	يَٰٓأَيُّهَا	يَا+أَيُّهَا	1.00	1.00	rec	2023.04	2024.24
70	1	ٱلَّذِينَ	الَّذِينَ	1.00	1.00	rec	2024.30	2025.16
70	2	ءَامَنُوا۟	آمَنُوا	0.83	1.00	rec	2025.30	2026.08
70	3	خُذُوا۟	خُذُوا	1.00	0.99	rec	2026.42	2026.80
70	4	حِذْرَكُمْ	حِذْرَكُمْ	1.00	1.00	rec	2027.18	2028.32
70	5	فَٱنفِرُوا۟	فَانْفِرُوا	1.00	1.00	rec	2028.52	2029.90
70	6	ثُبَاتٍ	ثُبْعَتٍ	0.75	0.87	rec	2030.26	2031.18
70	7	أَوِ	أَوِ	1.00	1.00	rec	2031.58	2031.84
70	8	ٱنفِرُوا۟	انْفِرُوا	1.00	1.00	rec	2031.90	2032.78
70	9	جَمِيعًۭا	جَمِيعًا	1.00	1.00	rec	2033.18	2034.14
71	0	وَإِنَّ	وَإِنَّ	1.00	1.00	rec	2035.54	2036.28
71	1	مِنكُمْ	مِنْكُمْ	1.00	1.00	rec	2036.42	2037.46
71	2	لَمَن	لَمَنْ	1.00	1.00	rec	2037.56	2038.02
71	3	لَّيُبَطِّئَنَّ	لَيُبَطُ+قْطِئَنِّ	0.75	0.68	rec	2038.08	2040.22
71	4	فَإِنْ	فَإِنْ	1.00	1.00	rec	2040.98	2041.56
71	5	أَصَٰبَتْكُم	أَصَابَتْكُمْ	1.00	1.00	rec	2041.62	2043.36
71	6	مُّصِيبَةٌۭ	مُصِيبَةٌ	1.00	1.00	rec	2043.44	2044.66
71	7	قَالَ	قَالَ	1.00	1.00	rec	2045.52	2046.04
71	8	قَدْ	قَدْ	1.00	1.00	rec	2046.26	2046.56
71	9	أَنْعَمَ	أَنْعَمَ	1.00	1.00	rec	2046.70	2047.40
71	10	ٱللَّهُ	اللَّهُ	1.00	1.00	rec	2047.46	2048.32
71	11	عَلَىَّ	عَلَيَّ	1.00	1.00	rec	2048.52	2049.24
71	12	إِذْ	إِذْ	1.00	1.00	rec	2049.42	2049.76
71	13	لَمْ	لَمْ	1.00	1.00	rec	2049.84	2050.12
71	14	أَكُن	أَكُنْ	1.00	1.00	rec	2050.20	2051.14
71	15	مَّعَهُمْ	مَعَهُمْ	1.00	1.00	rec	2051.18	2051.96
71	16	شَهِيدًۭا	شَهِيدًا	1.00	1.00	rec	2052.10	2053.10
72	0	وَلَئِنْ	وَلَئِنْ	1.00	1.00	rec	2054.22	2054.92
72	1	أَصَٰبَكُمْ	أَصَابَكُمْ	1.00	1.00	rec	2055.00	2056.30
72	2	فَضْلٌۭ	فَضْلٌ	1.00	1.00	rec	2056.44	2056.96
72	3	مِّنَ	مِنَ	1.00	1.00	rec	2057.66	2057.92
72	4	ٱللَّهِ	اللَّهِ	1.00	0.99	rec	2057.98	2058.84
72	5	لَيَقُولَنَّ	لَيَقُولَنَّ	1.00	1.00	rec	2058.98	2060.50
72	6	كَأَن	كَأَنْ	1.00	0.96	rec	2060.68	2061.16
72	7	لَّمْ	لَمْ	1.00	0.82	rec	2061.22	2061.48
72	8	تَكُنۢ	يَكُنْ	0.67	1.00	rec	2069.24	2070.10
72	9	بَيْنَكُمْ	بَيِينَكُمْ	0.83	0.93	rec	2070.18	2071.20
72	10	وَبَيْنَهُۥ	وَبَيْنَهُ	1.00	1.00	rec	2071.30	2072.14
72	11	مَوَدَّةٌۭ	مَوَدَّةٌ	1.00	1.00	rec	2072.42	2073.38
72	12	يَٰلَيْتَنِى	يَا+لَيْتَنِي	1.00	0.99	rec	2074.10	2075.50
72	13	كُنتُ	كُنْتُ	1.00	1.00	rec	2075.96	2077.04
72	14	مَعَهُمْ	مَعَهُمْ	1.00	1.00	rec	2077.18	2077.96
72	15	فَأَفُوزَ	فَأَفُوزَ	1.00	0.98	rec	2078.10	2079.08
72	16	فَوْزًا	فَوْزًا	1.00	1.00	rec	2079.28	2079.86
72	17	عَظِيمًۭا	عَظِيمًا	1.00	1.00	rec	2080.26	2081.32
73	0	فَلْيُقَٰتِلْ	فَلْيُقَاتِلْ	1.00	1.00	rec	2083.76	2085.24
73	1	فِى	فِي	1.00	1.00	rec	2085.38	2085.52
73	2	سَبِيلِ	سَبِيلِ	1.00	1.00	rec	2085.74	2086.34
73	3	ٱللَّهِ	اللَّهِ	1.00	1.00	rec	2086.40	2087.08
73	4	ٱلَّذِينَ	الَّذِينَ	1.00	1.00	rec	2087.14	2088.02
73	5	يَشْرُونَ	يَسْرُونَ	0.80	0.93	rec	2088.12	2089.00
73	6	ٱلْحَيَوٰةَ	الْحَيَاةَ	0.86	1.00	rec	2089.04	2090.02
73	7	ٱلدُّنْيَا	الدُّنْيَا	1.00	1.00	rec	2090.08	2090.86
73	8	بِٱلْءَاخِرَةِۚ	بِالْآخِرَةِ	0.88	1.00	rec	2091.20	2092.52
73	9	وَمَن	وَمَنْ	1.00	1.00	rec	2093.24	2094.08
73	10	يُقَٰتِلْ	يُقَاتِلْ⌐	0.71	0.98	rec	2094.12	2094.91
73	11	فِى	يُقَاتِلْ¬	0.71	0.98	rec	2094.91	2095.22
73	12	سَبِيلِ	سَبِيلِ	1.00	1.00	rec	2095.74	2096.36
73	13	ٱللَّهِ	اللَّهِ	1.00	1.00	rec	2096.42	2097.22
73	14	فَيُقْتَلْ	فَيُقْتَلْ	1.00	1.00	rec	2097.44	2098.50
73	15	أَوْ	أَوْ	1.00	1.00	rec	2098.60	2098.88
73	16	يَغْلِبْ	يَغْلِفْ	0.75	1.00	rec	2099.00	2099.70
73	17	فَسَوْفَ	فَسَوْفَ	1.00	1.00	rec	2099.76	2100.52
73	18	نُؤْتِيهِ	نُؤْتِيهِ	1.00	1.00	rec	2100.66	2101.52
73	19	أَجْرًا	أَجْرًا	1.00	1.00	rec	2101.70	2102.22
73	20	عَظِيمًۭا	عَظِيمًا	1.00	1.00	rec	2102.56	2103.54
74	0	وَمَا	وَمَا	1.00	1.00	rec	2104.82	2105.14
74	1	لَكُمْ	لَكُمْ	1.00	1.00	rec	2105.40	2105.90
74	2	لَا	لَا	1.00	1.00	rec	2105.96	2106.08
74	3	تُقَٰتِلُونَ	تُقَاتِلُونَ	1.00	1.00	rec	2106.36	2107.70
74	4	فِى	فِي	1.00	1.00	rec	2107.86	2107.98
74	5	سَبِيلِ	سَبِيلِ	1.00	1.00	rec	2108.22	2108.92
74	6	ٱللَّهِ	اللَّهِ	1.00	0.99	rec	2108.96	2109.72
74	7	وَٱلْمُسْتَضْعَفِينَ	وَالْمُسْتَضْعَفِينَ+مِنَ	0.85	0.99	rec	2109.86	2112.22
74	8	مِنَ	مِنَ	1.00	1.00	rec	2121.84	2122.10
74	9	ٱلرِّجَالِ	الرِّجَالِ	1.00	1.00	rec	2122.16	2123.22
74	10	وَٱلنِّسَآءِ	وَالنِّسَاءِ	1.00	1.00	rec	2123.36	2126.06
74	11	وَٱلْوِلْدَٰنِ	وَالْوِلْدَانِ	1.00	1.00	rec	2126.18	2127.48
74	12	ٱلَّذِينَ	الَّذِينَ	1.00	1.00	rec	2127.54	2128.42
74	13	يَقُولُونَ	يَقُولُونَ	1.00	1.00	rec	2128.52	2129.72
74	14	رَبَّنَآ	رَبَّنَا	1.00	1.00	rec	2129.84	2130.50
74	15	أَخْرِجْنَا	أَخْرِجْنَا	1.00	1.00	rec	2130.98	2131.90
74	16	مِنْ	مِنْ	1.00	1.00	rec	2132.26	2132.62
74	17	هَٰذِهِ	هَـٰذِهِ	1.00	1.00	rec	2132.70	2133.50
74	18	ٱلْقَرْيَةِ	الْقَرْيَةُ	1.00	0.97	rec	2133.56	2134.64
74	19	ٱلظَّالِمِ	الظَّالِمِ	1.00	0.96	rec	2142.80	2143.84
74	20	أَهْلُهَا	أَهْلُهَا	1.00	1.00	rec	2144.04	2144.76
74	21	وَٱجْعَل	وَجَعَلْ	0.80	0.99	rec	2145.88	2146.66
74	22	لَّنَا	لَنَا	1.00	1.00	rec	2146.74	2147.06
74	23	مِن	مِنْ	1.00	1.00	rec	2147.32	2147.62
74	24	لَّدُنكَ	لَدُنْكَ	1.00	1.00	rec	2147.70	2148.86
74	25	وَلِيًّۭا	وَلِيًّا	1.00	1.00	rec	2149.00	2149.74
74	26	وَٱجْعَل	وَجَعَلْ	0.80	1.00	rec	2150.32	2151.10
74	27	لَّنَا	لَنَا	1.00	1.00	rec	2151.18	2151.50
74	28	مِن	مِنْ	1.00	1.00	rec	2151.78	2152.04
74	29	لَّدُنكَ	لَدُنْكَ	1.00	1.00	rec	2152.10	2153.46
74	30	نَصِيرًا	نَصِيرًا	1.00	1.00	rec	2153.62	2154.62
75	0	ٱلَّذِينَ	الَّذِينَ	1.00	1.00	rec	2155.74	2156.42
75	1	ءَامَنُوا۟	آمَنُوا	0.83	0.97	rec	2156.54	2157.14
75	2	يُقَٰتِلُونَ	يُقَاتِلُونَ	1.00	1.00	rec	2157.44	2158.86
75	3	فِى	فِي	1.00	1.00	rec	2159.04	2159.18
75	4	سَبِيلِ	سَبِيلِ	1.00	1.00	rec	2159.50	2160.20
75	5	ٱللَّهِۖ	اللَّهِ	1.00	1.00	rec	2160.26	2161.12
75	6	وَٱلَّذِينَ	وَالَّذِينَ	1.00	1.00	rec	2161.92	2162.82
75	7	كَفَرُوا۟	كَفَرُوا	1.00	0.94	rec	2163.00	2163.52
75	8	يُقَٰتِلُونَ	يُقَاتِلُونَ	1.00	1.00	rec	2163.84	2165.08
75	9	فِى	فِي	1.00	1.00	rec	2165.26	2165.40
75	10	سَبِيلِ	سَبِيلٍ	1.00	0.99	rec	2165.72	2166.42
75	11	ٱلطَّٰغُوتِ		0.00	0.13	forced	2166.44	2168.50
75	12	فَقَٰتِلُوٓا۟	فَقَاتِلُوا	1.00	1.00	rec	2169.12	2170.24
75	13	أَوْلِيَآءَ	أَوْلِيَاءَ	1.00	1.00	rec	2170.58	2172.66
75	14	ٱلشَّيْطَٰنِۖ	الشَّيْطَانِ	1.00	1.00	rec	2172.72	2174.60
75	15	إِنَّ	إِنَّ	1.00	1.00	rec	2175.10	2176.30
75	16	كَيْدَ	كَيْدَ	1.00	0.94	rec	2176.52	2177.06
75	17	ٱلشَّيْطَٰنِ	الشَّيْطَانِ	1.00	1.00	rec	2177.12	2178.44
75	18	كَانَ	كَانَ	1.00	1.00	rec	2178.64	2179.28
75	19	ضَعِيفًا	ضَعِيفًا	1.00	1.00	rec	2179.46	2180.46
76	0	أَلَمْ	أَلَمْ	1.00	1.00	rec	2181.78	2182.20
76	1	تَرَ	تَرَ	1.00	1.00	rec	2182.32	2182.58
76	2	إِلَى	إِلَى	1.00	0.99	rec	2182.74	2182.96
76	3	ٱلَّذِينَ	الَّذِينَ	1.00	1.00	rec	2183.02	2183.78
76	4	قِيلَ	قِيلَ	1.00	1.00	rec	2184.00	2184.48
76	5	لَهُمْ	لَهُمْ	1.00	1.00	rec	2184.60	2185.06
76	6	كُفُّوٓا۟	فُو	0.50	1.00	rec	2185.62	2185.74
76	7	أَيْدِيَكُمْ	أَيْدِيَكُمْ	1.00	1.00	rec	2186.22	2187.26
76	8	وَأَقِيمُوا۟	وَأَقِيمُوا	1.00	0.95	rec	2187.38	2188.28
76	9	ٱلصَّلَوٰةَ	الصَّلَاةَ	0.86	1.00	rec	2188.34	2189.28
76	10	وَءَاتُوا۟	وَآتِ	0.50	0.79	rec	2189.40	2190.12
76	11	ٱلزَّكَوٰةَ	الزَّكَاةِ	0.86	1.00	rec	2190.24	2191.60
76	12	فَلَمَّا	فَلَمَّا	1.00	1.00	rec	2192.40	2193.58
76	13	كُتِبَ	كُتِبَ	1.00	1.00	rec	2193.96	2194.44
76	14	عَلَيْهِمُ	عَلَيْهِمِ	1.00	1.00	rec	2194.58	2195.62
76	15	ٱلْقِتَالُ	الْقِتَالِ	1.00	0.98	rec	2195.70	2197.78
76	16	إِذَا	إِذَا	1.00	1.00	rec	2204.64	2204.98
76	17	فَرِيقٌۭ	فَرِيقٌ	1.00	1.00	rec	2205.34	2206.08
76	18	مِّنْهُمْ	مِنْهُمْ	1.00	1.00	rec	2206.74	2207.46
76	19	يَخْشَوْنَ	يَخْسَوْنَ	0.80	1.00	rec	2207.58	2208.54
76	20	ٱلنَّاسَ	النَّاسُ	1.00	0.92	rec	2208.58	2210.18
76	21	كَخَشْيَةِ	كَخَشْيَةِ	1.00	0.98	rec	2217.00	2217.96
76	22	ٱللَّهِ	اللَّهِ	1.00	0.98	rec	2218.02	2218.90
76	23	أَوْ	أَوْ	1.00	1.00	rec	2219.10	2219.38
76	24	أَشَدَّ	أَشَدَّ	1.00	0.99	rec	2219.48	2220.20
76	25	خَشْيَةًۭۚ	خَشْيَهً	0.75	0.98	rec	2220.40	2221.10
76	26	وَقَالُوا۟	وَقَالُوا	1.00	1.00	rec	2222.04	2222.90
76	27	رَبَّنَا	رَبَّنَا	1.00	1.00	rec	2223.30	2223.96
76	28	لِمَ	لِمَ	1.00	1.00	rec	2224.30	2224.58
76	29	كَتَبْتَ	كَتَبْتَ	1.00	1.00	rec	2224.80	2225.58
76	30	عَلَيْنَا	عَلَيْنَا	1.00	1.00	rec	2225.72	2226.40
76	31	ٱلْقِتَالَ	الْقِتَالُ	1.00	1.00	rec	2226.46	2228.06
76	32	لَوْلَآ	لَوْلَا	1.00	1.00	rec	2228.70	2229.18
76	33	أَخَّرْتَنَآ	أَخَّرْتَنَا	1.00	1.00	rec	2229.64	2230.78
76	34	إِلَىٰٓ	إِلَىٰ	1.00	1.00	rec	2231.14	2231.50
76	35	أَجَلٍۢ	أَجَلٍ	1.00	0.93	rec	2231.82	2232.30
76	36	قَرِيبٍۢۗ	قَرِيبٍ	1.00	0.99	rec	2233.18	2234.54
76	37	قُلْ	قُلْ	1.00	1.00	rec	2235.18	2235.42
76	38	مَتَٰعُ	مَتَاعُ	1.00	1.00	rec	2235.52	2236.28
76	39	ٱلدُّنْيَا	الدُّنْيَا	1.00	1.00	rec	2236.36	2237.16
76	40	قَلِيلٌۭ	قَلِيلٌ	1.00	1.00	rec	2237.60	2238.38
76	41	وَٱلْءَاخِرَةُ	وَالْآخِرَةُ	0.88	1.00	rec	2239.08	2240.60
76	42	خَيْرٌۭ	خَيْرٌ	1.00	1.00	rec	2240.82	2241.40
76	43	لِّمَنِ	لِمَنِ	1.00	1.00	rec	2241.74	2242.26
76	44	ٱتَّقَىٰ	اتَّقَىٰ	1.00	1.00	rec	2242.32	2242.98
76	45	وَلَا	وَلَا	1.00	1.00	rec	2243.40	2243.74
76	46	تُظْلَمُونَ	تُظْلَمُونَ	1.00	1.00	rec	2244.24	2245.50
76	47	فَتِيلًا	فَتِيلًا	1.00	1.00	rec	2245.66	2246.58
77	0	أَيْنَمَا	أَيْنَ+مَا	1.00	1.00	rec	2247.76	2248.48
77	1	تَكُونُوا۟	تَكُونُوا	1.00	1.00	rec	2248.90	2249.84
77	2	يُدْرِككُّمُ	يُدْرِكُ+كُمُ	1.00	0.82	rec	2250.26	2251.38
77	3	ٱلْمَوْتُ	الْمَوْتُ	1.00	1.00	rec	2251.48	2252.34
77	4	وَلَوْ	وَلَوْ	1.00	1.00	rec	2252.50	2253.04
77	5	كُنتُمْ	كُنْتُمْ	1.00	1.00	rec	2253.22	2254.66
77	6	فِى	فِي	1.00	1.00	rec	2254.82	2254.96
77	7	بُرُوجٍۢ	بُرُوجٍ	1.00	0.97	rec	2255.28	2256.08
77	8	مُّشَيَّدَةٍۢۗ	مُشَيَّدَةٍ	1.00	1.00	rec	2256.68	2258.04
77	9	وَإِن	وَإِنْ	1.00	1.00	rec	2258.90	2259.94
77	10	تُصِبْهُمْ	تُصِبْهُمْ	1.00	1.00	rec	2260.10	2261.06
77	11	حَسَنَةٌۭ	حَسَنَةٌ	1.00	1.00	rec	2261.18	2262.02
77	12	يَقُولُوا۟	يَقُولُوا	1.00	1.00	rec	2262.68	2263.44
77	13	هَٰذِهِۦ	هَـٰذِهِ	1.00	1.00	rec	2263.78	2264.60
77	14	مِنْ	مِنْ	1.00	1.00	rec	2265.00	2265.34
77	15	عِندِ	عِنْدِ	1.00	1.00	rec	2265.44	2266.36
77	16	ٱللَّهِۖ	اللَّهِ	1.00	1.00	rec	2266.42	2267.36
77	17	وَإِن	وَإِنْ	1.00	1.00	rec	2268.10	2269.20
77	18	تُصِبْهُمْ	تُصِبْهُمْ	1.00	1.00	rec	2269.34	2270.40
77	19	سَيِّئَةٌۭ	سَيِّئَةٌ	1.00	1.00	rec	2270.54	2271.60
77	20	يَقُولُوا۟	يَقُولُوا	1.00	0.99	rec	2272.36	2273.18
77	21	هَٰذِهِۦ	هَـٰذِهِ	1.00	1.00	rec	2273.52	2274.32
77	22	مِنْ	مِنْ	1.00	1.00	rec	2274.84	2275.18
77	23	عِندِكَۚ	عِنْدِكَ	1.00	1.00	rec	2275.28	2276.68
77	24	قُلْ	قُلْ	1.00	1.00	rec	2277.26	2277.50
77	25	كُلٌّۭ	كُلٌّ	1.00	1.00	rec	2277.66	2278.06
77	26	مِّنْ	مِنْ	1.00	1.00	rec	2278.74	2279.08
77	27	عِندِ	عِنْدِ	1.00	1.00	rec	2279.18	2280.22
77	28	ٱللَّهِۖ	اللَّهِ	1.00	1.00	rec	2280.26	2281.08
77	29	فَمَالِ	فَمَالِ	1.00	1.00	rec	2281.60	2282.18
77	30	هَٰٓؤُلَآءِ	هَـٰؤُلَاءِ	1.00	1.00	rec	2282.34	2284.72
77	31	ٱلْقَوْمِ	الْقَوْمِ	1.00	1.00	rec	2284.78	2285.60
77	32	لَا	لَا	1.00	1.00	rec	2285.76	2285.86
77	33	يَكَادُونَ	يَكَادُونَ	1.00	0.99	rec	2286.22	2287.56
77	34	يَفْقَهُونَ	قَهُونَ	0.67	1.00	rec	2288.12	2288.98
77	35	حَدِيثًۭا	حَدِيٌ+ثَا	1.00	0.79	rec	2289.16	2290.26
78	0	مَّآ	مَا	1.00	0.97	rec	2291.60	2291.72
78	1	أَصَابَكَ	أَصَابَكَ	1.00	1.00	rec	2292.28	2293.30
78	2	مِنْ	مِنْ	1.00	1.00	rec	2293.42	2293.72
78	3	حَسَنَةٍۢ	حَسَنَةٍ	1.00	1.00	rec	2293.84	2294.58
78	4	فَمِنَ	فَمِنَ	1.00	1.00	rec	2295.48	2295.94
78	5	ٱللَّهِۖ	اللَّهِ	1.00	1.00	rec	2295.98	2296.90
78	6	وَمَآ	وَمَا	1.00	1.00	rec	2297.54	2297.86
78	7	أَصَابَكَ	أَصَابَكَ	1.00	1.00	rec	2298.06	2299.16
78	8	مِن	مِنْ	1.00	1.00	rec	2299.30	2300.00
78	9	سَيِّئَةٍۢ	سَيِّئَةٍ	1.00	1.00	rec	2300.12	2301.16
78	10	فَمِن	فَمِنْ	1.00	1.00	rec	2301.84	2303.02
78	11	نَّفْسِكَۚ	نَفْسِككَ	0.80	0.99	rec	2303.08	2303.88
78	12	وَأَرْسَلْنَٰكَ	وَأَرْسَلْنَاكَ	1.00	1.00	rec	2304.52	2306.10
78	13	لِلنَّاسِ	لِلنَّاسِ	1.00	1.00	rec	2306.22	2307.54
78	14	رَسُولًۭاۚ	رَسُولًا	1.00	1.00	rec	2307.68	2308.52
78	15	وَكَفَىٰ	وَكَفَىٰ	1.00	1.00	rec	2309.16	2309.88
78	16	بِٱللَّهِ	بِاللَّهِ	1.00	1.00	rec	2310.26	2311.26
78	17	شَهِيدًۭا	شَهِيدًا	1.00	1.00	rec	2311.46	2312.48
79	0	مَّن	مَنْ	1.00	1.00	rec	2313.92	2314.68
79	1	يُطِعِ	يُطِعِ	1.00	1.00	rec	2314.74	2315.32
79	2	ٱلرَّسُولَ	الرَّسُولَ	1.00	1.00	rec	2315.40	2316.46
79	3	فَقَدْ	فَقَدْ	1.00	1.00	rec	2316.68	2317.30
79	4	أَطَاعَ	أَطَاعَ	1.00	0.96	rec	2317.46	2318.34
79	5	ٱللَّهَۖ	اللَّهُ	1.00	0.94	rec	2318.42	2319.66
79	6	وَمَن	وَمَنْ	1.00	1.00	rec	2320.22	2320.82
79	7	تَوَلَّىٰ	تَوَلَّىٰ	1.00	1.00	rec	2320.96	2321.68
79	8	فَمَآ	فَمَا	1.00	1.00	rec	2322.06	2322.44
79	9	أَرْسَلْنَٰكَ	أَرْسَلْنَاكَ	1.00	1.00	rec	2322.96	2324.36
79	10	عَلَيْهِمْ	عَلَيْهِمْ	1.00	1.00	rec	2324.46	2325.48
79	11	حَفِيظًۭا		0.00	0.15	forced	2325.78	2326.80
80	0	وَيَقُولُونَ	وَيَقُولُونَ	1.00	1.00	rec	2328.26	2329.82
80	1	طَاعَةٌۭ	طَاعَةٌ	1.00	0.97	rec	2330.02	2330.82
80	2	فَإِذَا	فَإِذَا	1.00	1.00	rec	2331.44	2332.06
80	3	بَرَزُوا۟	بَرَزُوا	1.00	0.98	rec	2332.38	2332.94
80	4	مِنْ	مِنْ	1.00	1.00	rec	2333.32	2333.62
80	5	عِندِكَ	عِنْدِكَ	1.00	1.00	rec	2333.70	2335.08
80	6	بَيَّتَ	بَيَّرٌ	0.67	0.97	rec	2339.32	2339.94
80	7	طَآئِفَةٌۭ	ضَائِفَةٌ	0.80	1.00	rec	2340.26	2342.76
80	8	مِّنْهُمْ	مِنْهُمْ	1.00	0.92	rec	2343.62	2344.26
80	9	غَيْرَ	غَيْرَ	1.00	1.00	rec	2344.50	2344.94
80	10	ٱلَّذِى	الَّذِي	1.00	1.00	rec	2345.00	2345.50
80	11	تَقُولُۖ	تَقُولُ	1.00	0.95	rec	2345.78	2347.26
80	12	وَٱللَّهُ	وَاللَّهُ	1.00	1.00	rec	2348.14	2349.00
80	13	يَكْتُبُ	يَكْتُبُ	1.00	1.00	rec	2349.16	2349.78
80	14	مَا	مَا	1.00	1.00	rec	2349.96	2350.08
80	15	يُبَيِّتُونَۖ	يُبَيِّتُونَ	1.00	0.99	rec	2350.40	2352.68
80	16	فَأَعْرِضْ	فَأَعْرِضْ	1.00	1.00	rec	2353.22	2354.18
80	17	عَنْهُمْ	عَنْهُمْ	1.00	1.00	rec	2354.26	2355.10
80	18	وَتَوَكَّلْ	وَتَوَكَّلْ	1.00	1.00	rec	2355.20	2356.28
80	19	عَلَى	عَلَى	1.00	1.00	rec	2356.36	2356.62
80	20	ٱللَّهِۚ	اللَّهِ	1.00	1.00	rec	2356.66	2357.80
80	21	وَكَفَىٰ	وَكَفَىٰ	1.00	1.00	rec	2358.42	2358.98
80	22	بِٱللَّهِ	بِاللَّهِ	1.00	0.99	rec	2359.40	2360.32
80	23	وَكِيلًا	وَكِيلًا	1.00	1.00	rec	2360.46	2361.48
81	0	أَفَلَا	أَفَلَا	1.00	1.00	rec	2362.68	2363.24
81	1	يَتَدَبَّرُونَ	يَتَدَبَّرُونَ	1.00	1.00	rec	2363.64	2365.44
81	2	ٱلْقُرْءَانَۚ	الْقُرْآنَ	0.86	1.00	rec	2365.50	2367.24
81	3	وَلَوْ	وَلَوْ	1.00	1.00	rec	2367.98	2368.36
81	4	كَانَ	كَانَ	1.00	1.00	rec	2368.50	2368.92
81	5	مِنْ	مِنْ	1.00	1.00	rec	2369.04	2369.36
81	6	عِندِ	عِنْدِ	1.00	1.00	rec	2369.44	2370.26
81	7	غَيْرِ	غَيْرِ	1.00	1.00	rec	2370.42	2370.98
81	8	ٱللَّهِ	اللَّهِ	1.00	0.97	rec	2371.04	2371.86
81	9	لَوَجَدُوا۟	لَوَجَدُوا	1.00	1.00	rec	2372.00	2372.78
81	10	فِيهِ	فِيهِ	1.00	1.00	rec	2373.18	2373.68
81	11	ٱخْتِلَٰفًۭا	اخْتِلَافًا	1.00	1.00	rec	2373.74	2374.90
81	12	كَثِيرًۭا	كَثِيرًا	1.00	1.00	rec	2375.74	2376.64
82	0	وَإِذَا	وَإِذَا	1.00	1.00	rec	2378.44	2379.02
82	1	جَآءَهُمْ	جَاءَهُمْ	1.00	1.00	rec	2379.32	2381.30
82	2	أَمْرٌۭ	أَمْرٌ	1.00	1.00	rec	2381.44	2381.94
82	3	مِّنَ	مِنَ	1.00	1.00	rec	2382.52	2382.78
82	4	ٱلْأَمْنِ	الْأَمْنِ	1.00	1.00	rec	2382.84	2383.60
82	5	أَوِ	أَوِ	1.00	1.00	rec	2383.78	2384.08
82	6	ٱلْخَوْفِ	الْخَوْفِ	1.00	1.00	rec	2384.14	2385.00
82	7	أَذَاعُوا۟	أَذَاعُوا	1.00	1.00	rec	2385.18	2386.08
82	8	بِهِۦۖ	بِهِ	1.00	1.00	rec	2386.48	2386.76
82	9	وَلَوْ	وَلَوْ	1.00	1.00	rec	2387.56	2388.00
82	10	رَدُّوهُ	رَدُّوهُ	1.00	1.00	rec	2388.10	2388.98
82	11	إِلَى	إِلَى	1.00	0.99	rec	2389.18	2389.46
82	12	ٱلرَّسُولِ	الرَّسُولِ	1.00	1.00	rec	2389.52	2390.50
82	13	وَإِلَىٰٓ	وَإِلَىٰ	1.00	1.00	rec	2390.68	2391.30
82	14	أُو۟لِى	أُولِي	1.00	1.00	rec	2391.70	2392.00
82	15	ٱلْأَمْرِ	الْأَمْرِ	1.00	1.00	rec	2392.06	2392.74
82	16	مِنْهُمْ	مِنْهُمْ	1.00	1.00	rec	2392.90	2393.64
82	17	لَعَلِمَهُ	لَعَلِمَهُ	1.00	1.00	rec	2393.74	2394.68
82	18	ٱلَّذِينَ	الَّذِينَ	1.00	0.95	rec	2394.78	2395.70
82	19	يَسْتَنۢبِطُونَهُۥ	يَسْتَنْبِطُونَهُ	1.00	0.96	rec	2395.82	2398.56
82	20	مِنْهُمْۗ	مِنْهُمْ	1.00	1.00	rec	2399.02	2399.94
82	21	وَلَوْلَا	وَلَوْلَا	1.00	1.00	rec	2400.74	2401.46
82	22	فَضْلُ	فَضْلُ	1.00	1.00	rec	2401.94	2402.50
82	23	ٱللَّهِ	اللَّهِ	1.00	0.99	rec	2402.58	2403.44
82	24	عَلَيْكُمْ	عَلَيْكُمْ	1.00	1.00	rec	2403.58	2404.46
82	25	وَرَحْمَتُهُۥ	وَرَحْمَتُهُ	1.00	1.00	rec	2404.56	2405.70
82	26	لَٱتَّبَعْتُمُ	لَاتَّبَعْ+ْتُمُ	1.00	0.88	rec	2406.06	2407.24
82	27	ٱلشَّيْطَٰنَ	الشَّيْطَانَ	1.00	1.00	rec	2407.34	2408.62
82	28	إِلَّا	إِلَّاق	0.75	0.96	rec	2408.76	2409.78
82	29	قَلِيلًۭا	َلِيلًا	0.80	1.00	rec	2409.88	2410.72
83	0	فَقَٰتِلْ	فَقَاتِلْ	1.00	1.00	rec	2411.88	2413.00
83	1	فِى	فِي	1.00	1.00	rec	2413.12	2413.24
83	2	سَبِيلِ	سَبِيلِ	1.00	1.00	rec	2413.54	2414.16
83	3	ٱللَّهِ	اللَّهِلَا⌐	1.00	0.85	rec	2414.20	2414.83
83	4	لَا	اللَّهِلَا¬	1.00	0.85	rec	2414.83	2415.14
83	5	تُكَلَّفُ	تُكَلَّفُ	1.00	0.86	rec	2415.52	2416.32
83	6	إِلَّا	إِلَّا	1.00	0.99	rec	2416.52	2416.98
83	7	نَفْسَكَۚ	نَفْسَكَ	1.00	1.00	rec	2417.32	2417.98
83	8	وَحَرِّضِ	وَحَرِّضِ	1.00	1.00	rec	2418.08	2419.00
83	9	ٱلْمُؤْمِنِينَۖ	الْمُؤْمِنِينَ	1.00	1.00	rec	2419.06	2421.12
83	10	عَسَى	عَسَى	1.00	1.00	rec	2421.76	2422.12
83	11	ٱللَّهُ	اللَّهُ	1.00	1.00	rec	2422.16	2423.04
83	12	أَن	أَنْ	1.00	1.00	rec	2423.24	2423.86
83	13	يَكُفَّ	يَكُفَّبَ	0.75	1.00	rec	2423.90	2424.76
83	14	بَأْسَ		0.00	0.17	forced	2424.98	2425.18
83	15	ٱلَّذِينَ	الَّذِينَ	1.00	1.00	rec	2425.24	2426.28
83	16	كَفَرُوا۟ۚ	كَفَرُوا	1.00	1.00	rec	2426.48	2427.06
83	17	وَٱللَّهُ	وَاللَّهُ	1.00	0.93	rec	2428.18	2429.12
83	18	أَشَدُّ	أَشَدْ	1.00	0.86	rec	2429.32	2429.74
83	19	بَأْسًۭا	بَأْسًا	1.00	1.00	rec	2430.16	2430.66
83	20	وَأَشَدُّ	وَأَشَدُّت	0.80	0.96	rec	2431.46	2432.64
83	21	تَنكِيلًۭا	نْكِيلَا	0.83	0.98	rec	2433.22	2434.12
84	0	مَّن	مَنْ	1.00	1.00	rec	2435.20	2435.98
84	1	يَشْفَعْ	يَشْفَعْ	1.00	0.99	rec	2436.04	2436.76
84	2	شَفَٰعَةً	شَفَاعَةً	1.00	1.00	rec	2436.86	2437.86
84	3	حَسَنَةًۭ	حَسَنَةً	1.00	0.96	rec	2438.22	2439.10
84	4	يَكُن	يَكُنْ	1.00	1.00	rec	2439.86	2440.42
84	5	لَّهُۥ	لَهُ	1.00	1.00	rec	2440.50	2440.82
84	6	نَصِيبٌۭ	نَصِيبٌ	1.00	1.00	rec	2441.28	2442.26
84	7	مِّنْهَاۖ	مِنْهَا	1.00	1.00	rec	2442.84	2443.44
84	8	وَمَن	وَمَنْ	1.00	1.00	rec	2444.52	2445.60
84	9	يَشْفَعْ	يَشْفَعْ	1.00	1.00	rec	2445.64	2446.36
84	10	شَفَٰعَةًۭ	شَفَاعَةً	1.00	0.99	rec	2446.50	2447.64
84	11	سَيِّئَةًۭ	سَيِّئَةً	1.00	1.00	rec	2448.40	2449.44
84	12	يَكُن	يَكُنْ	1.00	1.00	rec	2450.10	2450.64
84	13	لَّهُۥ	لَهُ	1.00	1.00	rec	2450.72	2451.04
84	14	كِفْلٌۭ	كِفْلٌ	1.00	1.00	rec	2451.50	2451.94
84	15	مِّنْهَاۗ	مِنْهَا	1.00	1.00	rec	2452.84	2453.48
84	16	وَكَانَ	وَكَانَ	1.00	1.00	rec	2454.56	2455.40
84	17	ٱللَّهُ	اللَّهُ	1.00	0.99	rec	2455.44	2456.26
84	18	عَلَىٰ	عَلَىٰ	1.00	1.00	rec	2456.40	2456.74
84	19	كُلِّ	كُلِّ	1.00	1.00	rec	2457.10	2457.52
84	20	شَىْءٍۢ	شَيْءٍ	1.00	0.92	rec	2457.72	2458.16
84	21	مُّقِيتًۭا	مُقِيتًا	1.00	1.00	rec	2459.12	2460.08
85	0	وَإِذَا	وَإِذَا	1.00	1.00	rec	2461.88	2462.44
85	1	حُيِّيتُم	أَحُيِّيتُمْ	0.83	1.00	rec	2462.68	2464.84
85	2	بِتَحِيَّةٍۢ	بِتَحِيَّةٍ	1.00	1.00	rec	2464.90	2466.14
85	3	فَحَيُّوا۟	فَحَيُّوا	1.00	0.98	rec	2466.84	2467.64
85	4	بِأَحْسَنَ	بِأَحْسَنَ	1.00	1.00	rec	2468.00	2468.94
85	5	مِنْهَآ	مِنْهَا	1.00	1.00	rec	2469.08	2469.56
85	6	أَوْ	أَوْ	1.00	1.00	rec	2470.30	2470.66
85	7	رُدُّوهَآۗ	رُدُّوهَا	1.00	1.00	rec	2470.74	2471.72
85	8	إِنَّ	إِنَّ	1.00	1.00	rec	2472.68	2473.80
85	9	ٱللَّهَ	اللَّهَ	1.00	1.00	rec	2473.86	2474.64
85	10	كَانَ	كَانَ	1.00	1.00	rec	2474.86	2475.38
85	11	عَلَىٰ	عَلَىٰ	1.00	1.00	rec	2475.54	2475.88
85	12	كُلِّ	كُلِّ	1.00	1.00	rec	2476.32	2476.76
85	13	شَىْءٍ	شَيْءٍ	1.00	1.00	rec	2476.96	2477.50
85	14	حَسِيبًا	حَسِيمٌ	0.60	0.92	rec	2477.96	2478.74
86	0	ٱللَّهُ	بااللَّهُ	0.67	0.92	rec	2479.02	2481.02
86	1	لَآ	لَا	1.00	1.00	rec	2481.18	2481.28
86	2	إِلَٰهَ	إِلَـٰهَ	1.00	1.00	rec	2481.72	2482.38
86	3	إِلَّا	إِلَّا	1.00	1.00	rec	2482.52	2483.04
86	4	هُوَۚ	هُوَ	1.00	1.00	rec	2483.52	2484.02
86	5	لَيَجْمَعَنَّكُمْ	لَيَجْمَعَنَّكُمْ	1.00	1.00	rec	2484.62	2486.94
86	6	إِلَىٰ	إِلَىٰ	1.00	0.97	rec	2487.06	2487.42
86	7	يَوْمِ	يَوْمِ	1.00	1.00	rec	2487.80	2488.24
86	8	ٱلْقِيَٰمَةِ	الْقِيَامَةِ	1.00	1.00	rec	2488.32	2489.70
86	9	لَا	لَا	1.00	1.00	rec	2489.86	2489.98
86	10	رَيْبَ	رَيْبَ	1.00	1.00	rec	2490.32	2490.80
86	11	فِيهِۗ	فِيهِ	1.00	1.00	rec	2490.98	2491.82
86	12	وَمَنْ	وَمَنْ	1.00	1.00	rec	2492.36	2493.12
86	13	أَصْدَقُ	أَصْدَقُ	1.00	1.00	rec	2493.22	2494.04
86	14	مِنَ	مِنَ	1.00	1.00	rec	2494.26	2494.54
86	15	ٱللَّهِ	اللَّهِ	1.00	1.00	rec	2494.58	2495.56
86	16	حَدِيثًۭا	حَدِيثًا	1.00	1.00	rec	2495.84	2497.04
87	0	فَمَا	فَمَا	1.00	1.00	rec	2498.80	2499.12
87	1	لَكُمْ	لَكُمْ	1.00	1.00	rec	2499.36	2499.94
87	2	فِى	فِي	1.00	1.00	rec	2500.04	2500.14
87	3	ٱلْمُنَٰفِقِينَ	الْمُنَافِقِينَ	1.00	1.00	rec	2500.18	2501.98
87	4	فِئَتَيْنِ	فِئَتَيْنِ	1.00	1.00	rec	2502.14	2503.18
87	5	وَٱللَّهُ	وَاللَّهُ	1.00	1.00	rec	2503.38	2504.30
87	6	أَرْكَسَهُم	أَرْكَسَهُمْ	1.00	1.00	rec	2504.52	2506.32
87	7	بِمَا	بِمَا	1.00	1.00	rec	2506.40	2506.74
87	8	كَسَبُوٓا۟ۚ	كَسَبُوا	1.00	1.00	rec	2507.16	2507.76
87	9	أَتُرِيدُونَ	أَتُرِيدُونَ	1.00	1.00	rec	2508.90	2510.12
87	10	أَن	أَنْ	1.00	1.00	rec	2510.24	2511.02
87	11	تَهْدُوا۟	تَهْدُوا	1.00	0.98	rec	2511.16	2511.68
87	12	مَنْ	مَنْ	1.00	1.00	rec	2511.96	2512.32
87	13	أَضَلَّ	أَضَلَّ	1.00	0.99	rec	2512.40	2513.16
87	14	ٱللَّهُۖ	اللَّهِ	1.00	0.93	rec	2513.22	2514.56
87	15	وَمَن	وَمَنْ	1.00	1.00	rec	2515.40	2516.26
87	16	يُضْلِلِ	يُضْلِلِ	1.00	1.00	rec	2516.32	2516.96
87	17	ٱللَّهُ	اللَّهُ	1.00	1.00	rec	2517.02	2517.74
87	18	فَلَن	فَلَنْ	1.00	1.00	rec	2517.96	2518.86
87	19	تَجِدَ	تَجِدَ	1.00	1.00	rec	2518.98	2519.52
87	20	لَهُۥ	لَهُ	1.00	1.00	rec	2519.64	2519.94
87	21	سَبِيلًۭا	سَبِيلًا	1.00	1.00	rec	2520.38	2521.36
88	0	وَدُّوا۟	وَدُّوا	1.00	1.00	rec	2522.66	2523.18
88	1	لَوْ	لَوْ	1.00	1.00	rec	2523.50	2523.80
88	2	تَكْفُرُونَ	تَكْفُرُونَ	1.00	1.00	rec	2523.94	2524.96
88	3	كَمَا	كَمَا	1.00	1.00	rec	2525.16	2525.52
88	4	كَفَرُوا۟	كَفَرُوا	1.00	1.00	rec	2525.90	2526.46
88	5	فَتَكُونُونَ	فَتَكُونُونَ	1.00	1.00	rec	2526.78	2528.16
88	6	سَوَآءًۭۖ	سَوَاءً	1.00	1.00	rec	2528.34	2530.14
88	7	فَلَا	فَلَا	1.00	1.00	rec	2531.24	2531.54
88	8	تَتَّخِذُوا۟	تَتَّخِذُوا	1.00	1.00	rec	2531.82	2532.74
88	9	مِنْهُمْ	مِنْهُمْ	1.00	1.00	rec	2533.10	2533.82
88	10	أَوْلِيَآءَ	أَوْلِيَاءَ	1.00	1.00	rec	2533.92	2535.98
88	11	حَتَّىٰ	حَتَّىٰ	1.00	1.00	rec	2536.14	2536.64
88	12	يُهَاجِرُوا۟	يُهَاجِرُوا	1.00	1.00	rec	2536.90	2537.94
88	13	فِى	فِي	1.00	1.00	rec	2538.26	2538.40
88	14	سَبِيلِ	سَبِيلِ	1.00	1.00	rec	2538.70	2539.52
88	15	ٱللَّهِۚ	اللَّهِ	1.00	1.00	rec	2539.58	2540.84
88	16	فَإِن	فَإِنْ	1.00	1.00	rec	2541.50	2542.62
88	17	تَوَلَّوْا۟	تَوَلَّوْا	1.00	0.94	rec	2542.72	2543.48
88	18	فَخُذُوهُمْ	فَخُذُوهُمْ	1.00	1.00	rec	2543.64	2544.74
88	19	وَٱقْتُلُوهُمْ	وَاقْتُلُوهُمْ	1.00	0.99	rec	2544.86	2546.22
88	20	حَيْثُ	حَيْثُ	1.00	0.98	rec	2546.36	2546.84
88	21	وَجَدتُّمُوهُمْۖ	وَجَدْتُمُوهُمْ	1.00	1.00	rec	2546.98	2548.62
88	22	وَلَا	وَلَا	1.00	0.91	rec	2549.40	2549.72
88	23	تَتَّخِذُوا۟	تَتَّخِذُوا	1.00	1.00	rec	2550.02	2550.98
88	24	مِنْهُمْ	مِنْهُمْ	1.00	0.92	rec	2551.36	2552.02
88	25	وَلِيًّۭا	وَلِيًّا	1.00	1.00	rec	2552.14	2552.84
88	26	وَلَا	وَلَا	1.00	1.00	rec	2553.62	2553.96
88	27	نَصِيرًا	نَصِيرًا	1.00	0.97	rec	2554.36	2555.28
89	0	إِلَّا	إِلَّا	1.00	1.00	rec	2556.32	2556.74
89	1	ٱلَّذِينَ	الَّذِينَ	1.00	0.99	rec	2556.78	2557.68
89	2	يَصِلُونَ	يَصِلُونَ	1.00	1.00	rec	2557.84	2558.94
89	3	إِلَىٰ	إِلَىٰ	1.00	1.00	rec	2559.10	2559.46
89	4	قَوْمٍۭ	قَوْمٍ	1.00	1.00	rec	2559.86	2560.42
89	5	بَيْنَكُمْ	بَيْنَكُمْ	1.00	1.00	rec	2561.20	2562.16
89	6	وَبَيْنَهُم	وَبَيْنَهُمْ	1.00	1.00	rec	2562.28	2563.62
89	7	مِّيثَٰقٌ	مِيثَاقٌ	1.00	1.00	rec	2563.68	2565.20
89	8	أَوْ	أَوْ	1.00	1.00	rec	2565.86	2566.12
89	9	جَآءُوكُمْ	جَاءءُوكُمْ	0.86	0.97	rec	2566.26	2568.60
89	10	حَصِرَتْ	حَصِرَ	0.75	1.00	rec	2568.74	2569.22
89	11	صُدُورُهُمْ	الصُّدُورُهُمْ	0.75	0.99	rec	2569.30	2570.78
89	12	أَن	أَنْ	1.00	1.00	rec	2570.88	2571.48
89	13	يُقَٰتِلُوكُمْ	يُقَاتِلُوكُمْ	1.00	0.97	rec	2571.52	2573.18
89	14	أَوْ	أَوْ	1.00	1.00	rec	2573.30	2573.58
89	15	يُقَٰتِلُوا۟	يُقَاتِلُوا	1.00	0.93	rec	2573.66	2574.72
89	16	قَوْمَهُمْۚ	قَوْمَهُمْ	1.00	1.00	rec	2575.08	2576.18
89	17	وَلَوْ	وَلَوْ	1.00	1.00	rec	2576.86	2577.24
89	18	شَآءَ	شَاءَ	1.00	1.00	rec	2577.40	2578.92
89	19	ٱللَّهُ	اللَّهُ	1.00	0.97	rec	2578.96	2579.80
89	20	لَسَلَّطَهُمْ	لَسَلَّطَهُمْ	1.00	0.98	rec	2579.96	2581.44
89	21	عَلَيْكُمْ	عَلَيْكُمْ	1.00	1.00	rec	2581.54	2582.60
89	22	فَلَقَٰتَلُوكُمْۚ	فَلَقَاتَلُوكُمْ	1.00	1.00	rec	2582.72	2584.94
89	23	فَإِنِ	فَإِنِ	1.00	1.00	rec	2585.68	2586.18
89	24	ٱعْتَزَلُوكُمْ	اعْتَزَلُوكُمْ	1.00	1.00	rec	2586.24	2587.92
89	25	فَلَمْ	فَلَمْ	1.00	0.95	rec	2588.06	2588.64
89	26	يُقَٰتِلُوكُمْ	يُقَاتِلُوكُمْ	1.00	1.00	rec	2588.74	2590.58
89	27	وَأَلْقَوْا۟	وَأَلْقَوْا	1.00	0.96	rec	2590.68	2591.66
89	28	إِلَيْكُمُ	إِلَيْكُمُ	1.00	1.00	rec	2591.82	2592.76
89	29	ٱلسَّلَمَ	السَّلَمَ	1.00	1.00	rec	2592.84	2593.66
89	30	فَمَا	فَمَا	1.00	1.00	rec	2593.88	2594.24
89	31	جَعَلَ	جَعَلَ	1.00	1.00	rec	2594.62	2595.12
89	32	ٱللَّهُ	اللَّهُ	1.00	1.00	rec	2595.18	2595.90
89	33	لَكُمْ	لَكُمْ	1.00	1.00	rec	2596.04	2596.66
89	34	عَلَيْهِمْ	عَلَيْهِمْ	1.00	1.00	rec	2596.74	2597.90
89	35	سَبِيلًۭا	سَبِيلٌ+لَا	0.83	0.98	rec	2598.06	2599.08
90	0	سَتَجِدُونَ	سَتَجِدُونَ	1.00	1.00	rec	2600.22	2601.32
90	1	ءَاخَرِينَ	آخَرِينَ	0.83	1.00	rec	2601.48	2602.72
90	2	يُرِيدُونَ	يُرِيدُونَ	1.00	1.00	rec	2602.84	2603.92
90	3	أَن	أَنْ	1.00	1.00	rec	2604.08	2604.78
90	4	يَأْمَنُوكُمْ	يَأْمَنُوكُمْ	1.00	1.00	rec	2604.82	2606.14
90	5	وَيَأْمَنُوا۟	وَيَأْمَنُوا	1.00	0.99	rec	2606.26	2607.22
90	6	قَوْمَهُمْ	قَوْمَهُمْ	1.00	0.94	rec	2607.66	2608.74
90	7	كُلَّ	كُلَّمَا⌐	1.00	0.93	rec	2609.50	2609.80
90	8	مَا	كُلَّمَا¬	1.00	0.93	rec	2609.80	2610.10
90	9	رُدُّوٓا۟	رُدُّوا	1.00	0.95	rec	2610.50	2611.04
90	10	إِلَى	إِلَى	1.00	1.00	rec	2611.54	2611.84
90	11	ٱلْفِتْنَةِ	الْفِتْلَةِ	0.83	1.00	rec	2611.88	2612.96
90	12	أُرْكِسُوا۟	أُرْكِسُوا	1.00	0.97	rec	2613.14	2613.96
90	13	فِيهَاۚ	فِيهَا	1.00	1.00	rec	2614.48	2615.06
90	14	فَإِن	فَإِنْ	1.00	0.98	rec	2616.14	2616.60
90	15	لَّمْ	لَمْ	1.00	1.00	rec	2616.70	2617.02
90	16	يَعْتَزِلُوكُمْ	يَعْتَزِلُوكُمْ	1.00	1.00	rec	2617.14	2618.98
90	17	وَيُلْقُوٓا۟	وَيُلْقُوا	1.00	1.00	rec	2619.10	2619.90
90	18	إِلَيْكُمُ	إِلَيْكُمُ	1.00	1.00	rec	2620.34	2621.32
90	19	ٱلسَّلَمَ	السَّلَمَ	1.00	0.95	rec	2621.42	2622.22
90	20	وَيَكُفُّوٓا۟	وَيَكُفُّوا	1.00	1.00	rec	2622.36	2623.46
90	21	أَيْدِيَهُمْ	أَيْدِيَهُمْ	1.00	1.00	rec	2623.92	2625.16
90	22	فَخُذُوهُمْ	فَخُذُوهُمْ	1.00	1.00	rec	2625.28	2626.82
90	23	وَٱقْتُلُوهُمْ	وَقَتُلُوهُمْ	0.88	0.99	rec	2628.80	2630.32
90	24	حَيْثُ	حَيْثُ	1.00	1.00	rec	2630.48	2631.08
90	25	ثَقِفْتُمُوهُمْۚ	ثَقِفٌ+َخْتُمُوهُمْ	0.89	0.88	rec	2631.26	2633.08
90	26	وَأُو۟لَٰٓئِكُمْ	وَأُولَـٰئِكُمْ	1.00	1.00	rec	2633.64	2636.20
90	27	جَعَلْنَا	جَعَلْنَا	1.00	1.00	rec	2636.30	2637.04
90	28	لَكُمْ	لَكُمْ	1.00	1.00	rec	2637.38	2637.96
90	29	عَلَيْهِمْ	عَلَيْهِمْ	1.00	1.00	rec	2638.04	2638.92
90	30	سُلْطَٰنًۭا	سُلْطَانًا	1.00	1.00	rec	2639.08	2640.20
90	31	مُّبِينًۭا	مُبِينًا	1.00	1.00	rec	2641.18	2642.16
91	0	وَمَا	وَمَا	1.00	1.00	rec	2643.98	2644.34
91	1	كَانَ	كَانَ	1.00	1.00	rec	2644.72	2645.32
91	2	لِمُؤْمِنٍ	لِمُؤْمِنٍ	1.00	1.00	rec	2645.48	2646.44
91	3	أَن	أَنْ	1.00	1.00	rec	2646.84	2647.64
91	4	يَقْتُلَ	يَقْتُلَ	1.00	1.00	rec	2647.70	2648.58
91	5	مُؤْمِنًا	مُؤْمِنًا	1.00	1.00	rec	2648.76	2649.56
91	6	إِلَّا	إِلَّا	1.00	0.99	rec	2649.90	2650.48
91	7	خَطَـًۭٔاۚ		0.00	0.30	forced	2650.84	2651.62
91	8	وَمَن	وَمَنْ	1.00	1.00	rec	2652.96	2653.96
91	9	قَتَلَ	قَتَلَ	1.00	1.00	rec	2654.10	2654.72
91	10	مُؤْمِنًا	مُؤْمِنًا	1.00	1.00	rec	2654.88	2655.66
91	11	خَطَـًۭٔا	خَطَئً	0.67	0.93	rec	2656.02	2656.64
91	12	فَتَحْرِيرُ	فَتَحْدِيرُ	0.83	0.99	rec	2657.48	2658.64
91	13	رَقَبَةٍۢ	رَقَبَةٍ	1.00	0.99	rec	2658.80	2659.68
91	14	مُّؤْمِنَةٍۢ	مُؤْمِنَةٍ	1.00	1.00	rec	2660.58	2661.60
91	15	وَدِيَةٌۭ	وَدِيَةٌ	1.00	0.97	rec	2662.46	2663.30
91	16	مُّسَلَّمَةٌ	مُسَلَّمَةٌ	1.00	1.00	rec	2664.26	2665.40
91	17	إِلَىٰٓ	إِلَىٰ	1.00	1.00	rec	2665.82	2666.18
91	18	أَهْلِهِۦٓ	أَهْلِ+هِ	1.00	0.85	rec	2666.96	2667.66
91	19	إِلَّآ	إِلَّا	1.00	1.00	rec	2668.20	2668.80
91	20	أَن	أَنْ	1.00	1.00	rec	2669.42	2670.48
91	21	يَصَّدَّقُوا۟ۚ	يَصَدَّقُوا	1.00	1.00	rec	2670.52	2671.64
91	22	فَإِن	فَإِنْ	1.00	1.00	rec	2673.16	2674.28
91	23	كَانَ	كَانَ	1.00	1.00	rec	2674.40	2674.96
91	24	مِن	مِنْ	1.00	1.00	rec	2675.08	2675.84
91	25	قَوْمٍ	قَوْمٍ	1.00	0.99	rec	2675.98	2676.58
91	26	عَدُوٍّۢ	عَدُوٍّ	1.00	1.00	rec	2677.00	2677.82
91	27	لَّكُمْ	لَكُمْ	1.00	1.00	rec	2678.14	2678.78
91	28	وَهُوَ	وَهْوَ	1.00	1.00	rec	2678.92	2679.42
91	29	مُؤْمِنٌۭ	مُؤْمِنٌ	1.00	0.99	rec	2679.58	2680.20
91	30	فَتَحْرِيرُ	فَتَحْرِيرُ	1.00	0.99	rec	2680.92	2682.18
91	31	رَقَبَةٍۢ	رَقَبَةٍ	1.00	1.00	rec	2682.34	2683.16
91	32	مُّؤْمِنَةٍۢۖ	مُؤْمِنَةٍ	1.00	1.00	rec	2683.96	2684.80
91	33	وَإِن	وَإِنْ	1.00	1.00	rec	2685.80	2686.90
91	34	كَانَ	كَانَ	1.00	1.00	rec	2687.04	2687.64
91	35	مِن	مِنْ	1.00	0.90	rec	2687.76	2688.46
91	36	قَوْمٍۭ	قَوْمٍ	1.00	1.00	rec	2688.60	2689.12
91	37	بَيْنَكُمْ	بَيْنَكُمْ	1.00	1.00	rec	2689.62	2690.46
91	38	وَبَيْنَهُم	وَبَيْنَهُمْ	1.00	1.00	rec	2690.58	2691.92
91	39	مِّيثَٰقٌۭ	مِيثَاقٌ	1.00	1.00	rec	2691.98	2692.94
91	40	فَدِيَةٌۭ	فَدِيَهٌ	0.75	0.98	rec	2693.72	2694.38
91	41	مُّسَلَّمَةٌ	مُسَلَّمَةٌ	1.00	1.00	rec	2696.64	2697.74
91	42	إِلَىٰٓ	إِلَىٰ	1.00	1.00	rec	2698.18	2698.52
91	43	أَهْلِهِۦ	أَهْلِهِ	1.00	1.00	rec	2699.30	2699.94
91	44	وَتَحْرِيرُ	وَتَحْرِيرُ	1.00	0.99	rec	2700.24	2701.40
91	45	رَقَبَةٍۢ	رَقَبَةٍ	1.00	1.00	rec	2701.52	2702.32
91	46	مُّؤْمِنَةٍۢۖ		0.00	0.18	forced	2703.90	2704.50
91	47	فَمَن	فَمَنْ	1.00	1.00	rec	2705.44	2705.94
91	48	لَّمْ	لَمْ	1.00	1.00	rec	2706.00	2706.24
91	49	يَجِدْ	يَجِدْ	1.00	1.00	rec	2706.34	2706.82
91	50	فَصِيَامُ	فَصِيَامُ	1.00	0.99	rec	2706.96	2707.98
91	51	شَهْرَيْنِ	شَهْرَيْنِ	1.00	1.00	rec	2708.22	2709.28
91	52	مُتَتَابِعَيْنِ	مُتَتَابِعَيْنِ	1.00	0.97	rec	2709.40	2711.78
91	53	تَوْبَةًۭ	تُوْبَةً	1.00	0.95	rec	2712.36	2712.96
91	54	مِّنَ	مِنَ	1.00	1.00	rec	2713.96	2714.20
91	55	ٱللَّهِۗ	اللَّهِ	1.00	0.97	rec	2714.24	2715.18
91	56	وَكَانَ	وَكَانَ	1.00	1.00	rec	2715.76	2716.60
91	57	ٱللَّهُ	اللَّهُ	1.00	1.00	rec	2716.66	2717.58
91	58	عَلِيمًا	عَلِيمًا	1.00	1.00	rec	2717.78	2718.70
91	59	حَكِيمًۭا	فيما	0.60	0.82	rec	2719.42	2720.14
92	0	وَمَن	وَمَنْ	1.00	1.00	rec	2721.36	2722.38
92	1	يَقْتُلْ	يَقْتُلْ	1.00	1.00	rec	2722.44	2723.34
92	2	مُؤْمِنًۭا	مُؤْمِنًا	1.00	1.00	rec	2723.42	2724.10
92	3	مُّتَعَمِّدًۭا	مُتَعَمِّدًا	1.00	0.99	rec	2724.82	2726.34
92	4	فَجَزَآؤُهُۥ	فَجَزَاؤُهُ	1.00	1.00	rec	2727.00	2729.30
92	5	جَهَنَّمُ	جَهَنَّمُ	1.00	1.00	rec	2729.70	2730.82
92	6	خَٰلِدًۭا	خَالِدًا	1.00	1.00	rec	2731.04	2731.92
92	7	فِيهَا	فِيهَا	1.00	1.00	rec	2732.66	2733.36
92	8	وَغَضِبَ	وَغَضِبَ	1.00	0.97	rec	2741.68	2742.44
92	9	ٱللَّهُ	اللَّهُ	1.00	0.99	rec	2742.52	2743.36
92	10	عَلَيْهِ	عَلَيْهِ	1.00	1.00	rec	2743.54	2744.36
92	11	وَلَعَنَهُۥ	وَلَعَنَهُ	1.00	0.99	rec	2746.16	2747.08
92	12	وَأَعَدَّ	وَأَعَدَّ	1.00	1.00	rec	2747.50	2748.36
92	13	لَهُۥ	لَهُ	1.00	1.00	rec	2748.50	2748.80
92	14	عَذَابًا	عَذَابًا	1.00	1.00	rec	2749.14	2750.10
92	15	عَظِيمًۭا	عَظِيمًا	1.00	1.00	rec	2750.52	2751.54
93	0	يَٰٓأَيُّهَا	يَا+أَيُّهَا	1.00	1.00	rec	2753.74	2755.08
93	1	ٱلَّذِينَ	الَّذِينَ	1.00	1.00	rec	2755.14	2756.02
93	2	ءَامَنُوٓا۟	آمَنُوا	0.83	0.98	rec	2756.18	2757.00
93	3	إِذَا	إِذَا	1.00	1.00	rec	2757.48	2757.86
93	4	ضَرَبْتُمْ	ضَرَبْتُمْ	1.00	1.00	rec	2758.16	2759.20
93	5	فِى	فِي	1.00	1.00	rec	2759.38	2759.52
93	6	سَبِيلِ	سَبِيلِ	1.00	1.00	rec	2759.80	2760.52
93	7	ٱللَّهِ	اللَّهِ	1.00	0.99	rec	2760.56	2761.34
93	8	فَتَبَيَّنُوا۟	فَتَبَيَّنُوا	1.00	1.00	rec	2761.56	2762.80
93	9	وَلَا	وَلَا	1.00	1.00	rec	2765.56	2765.90
93	10	تَقُولُوا۟	تَقُولُوا	1.00	1.00	rec	2766.26	2767.10
93	11	لِمَنْ	لِمَنْ	1.00	1.00	rec	2767.48	2768.06
93	12	أَلْقَىٰٓ	أَلْقَىٰ	1.00	1.00	rec	2768.14	2768.82
93	13	إِلَيْكُمُ	إِلَيْكُمُ	1.00	0.96	rec	2769.32	2770.32
93	14	ٱلسَّلَٰمَ	السَّلَامَ	1.00	0.99	rec	2770.40	2771.54
93	15	لَسْتَ	لَسْتَ	1.00	1.00	rec	2771.68	2772.16
93	16	مُؤْمِنًۭا	مُؤْمِنًا	1.00	1.00	rec	2772.30	2773.06
93	17	تَبْتَغُونَ	تَبْتَغُونَ	1.00	1.00	rec	2773.84	2775.16
93	18	عَرَضَ	عَرَضَ	1.00	1.00	rec	2775.30	2775.92
93	19	ٱلْحَيَوٰةِ	الْحَيَاةِ	0.86	1.00	rec	2775.98	2777.10
93	20	ٱلدُّنْيَا	الدُّنْيَا	1.00	1.00	rec	2777.16	2778.10
93	21	فَعِندَ	فَعِنْدَ	1.00	1.00	rec	2779.30	2780.52
93	22	ٱللَّهِ	اللَّهِ	1.00	1.00	rec	2780.58	2781.40
93	23	مَغَانِمُ	مَرَانِمُ	0.80	0.92	rec	2781.58	2782.62
93	24	كَثِيرَةٌۭۚ	كَثِيرَةٌ	1.00	1.00	rec	2782.88	2783.90
93	25	كَذَٰلِكَ	كَذَٰلِكَ	1.00	1.00	rec	2784.66	2785.70
93	26	كُنتُم	كُنْتُمْ	1.00	1.00	rec	2785.94	2787.74
93	27	مِّن	مِنْ	1.00	1.00	rec	2787.80	2788.38
93	28	قَبْلُ	قَبْلُ	1.00	1.00	rec	2788.50	2789.02
93	29	فَمَنَّ	فَمَنَّ	1.00	1.00	rec	2789.28	2790.48
93	30	ٱللَّهُ	اللَّهُ	1.00	0.99	rec	2790.54	2791.44
93	31	عَلَيْكُمْ	عَلَيْكُمْ	1.00	1.00	rec	2791.64	2792.78
93	32	فَتَبَيَّنُوٓا۟ۚ	فَتَبَيَّنُوانَ	0.88	0.96	rec	2792.88	2794.44
93	33	إِنَّ	إِنَّ	1.00	1.00	rec	2795.06	2795.88
93	34	ٱللَّهَ	اللَّهَ	1.00	1.00	rec	2795.94	2796.74
93	35	كَانَ	كَانَ	1.00	1.00	rec	2796.96	2797.50
93	36	بِمَا	بِمَا	1.00	1.00	rec	2797.66	2798.00
93	37	تَعْمَلُونَ	تَعْمَلُونَ	1.00	1.00	rec	2798.40	2799.60
93	38	خَبِيرًۭا	خَبِيرًا	1.00	1.00	rec	2799.82	2800.80
94	0	لَّا	لَا	1.00	1.00	rec	2801.80	2801.92
94	1	يَسْتَوِى	يَسْتَوِي	1.00	1.00	rec	2802.28	2802.94
94	2	ٱلْقَٰعِدُونَ	الْقَاعِدُونَ	1.00	1.00	rec	2803.00	2804.36
94	3	مِنَ	مِنَ	1.00	1.00	rec	2804.48	2804.70
94	4	ٱلْمُؤْمِنِينَ	الْمُؤْمِنِينَ	1.00	1.00	rec	2804.76	2806.10
94	5	غَيْرُ	غَيْرُ	1.00	0.97	rec	2806.24	2806.76
94	6	أُو۟لِى	أُولِي	1.00	1.00	rec	2806.96	2807.26
94	7	ٱلضَّرَرِ	الضَّرَرِ	1.00	1.00	rec	2807.32	2808.06
94	8	وَٱلْمُجَٰهِدُونَ	وَالْمُجَاهِدُونَ	1.00	1.00	rec	2808.20	2809.94
94	9	فِى	فِي	1.00	1.00	rec	2810.12	2810.28
94	10	سَبِيلِ	سَبِيلِ	1.00	1.00	rec	2810.58	2811.30
94	11	ٱللَّهِ	اللَّهِ	1.00	0.97	rec	2811.34	2812.06
94	12	بِأَمْوَٰلِهِمْ	بِأَمْوَالِهِمْ	1.00	1.00	rec	2812.24	2813.70
94	13	وَأَنفُسِهِمْۚ	وَأَنْفُسِهِمْ	1.00	1.00	rec	2813.80	2816.02
94	14	فَضَّلَ	فَضَّلَ	1.00	1.00	rec	2816.98	2817.64
94	15	ٱللَّهُ	اللَّهُ	1.00	0.98	rec	2817.70	2818.60
94	16	ٱلْمُجَٰهِدِينَ	الْمُجَاهِدِيّينَ	0.90	0.95	rec	2818.68	2820.64
94	17	بِأَمْوَٰلِهِمْ	بِأَمْوَالِهِمْ	1.00	1.00	rec	2820.80	2822.52
94	18	وَأَنفُسِهِمْ	وَأَنْفُسِهِمْ	1.00	1.00	rec	2822.62	2824.70
94	19	عَلَى	عَلَى	1.00	1.00	rec	2824.80	2825.08
94	20	ٱلْقَٰعِدِينَ	الْقَاعِدِينَ	1.00	1.00	rec	2825.14	2826.84
94	21	دَرَجَةًۭۚ	دَرَجَةٌ	1.00	0.98	rec	2827.00	2827.68
94	22	وَكُلًّۭا	وَكُلًّا	1.00	1.00	rec	2828.54	2829.24
94	23	وَعَدَ	وَعَدَ	1.00	1.00	rec	2830.04	2830.56
94	24	ٱللَّهُ	اللَّهُ	1.00	1.00	rec	2830.62	2831.62
94	25	ٱلْحُسْنَىٰۚ	الْحُسْنَىٰ	1.00	1.00	rec	2831.70	2832.72
94	26	وَفَضَّلَ	وَفَضَّلَ	1.00	1.00	rec	2833.92	2834.84
94	27	ٱللَّهُ	اللَّهُ	1.00	0.98	rec	2834.90	2835.78
94	28	ٱلْمُجَٰهِدِينَ	الْمُجَاهِدِينَ	1.00	1.00	rec	2835.84	2837.54
94	29	عَلَى	عَلَى	1.00	1.00	rec	2837.72	2838.02
94	30	ٱلْقَٰعِدِينَ	الْقَاعِدِينَ	1.00	1.00	rec	2838.06	2839.66
94	31	أَجْرًا	أَجْرًا	1.00	0.99	rec	2839.84	2840.42
94	32	عَظِيمًۭا	عَظِيمًا	1.00	1.00	rec	2840.84	2841.92
95	0	دَرَجَٰتٍۢ	دَرَجَاتٍ	1.00	1.00	rec	2843.14	2844.26
95	1	مِّنْهُ	مِنْهُ	1.00	1.00	rec	2845.20	2845.72
95	2	وَمَغْفِرَةًۭ	وَمَغْفِرَةً	1.00	1.00	rec	2845.86	2847.18
95	3	وَرَحْمَةًۭۚ	وَرَحْمَةً	1.00	1.00	rec	2848.26	2849.14
95	4	وَكَانَ	وَكَانَ	1.00	1.00	rec	2850.02	2850.80
95	5	ٱللَّهُ	اللَّهُ	1.00	1.00	rec	2850.86	2851.68
95	6	غَفُورًۭا	غَفُورًا	1.00	1.00	rec	2851.90	2852.68
95	7	رَّحِيمًا	رَحِيمًا	1.00	1.00	rec	2852.92	2853.94
96	0	إِنَّ	إِنَّ	1.00	1.00	rec	2855.36	2856.38
96	1	ٱلَّذِينَ	الَّذِينَ	1.00	1.00	rec	2856.42	2857.24
96	2	تَوَفَّىٰهُمُ	تَوَفَّاهُمُ	0.86	0.98	rec	2857.42	2858.64
96	3	ٱلْمَلَٰٓئِكَةُ	الْمَلَائِكَةُ	1.00	1.00	rec	2858.72	2861.40
96	4	ظَالِمِىٓ	ظَالِمِي	1.00	1.00	rec	2861.64	2862.58
96	5	أَنفُسِهِمْ	أَنْفُسِهِمْ	1.00	1.00	rec	2863.00	2865.06
96	6	قَالُوا۟	قَالُوا	1.00	0.97	rec	2865.82	2866.42
96	7	فِيمَ	فِيمَ	1.00	1.00	rec	2866.82	2867.36
96	8	كُنتُمْۖ	كُنْتُمْ	1.00	0.94	rec	2867.60	2869.20
96	9	قَالُوا۟	قَالُوا	1.00	1.00	rec	2869.80	2870.44
96	10	كُنَّا	كُنَّا	1.00	1.00	rec	2870.86	2871.68
96	11	مُسْتَضْعَفِينَ	مُسْتَضْعَفِينَ	1.00	0.93	rec	2872.06	2873.86
96	12	فِى	فِي	1.00	1.00	rec	2874.06	2874.16
96	13	ٱلْأَرْضِۚ	الْأَرْضِ	1.00	1.00	rec	2874.22	2874.92
96	14	قَالُوٓا۟	قَالُوا	1.00	1.00	rec	2875.58	2876.22
96	15	أَلَمْ	أَلَمْ	1.00	0.93	rec	2876.88	2877.42
96	16	تَكُنْ	تَكُنْ	1.00	1.00	rec	2877.56	2878.22
96	17	أَرْضُ	أَرْضُ	1.00	0.98	rec	2878.32	2878.78
96	18	ٱللَّهِ	اللَّهِ	1.00	0.98	rec	2878.86	2879.64
96	19	وَٰسِعَةًۭ	وَاسِعَةً	1.00	1.00	rec	2879.80	2880.92
96	20	فَتُهَاجِرُوا۟	فَتُهَاجِرُوا	1.00	0.97	rec	2881.84	2883.34
96	21	فِيهَاۚ	فِيهَا	1.00	1.00	rec	2883.76	2884.38
96	22	فَأُو۟لَٰٓئِكَ	فَأُولَـٰئِكَ	1.00	1.00	rec	2885.46	2887.72
96	23	مَأْوَىٰهُمْ	مَأْوَاَهُمْ	0.86	0.95	rec	2887.88	2889.24
96	24	جَهَنَّمُۖ	جَهَنُّ	0.75	0.86	rec	2889.34	2890.84
96	25	وَسَآءَتْ	مْوَسَاءَتْ	0.83	0.95	rec	2891.22	2893.52
96	26	مَصِيرًا	مَصِيرًا	1.00	1.00	rec	2893.62	2894.58
97	0	إِلَّا	إِلَّا	1.00	1.00	rec	2895.76	2896.20
97	1	ٱلْمُسْتَضْعَفِينَ	الْمُسْتَضْعَفِينَ	1.00	0.94	rec	2896.24	2897.94
97	2	مِنَ	مِنَ	1.00	1.00	rec	2898.06	2898.30
97	3	ٱلرِّجَالِ	الرِّجَالِ	1.00	1.00	rec	2898.34	2899.24
97	4	وَٱلنِّسَآءِ	وَالنِّسَاءِ	1.00	0.99	rec	2899.36	2901.96
97	5	وَٱلْوِلْدَٰنِ	وَالْوِلْدَانِ	1.00	1.00	rec	2902.06	2903.80
97	6	لَا	لَا	1.00	1.00	rec	2904.46	2904.58
97	7	يَسْتَطِيعُونَ	يَسْتَطِيعُونَ	1.00	1.00	rec	2904.88	2906.40
97	8	حِيلَةًۭ	حِيلَةً	1.00	1.00	rec	2906.58	2907.38
97	9	وَلَا	وَلَا	1.00	1.00	rec	2908.16	2908.52
97	10	يَهْتَدُونَ	يَهْتَدُونَ	1.00	1.00	rec	2908.82	2910.08
97	11	سَبِيلًۭا	سَبِيلًا	1.00	0.99	rec	2910.26	2911.06
98	0	فَأُو۟لَٰٓئِكَ	فَأُولَـٰئِكَ	1.00	1.00	rec	2912.08	2914.30
98	1	عَسَى	عَسَى	1.00	1.00	rec	2914.44	2914.82
98	2	ٱللَّهُ	اللَّهُ	1.00	1.00	rec	2914.88	2915.66
98	3	أَن	أَنْ	1.00	1.00	rec	2915.90	2916.44
98	4	يَعْفُوَ	يَعْفُوَ	1.00	1.00	rec	2916.48	2917.22
98	5	عَنْهُمْۚ	عَنْهُمْ	1.00	1.00	rec	2917.36	2918.22
98	6	وَكَانَ	وَكَانَ	1.00	1.00	rec	2918.82	2919.68
98	7	ٱللَّهُ	اللَّهُ	1.00	1.00	rec	2919.74	2920.60
98	8	عَفُوًّا	عَفُوًّا	1.00	1.00	rec	2920.88	2921.68
98	9	غَفُورًۭا	غَفُورًا	1.00	1.00	rec	2922.16	2923.22
99	0	وَمَن	وَمَنْ	1.00	1.00	rec	2924.84	2925.68
99	1	يُهَاجِرْ	يُهَاجِرْ	1.00	0.97	rec	2925.72	2926.74
99	2	فِى	فِي	1.00	1.00	rec	2926.88	2927.02
99	3	سَبِيلِ	سَبِيلِ	1.00	1.00	rec	2927.26	2927.90
99	4	ٱللَّهِ	اللَّهِ	1.00	1.00	rec	2927.94	2928.68
99	5	يَجِدْ	يَجِدْ	1.00	1.00	rec	2928.82	2929.32
99	6	فِى	فِي	1.00	1.00	rec	2929.50	2929.62
99	7	ٱلْأَرْضِ	الْأَرْضِ	1.00	1.00	rec	2929.66	2930.50
99	8	مُرَٰغَمًۭا	مُرَاغَمًا	1.00	1.00	rec	2930.66	2931.72
99	9	كَثِيرًۭا	كَثِيرًا	1.00	1.00	rec	2932.54	2933.36
99	10	وَسَعَةًۭۚ	وَسَعَةً	1.00	0.99	rec	2934.24	2934.98
99	11	وَمَن	وَمَنْ	1.00	1.00	rec	2936.22	2937.24
99	12	يَخْرُجْ	يَخْرُجْ	1.00	0.96	rec	2937.28	2938.04
99	13	مِنۢ	مِنْ	1.00	1.00	rec	2938.16	2938.96
99	14	بَيْتِهِۦ	بَيْتِهِ	1.00	1.00	rec	2939.02	2939.80
99	15	مُهَاجِرًا	مُهَادِرًا	0.83	0.99	rec	2940.28	2941.52
99	16	إِلَى	إِلَى	1.00	1.00	rec	2941.86	2942.14
99	17	ٱللَّهِ	اللَّهِ	1.00	1.00	rec	2942.20	2943.08
99	18	وَرَسُولِهِۦ	وَرَسُولِهِ	1.00	1.00	rec	2943.22	2944.52
99	19	ثُمَّ	ثُمَّ	1.00	0.99	rec	2945.00	2945.76
99	20	يُدْرِكْهُ	يُدْرِكْهُ	1.00	1.00	rec	2945.90	2946.78
99	21	ٱلْمَوْتُ	الْمَوْتُ	1.00	0.99	rec	2946.88	2948.30
99	22	فَقَدْ	فَقَدْ	1.00	1.00	rec	2949.02	2949.62
99	23	وَقَعَ	وَقَعَ	1.00	1.00	rec	2949.76	2950.38
99	24	أَجْرُهُۥ	أَجْرُهُ	1.00	1.00	rec	2950.56	2951.34
99	25	عَلَى	عَلَى	1.00	1.00	rec	2951.74	2952.02
99	26	ٱللَّهِۗ	اللَّهِ	1.00	1.00	rec	2952.08	2953.10
99	27	وَكَانَ	وَكَانَ	1.00	1.00	rec	2953.68	2954.60
99	28	ٱللَّهُ	اللَّهُ	1.00	1.00	rec	2954.66	2955.56
99	29	غَفُورًۭا	غَفُورٌ	0.80	0.91	rec	2955.76	2956.66
99	30	رَّحِيمًۭا	رَحِيمًا	1.00	0.96	rec	2956.92	2958.08
100	0	وَإِذَا	وَإِذَا	1.00	1.00	rec	2960.42	2960.96
100	1	ضَرَبْتُمْ	ضَرَبْتُمْ	1.00	1.00	rec	2961.32	2962.30
100	2	فِى	فِي	1.00	1.00	rec	2962.42	2962.52
100	3	ٱلْأَرْضِ	الْأَرْضِ	1.00	1.00	rec	2962.56	2963.36
100	4	فَلَيْسَ	فَلَيْسَ	1.00	1.00	rec	2963.54	2964.24
100	5	عَلَيْكُمْ	عَلَيْكُمْ	1.00	1.00	rec	2964.38	2965.38
100	6	جُنَاحٌ	جُنَاحٌ	1.00	1.00	rec	2965.46	2966.22
100	7	أَن	أَنْ	1.00	1.00	rec	2966.58	2967.50
100	8	تَقْصُرُوا۟	تَقْصُرُوا	1.00	0.98	rec	2967.62	2968.50
100	9	مِنَ	مِنَ	1.00	1.00	rec	2968.80	2969.06
100	10	ٱلصَّلَوٰةِ	الصَّلَاةِ	0.86	0.99	rec	2969.12	2970.06
100	11	إِنْ	إِنْ	1.00	1.00	rec	2970.22	2970.54
100	12	خِفْتُمْ	خِفْتُمْ	1.00	1.00	rec	2970.66	2971.36
100	13	أَن	إِنْ	1.00	0.99	rec	2972.22	2972.56
100	14	يَفْتِنَكُمُ	يَفْتِنَكُمُ	1.00	1.00	rec	2974.16	2975.24
100	15	ٱلَّذِينَ	الَّذِينَ	1.00	1.00	rec	2975.34	2976.20
100	16	كَفَرُوٓا۟ۚ	كَفَرُوا	1.00	1.00	rec	2976.38	2977.00
100	17	إِنَّ	إِنَّ	1.00	1.00	rec	2978.00	2979.00
100	18	ٱلْكَٰفِرِينَ	الْكَافِرِينَ	1.00	1.00	rec	2979.06	2980.46
100	19	كَانُوا۟	كَانُوا	1.00	1.00	rec	2980.68	2981.30
100	20	لَكُمْ	لَكُمْ	1.00	1.00	rec	2981.60	2982.22
100	21	عَدُوًّۭا	عَدُوًّا	1.00	1.00	rec	2982.34	2983.06
100	22	مُّبِينًۭا	مُبِينًا	1.00	1.00	rec	2983.72	2984.64
101	0	وَإِذَا	وَإِذَا	1.00	0.99	rec	2985.92	2986.44
101	1	كُنتَ	كُنْتَ	1.00	1.00	rec	2986.76	2987.68
101	2	فِيهِمْ	فِيهِمْ	1.00	1.00	rec	2987.88	2988.84
101	3	فَأَقَمْتَ	فَأَقَمْتَ	1.00	1.00	rec	2988.98	2990.00
101	4	لَهُمُ	لَهُمُ	1.00	1.00	rec	2990.16	2990.70
101	5	ٱلصَّلَوٰةَ	الصَّلَاةُ	0.86	0.99	rec	2990.76	2992.32
101	6	فَلْتَقُمْ	فَالْتَقُمْ	0.83	0.96	rec	2993.00	2994.02
101	7	طَآئِفَةٌۭ	طَائِفَةٌ	1.00	1.00	rec	2994.22	2996.78
101	8	مِّنْهُم	مِنْهُمْ	1.00	1.00	rec	2997.42	2998.70
101	9	مَّعَكَ	مَعَكَ	1.00	1.00	rec	2998.78	2999.38
101	10	وَلْيَأْخُذُوٓا۟	وَلْيَه+اْخُذُوا	0.89	0.89	rec	2999.54	3000.90
101	11	أَسْلِحَتَهُمْ	أَسْلِحَتَهُمْ	1.00	1.00	rec	3001.38	3003.10
101	12	فَإِذَا	فَإِذَا	1.00	1.00	rec	3003.82	3004.36
101	13	سَجَدُوا۟	سَجَدُوا	1.00	0.92	rec	3004.74	3005.40
101	14	فَلْيَكُونُوا۟	فَلْيَكُونُوا	1.00	0.99	rec	3005.80	3007.02
101	15	مِن	مِنْ	1.00	1.00	rec	3007.46	3008.12
101	16	وَرَآئِكُمْ	وَرَائِكُمْ	1.00	1.00	rec	3008.18	3010.44
101	17	وَلْتَأْتِ	وَلْتَأْتِ	1.00	1.00	rec	3011.10	3012.04
101	18	طَآئِفَةٌ	ضَائِفَةٌ	0.80	0.95	rec	3012.32	3014.86
101	19	أُخْرَىٰ	أُخْرَىٰ	1.00	0.92	rec	3015.32	3015.88
101	20	لَمْ	لَمْ	1.00	1.00	rec	3016.24	3016.58
101	21	يُصَلُّوا۟	يُصَلُّوا	1.00	0.95	rec	3016.66	3017.50
101	22	فَلْيُصَلُّوا۟	فَلْيُصَلُّوا	1.00	1.00	rec	3017.92	3019.14
101	23	مَعَكَ	مَعَكَ	1.00	1.00	rec	3019.50	3020.10
101	24	وَلْيَأْخُذُوا۟	وَلْيَهْ+أْخُذُوا	0.89	0.82	rec	3020.26	3021.54
101	25	حِذْرَهُمْ	حِذْرَهُمْ	1.00	1.00	rec	3021.94	3022.88
101	26	وَأَسْلِحَتَهُمْۗ	وَأَسس+صْلِحَتَهُمْ	0.80	0.90	rec	3022.98	3024.82
101	27	وَدَّ	وَدَّ	1.00	1.00	rec	3025.64	3026.08
101	28	ٱلَّذِينَ	الَّذِينَ	1.00	1.00	rec	3026.14	3027.20
101	29	كَفَرُوا۟	كَفَرُوا	1.00	1.00	rec	3027.38	3027.94
101	30	لَوْ	لَوْ	1.00	1.00	rec	3028.24	3028.52
101	31	تَغْفُلُونَ	تَغْفُلُونَ	1.00	0.99	rec	3028.66	3029.80
101	32	عَنْ	عَنْ	1.00	1.00	rec	3029.92	3030.26
101	33	أَسْلِحَتِكُمْ	أَسْلِحَتِكُمْ	1.00	1.00	rec	3030.36	3031.66
101	34	وَأَمْتِعَتِكُمْ	وَأَمْتِعَتِكُمْ	1.00	1.00	rec	3031.76	3033.28
101	35	فَيَمِيلُونَ	فَيَمِيلُونَ	1.00	1.00	rec	3033.40	3034.66
101	36	عَلَيْكُم	عَلَيْكُمْ	1.00	1.00	rec	3034.78	3035.92
101	37	مَّيْلَةًۭ	مَيْلَةً	1.00	1.00	rec	3039.90	3040.78
101	38	وَٰحِدَةًۭۚ	وَاحِدَةً	1.00	1.00	rec	3041.62	3042.70
101	39	وَلَا	وَلَا	1.00	0.88	rec	3043.38	3043.68
101	40	جُنَاحَ	جُنَاحَ	1.00	1.00	rec	3043.92	3044.66
101	41	عَلَيْكُمْ	عَلَيْكُمْ	1.00	1.00	rec	3044.82	3045.92
101	42	إِن	إِنْ	1.00	1.00	rec	3046.04	3046.72
101	43	كَانَ	كَانَ	1.00	0.99	rec	3046.88	3047.54
101	44	بِكُمْ	بِكُمْ	1.00	1.00	rec	3047.68	3048.26
101	45	أَذًۭى	أَذًى	1.00	0.97	rec	3048.38	3048.72
101	46	مِّن	مِنْ	1.00	1.00	rec	3049.40	3050.08
101	47	مَّطَرٍ	مَطَرٍ	1.00	0.95	rec	3050.12	3050.64
101	48	أَوْ	أَوْ	1.00	1.00	rec	3050.94	3051.22
101	49	كُنتُم	كُنْتُمْ	1.00	1.00	rec	3051.38	3053.02
101	50	مَّرْضَىٰٓ	مَرْضَىٰ	1.00	0.99	rec	3053.10	3053.66
101	51	أَن	أَنْ	1.00	1.00	rec	3054.40	3055.04
101	52	تَضَعُوٓا۟	تَضَعُوا	1.00	0.99	rec	3055.16	3055.72
101	53	أَسْلِحَتَكُمْۖ	أَسْلِحَتَكُمْ	1.00	0.97	rec	3056.58	3058.04
101	54	وَخُذُوا۟	وَخُذُوا	1.00	1.00	rec	3058.68	3059.30
101	55	حِذْرَكُمْۗ	حِذْرَكُمْ	1.00	1.00	rec	3059.72	3060.94
101	56	إِنَّ	إِنَّ	1.00	1.00	rec	3061.44	3062.40
101	57	ٱللَّهَ	اللَّهَ	1.00	1.00	rec	3062.46	3063.26
101	58	أَعَدَّ	أَعَدَّ	1.00	1.00	rec	3063.46	3064.12
101	59	لِلْكَٰفِرِينَ	لِلْكَافِرِينَ	1.00	1.00	rec	3064.22	3065.84
101	60	عَذَابًۭا	عَذَابًا	1.00	1.00	rec	3066.02	3066.92
101	61	مُّهِينًۭا	مُهِينًا	1.00	1.00	rec	3067.56	3068.54
102	0	فَإِذَا	فَإِذَا	1.00	1.00	rec	3069.78	3070.30
102	1	قَضَيْتُمُ	قَضَيتُمُ	1.00	1.00	rec	3070.62	3071.70
102	2	ٱلصَّلَوٰةَ	الصَّلَاةَ	0.86	0.99	rec	3071.80	3072.92
102	3	فَٱذْكُرُوا۟	ذْكُرُوا	0.71	0.89	rec	3073.46	3073.94
102	4	ٱللَّهَ	اللَّهَ	1.00	1.00	rec	3074.02	3074.82
102	5	قِيَٰمًۭا	قِيَامًا	1.00	1.00	rec	3075.02	3075.86
102	6	وَقُعُودًۭا	وَقُعُودًا	1.00	1.00	rec	3076.42	3077.58
102	7	وَعَلَىٰ	وَعَلَىٰ	1.00	1.00	rec	3078.34	3078.88
102	8	جُنُوبِكُمْۚ	جُنُوبِكُمْ	1.00	1.00	rec	3079.26	3080.62
102	9	فَإِذَا	فَإِذَا	1.00	1.00	rec	3081.24	3081.74
102	10	ٱطْمَأْنَنتُمْ	طَمَأْنَنْتُمْ	0.88	0.99	rec	3081.92	3083.82
102	11	فَأَقِيمُوا۟	فَأَقِيمُوا	1.00	1.00	rec	3084.10	3085.16
102	12	ٱلصَّلَوٰةَۚ	الصَّلَاةَ	0.86	0.94	rec	3085.20	3086.58
102	13	إِنَّ	إِنَّ	1.00	1.00	rec	3087.30	3088.54
102	14	ٱلصَّلَوٰةَ	الصَّلَاةَ	0.86	0.98	rec	3088.60	3089.70
102	15	كَانَتْ	كَانَتْ	1.00	1.00	rec	3089.92	3090.78
102	16	عَلَى	عَلَى	1.00	1.00	rec	3090.94	3091.24
102	17	ٱلْمُؤْمِنِينَ	الْمُؤْمِنِينَ	1.00	1.00	rec	3091.30	3092.78
102	18	كِتَٰبًۭا	كِتَابًا	1.00	1.00	rec	3092.98	3093.94
102	19	مَّوْقُوتًۭا	مَوْقُوتًا	1.00	1.00	rec	3094.64	3095.86
103	0	وَلَا	وَلَا	1.00	1.00	rec	3096.96	3097.28
103	1	تَهِنُوا۟	تَهِنُوا	1.00	1.00	rec	3097.66	3098.28
103	2	فِى	فِي	1.00	1.00	rec	3098.66	3098.80
103	3	ٱبْتِغَآءِ	ابْتِغَاءِ	1.00	1.00	rec	3098.84	3101.38
103	4	ٱلْقَوْمِۖ	الْقَوْمِ	1.00	1.00	rec	3101.44	3102.30
103	5	إِن	إِنْ	1.00	1.00	rec	3102.48	3103.26
103	6	تَكُونُوا۟	تَكُونُوا	1.00	1.00	rec	3103.38	3104.30
103	7	تَأْلَمُونَ	تَأْلَمُونَ	1.00	0.94	rec	3104.78	3106.02
103	8	فَإِنَّهُمْ	فَإِنَّهُمْ	1.00	0.99	rec	3106.18	3107.68
103	9	يَأْلَمُونَ	يَأْلَمُونَ	1.00	0.96	rec	3107.84	3108.94
103	10	كَمَا	كَمَا	1.00	1.00	rec	3109.16	3109.52
103	11	تَأْلَمُونَۖ	تَعْلَمُونَ	0.83	1.00	rec	3110.06	3112.18
103	12	وَتَرْجُونَ	وَتَرْجُونَ	1.00	1.00	rec	3112.76	3113.90
103	13	مِنَ	مِنَ	1.00	1.00	rec	3114.02	3114.30
103	14	ٱللَّهِ	اللَّهِ	1.00	1.00	rec	3114.34	3115.10
103	15	مَا	مَالًا⌐	1.00	0.98	rec	3115.24	3115.53
103	16	لَا	مَالًا¬	1.00	0.98	rec	3115.53	3115.82
103	17	يَرْجُونَۗ	َرْجُونِ	0.80	0.88	rec	3116.40	3117.94
103	18	وَكَانَ	وَكَانَ	1.00	1.00	rec	3118.44	3119.18
103	19	ٱللَّهُ	اللَّهُ	1.00	0.97	rec	3119.22	3119.98
103	20	عَلِيمًا	عَلِيمًا	1.00	1.00	rec	3120.16	3121.04
103	21	حَكِيمًا	حَكِيمًا	1.00	1.00	rec	3121.48	3122.54
104	0	إِنَّآ	إِنَّا	1.00	1.00	rec	3124.78	3125.68
104	1	أَنزَلْنَآ	ر+زَلْنَا	0.67	0.54	rec	3126.28	3127.16
104	2	إِلَيْكَ	إِلَيْكَ	1.00	1.00	rec	3127.62	3128.28
104	3	ٱلْكِتَٰبَ	الْكِتَابَ	1.00	1.00	rec	3128.34	3129.30
104	4	بِٱلْحَقِّ	بِالْحَقِّ	1.00	1.00	rec	3129.40	3130.20
104	5	لِتَحْكُمَ	لِتَحْكُمَ	1.00	1.00	rec	3130.34	3131.18
104	6	بَيْنَ	بَيْنَ	1.00	1.00	rec	3131.32	3131.72
104	7	ٱلنَّاسِ	النَّاسِ	1.00	1.00	rec	3131.76	3133.00
104	8	بِمَآ	بِمَا	1.00	1.00	rec	3133.16	3133.52
104	9	أَرَىٰكَ	أَرِيكَ	0.80	0.99	rec	3133.88	3134.62
104	10	ٱللَّهُۚ	اللَّهُ	1.00	1.00	rec	3134.68	3135.66
104	11	وَلَا	وَلَا	1.00	1.00	rec	3136.42	3136.72
104	12	تَكُن	تَكُنْ	1.00	1.00	rec	3137.00	3137.62
104	13	لِّلْخَآئِنِينَ	لِلْخَائِنِينَ	1.00	0.98	rec	3137.70	3140.80
104	14	خَصِيمًۭا	خَصِيمًا	1.00	1.00	rec	3141.00	3142.08
105	0	وَٱسْتَغْفِرِ	وَاسْتَغْفِرِ	1.00	1.00	rec	3143.24	3144.32
105	1	ٱللَّهَۖ	اللَّهَ	1.00	1.00	rec	3144.40	3145.20
105	2	إِنَّ	إِنَّ	1.00	1.00	rec	3145.36	3146.42
105	3	ٱللَّهَ	اللَّهَ	1.00	1.00	rec	3146.48	3147.24
105	4	كَانَ	كَانَ	1.00	0.90	rec	3147.48	3148.08
105	5	غَفُورًۭا	غَفُورًا	1.00	1.00	rec	3148.22	3149.06
105	6	رَّحِيمًۭا	رَحِيمًا	1.00	1.00	rec	3149.30	3150.34
106	0	وَلَا	وَلَا	1.00	1.00	rec	3151.82	3152.10
106	1	تُجَٰدِلْ	تُجَادِلْ	1.00	1.00	rec	3152.34	3153.28
106	2	عَنِ	عَنِ	1.00	1.00	rec	3153.34	3153.60
106	3	ٱلَّذِينَ	الَّذِينَ	1.00	1.00	rec	3153.66	3154.52
106	4	يَخْتَانُونَ	يَخْتَانُونَ	1.00	0.96	rec	3154.66	3156.16
106	5	أَنفُسَهُمْۚ	أَنْفُسَهُمْ	1.00	1.00	rec	3156.28	3158.32
106	6	إِنَّ	إِنَّ	1.00	1.00	rec	3158.88	3160.12
106	7	ٱللَّهَ	اللَّهَ	1.00	1.00	rec	3160.18	3161.02
106	8	لَا	لَا	1.00	0.93	rec	3161.22	3161.34
106	9	يُحِبُّ	يُحِبُّ	1.00	0.95	rec	3161.68	3162.38
106	10	مَن	مَنْ	1.00	1.00	rec	3162.56	3163.32
106	11	كَانَ	كَانَ	1.00	1.00	rec	3163.48	3164.08
106	12	خَوَّانًا	خَوَّانًا	1.00	1.00	rec	3164.28	3165.36
106	13	أَثِيمًۭا	أَثِيمًا	1.00	1.00	rec	3165.72	3166.80
107	0	يَسْتَخْفُونَ	يَسْتَخْفُونَ	1.00	1.00	rec	3168.04	3169.26
107	1	مِنَ	مِنَ	1.00	1.00	rec	3169.38	3169.62
107	2	ٱلنَّاسِ	النَّاسِ	1.00	0.99	rec	3169.66	3171.10
107	3	وَلَا	وَلَا	1.00	1.00	rec	3171.24	3171.58
107	4	يَسْتَخْفُونَ	يَسْتَخْفُونَ	1.00	1.00	rec	3171.90	3173.26
107	5	مِنَ	مِنَ	1.00	1.00	rec	3173.38	3173.62
107	6	ٱللَّهِ	اللَّهِ	1.00	1.00	rec	3173.66	3174.48
107	7	وَهُوَ	وَهُوَ	1.00	1.00	rec	3174.70	3175.14
107	8	مَعَهُمْ	مَعَهُمْ	1.00	1.00	rec	3175.28	3176.20
107	9	إِذْ	إِذْ	1.00	1.00	rec	3178.68	3179.00
107	10	يُبَيِّتُونَ	يُبَيِّتُونَ	1.00	1.00	rec	3179.08	3180.42
107	11	مَا	مَا	1.00	1.00	rec	3180.58	3180.70
107	12	لَا	لَا	1.00	1.00	rec	3181.04	3181.16
107	13	يَرْضَىٰ	يَرْضَىٰ	1.00	1.00	rec	3181.60	3182.22
107	14	مِنَ	مِنَ	1.00	1.00	rec	3182.68	3182.96
107	15	ٱلْقَوْلِۚ	الْقَولِ	1.00	1.00	rec	3183.02	3184.50
107	16	وَكَانَ	وَكَانَ	1.00	1.00	rec	3185.02	3185.90
107	17	ٱللَّهُ	اللَّهُ	1.00	0.99	rec	3185.94	3186.80
107	18	بِمَا	بِمَا	1.00	1.00	rec	3186.98	3187.34
107	19	يَعْمَلُونَ	يَعْمَلُونَ	1.00	1.00	rec	3187.70	3188.86
107	20	مُحِيطًا	مُحِيطًا	1.00	1.00	rec	3188.98	3190.14
108	0	هَٰٓأَنتُمْ	هَا+أَنْتُمْ	1.00	1.00	rec	3191.40	3193.08
108	1	هَٰٓؤُلَآءِ	هَـٰؤُلَاءِ	1.00	0.96	rec	3193.18	3195.30
108	2	جَٰدَلْتُمْ	جَادَلْتُمْ	1.00	1.00	rec	3195.52	3196.70
108	3	عَنْهُمْ	عَنْهُمْ	1.00	1.00	rec	3196.80	3197.48
108	4	فِى	فِي	1.00	1.00	rec	3197.60	3197.70
108	5	ٱلْحَيَوٰةِ	الْحَيَاةِ	0.86	0.99	rec	3197.74	3198.78
108	6	ٱلدُّنْيَا	الدُّنْيَا	1.00	1.00	rec	3198.84	3199.64
108	7	فَمَن	فَمَنْ	1.00	1.00	rec	3200.60	3201.50
108	8	يُجَٰدِلُ	يُجَادِلُ	1.00	1.00	rec	3201.54	3202.52
108	9	ٱللَّهَ	اللَّهَ	1.00	0.97	rec	3202.62	3203.42
108	10	عَنْهُمْ	عَنْهُمْ	1.00	1.00	rec	3203.56	3204.26
108	11	يَوْمَ	يَوْمَ	1.00	0.92	rec	3204.36	3204.74
108	12	ٱلْقِيَٰمَةِ	الْقِيَامَةِ	1.00	1.00	rec	3204.80	3206.22
108	13	أَم	أَمْ	1.00	0.97	rec	3206.36	3206.98
108	14	مَّن	مَنْ	1.00	1.00	rec	3207.04	3207.64
108	15	يَكُونُ	يَكُونُ	1.00	1.00	rec	3207.70	3208.48
108	16	عَلَيْهِمْ	عَلَيْهِمْ	1.00	0.99	rec	3208.68	3209.70
108	17	وَكِيلًۭا	وَكِيلًا	1.00	1.00	rec	3209.78	3210.68
109	0	وَمَن	وَمَنْ	1.00	1.00	rec	3211.78	3212.64
109	1	يَعْمَلْ	يَعْمَلْ	1.00	1.00	rec	3212.70	3213.40
109	2	سُوٓءًا	سُوءًا	1.00	1.00	rec	3213.58	3215.48
109	3	أَوْ	أَوْ	1.00	0.90	rec	3215.88	3216.18
109	4	يَظْلِمْ	يَظْلِمْ	1.00	1.00	rec	3216.28	3216.94
109	5	نَفْسَهُۥ	نَفْسَهُ	1.00	1.00	rec	3217.02	3217.66
109	6	ثُمَّ	ثُمَّ	1.00	1.00	rec	3218.18	3218.90
109	7	يَسْتَغْفِرِ	يَسْتَغْفِرِ	1.00	0.99	rec	3219.02	3220.06
109	8	ٱللَّهَ	اللَّهَ	1.00	0.99	rec	3220.12	3220.80
109	9	يَجِدِ	يَجِدِ	1.00	1.00	rec	3220.98	3221.46
109	10	ٱللَّهَ	اللَّهَ	1.00	1.00	rec	3221.50	3222.30
109	11	غَفُورًۭا	غَفُورًا	1.00	1.00	rec	3222.50	3223.30
109	12	رَّحِيمًۭا	رَحِيمًا	1.00	1.00	rec	3223.56	3224.62
110	0	وَمَن	وَمَنْ	1.00	1.00	rec	3225.86	3226.76
110	1	يَكْسِبْ	يَكْسِدْ	0.75	0.89	rec	3226.80	3227.44
110	2	إِثْمًۭا	إِثْمًا	1.00	0.99	rec	3227.50	3227.96
110	3	فَإِنَّمَا	فَإِنَّمَا	1.00	0.99	rec	3228.62	3229.86
110	4	يَكْسِبُهُۥ	حْسِبُهُ	0.60	0.87	rec	3230.64	3231.32
110	5	عَلَىٰ	عَلَىٰ	1.00	1.00	rec	3231.76	3232.08
110	6	نَفْسِهِۦۚ	نَفْسِي	0.75	0.95	rec	3232.38	3232.90
110	7	وَكَانَ	وَكَانَ	1.00	1.00	rec	3233.72	3234.58
110	8	ٱللَّهُ	اللَّهُ	1.00	1.00	rec	3234.64	3235.42
110	9	عَلِيمًا	عَلِيمًا	1.00	1.00	rec	3235.58	3236.32
110	10	حَكِيمًۭا	حَكِيمًا	1.00	1.00	rec	3236.70	3237.64
111	0	وَمَن	وَمَنْ	1.00	1.00	rec	3238.72	3239.66
111	1	يَكْسِبْ	يَكْسِبْ	1.00	1.00	rec	3239.70	3240.32
111	2	خَطِيٓـَٔةً	خَضِيئَةً	0.60	1.00	rec	3240.48	3243.00
111	3	أَوْ	أَوْ	1.00	0.93	rec	3243.38	3243.64
111	4	إِثْمًۭا	ثُمَّ	0.50	1.00	rec	3245.04	3245.84
111	5	ثُمَّ	ثُمَّ	1.00	1.00	rec	3250.64	3251.84
111	6	يَرْمِ	يَرْمِ	1.00	0.99	rec	3252.04	3252.58
111	7	بِهِۦ	بِهِ	1.00	1.00	rec	3252.78	3253.10
111	8	بَرِيٓـًۭٔا	بَرِيئًا	0.80	0.99	rec	3253.48	3254.96
111	9	فَقَدِ	فَقَدِ	1.00	1.00	rec	3255.80	3256.40
111	10	ٱحْتَمَلَ	احْتَمَلَ	1.00	0.99	rec	3256.44	3257.32
111	11	بُهْتَٰنًۭا	بُهْتَانًا	1.00	1.00	rec	3257.48	3258.50
111	12	وَإِثْمًۭا	وَإِثْمًا	1.00	1.00	rec	3259.18	3259.84
111	13	مُّبِينًۭا	مُبِينًا	1.00	0.99	rec	3260.44	3261.20
112	0	وَلَوْلَا	وَلَوْلَا	1.00	1.00	rec	3262.04	3262.78
112	1	فَضْلُ	فَضْلُ	1.00	1.00	rec	3263.22	3263.72
112	2	ٱللَّهِ	اللَّهِ	1.00	1.00	rec	3263.80	3264.52
112	3	عَلَيْكَ	عَلَيْكَ	1.00	1.00	rec	3264.68	3265.44
112	4	وَرَحْمَتُهُۥ	وَرَحٍ+َحْمَتُهُ	0.86	0.88	rec	3265.56	3266.68
112	5	لَهَمَّت	لَهَمَّطُ	0.75	0.93	rec	3267.06	3267.90
112	6	طَّآئِفَةٌۭ	ط+فَةٌ	0.60	0.98	rec	3268.18	3270.94
112	7	مِّنْهُمْ	مِنْهُمْ	1.00	1.00	rec	3271.64	3272.38
112	8	أَن	أَنْ	1.00	1.00	rec	3272.52	3273.16
112	9	يُضِلُّوكَ	يُضِلُّوكَ	1.00	0.99	rec	3273.20	3274.78
112	10	وَمَا	وَمَا	1.00	1.00	rec	3275.54	3275.88
112	11	يُضِلُّونَ	يُضِلُّونَ	1.00	1.00	rec	3276.14	3277.26
112	12	إِلَّآ	إِلَّا	1.00	0.93	rec	3277.42	3278.00
112	13	أَنفُسَهُمْۖ	أَنْفُسَهُمْ	1.00	1.00	rec	3278.32	3279.98
112	14	وَمَا	وَمَا	1.00	1.00	rec	3280.12	3280.48
112	15	يَضُرُّونَكَ	يَضُرُّونَكَ	1.00	0.99	rec	3280.80	3282.22
112	16	مِن	مِنْ	1.00	1.00	rec	3282.36	3282.96
112	17	شَىْءٍۢۚ	شَيْءٍ	1.00	0.99	rec	3283.10	3284.14
112	18	وَأَنزَلَ	وَأَنْزَلَ	1.00	1.00	rec	3284.84	3286.24
112	19	ٱللَّهُ	اللَّهُ	1.00	0.92	rec	3286.30	3287.20
112	20	عَلَيْكَ	عَلَيْكَ	1.00	1.00	rec	3287.38	3288.16
112	21	ٱلْكِتَٰبَ	الْكِتَابَ	1.00	1.00	rec	3288.22	3289.48
112	22	وَٱلْحِكْمَةَ	وَالْحِكْمَةَ	1.00	1.00	rec	3289.60	3290.82
112	23	وَعَلَّمَكَ	وَعَلَّمَكَمَالًا⌐	0.78	0.91	rec	3290.96	3292.33
112	24	مَا	وَعَلَّمَكَمَالًا¬	0.78	0.91	rec	3292.33	3292.88
112	25	لَمْ		0.00	0.00	forced	3292.96	3293.06
112	26	تَكُن	تَكُنْ	1.00	0.99	rec	3293.14	3294.16
112	27	تَعْلَمُۚ	تَعْلَمَ	1.00	0.92	rec	3294.36	3295.20
112	28	وَكَانَ	وَكَانَ	1.00	1.00	rec	3295.88	3296.70
112	29	فَضْلُ	فَضْلُ	1.00	1.00	rec	3296.90	3297.38
112	30	ٱللَّهِ	اللَّهِ	1.00	1.00	rec	3297.44	3298.20
112	31	عَلَيْكَ	عَلَيْكَ	1.00	1.00	rec	3298.40	3299.32
112	32	عَظِيمًۭا	عَظِيمٌ	0.80	0.87	rec	3299.48	3300.38
113	0	لَّا	ملَا	0.67	0.87	rec	3300.44	3301.86
113	1	خَيْرَ	خَيْرَ	1.00	0.96	rec	3302.22	3302.66
113	2	فِى	ِي	0.50	0.84	rec	3302.96	3303.02
113	3	كَثِيرٍۢ	كَثِيرٍ	1.00	1.00	rec	3303.22	3303.84
113	4	مِّن	مِنْ	1.00	1.00	rec	3304.38	3304.92
113	5	نَّجْوَىٰهُمْ	نَدْوَاهُمْ	0.71	1.00	rec	3304.98	3306.20
113	6	إِلَّا	إِلَّا	1.00	1.00	rec	3306.32	3306.84
113	7	مَنْ	مَنْ	1.00	1.00	rec	3307.18	3307.50
113	8	أَمَرَ	أَمَرَ	1.00	1.00	rec	3307.62	3308.16
113	9	بِصَدَقَةٍ	بِصَدَقَةٍ	1.00	1.00	rec	3312.32	3313.44
113	10	أَوْ	أَوْ	1.00	0.87	rec	3313.82	3314.14
113	11	مَعْرُوفٍ	مَعْرُوفٍ	1.00	1.00	rec	3314.30	3315.32
113	12	أَوْ	أَوْ	1.00	1.00	rec	3315.70	3316.02
113	13	إِصْلَٰحٍۭ	إِصْلَاحٍ	1.00	1.00	rec	3316.12	3317.12
113	14	بَيْنَ	بَيْنَ	1.00	1.00	rec	3317.86	3318.48
113	15	ٱلنَّاسِۚ	النِّاسِ	1.00	0.91	rec	3318.52	3320.20
113	16	وَمَن	وَمَنْ	1.00	1.00	rec	3320.76	3321.86
113	17	يَفْعَلْ	يَفْعَلْ	1.00	1.00	rec	3321.90	3322.62
113	18	ذَٰلِكَ	ذَٰلِكَ	1.00	1.00	rec	3322.74	3323.52
113	19	ٱبْتِغَآءَ	ابْتِغَاءَ	1.00	1.00	rec	3323.58	3325.90
113	20	مَرْضَاتِ	مَرْضَاتِ	1.00	1.00	rec	3326.08	3327.08
113	21	ٱللَّهِ	اللَّهِ	1.00	1.00	rec	3327.14	3327.84
113	22	فَسَوْفَ	فَسَوْفَ	1.00	0.98	rec	3328.04	3328.86
113	23	نُؤْتِيهِ		0.00	0.24	forced	3329.12	3329.94
113	24	أَجْرًا	أَجْرًا	1.00	1.00	rec	3330.18	3330.70
113	25	عَظِيمًۭا	عَظِيمً+مَا	0.83	0.79	rec	3331.06	3332.10
114	0	وَمَن	وَمَنْ	1.00	1.00	rec	3333.66	3334.66
114	1	يُشَاقِقِ	يُشَاقِقِ	1.00	0.96	rec	3334.70	3335.80
114	2	ٱلرَّسُولَ	الرَّسُولَ	1.00	0.93	rec	3335.86	3336.74
114	3	مِنۢ	مِنْ	1.00	1.00	rec	3336.90	3337.76
114	4	بَعْدِ	بَعْدِ	1.00	1.00	rec	3337.84	3338.26
114	5	مَا	مَا	1.00	1.00	rec	3338.42	3338.56
114	6	تَبَيَّنَ	تَبَيَّنَ	1.00	0.98	rec	3338.84	3339.66
114	7	لَهُ	لَهُ	1.00	1.00	rec	3339.80	3340.10
114	8	ٱلْهُدَىٰ	الْهُدَىٰ	1.00	1.00	rec	3340.16	3340.76
114	9	وَيَتَّبِعْ	وَيَتَّبِعْ	1.00	0.92	rec	3341.16	3342.12
114	10	غَيْرَ	غَيْرَ	1.00	1.00	rec	3342.42	3342.82
114	11	سَبِيلِ	سَبِيلِ	1.00	1.00	rec	3342.98	3343.74
114	12	ٱلْمُؤْمِنِينَ	الْ+ؤْمِنِينَ	0.88	0.76	rec	3343.80	3346.08
114	13	نُوَلِّهِۦ	نُوَلِّهْمَا⌐	1.00	0.99	rec	3351.52	3352.31
114	14	مَا	نُوَلِّهْمَا¬	1.00	0.99	rec	3352.31	3352.70
114	15	تَوَلَّىٰ	تَوَلَّىٰ	1.00	1.00	rec	3353.04	3353.84
114	16	وَنُصْلِهِۦ	وَنُصْلِهْ	1.00	1.00	rec	3354.22	3355.14
114	17	جَهَنَّمَۖ	جَهَنَّمَ	1.00	0.98	rec	3355.22	3356.66
114	18	وَسَآءَتْ	وَسَاءَتْ	1.00	0.99	rec	3363.16	3365.46
114	19	مَصِيرًا	نَصِيرًا	0.80	0.99	rec	3365.58	3366.56
115	0	إِنَّ	إِنَّ	1.00	1.00	rec	3367.78	3368.64
115	1	ٱللَّهَ	اللَّهَ	1.00	0.97	rec	3368.68	3369.44
115	2	لَا	لَا	1.00	1.00	rec	3369.64	3369.76
115	3	يَغْفِرُ	يَغْفِرُ	1.00	1.00	rec	3370.12	3370.88
115	4	أَن	أَنْ	1.00	1.00	rec	3371.08	3371.66
115	5	يُشْرَكَ	يُشْرَكَ	1.00	1.00	rec	3371.70	3372.40
115	6	بِهِۦ	بِهِ	1.00	1.00	rec	3372.54	3372.88
115	7	وَيَغْفِرُ	وَيَغْفِرُ	1.00	1.00	rec	3373.26	3374.18
115	8	مَا	مَع	0.50	0.86	rec	3374.38	3374.52
115	9	دُونَ	دُونَ	1.00	0.87	rec	3374.80	3375.22
115	10	ذَٰلِكَ	ذَٰلِكَ	1.00	1.00	rec	3375.36	3376.08
115	11	لِمَن	لِمَنْ	1.00	1.00	rec	3376.22	3377.04
115	12	يَشَآءُۚ	يَشَاءُ	1.00	1.00	rec	3377.12	3379.34
115	13	وَمَن	وَمَنْ	1.00	1.00	rec	3380.10	3381.06
115	14	يُشْرِكْ	يُشْرِكْ	1.00	1.00	rec	3381.12	3381.76
115	15	بِٱللَّهِ	بِاللَّهِ	1.00	0.99	rec	3381.86	3382.72
115	16	فَقَدْ	فَقَضضَّلَّ⌐	0.80	0.95	rec	3382.92	3383.59
115	17	ضَلَّ	فَقَضضَّلَّ¬	0.80	0.95	rec	3383.59	3384.04
115	18	ضَلَٰلًۢا	ضَلَالًا	1.00	1.00	rec	3384.18	3384.98
115	19	بَعِيدًا	بَعِيدًا	1.00	1.00	rec	3385.90	3386.76
116	0	إِن	إِنْ	1.00	1.00	rec	3387.94	3388.52
116	1	يَدْعُونَ	يَدْعُونَ	1.00	1.00	rec	3388.58	3389.46
116	2	مِن	مِنْ	1.00	1.00	rec	3389.58	3390.20
116	3	دُونِهِۦٓ	دُونِهِ	1.00	1.00	rec	3390.30	3391.14
116	4	إِلَّآ	إِلَّا	1.00	1.00	rec	3391.80	3392.34
116	5	إِنَٰثًۭا	إِنْعَاذًا	0.67	0.92	rec	3392.86	3393.88
116	6	وَإِن	وَإِنْ	1.00	1.00	rec	3394.86	3395.62
116	7	يَدْعُونَ	يَدْعُونَ	1.00	1.00	rec	3395.68	3396.64
116	8	إِلَّا	إِلَّا	1.00	1.00	rec	3396.78	3397.32
116	9	شَيْطَٰنًۭا	شَيْطَانًا	1.00	0.87	rec	3397.74	3399.02
116	10	مَّرِيدًۭا	مَرِيدًا	1.00	1.00	rec	3399.66	3400.58
117	0	لَّعَنَهُ	لَعَنَهُْ	1.00	0.93	rec	3400.86	3401.78
117	1	ٱللَّهُۘ	اللّهُ	1.00	0.70	rec	3401.86	3403.20
117	2	وَقَالَ	وَقَالَ	1.00	1.00	rec	3404.24	3405.10
117	3	لَأَتَّخِذَنَّ	لَأَتَّخِي+إِذَنَّ	0.75	0.94	rec	3405.22	3407.60
117	4	مِنْ	مِنْ	1.00	1.00	rec	3407.74	3408.08
117	5	عِبَادِكَ	عِبَادِكَ	1.00	1.00	rec	3408.18	3409.32
117	6	نَصِيبًۭا	نَصِيبًا	1.00	1.00	rec	3409.50	3410.48
117	7	مَّفْرُوضًۭا	مَفْرُوضًا	1.00	0.94	rec	3411.12	3412.32
118	0	وَلَأُضِلَّنَّهُمْ	وَلَأُضِلَّنَّهُمْ	1.00	0.98	rec	3413.58	3415.86
118	1	وَلَأُمَنِّيَنَّهُمْ	وَلَأُمَنِّيَنَّهُمْ	1.00	0.99	rec	3416.00	3418.92
118	2	وَلَءَامُرَنَّهُمْ	وَلَآبُرَنَّهُمْ	0.78	0.97	rec	3419.06	3421.62
118	3	فَلَيُبَتِّكُنَّ	فَلَيُبَتِّكُنَّ	1.00	0.97	rec	3421.74	3423.98
118	4	ءَاذَانَ	آذَانَ	0.80	1.00	rec	3424.14	3425.16
118	5	ٱلْأَنْعَٰمِ	الْأَنْعَامِ	1.00	0.97	rec	3425.22	3427.30
118	6	وَلَءَامُرَنَّهُمْ	وَلَعَامُرَنَّهُمْ	0.89	0.99	rec	3428.22	3430.72
118	7	فَلَيُغَيِّرُنَّ	فَلَيُغَيِّرُنَ	1.00	0.98	rec	3430.86	3432.88
118	8	خَلْقَ	خَلْقَ	1.00	1.00	rec	3433.46	3434.00
118	9	ٱللَّهِۚ	اللَّهِ	1.00	0.99	rec	3434.06	3435.20
118	10	وَمَن	وَمَنْ	1.00	1.00	rec	3435.78	3436.84
118	11	يَتَّخِذِ	يَتَّخِذِ	1.00	0.95	rec	3436.88	3437.74
118	12	ٱلشَّيْطَٰنَ	الشَّيْطَانَ	1.00	0.99	rec	3437.82	3439.06
118	13	وَلِيًّۭا	وَلِيًّا	1.00	1.00	rec	3439.16	3439.82
118	14	مِّن	مِنْ	1.00	1.00	rec	3440.30	3440.86
118	15	دُونِ	دُونٍ	1.00	1.00	rec	3440.94	3441.40
118	16	ٱللَّهِ		0.00	0.14	forced	3442.14	3443.54
118	17	فَقَدْ	فَقَدْ	1.00	0.91	rec	3444.50	3445.06
118	18	خَسِرَ	خَسِرَ	1.00	1.00	rec	3445.24	3445.78
118	19	خُسْرَانًۭا	خُسْ+صُطَانًا	0.71	0.90	rec	3445.92	3447.00
118	20	مُّبِينًۭا	مُبِينًا	1.00	1.00	rec	3447.94	3448.96
119	0	يَعِدُهُمْ	يَعِدُهُمْ	1.00	1.00	rec	3450.42	3451.32
119	1	وَيُمَنِّيهِمْۖ	وَيُمَنِّيهِمْ	1.00	1.00	rec	3451.42	3453.34
119	2	وَمَا	وَمَا	1.00	1.00	rec	3453.48	3453.84
119	3	يَعِدُهُمُ	يَعِدُهُمُ	1.00	1.00	rec	3454.10	3455.02
119	4	ٱلشَّيْطَٰنُ	الشَّيْطَانُ	1.00	1.00	rec	3455.10	3456.38
119	5	إِلَّا	إِلَّا	1.00	1.00	rec	3456.58	3457.12
119	6	غُرُورًا	غُرُورًا	1.00	1.00	rec	3457.42	3458.22
120	0	أُو۟لَٰٓئِكَ	أُولَـٰئِكَ	1.00	1.00	rec	3459.30	3461.36
120	1	مَأْوَىٰهُمْ	مَأْوَعَهُمْ	0.71	1.00	rec	3461.48	3462.66
120	2	جَهَنَّمُ	جَهَنَّمُ	1.00	0.97	rec	3462.76	3463.90
120	3	وَلَا	وَلَا	1.00	0.99	rec	3464.08	3464.42
120	4	يَجِدُونَ	يَجِدُونَ	1.00	1.00	rec	3464.70	3465.62
120	5	عَنْهَا	عَنْهَا	1.00	1.00	rec	3465.74	3466.32
120	6	مَحِيصًۭا	مَحِيصًا	1.00	1.00	rec	3466.74	3467.74
121	0	وَٱلَّذِينَ	وَالَّذِينَ	1.00	1.00	rec	3468.82	3469.66
121	1	ءَامَنُوا۟	آمَنُوا	0.83	0.94	rec	3469.80	3470.56
121	2	وَعَمِلُوا۟	وَعَمِلُوا	1.00	1.00	rec	3470.82	3471.56
121	3	ٱلصَّٰلِحَٰتِ	الصَّالِحَاتِ	1.00	1.00	rec	3471.64	3473.18
121	4	سَنُدْخِلُهُمْ	سَنُدْخِلُهُمْ	1.00	1.00	rec	3473.36	3474.90
121	5	جَنَّٰتٍۢ	جَنَّاتٌ	1.00	0.99	rec	3475.02	3477.10
121	6	تَجْرِى	تَجْرِي	1.00	1.00	rec	3481.76	3482.32
121	7	مِن	مِنْ	1.00	1.00	rec	3482.64	3483.24
121	8	تَحْتِهَا	تَحْتِهَا	1.00	1.00	rec	3483.40	3484.16
121	9	ٱلْأَنْهَٰرُ	الْأَنْهَارُ	1.00	1.00	rec	3484.20	3486.12
121	10	خَٰلِدِينَ	خَالِدِينَ	1.00	1.00	rec	3486.82	3488.04
121	11	فِيهَآ	فِيهَا	1.00	1.00	rec	3488.26	3489.02
121	12	أَبَدًۭاۖ	أَبَدًا	1.00	0.97	rec	3489.56	3490.16
121	13	وَعْدَ	وَعْدَ	1.00	1.00	rec	3490.84	3491.32
121	14	ٱللَّهِ	اللَّهِ	1.00	1.00	rec	3491.38	3492.34
121	15	حَقًّۭاۚ	قا	0.67	0.82	rec	3493.00	3493.12
121	16	وَمَنْ	وَمَنْ	1.00	1.00	rec	3494.24	3494.88
121	17	أَصْدَقُ	أَصْدَقُ	1.00	1.00	rec	3495.00	3495.84
121	18	مِنَ	مِنَ	1.00	1.00	rec	3496.00	3496.26
121	19	ٱللَّهِ	اللَّاهِ	0.80	0.96	rec	3496.30	3497.26
121	20	قِيلًۭا	قِينٌ	0.50	0.76	rec	3497.54	3498.00
122	0	لَّيْسَ	َلَيْسَ	1.00	0.84	rec	3498.32	3500.68
122	1	بِأَمَانِيِّكُمْ	بِأَمَانِيِّكُمْ	1.00	0.93	rec	3500.80	3502.70
122	2	وَلَآ	وَلَا	1.00	1.00	rec	3502.82	3503.14
122	3	أَمَانِىِّ	أَمَانِيِّ	1.00	0.97	rec	3503.48	3504.56
122	4	أَهْلِ	أَهْل	1.00	0.91	rec	3504.74	3505.04
122	5	ٱلْكِتَٰبِۗ	الْكِتَابِ	1.00	0.95	rec	3505.22	3506.62
122	6	مَن	مَنْ	1.00	1.00	rec	3507.34	3508.24
122	7	يَعْمَلْ	يَعْمَلْ	1.00	1.00	rec	3508.30	3508.92
122	8	سُوٓءًۭا	سُوءًا	1.00	1.00	rec	3509.08	3510.76
122	9	يُجْزَ	يُجْزَ	1.00	0.97	rec	3511.74	3512.26
122	10	بِهِۦ	بِهِ	1.00	1.00	rec	3512.42	3512.76
122	11	وَلَا	وَلَا	1.00	1.00	rec	3513.18	3513.54
122	12	يَجِدْ	يَجِدْ	1.00	1.00	rec	3513.90	3514.42
122	13	لَهُۥ	لَهُ	1.00	1.00	rec	3514.52	3514.80
122	14	مِن	مِنْ	1.00	1.00	rec	3515.08	3515.76
122	15	دُونِ	دُونِ	1.00	1.00	rec	3515.86	3516.30
122	16	ٱللَّهِ	اللَّهِ	1.00	1.00	rec	3516.36	3517.04
122	17	وَلِيًّۭا	وَلِيًّا	1.00	1.00	rec	3517.18	3517.88
122	18	وَلَا	وَلَا	1.00	1.00	rec	3518.38	3518.72
122	19	نَصِيرًۭا	نَصِيرًا	1.00	1.00	rec	3519.10	3520.10
123	0	وَمَن	وَمَنْ	1.00	1.00	rec	3521.32	3522.18
123	1	يَعْمَلْ	يَعْمَلْ	1.00	1.00	rec	3522.24	3522.86
123	2	مِنَ	مِنَ	1.00	1.00	rec	3522.94	3523.16
123	3	ٱلصَّٰلِحَٰتِ	الصَّالِحَاتِ	1.00	1.00	rec	3523.22	3524.60
123	4	مِن	مِنْ	1.00	1.00	rec	3524.72	3525.36
123	5	ذَكَرٍ	ذَكَرٍ	1.00	0.97	rec	3525.42	3525.88
123	6	أَوْ	أَوْ	1.00	1.00	rec	3526.20	3526.46
123	7	أُنثَىٰ	أُنْثَىٰ	1.00	1.00	rec	3526.54	3527.48
123	8	وَهُوَ	وَهُوَ	1.00	1.00	rec	3527.90	3528.32
123	9	مُؤْمِنٌۭ	مُؤْمِنَ	1.00	0.92	rec	3528.46	3529.24
123	10	فَأُو۟لَٰٓئِكَ	فَأُولَـٰئِكَ	1.00	1.00	rec	3529.86	3531.96
123	11	يَدْخُلُونَ	يُدْخَلُونَ	1.00	1.00	rec	3532.04	3533.16
123	12	ٱلْجَنَّةَ	الْجَنَّةَ	1.00	0.96	rec	3533.20	3534.58
123	13	وَلَا	وَلَا	1.00	0.90	rec	3534.74	3535.12
123	14	يُظْلَمُونَ	يُظْلَمُونَ	1.00	1.00	rec	3535.54	3536.74
123	15	نَقِيرًۭا	نَقِيرًا	1.00	1.00	rec	3536.88	3537.72
124	0	وَمَنْ	وَمَنْ	1.00	1.00	rec	3538.70	3539.18
124	1	أَحْسَنُ	أَحْسَنُ	1.00	1.00	rec	3539.26	3539.86
124	2	دِينًۭا	دِيلًا	0.75	1.00	rec	3540.04	3540.54
124	3	مِّمَّنْ	مِمَّنْ	1.00	1.00	rec	3541.16	3542.12
124	4	أَسْلَمَ	أَسْلَمَ	1.00	1.00	rec	3542.20	3542.90
124	5	وَجْهَهُۥ	وَجْهَهُ	1.00	0.97	rec	3543.04	3543.88
124	6	لِلَّهِ	لِلَّهِ	1.00	0.97	rec	3544.28	3545.24
124	7	وَهُوَ	وَهْوَ	1.00	0.97	rec	3545.38	3545.82
124	8	مُحْسِنٌۭ	سِنَّ	0.50	0.90	rec	3546.38	3546.84
124	9	وَٱتَّبَعَ	وَاتَّبَعَ	1.00	1.00	rec	3547.64	3548.52
124	10	مِلَّةَ	مِلَّةْ	1.00	0.88	rec	3548.66	3549.34
124	11	إِبْرَٰهِيمَ	إِبْرَاهِيمَ	1.00	0.99	rec	3549.48	3550.92
124	12	حَنِيفًۭاۗ	حَنِيفًا	1.00	1.00	rec	3551.08	3551.92
124	13	وَٱتَّخَذَ	وَاتَّخَذَ	1.00	1.00	rec	3553.02	3553.90
124	14	ٱللَّهُ	اللَّهُ	1.00	1.00	rec	3553.98	3554.88
124	15	إِبْرَٰهِيمَ	إِبْرَاهِيمَ	1.00	1.00	rec	3555.06	3556.66
124	16	خَلِيلًۭا	خَلِيلًا	1.00	1.00	rec	3556.86	3557.82
125	0	وَلِلَّهِ	وَلِلَّهِ	1.00	1.00	rec	3558.88	3559.86
125	1	مَا	مَا	1.00	1.00	rec	3560.04	3560.16
125	2	فِى	فِي	1.00	1.00	rec	3560.48	3560.56
125	3	ٱلسَّمَٰوَٰتِ	السَّمَاوَاتِ	1.00	0.96	rec	3560.60	3561.94
125	4	وَمَا	وَمَا	1.00	1.00	rec	3562.06	3562.40
125	5	فِى	فِي	1.00	1.00	rec	3562.78	3562.90
125	6	ٱلْأَرْضِۚ	الْأَرْضِ	1.00	1.00	rec	3562.94	3563.50
125	7	وَكَانَ	وَكَانَ	1.00	1.00	rec	3564.26	3565.02
125	8	ٱللَّهُ	اللَّهُ	1.00	1.00	rec	3565.08	3565.84
125	9	بِكُلِّ	بِكُلِّ	1.00	1.00	rec	3565.98	3566.64
125	10	شَىْءٍۢ		0.00	0.22	forced	3567.00	3567.30
125	11	مُّحِيطًۭا	مُحِيطٍ	0.80	0.87	rec	3568.12	3569.04
126	0	وَيَسْتَفْتُونَكَ	وَيَسْتَفْتُونَكَ	1.00	1.00	rec	3570.46	3571.78
126	1	فِى	فِي	1.00	1.00	rec	3571.92	3572.02
126	2	ٱلنِّسَآءِۖ	النِّسَاءِ	1.00	1.00	rec	3572.06	3574.74
126	3	قُلِ	قُلِ	1.00	1.00	rec	3575.88	3576.12
126	4	ٱللَّهُ	اللَّهُ	1.00	0.98	rec	3576.18	3577.00
126	5	يُفْتِيكُمْ	يُفْتِيكُمْ	1.00	1.00	rec	3577.14	3578.38
126	6	فِيهِنَّ	فِيهِنَّ	1.00	1.00	rec	3578.50	3579.72
126	7	وَمَا	وَمَا	1.00	1.00	rec	3579.86	3580.20
126	8	يُتْلَىٰ	يُتْلَىٰ	1.00	1.00	rec	3580.44	3580.96
126	9	عَلَيْكُمْ	عَلَيْكُمْ	1.00	1.00	rec	3581.34	3582.28
126	10	فِى	فِي	1.00	1.00	rec	3582.38	3582.48
126	11	ٱلْكِتَٰبِ	الْكِتَابِ	1.00	0.97	rec	3582.52	3583.54
126	12	فِى	فِي	1.00	1.00	rec	3583.74	3583.90
126	13	يَتَٰمَى	يَتَعَامَى	0.83	0.90	rec	3589.48	3590.42
126	14	ٱلنِّسَآءِ	النِّسَاءِ	1.00	0.96	rec	3590.48	3592.72
126	15	ٱلَّٰتِى	اللَّاتِي	0.83	0.99	rec	3592.78	3593.62
126	16	لَا	لَا	1.00	1.00	rec	3593.98	3594.10
126	17	تُؤْتُونَهُنَّ	تُؤْتُونَهُنَّ	1.00	1.00	rec	3594.44	3596.16
126	18	مَا	مَا	1.00	1.00	rec	3596.32	3596.44
126	19	كُتِبَ	كُتِبَ	1.00	1.00	rec	3596.84	3597.34
126	20	لَهُنَّ	لَهُنَّ	1.00	0.97	rec	3597.48	3598.46
126	21	وَتَرْغَبُونَ	وَتَرْغَبُونَ	1.00	1.00	rec	3598.60	3599.90
126	22	أَن	أَنْ	1.00	1.00	rec	3600.06	3600.88
126	23	تَنكِحُوهُنَّ	تَنْكِحُوهُنَّ	1.00	0.99	rec	3601.00	3603.76
126	24	وَٱلْمُسْتَضْعَفِينَ	وَالْمُسْتَضْعَبِينَ	0.91	1.00	rec	3604.82	3607.12
126	25	مِنَ	مِنَ	1.00	1.00	rec	3607.24	3607.48
126	26	ٱلْوِلْدَٰنِ	الْوِلْدَانِ	1.00	1.00	rec	3607.54	3608.62
126	27	وَأَن	وَأَنْ	1.00	1.00	rec	3608.74	3609.78
126	28	تَقُومُوا۟	تَقُومُوا	1.00	1.00	rec	3609.90	3610.84
126	29	لِلْيَتَٰمَىٰ	لِلْيَتَامَىٰ	1.00	1.00	rec	3611.24	3612.46
126	30	بِٱلْقِسْطِۚ	بِالْقِسْطِ	1.00	1.00	rec	3612.88	3613.88
126	31	وَمَا	وَمَا	1.00	1.00	rec	3614.52	3614.86
126	32	تَفْعَلُوا۟	تَفْعَلُوا	1.00	1.00	rec	3615.24	3616.04
126	33	مِنْ	مِنْ	1.00	1.00	rec	3616.42	3616.76
126	34	خَيْرٍۢ	خَيْرٍ	1.00	1.00	rec	3616.90	3617.44
126	35	فَإِنَّ	فَإِنَّ	1.00	1.00	rec	3618.06	3619.08
126	36	ٱللَّهَ	اللَّهَ	1.00	1.00	rec	3619.12	3620.00
126	37	كَانَ	كَانَ	1.00	1.00	rec	3620.24	3620.82
126	38	بِهِۦ	بِهِ	1.00	1.00	rec	3620.96	3621.30
126	39	عَلِيمًۭا	عَلِيمٌ+مَا	0.83	0.81	rec	3621.76	3622.86
127	0	وَإِنِ	وَإِنِ	1.00	1.00	rec	3624.06	3624.48
127	1	ٱمْرَأَةٌ	امْرَأَتٌ	0.80	0.97	rec	3624.52	3625.34
127	2	خَافَتْ	خَافَتْ	1.00	1.00	rec	3625.74	3626.50
127	3	مِنۢ	مِنْ	1.00	1.00	rec	3626.58	3627.18
127	4	بَعْلِهَا	بَعْلِهَا	1.00	1.00	rec	3627.26	3627.96
127	5	نُشُوزًا	نُفُوزًا	0.80	0.94	rec	3628.28	3629.14
127	6	أَوْ	إِعْرَاضًا⌐	0.75	0.97	rec	3629.86	3630.11
127	7	إِعْرَاضًۭا	إِعْرَاضًا¬	0.75	0.97	rec	3630.11	3630.84
127	8	فَلَا	فَلَا	1.00	0.99	rec	3631.76	3632.04
127	9	جُنَاحَ	جُنَاحَ	1.00	1.00	rec	3632.20	3632.88
127	10	عَلَيْهِمَآ	عَلَيْهِمَا	1.00	1.00	rec	3633.04	3634.08
127	11	أَن	أَنْ	1.00	1.00	rec	3634.52	3635.14
127	12	يُصْلِحَا	يَصَّا+لَحَا	0.83	0.98	rec	3635.18	3636.42
127	13	بَيْنَهُمَا	بَيْنَهُمَا	1.00	1.00	rec	3636.76	3637.72
127	14	صُلْحًۭاۚ	صُلْحًى	0.75	0.94	rec	3638.10	3638.76
127	15	وَٱلصُّلْحُ	وَالصُّلْحُ	1.00	1.00	rec	3639.74	3640.62
127	16	خَيْرٌۭۗ	خَيْرٍ	1.00	0.98	rec	3640.92	3642.42
127	17	وَأُحْضِرَتِ	وَأُحْضِرَتِ	1.00	1.00	rec	3642.92	3644.20
127	18	ٱلْأَنفُسُ	الْأَنْفُسُ	1.00	1.00	rec	3644.26	3646.02
127	19	ٱلشُّحَّۚ	الشُّحُْ	1.00	0.91	rec	3646.10	3646.82
127	20	وَإِن	وَإِنْ	1.00	0.99	rec	3647.44	3648.38
127	21	تُحْسِنُوا۟	تُحْسِنُوا	1.00	1.00	rec	3648.52	3649.28
127	22	وَتَتَّقُوا۟	وَتَتَّقُوا	1.00	0.99	rec	3649.58	3650.58
127	23	فَإِنَّ	فَإِنَّ	1.00	1.00	rec	3650.96	3652.12
127	24	ٱللَّهَ	اللَّهَ	1.00	1.00	rec	3652.18	3653.00
127	25	كَانَ	كَانَ	1.00	1.00	rec	3653.22	3653.80
127	26	بِمَا	بِمَا	1.00	1.00	rec	3653.92	3654.28
127	27	تَعْمَلُونَ	تَعْمَلُونَ	1.00	1.00	rec	3654.60	3655.76
127	28	خَبِيرًۭا	خَبِيرًا	1.00	1.00	rec	3655.94	3656.92
128	0	وَلَن	وَلَنْ	1.00	1.00	rec	3658.02	3658.98
128	1	تَسْتَطِيعُوٓا۟	تَسْتَطِيعُوا	1.00	0.99	rec	3659.10	3660.30
128	2	أَن	أَنْ	1.00	1.00	rec	3660.98	3661.76
128	3	تَعْدِلُوا۟	تَعْدِلُوا	1.00	1.00	rec	3661.90	3662.64
128	4	بَيْنَ	بَيْنَ	1.00	1.00	rec	3663.02	3663.60
128	5	ٱلنِّسَآءِ	النِّسَاءِ	1.00	1.00	rec	3663.66	3665.90
128	6	وَلَوْ	وَلَوْ	1.00	0.97	rec	3666.06	3666.68
128	7	حَرَصْتُمْۖ	حَرَصْكُمْ	0.80	0.95	rec	3666.82	3667.92
128	8	فَلَا	فَلَا	1.00	1.00	rec	3668.52	3668.82
128	9	تَمِيلُوا۟	تَمِيلُوا	1.00	1.00	rec	3669.14	3669.92
128	10	كُلَّ	كُلَّ	1.00	1.00	rec	3670.40	3670.92
128	11	ٱلْمَيْلِ	الْمَيْلِ	1.00	1.00	rec	3671.00	3671.80
128	12	فَتَذَرُوهَا	فَتَذَرُوهَا	1.00	1.00	rec	3672.02	3673.34
128	13	كَٱلْمُعَلَّقَةِۚ	كَالْمُعَلَّقَِ	0.88	0.99	rec	3673.98	3675.68
128	14	وَإِن	وَإِنْ	1.00	1.00	rec	3676.26	3677.34
128	15	تُصْلِحُوا۟	تُصْلِحُوا	1.00	0.95	rec	3677.48	3678.28
128	16	وَتَتَّقُوا۟	وَتَتَّقُوا	1.00	0.97	rec	3678.60	3679.56
128	17	فَإِنَّ	فَإِنَّ	1.00	0.99	rec	3679.92	3680.86
128	18	ٱللَّهَ	اللَّهَ	1.00	1.00	rec	3680.92	3681.70
128	19	كَانَ	كَانَ	1.00	1.00	rec	3681.94	3682.58
128	20	غَفُورًۭا	غَفُورًا	1.00	1.00	rec	3682.72	3683.66
128	21	رَّحِيمًۭا	رَحِيمًا	1.00	1.00	rec	3683.92	3685.18
129	0	وَإِن	وَإِنْ	1.00	1.00	rec	3686.56	3687.52
129	1	يَتَفَرَّقَا	يَتَفَرَّقَا	1.00	0.94	rec	3687.56	3688.88
129	2	يُغْنِ	يُغْنِ	1.00	1.00	rec	3689.34	3689.84
129	3	ٱللَّهُ	اللَّهُ	1.00	1.00	rec	3689.90	3690.60
129	4	كُلًّۭا	كُلًّا	1.00	1.00	rec	3690.78	3691.20
129	5	مِّن	مِنْ	1.00	1.00	rec	3691.60	3692.18
129	6	سَعَتِهِۦۚ	سَعَتِهِ	1.00	1.00	rec	3692.30	3693.10
129	7	وَكَانَ	وَكَانَ	1.00	1.00	rec	3693.80	3694.56
129	8	ٱللَّهُ	اللَّهُ	1.00	1.00	rec	3694.60	3695.30
129	9	وَٰسِعًا	وَاسِعًا	1.00	1.00	rec	3695.42	3696.22
129	10	حَكِيمًۭا	حَكِيمًا	1.00	1.00	rec	3696.58	3697.54
130	0	وَلِلَّهِ	وَلِلَّهِ	1.00	0.95	rec	3698.72	3699.66
130	1	مَا	مَا	1.00	1.00	rec	3699.82	3699.94
130	2	فِى	فِي	1.00	1.00	rec	3700.20	3700.30
130	3	ٱلسَّمَٰوَٰتِ	السَّمَاوَاتِ	1.00	1.00	rec	3700.34	3701.70
130	4	وَمَا	وَمَا	1.00	1.00	rec	3701.82	3702.18
130	5	فِى	فِي	1.00	1.00	rec	3702.58	3702.72
130	6	ٱلْأَرْضِۗ	الْأَرْضِ	1.00	1.00	rec	3702.76	3703.46
130	7	وَلَقَدْ	وَلَقَدْ	1.00	1.00	rec	3704.30	3705.04
130	8	وَصَّيْنَا	وَصَّيْنَا	1.00	1.00	rec	3705.14	3706.06
130	9	ٱلَّذِينَ	الَّذِينَ	1.00	0.99	rec	3706.10	3706.92
130	10	أُوتُوا۟	أُوتُوا	1.00	1.00	rec	3707.10	3707.78
130	11	ٱلْكِتَٰبَ	الْكِتَابَ	1.00	1.00	rec	3707.84	3708.84
130	12	مِن	مِنْ	1.00	1.00	rec	3709.00	3709.82
130	13	قَبْلِكُمْ	قَبْلِكُمْ	1.00	1.00	rec	3709.94	3710.88
130	14	وَإِيَّاكُمْ	وَإِيَّاكُمْ	1.00	0.96	rec	3710.98	3712.40
130	15	أَنِ	أَنِ	1.00	0.95	rec	3712.52	3712.76
130	16	ٱتَّقُوا۟	اتَّقُوا	1.00	0.98	rec	3712.80	3713.36
130	17	ٱللَّهَۚ	اللَّهُ	1.00	1.00	rec	3713.42	3714.40
130	18	وَإِن	وَإِنْ	1.00	1.00	rec	3715.04	3716.18
130	19	تَكْفُرُوا۟	تَكْفُرُوا	1.00	1.00	rec	3716.32	3716.98
130	20	فَإِنَّ	فَإِنَّ	1.00	0.93	rec	3717.38	3718.38
130	21	لِلَّهِ	لِلَّهِ	1.00	1.00	rec	3718.50	3719.24
130	22	مَا	مَا	1.00	1.00	rec	3719.40	3719.52
130	23	فِى	فِي	1.00	1.00	rec	3719.80	3719.90
130	24	ٱلسَّمَٰوَٰتِ	السَّمَاوَاتِ	1.00	1.00	rec	3719.94	3721.42
130	25	وَمَا	وَمَا	1.00	1.00	rec	3721.54	3721.86
130	26	فِى	فِي	1.00	1.00	rec	3722.22	3722.34
130	27	ٱلْأَرْضِۚ	الْأَرْضِ	1.00	1.00	rec	3722.38	3723.00
130	28	وَكَانَ	وَكَانَ	1.00	1.00	rec	3723.66	3724.50
130	29	ٱللَّهُ	اللَّهُ	1.00	1.00	rec	3724.56	3725.34
130	30	غَنِيًّا	غَنِيًّا	1.00	1.00	rec	3725.56	3726.42
130	31	حَمِيدًۭا	حَمِيدًا	1.00	1.00	rec	3726.80	3727.84
131	0	وَلِلَّهِ	وَلِلَّهِ	1.00	1.00	rec	3729.00	3729.78
131	1	مَا	مَا	1.00	1.00	rec	3729.92	3730.04
131	2	فِى	فِي	1.00	1.00	rec	3730.36	3730.46
131	3	ٱلسَّمَٰوَٰتِ	السَّمَاوَاتِ	1.00	1.00	rec	3730.50	3732.02
131	4	وَمَا	وَمَا	1.00	1.00	rec	3732.16	3732.56
131	5	فِى	فِي	1.00	0.99	rec	3733.00	3733.12
131	6	ٱلْأَرْضِۚ	الْأَرْضِ	1.00	1.00	rec	3733.18	3733.98
131	7	وَكَفَىٰ	وَكَفَىٰ	1.00	1.00	rec	3734.18	3734.88
131	8	بِٱللَّهِ	بِاللَّهِ	1.00	0.99	rec	3735.30	3736.38
131	9	وَكِيلًا	وَكِيلًا	1.00	1.00	rec	3736.56	3737.64
132	0	إِن	إِنْ	1.00	1.00	rec	3738.70	3739.44
132	1	يَشَأْ	يَشَأْ	1.00	1.00	rec	3739.50	3740.22
132	2	يُذْهِبْكُمْ	يُذْهِبْكُمْ	1.00	0.99	rec	3740.30	3741.46
132	3	أَيُّهَا	أَيُّهَا	1.00	0.99	rec	3741.56	3742.30
132	4	ٱلنَّاسُ	النَّاسُ	1.00	0.95	rec	3742.36	3744.00
132	5	وَيَأْتِ	وَيَْ+ْتِ	0.75	0.74	rec	3744.12	3744.86
132	6	بِـَٔاخَرِينَۚ	بِآخَرِينَ	1.00	1.00	rec	3745.00	3747.14
132	7	وَكَانَ	وَكَانَ	1.00	1.00	rec	3747.68	3748.56
132	8	ٱللَّهُ	اللَّهُ	1.00	0.96	rec	3748.62	3749.36
132	9	عَلَىٰ	عَلَىٰ	1.00	1.00	rec	3749.54	3749.90
132	10	ذَٰلِكَ	ذَٰلِكَ	1.00	1.00	rec	3750.20	3751.02
132	11	قَدِيرًۭا	قَدِيرًا	1.00	1.00	rec	3751.20	3752.18
133	0	مَّن	مَنْ	1.00	1.00	rec	3753.74	3754.52
133	1	كَانَ	كَانَ	1.00	1.00	rec	3754.66	3755.28
133	2	يُرِيدُ	يُرِيدُ	1.00	1.00	rec	3755.40	3756.02
133	3	ثَوَابَ	ثَوَابَ	1.00	1.00	rec	3756.22	3756.82
133	4	ٱلدُّنْيَا	الدُّنْيَا	1.00	0.95	rec	3756.86	3757.62
133	5	فَعِندَ	فَعِنْدَ	1.00	1.00	rec	3757.94	3758.90
133	6	ٱللَّهِ	اللَّهِ	1.00	1.00	rec	3758.96	3759.80
133	7	ثَوَابُ	ثَوَابُ	1.00	1.00	rec	3760.06	3760.70
133	8	ٱلدُّنْيَا	الدُّنْيَا	1.00	0.99	rec	3760.78	3761.46
133	9	وَٱلْءَاخِرَةِۚ	وَالْآخِرَةِ	0.88	1.00	rec	3761.82	3763.12
133	10	وَكَانَ	وَكَانَ	1.00	1.00	rec	3764.22	3765.04
133	11	ٱللَّهُ	اللَّهُ	1.00	0.99	rec	3765.10	3765.86
133	12	سَمِيعًۢا	سَمِيعًا	1.00	1.00	rec	3766.02	3766.82
133	13	بَصِيرًۭا	بَصِيرًا	1.00	1.00	rec	3767.70	3768.74
134	0	يَٰٓأَيُّهَا	يَا+أَيُّهَا	1.00	1.00	rec	3770.06	3771.30
134	1	ٱلَّذِينَ	الَّذِينَ	1.00	1.00	rec	3771.36	3772.22
134	2	ءَامَنُوا۟	آمَنُوا	0.83	0.99	rec	3772.38	3773.14
134	3	كُونُوا۟	كُونُوا	1.00	1.00	rec	3773.54	3774.20
134	4	قَوَّٰمِينَ	قَوَّامِينَ	1.00	1.00	rec	3774.62	3776.02
134	5	بِٱلْقِسْطِ	بِالْقِسِْ+ُطِي	0.86	0.88	rec	3776.16	3777.22
134	6	شُهَدَآءَ	شُهَدَاءَ	1.00	1.00	rec	3777.48	3779.68
134	7	لِلَّهِ	لِلَّهِ	1.00	0.92	rec	3784.38	3785.30
134	8	وَلَوْ	وَلَوْ	1.00	0.99	rec	3785.46	3786.00
134	9	عَلَىٰٓ	عَلَىٰ	1.00	1.00	rec	3786.14	3786.52
134	10	أَنفُسِكُمْ	أَنْفُسِكُمْ	1.00	1.00	rec	3786.82	3788.64
134	11	أَوِ	أَوِ	1.00	1.00	rec	3788.76	3789.04
134	12	ٱلْوَٰلِدَيْنِ	الْوَالِدَيْنِ	1.00	1.00	rec	3789.10	3790.58
134	13	وَٱلْأَقْرَبِينَۚ	وَالْأَقْرَبِينَ	1.00	1.00	rec	3790.70	3792.88
134	14	إِن	إِنْ	1.00	0.99	rec	3793.62	3794.06
134	15	يَكُنْ	يَكُنْ	1.00	1.00	rec	3794.12	3794.64
134	16	غَنِيًّا	غَنِيًّا	1.00	1.00	rec	3794.74	3795.38
134	17	أَوْ	أَوْ	1.00	1.00	rec	3795.66	3795.90
134	18	فَقِيرًۭا	فَقِيرًا	1.00	0.99	rec	3796.04	3796.72
134	19	فَٱللَّهُ	فَاللَّهُ	1.00	1.00	rec	3797.64	3798.70
134	20	أَوْلَىٰ	أَوْلَىٰ	1.00	0.95	rec	3798.94	3799.52
134	21	بِهِمَاۖ	بِهِ+مَا	1.00	0.70	rec	3800.00	3800.64
134	22	فَلَا	فَلَا	1.00	1.00	rec	3801.64	3801.92
134	23	تَتَّبِعُوا۟	تَتَّبِعُوا	1.00	1.00	rec	3802.28	3803.14
134	24	ٱلْهَوَىٰٓ	الْهَوَىٰ	1.00	0.93	rec	3803.18	3803.80
134	25	أَن	أَنْ	1.00	1.00	rec	3804.14	3804.98
134	26	تَعْدِلُوا۟ۚ	تَعْدِلُوا	1.00	0.99	rec	3805.10	3805.82
134	27	وَإِن	وَإِنْ	1.00	1.00	rec	3806.80	3807.72
134	28	تَلْوُۥٓا۟	تَلْوُوا	0.80	0.98	rec	3807.86	3808.38
134	29	أَوْ	أَوْ	1.00	1.00	rec	3808.98	3809.30
134	30	تُعْرِضُوا۟	تُعْرِضُوا	1.00	1.00	rec	3809.44	3810.18
134	31	فَإِنَّ	فَإِنَّّ	1.00	0.90	rec	3810.60	3811.28
134	32	ٱللَّهَ	اللَّهَ	1.00	1.00	rec	3811.72	3812.44
134	33	كَانَ	كَانَ	1.00	1.00	rec	3812.68	3813.24
134	34	بِمَا	بِمَا	1.00	1.00	rec	3813.36	3813.68
134	35	تَعْمَلُونَ	تَعْمَلُونَ	1.00	0.99	rec	3814.06	3815.16
134	36	خَبِيرًۭا	خَبِيرًا	1.00	1.00	rec	3815.34	3816.24
135	0	يَٰٓأَيُّهَا	يَا+أَيُّهَا	1.00	1.00	rec	3817.46	3818.64
135	1	ٱلَّذِينَ	الَّذِينَ	1.00	1.00	rec	3818.70	3819.52
135	2	ءَامَنُوٓا۟	آمَنُوا	0.83	1.00	rec	3819.68	3820.46
135	3	ءَامِنُوا۟	آمِنُوا	0.83	1.00	rec	3820.82	3821.50
135	4	بِٱللَّهِ	بِاللَّهِ	1.00	1.00	rec	3821.82	3822.66
135	5	وَرَسُولِهِۦ	وَرَسُولِهِ	1.00	1.00	rec	3822.78	3823.96
135	6	وَٱلْكِتَٰبِ	وَالْكِتَابِ	1.00	1.00	rec	3824.38	3825.58
135	7	ٱلَّذِى	الَّذِي	1.00	1.00	rec	3825.64	3826.20
135	8	نَزَّلَ	نُزِّلَ	1.00	1.00	rec	3826.64	3827.28
135	9	عَلَىٰ	عَلَىٰ	1.00	1.00	rec	3827.46	3827.80
135	10	رَسُولِهِۦ	رَسُولِهِ	1.00	1.00	rec	3828.10	3829.18
135	11	وَٱلْكِتَٰبِ	وَالْكِتَابِ	1.00	1.00	rec	3830.42	3831.50
135	12	ٱلَّذِىٓ	الَّذِي	1.00	1.00	rec	3831.56	3832.06
135	13	أَنزَلَ	أُنْزِلَ	1.00	1.00	rec	3837.44	3838.56
135	14	مِن	مِنْ	1.00	1.00	rec	3838.72	3839.38
135	15	قَبْلُۚ	قَبْلُ	1.00	0.99	rec	3839.48	3839.96
135	16	وَمَن	وَمَنْ	1.00	1.00	rec	3840.62	3841.60
135	17	يَكْفُرْ	يَكْفُرْ	1.00	1.00	rec	3841.64	3842.28
135	18	بِٱللَّهِ	بِاللَّهِ	1.00	1.00	rec	3842.40	3843.22
135	19	وَمَلَٰٓئِكَتِهِۦ	وَمَلَائِكَتِهِ	1.00	1.00	rec	3843.38	3845.88
135	20	وَكُتُبِهِۦ	وَكُتُبِهِ	1.00	1.00	rec	3846.30	3847.32
135	21	وَرُسُلِهِۦ	وَرُسُلِهِ	1.00	1.00	rec	3847.70	3848.68
135	22	وَٱلْيَوْمِ	وَالْيَوْمِ	1.00	1.00	rec	3849.10	3849.90
135	23	ٱلْءَاخِرِ	الْآخِرِ	0.83	1.00	rec	3849.96	3851.22
135	24	فَقَدْ	فَقَدْ	1.00	0.91	rec	3851.84	3852.30
135	25	ضَلَّ	ضَلَّ	1.00	1.00	rec	3852.38	3852.88
135	26	ضَلَٰلًۢا		0.00	0.27	forced	3853.04	3853.82
135	27	بَعِيدًا	بَعِيدًا	1.00	0.99	rec	3854.78	3855.72
136	0	إِنَّ	إِنَّ	1.00	1.00	rec	3857.40	3858.54
136	1	ٱلَّذِينَ	الَّذِينَ	1.00	0.96	rec	3858.60	3859.42
136	2	ءَامَنُوا۟	آمَنُوا	0.83	1.00	rec	3859.56	3860.36
136	3	ثُمَّ	ثُمَّ	1.00	0.97	rec	3860.80	3861.68
136	4	كَفَرُوا۟	كَفَرُوا	1.00	1.00	rec	3861.90	3862.50
136	5	ثُمَّ	ثُمَ	1.00	0.80	rec	3862.88	3863.42
136	6	ءَامَنُوا۟	ثمَّ+آمَنُوا	0.71	0.94	rec	3863.52	3864.90
136	7	ثُمَّ	ثُمَّ	1.00	1.00	rec	3865.34	3866.10
136	8	كَفَرُوا۟	كَفَرُوا	1.00	0.95	rec	3866.30	3866.84
136	9	ثُمَّ	ثُمَّ	1.00	1.00	rec	3867.24	3868.06
136	10	ٱزْدَادُوا۟	ازْدَعَادُوا	0.88	0.94	rec	3868.14	3869.14
136	11	كُفْرًۭا	كُفْرًا	1.00	1.00	rec	3869.50	3870.08
136	12	لَّمْ	لَمْ	1.00	0.98	rec	3874.68	3875.02
136	13	يَكُنِ	يَكُنِ	1.00	1.00	rec	3875.10	3875.66
136	14	ٱللَّهُ	اللَّهُ	1.00	1.00	rec	3875.72	3876.50
136	15	لِيَغْفِرَ	لِيَغْفِرَ	1.00	1.00	rec	3876.68	3877.66
136	16	لَهُمْ	لَهُمْ	1.00	1.00	rec	3877.80	3878.32
136	17	وَلَا	وَلَا	1.00	1.00	rec	3878.42	3878.74
136	18	لِيَهْدِيَهُمْ	لِيَهْدِيَهُمْ	1.00	0.98	rec	3879.08	3880.34
136	19	سَبِيلًۢا	سَبِيلًا	1.00	1.00	rec	3880.48	3881.46
137	0	بَشِّرِ	بَشِّرِ	1.00	1.00	rec	3882.74	3883.28
137	1	ٱلْمُنَٰفِقِينَ	الْمُنَافِقِينَ	1.00	1.00	rec	3883.34	3884.68
137	2	بِأَنَّ	بِأَنَّ	1.00	1.00	rec	3884.82	3885.84
137	3	لَهُمْ	لَهُمْ	1.00	1.00	rec	3885.94	3886.46
137	4	عَذَابًا	عَذَابًا	1.00	1.00	rec	3886.56	3887.26
137	5	أَلِيمًا	أَلِيمًا	1.00	1.00	rec	3887.60	3888.34
138	0	ٱلَّذِينَ	الَّذِينَ	1.00	1.00	rec	3889.42	3890.10
138	1	يَتَّخِذُونَ	يَتَّخِذُونَ	1.00	1.00	rec	3890.18	3891.34
138	2	ٱلْكَٰفِرِينَ	الْكَافِرِينَ	1.00	1.00	rec	3891.38	3892.56
138	3	أَوْلِيَآءَ	أَوْلِيَاءَ	1.00	1.00	rec	3892.70	3894.76
138	4	مِن	مِنْ	1.00	1.00	rec	3894.88	3895.34
138	5	دُونِ	دُونِ	1.00	1.00	rec	3895.44	3895.90
138	6	ٱلْمُؤْمِنِينَۚ	الْمُؤْمِنِينَ	1.00	1.00	rec	3895.96	3897.92
138	7	أَيَبْتَغُونَ	أَيَبْتَغُونَ	1.00	1.00	rec	3898.48	3899.86
138	8	عِندَهُمُ	عِنْدَهُمُ	1.00	1.00	rec	3900.02	3901.52
138	9	ٱلْعِزَّةَ	الْعِزَّةَ	1.00	1.00	rec	3901.62	3902.64
138	10	فَإِنَّ	فَإِنَّ	1.00	1.00	rec	3902.84	3904.00
138	11	ٱلْعِزَّةَ	الْعِزَّةَ	1.00	1.00	rec	3904.06	3905.10
138	12	لِلَّهِ		0.00	0.42	forced	3905.24	3906.20
138	13	جَمِيعًۭا		0.00	0.30	forced	3906.36	3907.22
139	0	وَقَدْ	وَقَدْ	1.00	1.00	rec	3908.38	3908.90
139	1	نَزَّلَ	نُزِّلَ	1.00	1.00	rec	3909.00	3909.62
139	2	عَلَيْكُمْ	عَلَيْكُمْ	1.00	1.00	rec	3909.76	3910.84
139	3	فِى	فِي	1.00	1.00	rec	3910.96	3911.08
139	4	ٱلْكِتَٰبِ	الْكِتَابِ	1.00	1.00	rec	3911.12	3912.14
139	5	أَنْ	أَنْ	1.00	1.00	rec	3921.42	3921.66
139	6	إِذَا	إِذَا	1.00	1.00	rec	3921.74	3922.06
139	7	سَمِعْتُمْ	سَمِعْتُمْ	1.00	1.00	rec	3922.48	3923.48
139	8	ءَايَٰتِ	آيَاتِ	0.80	1.00	rec	3923.58	3924.40
139	9	ٱللَّهِ	اللَّهِ	1.00	0.97	rec	3924.44	3925.22
139	10	يُكْفَرُ	يُكْفَرُ	1.00	0.97	rec	3925.38	3926.02
139	11	بِهَا	بِهَا	1.00	1.00	rec	3926.20	3926.58
139	12	وَيُسْتَهْزَأُ	وَيُسْتَهْزَأُ	1.00	1.00	rec	3927.04	3928.44
139	13	بِهَا	بِهَا	1.00	1.00	rec	3928.60	3928.96
139	14	فَلَا	فَلَا	1.00	1.00	rec	3929.36	3929.70
139	15	تَقْعُدُوا۟	تَقْعُدُوا	1.00	1.00	rec	3933.86	3934.72
139	16	مَعَهُمْ	مَعَهُمْ	1.00	1.00	rec	3935.04	3935.92
139	17	حَتَّىٰ	حَتَّىٰ	1.00	1.00	rec	3936.04	3936.56
139	18	يَخُوضُوا۟	يَخُوضُوا	1.00	0.98	rec	3936.86	3937.74
139	19	فِى	فِي	1.00	1.00	rec	3938.12	3938.28
139	20	حَدِيثٍ	حَدِيثٍ	1.00	1.00	rec	3938.60	3939.54
139	21	غَيْرِهِۦٓۚ	غَيْرِهِ	1.00	1.00	rec	3939.96	3940.84
139	22	إِنَّكُمْ	إِنَّكُمْ	1.00	0.97	rec	3941.94	3943.32
139	23	إِذًۭا	إِذًا	1.00	1.00	rec	3943.42	3943.72
139	24	مِّثْلُهُمْۗ	مِثْلُهُمْ	1.00	1.00	rec	3944.50	3945.68
139	25	إِنَّ	إِنَّ	1.00	0.96	rec	3946.20	3947.28
139	26	ٱللَّهَ	اللَّهَ	1.00	1.00	rec	3947.32	3948.20
139	27	جَامِعُ	جَعَامِعُ	0.80	0.99	rec	3948.38	3949.26
139	28	ٱلْمُنَٰفِقِينَ	الْمُنَافِقِينَ	1.00	1.00	rec	3949.34	3951.00
139	29	وَٱلْكَٰفِرِينَ	وَالْكَافِرِينَ	1.00	0.99	rec	3951.14	3952.82
139	30	فِى	فِي	1.00	1.00	rec	3953.00	3953.16
139	31	جَهَنَّمَ	جَهَنَّمَ	1.00	1.00	rec	3953.50	3954.98
139	32	جَمِيعًا	جَمِيعًا	1.00	1.00	rec	3955.14	3956.10
140	0	ٱلَّذِينَ	الَّذِينَ	1.00	1.00	rec	3957.06	3958.00
140	1	يَتَرَبَّصُونَ	يَتَرَبَّصُونَ	1.00	1.00	rec	3958.12	3959.90
140	2	بِكُمْ	بِكُمْ	1.00	1.00	rec	3960.06	3960.84
140	3	فَإِن	فَإِنْ	1.00	1.00	rec	3961.40	3962.46
140	4	كَانَ	كَانَ	1.00	1.00	rec	3962.60	3963.14
140	5	لَكُمْ	لَكُمْ	1.00	1.00	rec	3963.26	3963.80
140	6	فَتْحٌۭ	فَتْحٌ	1.00	1.00	rec	3963.92	3964.38
140	7	مِّنَ	مِنَ	1.00	1.00	rec	3965.18	3965.44
140	8	ٱللَّهِ	اللَّهِ	1.00	1.00	rec	3965.50	3966.42
140	9	قَالُوٓا۟	قَالُوا	1.00	0.99	rec	3966.64	3967.28
140	10	أَلَمْ	أَلَمْ	1.00	0.96	rec	3967.64	3968.16
140	11	نَكُن	نَكُنْ	1.00	1.00	rec	3968.22	3969.20
140	12	مَّعَكُمْ	مَعَكُمْ	1.00	1.00	rec	3969.26	3970.22
140	13	وَإِن	وَإِنْ	1.00	1.00	rec	3970.86	3971.82
140	14	كَانَ	كَانَ	1.00	0.92	rec	3971.96	3972.64
140	15	لِلْكَٰفِرِينَ	لِلْكَافِرِينَ	1.00	1.00	rec	3972.74	3974.26
140	16	نَصِيبٌۭ	نَصِيبٌ	1.00	1.00	rec	3974.40	3975.30
140	17	قَالُوٓا۟	قَالُوا	1.00	1.00	rec	3975.98	3976.66
140	18	أَلَمْ	أَلَمْ	1.00	1.00	rec	3977.10	3977.64
140	19	نَسْتَحْوِذْ	نَسْتَحْوِذْ	1.00	1.00	rec	3977.72	3978.88
140	20	عَلَيْكُمْ	عَلَيْكُمْ	1.00	1.00	rec	3978.96	3979.92
140	21	وَنَمْنَعْكُم	وَنَمْ+نَعْكُمْ	1.00	1.00	rec	3980.04	3981.70
140	22	مِّنَ	مِنَ	1.00	1.00	rec	3981.76	3982.00
140	23	ٱلْمُؤْمِنِينَۚ	الْمُؤْمِنِينَ	1.00	1.00	rec	3982.04	3983.98
140	24	فَٱللَّهُ	فَاللَّهُ	1.00	1.00	rec	3984.62	3985.60
140	25	يَحْكُمُ	يَحْكُمُ	1.00	1.00	rec	3985.76	3986.44
140	26	بَيْنَكُمْ	بَيْنَكُمْ	1.00	1.00	rec	3986.64	3987.72
140	27	يَوْمَ	يَوْمَ	1.00	1.00	rec	3987.84	3988.40
140	28	ٱلْقِيَٰمَةِۗ	الْقِيَامَةِ	1.00	1.00	rec	3988.46	3989.70
140	29	وَلَن	وَلَنْ	1.00	1.00	rec	3990.48	3991.40
140	30	يَجْعَلَ	يَجْعَلَ	1.00	0.94	rec	3991.46	3992.08
140	31	ٱللَّهُ	اللَّهُ	1.00	1.00	rec	3992.14	3992.90
140	32	لِلْكَٰفِرِينَ	لِلْكِ+َاْفِدِينَ	0.88	0.82	rec	3993.04	3994.46
140	33	عَلَى	عَلَى	1.00	0.99	rec	3994.58	3994.86
140	34	ٱلْمُؤْمِنِينَ	الْمُؤْمِنِينَ	1.00	1.00	rec	3994.90	3996.24
140	35	سَبِيلًا	سَبِيلًا	1.00	1.00	rec	3996.42	3997.34
141	0	إِنَّ	إِنَّ	1.00	1.00	rec	3998.30	3999.14
141	1	ٱلْمُنَٰفِقِينَ	الْمُنَافِقِينَ	1.00	1.00	rec	3999.18	4000.76
141	2	يُخَٰدِعُونَ	يُخَادِعُونَ	1.00	1.00	rec	4000.90	4002.42
141	3	ٱللَّهَ	اللَّهَ	1.00	0.99	rec	4002.46	4003.40
141	4	وَهُوَ	وَهُوَ	1.00	0.96	rec	4003.56	4003.98
141	5	خَٰدِعُهُمْ	خَادِعُهُمْ	1.00	1.00	rec	4004.16	4005.84
141	6	وَإِذَا	وَإِذَا	1.00	1.00	rec	4006.48	4007.04
141	7	قَامُوٓا۟	قَامُوا	1.00	0.99	rec	4007.46	4008.10
141	8	إِلَى	إِلَى	1.00	1.00	rec	4008.68	4008.96
141	9	ٱلصَّلَوٰةِ	الصَّلَاةِ	0.86	1.00	rec	4009.00	4010.14
141	10	قَامُوا۟	قَامُوا	1.00	0.93	rec	4010.38	4011.08
141	11	كُسَالَىٰ	كُسَعَلَىٰ	0.83	0.98	rec	4011.56	4012.54
141	12	يُرَآءُونَ	يُرَاءُونَ	1.00	1.00	rec	4012.88	4015.66
141	13	ٱلنَّاسَ	النَّاسُ	1.00	0.98	rec	4015.70	4017.26
141	14	وَلَا	وَلَا	1.00	1.00	rec	4021.98	4022.30
141	15	يَذْكُرُونَ	يَذْكُرُونَ	1.00	1.00	rec	4022.66	4023.92
141	16	ٱللَّهَ	اللَّهَ	1.00	0.96	rec	4023.96	4024.76
141	17	إِلَّا	إِلَّا	1.00	1.00	rec	4024.96	4025.48
141	18	قَلِيلًۭا	قَلِيلًا	1.00	1.00	rec	4025.88	4026.74
142	0	مُّذَبْذَبِينَ	مُذَبذَّبِينَ	1.00	0.92	rec	4027.54	4028.78
142	1	بَيْنَ	بَيْنَ	1.00	1.00	rec	4028.94	4029.42
142	2	ذَٰلِكَ	ذَٰلِكَ	1.00	1.00	rec	4029.58	4030.42
142	3	لَآ	لَا	1.00	0.98	rec	4031.00	4031.14
142	4	إِلَىٰ	إِلَىٰ	1.00	0.96	rec	4031.52	4031.84
142	5	هَٰٓؤُلَآءِ	هَـٰؤُلَاءِ	1.00	1.00	rec	4032.20	4034.42
142	6	وَلَآ	وَلَا	1.00	0.95	rec	4034.58	4034.92
142	7	إِلَىٰ	إِلَىٰ	1.00	0.99	rec	4035.34	4035.70
142	8	هَٰٓؤُلَآءِۚ	هَـٰؤُلَاءِ	1.00	1.00	rec	4036.06	4038.66
142	9	وَمَن	وَمَنْ	1.00	1.00	rec	4039.26	4040.14
142	10	يُضْلِلِ	يُضْلِلِ	1.00	1.00	rec	4040.20	4040.80
142	11	ٱللَّهُ	اللَّهُ	1.00	0.99	rec	4040.86	4041.62
142	12	فَلَن	فَلَنْ	1.00	1.00	rec	4041.86	4042.60
142	13	تَجِدَ	تَجِدَ	1.00	1.00	rec	4042.74	4043.30
142	14	لَهُۥ	لَهُ	1.00	1.00	rec	4043.44	4043.76
142	15	سَبِيلًۭا	سَبِيلًا	1.00	1.00	rec	4044.24	4045.10
143	0	يَٰٓأَيُّهَا	يَا+أَيُّهَا	1.00	1.00	rec	4046.22	4047.62
143	1	ٱلَّذِينَ	الَّذِينَ	1.00	1.00	rec	4047.68	4048.56
143	2	ءَامَنُوا۟	عَامَنُوا	0.83	0.84	rec	4048.68	4049.50
143	3	لَا	لَا	1.00	1.00	rec	4049.80	4049.92
143	4	تَتَّخِذُوا۟	تَتَّخِذُوا	1.00	0.95	rec	4050.28	4051.22
143	5	ٱلْكَٰفِرِينَ	الْكَيفِرِينَ	0.88	0.96	rec	4051.28	4052.60
143	6	أَوْلِيَآءَ	أَوْلِيَاءَ	1.00	0.95	rec	4052.74	4054.62
143	7	مِن	مِنْ	1.00	1.00	rec	4054.76	4055.36
143	8	دُونِ	دُونِ	1.00	1.00	rec	4055.46	4056.08
143	9	ٱلْمُؤْمِنِينَۚ	الْمُؤْمِنِينَ	1.00	1.00	rec	4056.14	4058.18
143	10	أَتُرِيدُونَ	أَتُرِيدُونَ	1.00	1.00	rec	4058.64	4059.86
143	11	أَن	أَنْ	1.00	0.89	rec	4059.98	4060.74
143	12	تَجْعَلُوا۟	تَجْعَلُوا	1.00	1.00	rec	4060.86	4061.66
143	13	لِلَّهِ	لِلَّهِ	1.00	1.00	rec	4062.04	4062.94
143	14	عَلَيْكُمْ	عَلَيْكُمْ	1.00	1.00	rec	4063.14	4064.38
143	15	سُلْطَٰنًۭا	سُلْطَانًا	1.00	1.00	rec	4064.50	4065.82
143	16	مُّبِينًا	مُبِينًا	1.00	1.00	rec	4066.42	4067.32
144	0	إِنَّ	إِنَّ	1.00	1.00	rec	4068.20	4069.10
144	1	ٱلْمُنَٰفِقِينَ	الْمُنَافِقِينَ	1.00	1.00	rec	4069.16	4070.72
144	2	فِى	فِي	1.00	1.00	rec	4070.90	4071.02
144	3	ٱلدَّرْكِ	الدَّرَكِ	1.00	0.96	rec	4071.06	4071.88
144	4	ٱلْأَسْفَلِ	الْأَسْفَلِ	1.00	1.00	rec	4071.94	4072.86
144	5	مِنَ	مِنَ	1.00	1.00	rec	4073.02	4073.26
144	6	ٱلنَّارِ	النَّارِ	1.00	0.95	rec	4073.30	4074.50
144	7	وَلَن	وَلَنْ	1.00	1.00	rec	4074.68	4075.66
144	8	تَجِدَ	تَجِدَ	1.00	1.00	rec	4075.80	4076.34
144	9	لَهُمْ	لَهُمْ	1.00	1.00	rec	4076.46	4076.90
144	10	نَصِيرًا	نَصِيرًا	1.00	1.00	rec	4077.18	4078.14
145	0	إِلَّا	إِلَّا	1.00	1.00	rec	4079.22	4079.60
145	1	ٱلَّذِينَ	الَّذِينَ	1.00	1.00	rec	4079.66	4080.38
145	2	تَابُوا۟	تَابُوا	1.00	1.00	rec	4080.58	4081.20
145	3	وَأَصْلَحُوا۟	وَأَصْلَفُوا	0.86	0.99	rec	4081.48	4082.50
145	4	وَٱعْتَصَمُوا۟	تَصَمُوا	0.62	1.00	rec	4083.18	4083.76
145	5	بِٱللَّهِ	بِاللَّهِ	1.00	1.00	rec	4084.10	4085.00
145	6	وَأَخْلَصُوا۟	وَأَخْلَصُوا	1.00	0.99	rec	4085.16	4086.16
145	7	دِينَهُمْ	دِينَهُمْ	1.00	1.00	rec	4088.52	4089.80
145	8	لِلَّهِ	لِلَّهِ	1.00	1.00	rec	4089.86	4091.06
145	9	فَأُو۟لَٰٓئِكَ	فَأُولَـٰئِكَ	1.00	1.00	rec	4091.58	4093.94
145	10	مَعَ	مَعَ	1.00	1.00	rec	4094.08	4094.36
145	11	ٱلْمُؤْمِنِينَۖ	الْمُؤْمِنِينَ	1.00	1.00	rec	4094.42	4096.26
145	12	وَسَوْفَ	وَسَوْفَ	1.00	1.00	rec	4096.70	4097.52
145	13	يُؤْتِ	يُؤْتِ	1.00	1.00	rec	4097.70	4098.16
145	14	ٱللَّهُ	اللَّهُ	1.00	1.00	rec	4098.24	4099.08
145	15	ٱلْمُؤْمِنِينَ	الْمُؤْمِنِينَ	1.00	1.00	rec	4099.14	4100.68
145	16	أَجْرًا	أَجْرًا	1.00	1.00	rec	4100.88	4101.36
145	17	عَظِيمًۭا	عَظِيمًا	1.00	1.00	rec	4101.72	4102.74
146	0	مَّا	مَا	1.00	1.00	rec	4103.82	4103.94
146	1	يَفْعَلُ	يَفْعَلُ	1.00	1.00	rec	4104.16	4104.72
146	2	ٱللَّهُ	اللَّهُ	1.00	1.00	rec	4104.80	4105.60
146	3	بِعَذَابِكُمْ	بِعَذَابِكُمْ	1.00	1.00	rec	4105.78	4107.46
146	4	إِن	إِنْ	1.00	1.00	rec	4107.56	4108.20
146	5	شَكَرْتُمْ	شَكَرْتُمْ	1.00	1.00	rec	4108.30	4109.28
146	6	وَءَامَنتُمْۚ	وَآمَنْتُمْ	0.86	1.00	rec	4109.40	4111.46
146	7	وَكَانَ	وَكَانَ	1.00	1.00	rec	4112.10	4112.90
146	8	ٱللَّهُ	اللَّهُ	1.00	1.00	rec	4112.94	4113.62
146	9	شَاكِرًا	شَاكِرًا	1.00	1.00	rec	4113.82	4114.66
146	10	عَلِيمًۭا	عَلِيمًا	1.00	0.88	rec	4115.04	4115.80
147	0	لَّا	لَا	1.00	1.00	rec	4117.92	4118.04
147	1	يُحِبُّ	يُحِبُّ	1.00	1.00	rec	4118.36	4119.04
147	2	ٱللَّهُ	اللَّهُ	1.00	1.00	rec	4119.10	4119.86
147	3	ٱلْجَهْرَ	الْجَهْرَ	1.00	0.95	rec	4119.92	4120.62
147	4	بِٱلسُّوٓءِ	بِالسُّوءِ	1.00	1.00	rec	4120.74	4122.80
147	5	مِنَ	مِنَ	1.00	1.00	rec	4122.92	4123.16
147	6	ٱلْقَوْلِ	الْقَوْلِ	1.00	1.00	rec	4123.22	4123.94
147	7	إِلَّا	إِلَّا	1.00	0.99	rec	4124.10	4124.56
147	8	مَن	مَنْ	1.00	1.00	rec	4124.84	4125.50
147	9	ظُلِمَۚ	ظُلِمَ	1.00	0.99	rec	4125.56	4126.08
147	10	وَكَانَ	وَكَانَ	1.00	1.00	rec	4127.32	4128.12
147	11	ٱللَّهُ	اللَّهُ	1.00	1.00	rec	4128.16	4128.94
147	12	سَمِيعًا	سَمِيعًا	1.00	1.00	rec	4129.12	4129.96
147	13	عَلِيمًا	عَلِيمًا	1.00	1.00	rec	4130.32	4131.18
148	0	إِن	إِنْ	1.00	1.00	rec	4133.04	4133.82
148	1	تُبْدُوا۟	تُبْدُوا	1.00	0.93	rec	4133.96	4134.50
148	2	خَيْرًا	خَيْرًا	1.00	1.00	rec	4134.86	4135.42
148	3	أَوْ	أَوْ	1.00	1.00	rec	4135.72	4135.98
148	4	تُخْفُوهُ	تُخْفُوهُ	1.00	1.00	rec	4136.14	4137.00
148	5	أَوْ	أَوْ	1.00	1.00	rec	4137.20	4137.44
148	6	تَعْفُوا۟	تَعْفُوا	1.00	0.97	rec	4137.58	4138.16
148	7	عَن	عَنْ	1.00	1.00	rec	4138.46	4139.10
148	8	سُوٓءٍۢ	سُوءٍ	1.00	1.00	rec	4139.22	4141.22
148	9	فَإِنَّ	فَإِنَّ	1.00	1.00	rec	4147.34	4148.40
148	10	ٱللَّهَ	اللَّهَ	1.00	1.00	rec	4148.46	4149.30
148	11	كَانَ	كَانَ	1.00	1.00	rec	4149.54	4150.12
148	12	عَفُوًّۭا	عَفُوًّا	1.00	1.00	rec	4150.24	4151.04
148	13	قَدِيرًا	قَدِيرًا	1.00	1.00	rec	4152.02	4152.88
149	0	إِنَّ	إِنَّ	1.00	1.00	rec	4155.74	4156.70
149	1	ٱلَّذِينَ	الَّذِينَ	1.00	1.00	rec	4156.74	4157.46
149	2	يَكْفُرُونَ	يَكْفُرُونَ	1.00	1.00	rec	4157.54	4158.54
149	3	بِٱللَّهِ	بِاللَّهِ	1.00	1.00	rec	4158.68	4159.48
149	4	وَرُسُلِهِۦ	وَرُسُلِهِ	1.00	1.00	rec	4159.60	4160.58
149	5	وَيُرِيدُونَ	وَيُرِيدُونَ	1.00	1.00	rec	4160.92	4162.18
149	6	أَن	أَنْ	1.00	1.00	rec	4162.38	4163.04
149	7	يُفَرِّقُوا۟	يُفَرِّقُوا	1.00	1.00	rec	4163.08	4164.10
149	8	بَيْنَ	بَيْنَ	1.00	0.97	rec	4164.40	4164.86
149	9	ٱللَّهِ	اللَّهِ	1.00	1.00	rec	4164.90	4165.76
149	10	وَرُسُلِهِۦ	وَرُسُلِهِ	1.00	1.00	rec	4165.92	4166.82
149	11	وَيَقُولُونَ	وَيَقُولُونَ	1.00	1.00	rec	4174.88	4176.24
149	12	نُؤْمِنُ	نُؤْمِنُ	1.00	1.00	rec	4176.38	4177.04
149	13	بِبَعْضٍۢ	بِبَعْضٍ	1.00	0.96	rec	4177.22	4177.96
149	14	وَنَكْفُرُ	و+الْفُرُبِ	0.50	0.80	rec	4178.94	4180.14
149	15	بِبَعْضٍۢ	بَعْضٍ	0.75	1.00	rec	4180.34	4180.68
149	16	وَيُرِيدُونَ	وَيُرِيدُونَ	1.00	1.00	rec	4181.78	4183.12
149	17	أَن	أَنْ	1.00	0.93	rec	4183.30	4184.00
149	18	يَتَّخِذُوا۟	يَتَّخِذُوا	1.00	1.00	rec	4184.04	4184.98
149	19	بَيْنَ	بَيْنَ	1.00	1.00	rec	4185.26	4185.70
149	20	ذَٰلِكَ	ذَٰلِكَ	1.00	1.00	rec	4185.84	4186.72
149	21	سَبِيلًا	سَبِيلًا	1.00	1.00	rec	4186.88	4187.86
150	0	أُو۟لَٰٓئِكَ	أُولَـٰئِكَ	1.00	1.00	rec	4189.42	4191.80
150	1	هُمُ	هُمُ	1.00	1.00	rec	4191.98	4192.24
150	2	ٱلْكَٰفِرُونَ	الْكَافِرُونَ	1.00	1.00	rec	4192.34	4193.88
150	3	حَقًّۭاۚ	قًا	0.67	0.93	rec	4194.56	4194.68
150	4	وَأَعْتَدْنَا	وَأَعْتَدْنَا	1.00	0.99	rec	4195.94	4197.04
150	5	لِلْكَٰفِرِينَ	لِلْكَافِرِينَ	1.00	1.00	rec	4197.46	4198.94
150	6	عَذَابًۭا	عَذَابًا	1.00	1.00	rec	4199.08	4199.86
150	7	مُّهِينًۭا	مُهِينًا	1.00	1.00	rec	4200.74	4201.66
151	0	وَٱلَّذِينَ	وَالَّذِينَ	1.00	1.00	rec	4203.32	4204.36
151	1	ءَامَنُوا۟	آمَنُوا	0.83	0.95	rec	4204.54	4205.28
151	2	بِٱللَّهِ	بِاللَّهِ	1.00	0.95	rec	4205.64	4206.56
151	3	وَرُسُلِهِۦ	وَرُسُلِهِ	1.00	1.00	rec	4206.72	4207.70
151	4	وَلَمْ	وَلَمْ	1.00	1.00	rec	4208.08	4208.60
151	5	يُفَرِّقُوا۟	يُفَرِّقُوا	1.00	0.96	rec	4208.68	4209.74
151	6	بَيْنَ	بَيْنَ	1.00	1.00	rec	4210.06	4210.56
151	7	أَحَدٍۢ	أَحَدٍ	1.00	1.00	rec	4210.68	4211.20
151	8	مِّنْهُمْ	مِنْهُمْ	1.00	1.00	rec	4212.14	4213.08
151	9	أُو۟لَٰٓئِكَ	أُولَـٰئِكَ	1.00	1.00	rec	4214.02	4216.24
151	10	سَوْفَ	سَوْفَ	1.00	0.97	rec	4216.44	4216.98
151	11	يُؤْتِيهِمْ	أْتِيهِمْ	0.67	0.90	rec	4217.46	4218.40
151	12	أُجُورَهُمْۗ	أُجُورَهُمْ	1.00	0.94	rec	4218.50	4219.80
151	13	وَكَانَ	وَكَانَ	1.00	1.00	rec	4220.54	4221.36
151	14	ٱللَّهُ	اللَّهُ	1.00	0.95	rec	4221.40	4222.28
151	15	غَفُورًۭا	غَفُورًا	1.00	1.00	rec	4222.48	4223.24
151	16	رَّحِيمًۭا	رَحِيمًا	1.00	1.00	rec	4223.52	4224.68
152	0	يَسْـَٔلُكَ	يَسْأَلُكَ	0.80	1.00	rec	4225.82	4226.78
152	1	أَهْلُ	أَهْلُ	1.00	1.00	rec	4226.90	4227.32
152	2	ٱلْكِتَٰبِ	الْكِتَابِ	1.00	1.00	rec	4227.40	4228.42
152	3	أَن	أَنْ	1.00	1.00	rec	4228.60	4229.50
152	4	تُنَزِّلَ	تُنْزِلَ	1.00	1.00	rec	4229.62	4230.74
152	5	عَلَيْهِمْ	عَلَيْهِمْ	1.00	0.97	rec	4230.86	4231.78
152	6	كِتَٰبًۭا	كِتَابًا	1.00	1.00	rec	4231.92	4232.68
152	7	مِّنَ	مِ	0.50	0.69	rec	4233.54	4233.62
152	8	ٱلسَّمَآءِۚ	السَّمَاءِ	1.00	0.97	rec	4234.00	4236.08
152	9	فَقَدْ	فَقَسَّأَلُوا⌐	0.88	0.99	rec	4237.04	4237.45
152	10	سَأَلُوا۟	فَقَسَّأَلُوا¬	0.88	0.99	rec	4237.45	4238.14
152	11	مُوسَىٰٓ	مُوسَىٰ	1.00	1.00	rec	4238.42	4239.08
152	12	أَكْبَرَ	أَكْبَرَ	1.00	1.00	rec	4239.62	4240.30
152	13	مِن	مِنْ	1.00	1.00	rec	4240.46	4241.08
152	14	ذَٰلِكَ	ذَٰلِكَ	1.00	1.00	rec	4241.14	4241.94
152	15	فَقَالُوٓا۟	فَقَالُوا	1.00	1.00	rec	4242.12	4243.02
152	16	أَرِنَا	أَنَّ	0.50	0.93	rec	4244.22	4244.66
152	17	ٱللَّهَ	اللَّهَ	1.00	1.00	rec	4244.74	4245.58
152	18	جَهْرَةًۭ	جَهْرَهُ	0.75	1.00	rec	4245.74	4246.30
152	19	فَأَخَذَتْهُمُ	فَأَخَذَتْهُمُ	1.00	1.00	rec	4247.86	4249.00
152	20	ٱلصَّٰعِقَةُ	الصَّاعِقَةُ	1.00	1.00	rec	4249.08	4250.38
152	21	بِظُلْمِهِمْۚ	بِظُلْمِهِمْ	1.00	1.00	rec	4250.52	4251.76
152	22	ثُمَّ	ثُمَّ	1.00	1.00	rec	4251.92	4253.04
152	23	ٱتَّخَذُوا۟	اتَّخَذُوا	1.00	1.00	rec	4253.10	4253.84
152	24	ٱلْعِجْلَ	الْعِجْلُ	1.00	0.91	rec	4253.88	4254.60
152	25	مِنۢ	مِنْ	1.00	1.00	rec	4258.32	4259.08
152	26	بَعْدِ	بَعْدِ	1.00	1.00	rec	4259.16	4259.58
152	27	مَا	مَا	1.00	0.83	rec	4259.74	4259.86
152	28	جَآءَتْهُمُ	جَاءَتْهُمُ	1.00	1.00	rec	4260.16	4262.50
152	29	ٱلْبَيِّنَٰتُ	الْبَيِّنَاتُ	1.00	0.99	rec	4262.58	4264.60
152	30	فَعَفَوْنَا	فَعَفَوْنَا	1.00	1.00	rec	4265.50	4266.40
152	31	عَن	عَنْ	1.00	1.00	rec	4266.68	4267.18
152	32	ذَٰلِكَۚ	ذَٰلِكَ	1.00	1.00	rec	4267.26	4268.02
152	33	وَءَاتَيْنَا	وَآتَيْنَا	0.86	1.00	rec	4268.14	4269.24
152	34	مُوسَىٰ	مُوسَىٰ	1.00	1.00	rec	4269.56	4270.18
152	35	سُلْطَٰنًۭا	سُلْطَانًا	1.00	1.00	rec	4270.58	4271.74
152	36	مُّبِينًۭا	مُبِينًا	1.00	1.00	rec	4272.70	4273.60
153	0	وَرَفَعْنَا	وَرَفَعْنَا	1.00	1.00	rec	4275.38	4276.36
153	1	فَوْقَهُمُ	فَوْقَهُمُ	1.00	1.00	rec	4276.78	4277.74
153	2	ٱلطُّورَ	الطُّورَ	1.00	0.99	rec	4277.82	4278.60
153	3	بِمِيثَٰقِهِمْ	بِمِيثَاقِهِمْ	1.00	1.00	rec	4278.72	4280.72
153	4	وَقُلْنَا	وَقُلنا	1.00	0.77	rec	4281.70	4282.44
153	5	لَهُمُ	لَهُمُ	1.00	0.92	rec	4282.78	4283.32
153	6	ٱدْخُلُوا۟	ادْخُلُوا	1.00	0.99	rec	4283.40	4284.08
153	7	ٱلْبَابَ	الْبَابَ	1.00	1.00	rec	4284.14	4284.98
153	8	سُجَّدًۭا	سُجَّدًا	1.00	0.94	rec	4285.18	4285.92
153	9	وَقُلْنَا	وَقُلْنَا	1.00	1.00	rec	4286.88	4287.72
153	10	لَهُمْ	لَهُمْ	1.00	1.00	rec	4288.06	4288.56
153	11	لَا	لَا	1.00	1.00	rec	4288.64	4288.76
153	12	تَعْدُوا۟	تَعْدُوفِ⌐	0.71	0.86	rec	4289.12	4289.88
153	13	فِى	تَعْدُوفِ¬	0.71	0.86	rec	4289.88	4290.18
153	14	ٱلسَّبْتِ	سَبْتَ	0.60	0.96	rec	4290.52	4291.10
153	15	وَأَخَذْنَا	وَأَخَذْنَا	1.00	1.00	rec	4291.84	4292.84
153	16	مِنْهُم	مِنْهُمْ	1.00	1.00	rec	4293.18	4294.36
153	17	مِّيثَٰقًا	مِيثَاقًا	1.00	1.00	rec	4294.42	4295.62
153	18	غَلِيظًۭا	غَلِيظًا	1.00	1.00	rec	4296.08	4297.00
154	0	فَبِمَا	فَبِمَا	1.00	0.95	rec	4298.52	4299.06
154	1	نَقْضِهِم	نَقْضِهِمْ	1.00	0.98	rec	4299.46	4301.18
154	2	مِّيثَٰقَهُمْ	مِيثَاقَهُمْ	1.00	1.00	rec	4301.24	4302.82
154	3	وَكُفْرِهِم	وَكُفْرِهِمْ	1.00	1.00	rec	4302.92	4304.52
154	4	بِـَٔايَٰتِ	بِآيَاتِ	1.00	1.00	rec	4304.60	4305.72
154	5	ٱللَّهِ	اللَّهِ	1.00	1.00	rec	4305.76	4306.52
154	6	وَقَتْلِهِمُ	وَقَتْلِهِمِ	1.00	1.00	rec	4306.74	4307.92
154	7	ٱلْأَنۢبِيَآءَ	الْأَنْبِيَاءَ	1.00	0.95	rec	4308.00	4310.84
154	8	بِغَيْرِ	بِغَيْرِ	1.00	1.00	rec	4310.98	4311.74
154	9	حَقٍّۢ	حَقٍّ	1.00	1.00	rec	4318.96	4319.46
154	10	وَقَوْلِهِمْ	وَقَوْلِهِمْ	1.00	1.00	rec	4320.24	4321.52
154	11	قُلُوبُنَا	قُلُوبُنَا	1.00	0.97	rec	4321.70	4322.86
154	12	غُلْفٌۢۚ	غُلْفٌ	1.00	1.00	rec	4323.24	4323.86
154	13	بَلْ	بَلْ	1.00	1.00	rec	4324.76	4325.10
154	14	طَبَعَ	طَبَعَ	1.00	0.99	rec	4325.30	4325.80
154	15	ٱللَّهُ	اللَّهُ	1.00	1.00	rec	4325.86	4326.68
154	16	عَلَيْهَا	عَلَيْهَا	1.00	1.00	rec	4326.84	4327.58
154	17	بِكُفْرِهِمْ	بِكُفْرِهِمْ	1.00	1.00	rec	4327.96	4329.18
154	18	فَلَا	فَلَا	1.00	1.00	rec	4329.32	4329.64
154	19	يُؤْمِنُونَ	يُؤْمِنُونَ	1.00	1.00	rec	4329.94	4331.10
154	20	إِلَّا	إِلَّا	1.00	1.00	rec	4331.26	4331.84
154	21	قَلِيلًۭا	قَلِيلًا	1.00	1.00	rec	4332.22	4333.14
155	0	وَبِكُفْرِهِمْ	وَبِكُفْرِهِمْ	1.00	1.00	rec	4334.44	4335.82
155	1	وَقَوْلِهِمْ	وَقَوْلِهِمْ	1.00	1.00	rec	4335.92	4337.20
155	2	عَلَىٰ	عَلَىٰ	1.00	0.97	rec	4337.28	4337.62
155	3	مَرْيَمَ	مَرْيَمَ	1.00	1.00	rec	4338.00	4338.72
155	4	بُهْتَٰنًا	بُهْتَانًا	1.00	1.00	rec	4338.86	4339.94
155	5	عَظِيمًۭا	عَظِيمًا	1.00	1.00	rec	4340.30	4341.20
156	0	وَقَوْلِهِمْ	وَقَوْلِهِمْ	1.00	1.00	rec	4342.66	4343.84
156	1	إِنَّا	إِنَّا	1.00	1.00	rec	4343.94	4344.84
156	2	قَتَلْنَا	قَتَلْنَا	1.00	1.00	rec	4345.20	4345.90
156	3	ٱلْمَسِيحَ	الْمَسِيحَ	1.00	1.00	rec	4345.94	4346.94
156	4	عِيسَى	عِيسَى	1.00	1.00	rec	4347.08	4347.64
156	5	ٱبْنَ	ابْنَ	1.00	1.00	rec	4347.68	4348.04
156	6	مَرْيَمَ	مَرْيَمَ	1.00	1.00	rec	4348.20	4348.80
156	7	رَسُولَ	رَسُولَ	1.00	1.00	rec	4348.94	4349.74
156	8	ٱللَّهِ	اللَّهِ	1.00	1.00	rec	4349.82	4351.18
156	9	وَمَا	وَمَا	1.00	1.00	rec	4352.26	4352.60
156	10	قَتَلُوهُ	قَتَلُوهُ	1.00	1.00	rec	4352.96	4353.98
156	11	وَمَا	وَمَا	1.00	1.00	rec	4354.14	4354.50
156	12	صَلَبُوهُ	صَلَبُوهُ	1.00	1.00	rec	4354.84	4355.72
156	13	وَلَٰكِن	وَلَـٰكِنْ	1.00	0.99	rec	4355.86	4357.46
156	14	شُبِّهَ	شُبِّهَ	1.00	1.00	rec	4357.60	4358.34
156	15	لَهُمْۚ	لَهُمْ	1.00	1.00	rec	4358.48	4359.08
156	16	وَإِنَّ	وَإِنَّ	1.00	0.97	rec	4360.00	4361.24
156	17	ٱلَّذِينَ	الَّذِينَ	1.00	0.99	rec	4361.30	4362.30
156	18	ٱخْتَلَفُوا۟	اخْتَلَفُوا	1.00	0.96	rec	4362.50	4363.26
156	19	فِيهِ	فِيهِ	1.00	1.00	rec	4363.62	4364.16
156	20	لَفِى	لَفِي	1.00	0.97	rec	4364.30	4364.70
156	21	شَكٍّۢ	شَكّ	1.00	0.73	rec	4365.02	4365.30
156	22	مِّنْهُۚ	مِنْهُمَا⌐	1.00	1.00	rec	4366.40	4366.86
156	23	مَا	مِنْهُمَا¬	1.00	1.00	rec	4366.86	4367.16
156	24	لَهُم	لَهُمْ	1.00	1.00	rec	4367.48	4368.52
156	25	بِهِۦ	بِهِ	1.00	1.00	rec	4368.60	4368.90
156	26	مِنْ	مِنْ	1.00	1.00	rec	4373.74	4374.06
156	27	عِلْمٍ	عِلْمٍ	1.00	1.00	rec	4374.16	4374.62
156	28	إِلَّا	إِلَّتْ	0.67	0.91	rec	4375.02	4375.60
156	29	ٱتِّبَاعَ	تِبَاعَ	0.80	1.00	rec	4375.78	4376.52
156	30	ٱلظَّنِّۚ	الظَّنِّ	1.00	1.00	rec	4376.60	4377.82
156	31	وَمَا	وَمَا	1.00	1.00	rec	4377.96	4378.30
156	32	قَتَلُوهُ	قَتَلُوهُ	1.00	1.00	rec	4378.66	4379.74
156	33	يَقِينًۢا	يَقِينًا	1.00	1.00	rec	4379.96	4380.98
157	0	بَل	بَلْ	1.00	1.00	rec	4382.44	4382.68
157	1	رَّفَعَهُ	رَفَعَهُ	1.00	1.00	rec	4382.76	4383.60
157	2	ٱللَّهُ	اللَّهُ	1.00	0.97	rec	4383.70	4384.52
157	3	إِلَيْهِۚ	إِلَيْهِ	1.00	0.94	rec	4384.66	4385.88
157	4	وَكَانَ	وَكَانَ	1.00	1.00	rec	4386.86	4387.64
157	5	ٱللَّهُ	اللَّهُ	1.00	0.99	rec	4387.68	4388.44
157	6	عَزِيزًا	عَزِيزًا	1.00	1.00	rec	4388.60	4389.52
157	7	حَكِيمًۭا	حَكِيمًا	1.00	1.00	rec	4389.90	4390.98
158	0	وَإِن	وَإِنْ	1.00	1.00	rec	4392.22	4393.20
158	1	مِّنْ	مِنْ	1.00	1.00	rec	4393.24	4393.64
158	2	أَهْلِ	أَهْلِ	1.00	1.00	rec	4393.74	4394.20
158	3	ٱلْكِتَٰبِ	الْكِتَابِ	1.00	0.97	rec	4394.26	4395.32
158	4	إِلَّا	إِلَّا	1.00	1.00	rec	4395.48	4396.02
158	5	لَيُؤْمِنَنَّ	لَيُرٍ+مِنَنَّ	0.83	0.82	rec	4396.40	4398.28
158	6	بِهِۦ	بِهِ	1.00	1.00	rec	4398.44	4398.78
158	7	قَبْلَ	قَبْلَ	1.00	1.00	rec	4399.20	4399.72
158	8	مَوْتِهِۦۖ	مَوْتِهِ	1.00	1.00	rec	4399.86	4400.62
158	9	وَيَوْمَ	وَيَوْمَ	1.00	0.99	rec	4400.98	4401.64
158	10	ٱلْقِيَٰمَةِ	الْقِيَامَةِ	1.00	0.95	rec	4401.68	4403.04
158	11	يَكُونُ	يَكُونُ	1.00	1.00	rec	4403.18	4403.96
158	12	عَلَيْهِمْ	عَلَيْهِمْ	1.00	1.00	rec	4404.10	4405.14
158	13	شَهِيدًۭا	شَهِيدًا	1.00	1.00	rec	4405.26	4406.14
159	0	فَبِظُلْمٍۢ	فَبِظُلْمٍ	1.00	1.00	rec	4407.42	4408.40
159	1	مِّنَ	مِنَ	1.00	1.00	rec	4409.12	4409.38
159	2	ٱلَّذِينَ	الَّذِينَ	1.00	0.99	rec	4409.44	4410.36
159	3	هَادُوا۟	هَادُوا	1.00	1.00	rec	4410.62	4411.44
159	4	حَرَّمْنَا	حَرَّمْنَا	1.00	1.00	rec	4411.92	4412.86
159	5	عَلَيْهِمْ	عَلَيْهِمْ	1.00	1.00	rec	4413.14	4414.14
159	6	طَيِّبَٰتٍ	طَيِّبَاتٍ	1.00	1.00	rec	4414.28	4415.46
159	7	أُحِلَّتْ	أُحِلَّتْ	1.00	1.00	rec	4415.84	4416.82
159	8	لَهُمْ	لَهُمْ	1.00	1.00	rec	4416.92	4417.66
159	9	وَبِصَدِّهِمْ	وَبِصَدِّهِمْ	1.00	1.00	rec	4424.18	4425.62
159	10	عَن	عَنْ	1.00	1.00	rec	4425.70	4426.44
159	11	سَبِيلِ	سَبِيلِ	1.00	1.00	rec	4426.56	4427.24
159	12	ٱللَّهِ	اللَّهِ	1.00	1.00	rec	4427.30	4428.10
159	13	كَثِيرًۭا	كَثِيرًا	1.00	1.00	rec	4428.30	4429.26
160	0	وَأَخْذِهِمُ	وَأَخْذِهِمِنْ	0.86	1.00	rec	4430.58	4431.96
160	1	ٱلرِّبَوٰا۟		0.00	0.20	forced	4431.98	4432.70
160	2	وَقَدْ	وَقَدْ	1.00	1.00	rec	4432.72	4433.30
160	3	نُهُوا۟	نُهُوا	1.00	1.00	rec	4433.44	4433.80
160	4	عَنْهُ	عَنْهُ	1.00	1.00	rec	4434.14	4434.64
160	5	وَأَكْلِهِمْ	وَأَكْلِهِمْ	1.00	1.00	rec	4434.80	4435.94
160	6	أَمْوَٰلَ	أَمْوَالَ	1.00	1.00	rec	4436.06	4436.86
160	7	ٱلنَّاسِ	النَّاسِ	1.00	0.95	rec	4436.90	4438.26
160	8	بِٱلْبَٰطِلِۚ	بِالْبَاطِلِ	1.00	1.00	rec	4438.40	4439.70
160	9	وَأَعْتَدْنَا	وَأَعْتَدْنَا	1.00	1.00	rec	4439.88	4440.98
160	10	لِلْكَٰفِرِينَ	لِلْكَافِرِينَ	1.00	0.99	rec	4441.28	4442.78
160	11	مِنْهُمْ	مِنْهُمْ	1.00	1.00	rec	4442.88	4443.58
160	12	عَذَابًا	عَذَابًا	1.00	1.00	rec	4443.68	4444.46
160	13	أَلِيمًۭا	أَلِيمًا	1.00	1.00	rec	4444.86	4445.74
161	0	لَّٰكِنِ	لَـٰكِنِ	1.00	0.96	rec	4447.46	4448.26
161	1	ٱلرَّٰسِخُونَ	الرَّاسِخُونَ	1.00	0.99	rec	4448.32	4450.00
161	2	فِى	فِي	1.00	0.99	rec	4450.18	4450.30
161	3	ٱلْعِلْمِ	الْعِلْمِ	1.00	1.00	rec	4450.36	4451.16
161	4	مِنْهُمْ	مِنْهُمْ	1.00	1.00	rec	4451.30	4451.90
161	5	وَٱلْمُؤْمِنُونَ	وَالْمُؤْمِنُونَ	1.00	1.00	rec	4452.02	4453.50
161	6	يُؤْمِنُونَ	يُؤْمِنُونَ	1.00	1.00	rec	4453.64	4454.60
161	7	بِمَآ	بِمَا	1.00	1.00	rec	4454.74	4455.10
161	8	أُنزِلَ	أُنْزِلَ	1.00	1.00	rec	4455.50	4456.44
161	9	إِلَيْكَ	إِلَيْكَ	1.00	1.00	rec	4456.56	4457.22
161	10	وَمَآ	وَمَا	1.00	1.00	rec	4457.34	4457.72
161	11	أُنزِلَ	أُنْزِلَ	1.00	1.00	rec	4458.06	4459.12
161	12	مِن	مِنْ	1.00	1.00	rec	4459.24	4459.92
161	13	قَبْلِكَۚ	قَبْلِكَ	1.00	1.00	rec	4460.04	4460.82
161	14	وَٱلْمُقِيمِينَ	وَالْمُقِيمِينَ	1.00	1.00	rec	4460.96	4462.64
161	15	ٱلصَّلَوٰةَۚ	الصَّلَاةُ	0.86	1.00	rec	4462.70	4464.12
161	16	وَٱلْمُؤْتُونَ	وَالْمُؤْ+ائْتُونَ	0.80	0.86	rec	4468.54	4470.00
161	17	ٱلزَّكَوٰةَ	الزَّكَعَاةَ	0.86	1.00	rec	4470.08	4471.26
161	18	وَٱلْمُؤْمِنُونَ	وَالْمُؤْمِنُونَ	1.00	1.00	rec	4471.42	4472.88
161	19	بِٱللَّهِ	بِاللَّهِ	1.00	0.94	rec	4473.00	4473.82
161	20	وَٱلْيَوْمِ	وَالْيَوْمِ	1.00	0.99	rec	4473.96	4474.88
161	21	ٱلْءَاخِرِ	الْآخِرِ	0.83	0.91	rec	4474.94	4476.18
161	22	أُو۟لَٰٓئِكَ	أُولَـٰئِكَ	1.00	1.00	rec	4476.98	4479.90
161	23	سَنُؤْتِيهِمْ	سَنُرْ+ْتِيهِمْ	0.86	0.89	rec	4480.06	4481.64
161	24	أَجْرًا	أَجْرًا	1.00	0.98	rec	4481.76	4482.28
161	25	عَظِيمًا	عَظِيمًا	1.00	1.00	rec	4482.64	4483.66
162	0	إِنَّآ	إِنَّا	1.00	1.00	rec	4485.24	4486.22
162	1	أَوْحَيْنَآ	أَوْحَيْنَا	1.00	0.99	rec	4486.80	4487.74
162	2	إِلَيْكَ	إِلَيْكَ	1.00	1.00	rec	4488.24	4488.96
162	3	كَمَآ	كَمَا	1.00	0.98	rec	4489.12	4489.48
162	4	أَوْحَيْنَآ	أَوْحَيْنَا	1.00	1.00	rec	4490.10	4491.08
162	5	إِلَىٰ	إِلَىٰ	1.00	1.00	rec	4491.58	4491.92
162	6	نُوحٍۢ	نُوحٍ	1.00	1.00	rec	4492.18	4492.74
162	7	وَٱلنَّبِيِّۦنَ	وَالنَّبِيِّينَ	0.88	1.00	rec	4493.38	4495.36
162	8	مِنۢ	مِنْ	1.00	1.00	rec	4495.46	4496.16
162	9	بَعْدِهِۦۚ	بَعْدِهِ	1.00	1.00	rec	4496.24	4496.88
162	10	وَأَوْحَيْنَآ	وَأَوْحَيْنَا	1.00	1.00	rec	4497.94	4499.14
162	11	إِلَىٰٓ	إِلَىٰ	1.00	1.00	rec	4499.60	4499.94
162	12	إِبْرَٰهِيمَ	إِبْرَاهِيمَ	1.00	1.00	rec	4500.28	4501.64
162	13	وَإِسْمَٰعِيلَ	وَإِسْمَاعِيلَ	1.00	1.00	rec	4501.76	4503.40
162	14	وَإِسْحَٰقَ	وَإِسْحَاقَ	1.00	1.00	rec	4503.52	4504.76
162	15	وَيَعْقُوبَ	وَيَعْ+طُوبَ	0.83	0.85	rec	4504.90	4506.24
162	16	وَٱلْأَسْبَاطِ	وَالْأَسْ+اسْبَاطِ	0.80	0.91	rec	4506.36	4507.84
162	17	وَعِيسَىٰ	وَعِيسَىٰ	1.00	1.00	rec	4508.00	4508.88
162	18	وَأَيُّوبَ	وَأَيُّوبٍ	1.00	0.91	rec	4509.28	4510.90
162	19	وَيُونُسَ	وَيُونُسَ	1.00	1.00	rec	4514.50	4515.72
162	20	وَهَٰرُونَ	وَهَارُونَ	1.00	1.00	rec	4515.86	4517.18
162	21	وَسُلَيْمَٰنَۚ	وَسُلَيْمَانَ	1.00	0.99	rec	4517.30	4519.38
162	22	وَءَاتَيْنَا	وَآتَيْنَا	0.86	1.00	rec	4520.08	4521.40
162	23	دَاوُۥدَ	ذَاوُودَ	0.60	1.00	rec	4521.86	4522.88
162	24	زَبُورًۭا	زَبُورًا	1.00	1.00	rec	4523.04	4523.96
163	0	وَرُسُلًۭا	وَرُسُلًا	1.00	1.00	rec	4525.24	4526.00
163	1	قَدْ	قَدْ	1.00	1.00	rec	4526.92	4527.22
163	2	قَصَصْنَٰهُمْ	قَصَصْنَعَاهُمْ	0.88	0.96	rec	4527.40	4528.92
163	3	عَلَيْكَ	عَلَيْكَ	1.00	1.00	rec	4529.00	4529.84
163	4	مِن	مِنْ	1.00	1.00	rec	4530.00	4530.72
163	5	قَبْلُ	قَبْلُ	1.00	1.00	rec	4530.84	4531.38
163	6	وَرُسُلًۭا	وَرُسُلًا	1.00	1.00	rec	4531.52	4532.28
163	7	لَّمْ	لَمْ	1.00	1.00	rec	4532.58	4532.94
163	8	نَقْصُصْهُمْ	نَقْصُصْهُمْ	1.00	0.99	rec	4533.02	4534.36
163	9	عَلَيْكَۚ	عَلَيْكَ	1.00	0.99	rec	4534.42	4535.88
163	10	وَكَلَّمَ	وَكَلَّمَ	1.00	0.91	rec	4536.60	4537.48
163	11	ٱللَّهُ	اللَّهُ	1.00	1.00	rec	4537.56	4538.44
163	12	مُوسَىٰ	مُوسَىٰ	1.00	1.00	rec	4538.58	4539.28
163	13	تَكْلِيمًۭا	تَكْلِيمًا	1.00	1.00	rec	4539.70	4540.80
164	0	رُّسُلًۭا	رُسُلًا	1.00	1.00	rec	4542.14	4542.68
164	1	مُّبَشِّرِينَ	مُبَشِّرِينَ	1.00	0.96	rec	4543.62	4544.86
164	2	وَمُنذِرِينَ	وَمُنْذِرِينَ	1.00	1.00	rec	4545.00	4546.72
164	3	لِئَلَّا	لِئَلَا	1.00	1.00	rec	4546.84	4547.54
164	4	يَكُونَ	يَكُونَ	1.00	1.00	rec	4547.88	4548.72
164	5	لِلنَّاسِ	لِلنَّاسِ	1.00	1.00	rec	4548.82	4550.12
164	6	عَلَى	عَلَى	1.00	0.91	rec	4550.28	4550.56
164	7	ٱللَّهِ	اللَّهِ	1.00	0.94	rec	4550.60	4551.68
164	8	حُجَّةٌۢ	حُجَّةٌ	1.00	0.98	rec	4551.88	4552.58
164	9	بَعْدَ		0.00	0.13	forced	4553.32	4553.84
164	10	ٱلرُّسُلِۚ	الرُّسُلِ	1.00	0.95	rec	4553.90	4554.80
164	11	وَكَانَ	وَكَانَ	1.00	1.00	rec	4555.64	4556.48
164	12	ٱللَّهُ	اللَّهُ	1.00	1.00	rec	4556.54	4557.52
164	13	عَزِيزًا	عَزِيزًا	1.00	1.00	rec	4557.72	4558.66
164	14	حَكِيمًۭا	حَكِيمًا	1.00	1.00	rec	4559.06	4560.20
165	0	لَّٰكِنِ	لَـٰكِنِ	1.00	1.00	rec	4561.68	4562.26
165	1	ٱللَّهُ	اللَّهُ	1.00	0.96	rec	4562.32	4563.18
165	2	يَشْهَدُ	يَشْهَدُ	1.00	1.00	rec	4563.38	4564.26
165	3	بِمَآ	بِمَا	1.00	1.00	rec	4564.46	4564.84
165	4	أَنزَلَ	أَنْزَلَ	1.00	1.00	rec	4565.14	4566.30
165	5	إِلَيْكَۖ	إِلَيْكَ	1.00	1.00	rec	4566.44	4567.28
165	6	أَنزَلَهُۥ	أَنْزَلَهُ	1.00	1.00	rec	4567.44	4568.98
165	7	بِعِلْمِهِۦۖ	بِعِلْمِهِ	1.00	1.00	rec	4569.44	4570.40
165	8	وَٱلْمَلَٰٓئِكَةُ	وَالْمَلَائِكَةُ	1.00	1.00	rec	4570.80	4573.42
165	9	يَشْهَدُونَۚ	يَشْهَدُونَ	1.00	1.00	rec	4573.56	4575.56
165	10	وَكَفَىٰ	وَكَفَىٰ	1.00	1.00	rec	4576.36	4576.92
165	11	بِٱللَّهِ	بِاللَّهِ	1.00	0.98	rec	4577.30	4578.22
165	12	شَهِيدًا	شَهِيدًا	1.00	1.00	rec	4578.42	4579.38
166	0	إِنَّ	إِنَّ	1.00	1.00	rec	4580.46	4581.56
166	1	ٱلَّذِينَ	الَّذِينَ	1.00	1.00	rec	4581.62	4582.48
166	2	كَفَرُوا۟	كَفَرُوا	1.00	1.00	rec	4582.68	4583.22
166	3	وَصَدُّوا۟	وَصَدُّوا	1.00	1.00	rec	4583.46	4584.20
166	4	عَن	عَنْ	1.00	1.00	rec	4584.54	4585.18
166	5	سَبِيلِ	سَبِيلِ	1.00	1.00	rec	4585.30	4586.00
166	6	ٱللَّهِ	اللَّهِ	1.00	1.00	rec	4586.06	4586.94
166	7	قَدْ	قَدْ	1.00	1.00	rec	4587.20	4587.48
166	8	ضَلُّوا۟	ضَلُّوا	1.00	0.92	rec	4587.58	4588.10
166	9	ضَلَٰلًۢا	ضَلَالًا	1.00	1.00	rec	4588.42	4589.10
166	10	بَعِيدًا	بَعِيدًا	1.00	1.00	rec	4589.92	4590.86
167	0	إِنَّ	إِنَّ	1.00	0.99	rec	4592.48	4593.42
167	1	ٱلَّذِينَ	الَّذِينَ	1.00	1.00	rec	4593.48	4594.40
167	2	كَفَرُوا۟	كَفَرُوا	1.00	1.00	rec	4594.60	4595.16
167	3	وَظَلَمُوا۟	وَظَلَمُوا	1.00	0.99	rec	4595.46	4596.30
167	4	لَمْ	لَمْ	1.00	1.00	rec	4596.80	4597.22
167	5	يَكُنِ	يَكُنِ	1.00	0.98	rec	4597.28	4597.84
167	6	ٱللَّهُ	اللَّهُ	1.00	1.00	rec	4597.90	4598.82
167	7	لِيَغْفِرَ	لِيَغْثِرَ	0.80	0.95	rec	4599.00	4599.98
167	8	لَهُمْ	لَهُمْ	1.00	1.00	rec	4600.12	4600.66
167	9	وَلَا	وَلَا	1.00	1.00	rec	4600.76	4601.10
167	10	لِيَهْدِيَهُمْ	لِيَهْدِيَهُمْ	1.00	1.00	rec	4601.42	4602.88
167	11	طَرِيقًا	طَرِيقًا	1.00	0.97	rec	4603.04	4604.02
168	0	إِلَّا	إِلَّا	1.00	1.00	rec	4605.20	4605.74
168	1	طَرِيقَ	طَرِيقَ	1.00	1.00	rec	4606.10	4606.84
168	2	جَهَنَّمَ	جَهَنَّمَ	1.00	1.00	rec	4607.02	4608.60
168	3	خَٰلِدِينَ	خَالِدِينَ	1.00	1.00	rec	4608.82	4610.02
168	4	فِيهَآ	فِيهَا	1.00	1.00	rec	4610.22	4610.84
168	5	أَبَدًۭاۚ	أَبَدًا	1.00	0.96	rec	4611.46	4612.00
168	6	وَكَانَ	وَكَانَ	1.00	1.00	rec	4613.16	4613.86
168	7	ذَٰلِكَ	ذَٰلِكَ	1.00	0.92	rec	4614.02	4614.88
168	8	عَلَى	عَلَى	1.00	1.00	rec	4615.04	4615.36
168	9	ٱللَّهِ	اللَّهِ	1.00	1.00	rec	4615.42	4616.36
168	10	يَسِيرًۭا	يَسِيرًا	1.00	1.00	rec	4616.56	4617.60
169	0	يَٰٓأَيُّهَا	يَا+أَيُّهَا	1.00	1.00	rec	4619.32	4620.66
169	1	ٱلنَّاسُ	النَّاسُ	1.00	1.00	rec	4620.70	4621.80
169	2	قَدْ	قَدْ	1.00	0.76	rec	4622.00	4622.20
169	3	جَآءَكُمُ	جَاءَكُمُ	1.00	1.00	rec	4622.40	4624.74
169	4	ٱلرَّسُولُ	الرَّسُولُ	1.00	1.00	rec	4624.82	4625.78
169	5	بِٱلْحَقِّ	بِالْحَقِّ+كِ	0.83	0.78	rec	4625.92	4626.80
169	6	مِن	مِنْ	1.00	1.00	rec	4626.92	4627.18
169	7	رَّبِّكُمْ	رَبِّكُمْ	1.00	1.00	rec	4627.28	4628.26
169	8	فَـَٔامِنُوا۟	فَآمِنُوا	1.00	1.00	rec	4628.38	4629.32
169	9	خَيْرًۭا	خَيْرًا	1.00	0.99	rec	4629.68	4630.20
169	10	لَّكُمْۚ	لَكُمْ	1.00	1.00	rec	4630.50	4631.24
169	11	وَإِن	وَإِنْ	1.00	1.00	rec	4632.44	4633.40
169	12	تَكْفُرُوا۟	تَكْفُرُوا	1.00	1.00	rec	4633.54	4634.22
169	13	فَإِنَّ	فَإِنَّ	1.00	1.00	rec	4634.60	4635.72
169	14	لِلَّهِ	لِلَّهِ	1.00	1.00	rec	4635.84	4636.70
169	15	مَا	مَا	1.00	1.00	rec	4636.84	4636.96
169	16	فِى	فِي	1.00	1.00	rec	4637.24	4637.36
169	17	ٱلسَّمَٰوَٰتِ	السَّمَاوَاتِ	1.00	1.00	rec	4637.40	4638.80
169	18	وَٱلْأَرْضِۚ	وَالْأَرْضِ	1.00	0.98	rec	4638.94	4639.76
169	19	وَكَانَ	وَكَانَ	1.00	1.00	rec	4640.66	4641.42
169	20	ٱللَّهُ	اللَّهُ	1.00	1.00	rec	4641.48	4642.28
169	21	عَلِيمًا	عَلِيمًا	1.00	1.00	rec	4642.44	4643.32
169	22	حَكِيمًۭا	حَكِيمًا	1.00	1.00	rec	4643.70	4644.72
170	0	يَٰٓأَهْلَ	يَا+أَهْلَ	1.00	0.95	rec	4646.42	4647.56
170	1	ٱلْكِتَٰبِ	الْكِتَابِ	1.00	1.00	rec	4647.64	4648.74
170	2	لَا	لَا	1.00	1.00	rec	4648.92	4649.04
170	3	تَغْلُوا۟	تَغْلُوا	1.00	1.00	rec	4649.48	4650.08
170	4	فِى	فِي	1.00	1.00	rec	4650.54	4650.68
170	5	دِينِكُمْ	دِينِكُمْ	1.00	1.00	rec	4651.02	4652.06
170	6	وَلَا	وَلَا	1.00	1.00	rec	4652.18	4652.52
170	7	تَقُولُوا۟	تَقُولُوا	1.00	1.00	rec	4652.94	4653.84
170	8	عَلَى	عَلَى	1.00	0.89	rec	4654.16	4654.42
170	9	ٱللَّهِ	اللَّهِ	1.00	1.00	rec	4654.48	4655.40
170	10	إِلَّا	إِلَّا	1.00	1.00	rec	4655.58	4656.12
170	11	ٱلْحَقَّۚ	الْحَقُّ	1.00	0.88	rec	4656.16	4656.72
170	12	إِنَّمَا	قإِنَّمَا	0.80	0.92	rec	4657.06	4659.32
170	13	ٱلْمَسِيحُ	الْمَسِيحُ	1.00	1.00	rec	4659.36	4660.40
170	14	عِيسَى	عِيسَى	1.00	0.93	rec	4660.58	4661.20
170	15	ٱبْنُ	ابْنُ	1.00	1.00	rec	4661.26	4661.62
170	16	مَرْيَمَ	مَرْيَمَ	1.00	1.00	rec	4661.78	4662.54
170	17	رَسُولُ	رَسُولُ	1.00	1.00	rec	4662.68	4663.54
170	18	ٱللَّهِ	اللَّهِ	1.00	0.99	rec	4663.62	4664.56
170	19	وَكَلِمَتُهُۥٓ	وَكَلِمَتُوهُ	0.86	1.00	rec	4664.76	4666.16
170	20	أَلْقَىٰهَآ	أَلْقَاهَا	0.86	1.00	rec	4667.08	4668.22
170	21	إِلَىٰ	إِلَىٰ	1.00	1.00	rec	4668.86	4669.20
170	22	مَرْيَمَ	مَرْيَمَ	1.00	1.00	rec	4669.56	4670.28
170	23	وَرُوحٌۭ	وَرُوحٌ	1.00	1.00	rec	4670.40	4671.14
170	24	مِّنْهُۖ	مِنْهُ	1.00	1.00	rec	4672.18	4672.58
170	25	فَـَٔامِنُوا۟	فَآمِنُوا	1.00	1.00	rec	4673.86	4674.66
170	26	بِٱللَّهِ	بِاللَّهِ	1.00	0.98	rec	4674.98	4676.00
170	27	وَرُسُلِهِۦۖ	وَرُسُلِهِ	1.00	1.00	rec	4676.16	4677.18
170	28	وَلَا	وَلَا	1.00	1.00	rec	4677.60	4677.94
170	29	تَقُولُوا۟	تَقُولُوا	1.00	1.00	rec	4678.32	4679.10
170	30	ثَلَٰثَةٌۚ	ثَلَاثَةً	1.00	0.97	rec	4679.62	4680.56
170	31	ٱنتَهُوا۟	إِنْتَهُوا	1.00	0.91	rec	4681.40	4682.78
170	32	خَيْرًۭا	خَيْرًا	1.00	0.99	rec	4683.12	4683.78
170	33	لَّكُمْۚ	لَكُمْ	1.00	1.00	rec	4684.06	4684.66
170	34	إِنَّمَا	إِنَّمَا	1.00	1.00	rec	4685.54	4686.96
170	35	ٱللَّهُ	اللَّهُ	1.00	1.00	rec	4687.02	4688.02
170	36	إِلَٰهٌۭ	إِلَـٰهٌ	1.00	1.00	rec	4688.30	4689.14
170	37	وَٰحِدٌۭۖ	وَاحِدٌ	1.00	1.00	rec	4690.14	4691.16
170	38	سُبْحَٰنَهُۥٓ	سُبْحَانَهُ	1.00	1.00	rec	4691.98	4693.36
170	39	أَن	أَنْ	1.00	1.00	rec	4694.06	4694.96
170	40	يَكُونَ	يَكُونَ	1.00	1.00	rec	4695.00	4695.92
170	41	لَهُۥ	لَهُ	1.00	1.00	rec	4696.06	4696.40
170	42	وَلَدٌۭۘ	وَلَدٌ	1.00	1.00	rec	4696.74	4697.26
170	43	لَّهُۥ	لَهُ	1.00	1.00	rec	4698.04	4698.34
170	44	مَا	مَا	1.00	1.00	rec	4698.68	4698.80
170	45	فِى	فِي	1.00	0.81	rec	4699.16	4699.24
170	46	ٱلسَّمَٰوَٰتِ	السَّمَاوَاتِ	1.00	0.98	rec	4699.28	4700.66
170	47	وَمَا	وَمَا	1.00	1.00	rec	4700.76	4701.10
170	48	فِى	فِي	1.00	1.00	rec	4701.56	4701.70
170	49	ٱلْأَرْضِۗ	الْأَرْضِ	1.00	0.99	rec	4701.74	4702.58
170	50	وَكَفَىٰ	وَكَفَىٰ	1.00	1.00	rec	4702.76	4703.44
170	51	بِٱللَّهِ	بِاللَّهِ	1.00	0.98	rec	4703.80	4704.72
170	52	وَكِيلًۭا	وَكِيلًا	1.00	0.99	rec	4704.88	4705.98
171	0	لَّن	لَنْ	1.00	1.00	rec	4707.48	4708.24
171	1	يَسْتَنكِفَ	يَسْتَنْكِفَ	1.00	1.00	rec	4708.30	4709.88
171	2	ٱلْمَسِيحُ	الْمَسِيحُ	1.00	1.00	rec	4709.94	4710.98
171	3	أَن	أَنْ	1.00	1.00	rec	4711.22	4711.74
171	4	يَكُونَ	يَكُونَ	1.00	1.00	rec	4711.78	4712.46
171	5	عَبْدًۭا	عَبْدًا	1.00	1.00	rec	4712.60	4713.12
171	6	لِّلَّهِ	لِلَّهِ	1.00	1.00	rec	4713.42	4714.34
171	7	وَلَا	وَلَا	1.00	1.00	rec	4714.52	4714.80
171	8	ٱلْمَلَٰٓئِكَةُ	الْمَلَائِكَةُ	1.00	0.97	rec	4714.84	4717.70
171	9	ٱلْمُقَرَّبُونَۚ	الْمُقَرَّبُونَ	1.00	1.00	rec	4717.78	4720.32
171	10	وَمَن	وَمَنْ	1.00	1.00	rec	4721.78	4722.98
171	11	يَسْتَنكِفْ	يَسْتَنْكِفْ	1.00	1.00	rec	4723.02	4724.76
171	12	عَنْ	عَنْ	1.00	1.00	rec	4724.82	4725.12
171	13	عِبَادَتِهِۦ	عِبَادَتِهِ	1.00	1.00	rec	4725.20	4726.72
171	14	وَيَسْتَكْبِرْ	وَيَسْتَكْبِرْ	1.00	1.00	rec	4727.22	4728.56
171	15	فَسَيَحْشُرُهُمْ	فَسَيَحْشُرُهُمْ	1.00	1.00	rec	4728.68	4730.42
171	16	إِلَيْهِ	إِلَيْهِ	1.00	1.00	rec	4730.54	4731.30
171	17	جَمِيعًۭا	جَمِيعًا	1.00	1.00	rec	4731.48	4732.44
172	0	فَأَمَّا	فَأَمَّا	1.00	1.00	rec	4734.08	4735.36
172	1	ٱلَّذِينَ	الَّذِينَ	1.00	1.00	rec	4735.40	4736.20
172	2	ءَامَنُوا۟	آمَنُوا	0.83	0.97	rec	4736.40	4737.10
172	3	وَعَمِلُوا۟	وَعَمِلُوا	1.00	1.00	rec	4737.38	4738.10
172	4	ٱلصَّٰلِحَٰتِ	الصَّالِحَاتِ	1.00	1.00	rec	4738.16	4739.68
172	5	فَيُوَفِّيهِمْ	فَيُوَفِّيهِمْ	1.00	1.00	rec	4739.90	4741.58
172	6	أُجُورَهُمْ	أُجُورَهُمْ	1.00	1.00	rec	4741.70	4742.90
172	7	وَيَزِيدُهُم	وَيَزِيدُهُمْ	1.00	1.00	rec	4743.02	4744.90
172	8	مِّن	مِنْ	1.00	1.00	rec	4744.96	4745.60
172	9	فَضْلِهِۦۖ	فَضْلِهِ	1.00	1.00	rec	4745.74	4746.52
172	10	وَأَمَّا	وَأَمَّا	1.00	0.99	rec	4747.48	4748.56
172	11	ٱلَّذِينَ	الَّذِينَ	1.00	1.00	rec	4748.60	4749.46
172	12	ٱسْتَنكَفُوا۟	اسْتَنْكَفُوا	1.00	1.00	rec	4749.54	4751.04
172	13	وَٱسْتَكْبَرُوا۟	وَاسْتَكْبَرُوا	1.00	1.00	rec	4751.44	4752.46
172	14	فَيُعَذِّبُهُمْ	فَيُعَذِّبُهُمْ	1.00	1.00	rec	4752.84	4754.52
172	15	عَذَابًا	عَذَابًا	1.00	1.00	rec	4754.60	4755.34
172	16	أَلِيمًۭا	أَلِيمًا	1.00	1.00	rec	4755.68	4756.56
172	17	وَلَا	وَلَا	1.00	1.00	rec	4757.76	4758.08
172	18	يَجِدُونَ	يَجِدُونَ	1.00	1.00	rec	4758.40	4759.30
172	19	لَهُم	لَهُمْ	1.00	1.00	rec	4759.42	4760.24
172	20	مِّن	مِنْ	1.00	1.00	rec	4760.30	4760.84
172	21	دُونِ	دُونِ	1.00	1.00	rec	4760.94	4761.40
172	22	ٱللَّهِ	اللَّهِ	1.00	0.92	rec	4761.46	4762.28
172	23	وَلِيًّۭا	وَلِيًّا	1.00	1.00	rec	4762.44	4763.14
172	24	وَلَا	وَلَا	1.00	1.00	rec	4764.02	4764.36
172	25	نَصِيرًۭا	نَصِيرًا	1.00	1.00	rec	4764.80	4765.82
173	0	يَٰٓأَيُّهَا	يَا+أَيُّهَا	1.00	0.96	rec	4767.10	4768.34
173	1	ٱلنَّاسُ	النَّاسُ	1.00	1.00	rec	4768.40	4769.66
173	2	قَدْ	قَدْ	1.00	1.00	rec	4769.84	4770.16
173	3	جَآءَكُم	يَاءَكُمْ	0.80	0.99	rec	4770.24	4772.92
173	4	بُرْهَٰنٌۭ	بُرْهَانٌ	1.00	1.00	rec	4773.00	4773.94
173	5	مِّن	مِنْ	1.00	1.00	rec	4774.62	4774.86
173	6	رَّبِّكُمْ	رَبِّكُمْ	1.00	1.00	rec	4774.94	4775.84
173	7	وَأَنزَلْنَآ	وَأَنْزَلْنَا	1.00	1.00	rec	4775.96	4777.54
173	8	إِلَيْكُمْ	إِلَيْكُمْ	1.00	1.00	rec	4778.12	4779.14
173	9	نُورًۭا	نُورًا	1.00	1.00	rec	4783.64	4784.26
173	10	مُّبِينًۭا	مُبِينًا	1.00	1.00	rec	4784.88	4785.78
174	0	فَأَمَّا	فَأَمَّا	1.00	1.00	rec	4787.14	4788.24
174	1	ٱلَّذِينَ	الَّذِينَ	1.00	0.98	rec	4788.30	4789.16
174	2	ءَامَنُوا۟	آمَنُوا	0.83	1.00	rec	4789.30	4790.10
174	3	بِٱللَّهِ	بِاللَّهِ	1.00	1.00	rec	4790.46	4791.40
174	4	وَٱعْتَصَمُوا۟	وَاعْتَصَمُوا	1.00	1.00	rec	4791.60	4792.70
174	5	بِهِۦ	بِهِ	1.00	1.00	rec	4793.02	4793.36
174	6	فَسَيُدْخِلُهُمْ	فَسَيُدْخِلُهُمْ	1.00	1.00	rec	4800.32	4802.08
174	7	فِى	فِي	1.00	1.00	rec	4802.22	4802.36
174	8	رَحْمَةٍۢ	رَحْمَةٍ	1.00	1.00	rec	4802.66	4803.40
174	9	مِّنْهُ	مِنْهُ	1.00	1.00	rec	4804.12	4804.62
174	10	وَفَضْلٍۢ	وَفَضْلٍ	1.00	1.00	rec	4804.76	4805.64
174	11	وَيَهْدِيهِمْ	وَيَهْدِيهِمْ	1.00	1.00	rec	4806.42	4807.94
174	12	إِلَيْهِ	إِلَيْهِ	1.00	1.00	rec	4808.02	4808.70
174	13	صِرَٰطًۭا	صِرَاطًا	1.00	1.00	rec	4808.90	4809.66
174	14	مُّسْتَقِيمًۭا	مُسْتَقِيمًا	1.00	1.00	rec	4810.56	4811.98
175	0	يَسْتَفْتُونَكَ	يَسْتَفْتُونَكَ	1.00	1.00	rec	4813.54	4815.02
175	1	قُلِ	قُلِ	1.00	1.00	rec	4815.20	4815.46
175	2	ٱللَّهُ	اللَّهُ	1.00	1.00	rec	4815.52	4816.26
175	3	يُفْتِيكُمْ	يُفْتِيكُمْ	1.00	0.99	rec	4821.64	4822.96
175	4	فِى	فِي	1.00	1.00	rec	4823.06	4823.16
175	5	ٱلْكَلَٰلَةِۚ	الْكَلَالَةِ	1.00	1.00	rec	4823.22	4824.64
175	6	إِنِ	إِنِ	1.00	1.00	rec	4824.82	4825.10
175	7	ٱمْرُؤٌا۟	امْغُؤُنْ	0.60	0.91	rec	4825.16	4826.12
175	8	هَلَكَ	هَلَكَ	1.00	1.00	rec	4826.20	4826.76
175	9	لَيْسَ	لَيْسَ	1.00	0.98	rec	4826.88	4827.36
175	10	لَهُۥ	لَهُ	1.00	1.00	rec	4827.50	4827.80
175	11	وَلَدٌۭ	وَلَدٌ	1.00	1.00	rec	4828.04	4828.58
175	12	وَلَهُۥٓ	وَلَهُ	1.00	1.00	rec	4829.00	4829.52
175	13	أُخْتٌۭ	أُخْتِ	1.00	0.92	rec	4830.30	4830.86
175	14	فَلَهَا	فَلَهَا	1.00	1.00	rec	4838.94	4839.54
175	15	نِصْفُ	نِصْفُ	1.00	1.00	rec	4840.00	4840.52
175	16	مَا	مَا	1.00	1.00	rec	4840.74	4840.86
175	17	تَرَكَۚ	تَرَكَ	1.00	1.00	rec	4841.30	4841.84
175	18	وَهُوَ	وَهُوَ	1.00	0.98	rec	4842.72	4843.16
175	19	يَرِثُهَآ	يَرِثُهَا	1.00	1.00	rec	4843.28	4844.08
175	20	إِن	إِنْ	1.00	1.00	rec	4844.58	4844.88
175	21	لَّمْ	لَمْ	1.00	1.00	rec	4844.96	4845.26
175	22	يَكُن	يَكُنْ	1.00	1.00	rec	4845.36	4845.86
175	23	لَّهَا	لَهَا	1.00	1.00	rec	4845.96	4846.26
175	24	وَلَدٌۭۚ	وَلَدٌ	1.00	0.97	rec	4846.68	4847.22
175	25	فَإِن	فَإِنْ	1.00	1.00	rec	4848.10	4849.16
175	26	كَانَتَا	كَانَتَثْنَتَيْنِ⌐	0.82	1.00	rec	4849.30	4850.09
175	27	ٱثْنَتَيْنِ	كَانَتَثْنَتَيْنِ¬	0.82	1.00	rec	4850.09	4851.04
175	28	فَلَهُمَا	فَلَهُمَا	1.00	1.00	rec	4851.20	4851.90
175	29	ٱلثُّلُثَانِ	الثُّلُثَانِ	1.00	1.00	rec	4851.94	4853.12
175	30	مِمَّا	مِمَّا	1.00	0.94	rec	4853.24	4854.36
175	31	تَرَكَۚ	تَرَكَ	1.00	1.00	rec	4854.80	4855.32
175	32	وَإِن	وَإِنْ	1.00	1.00	rec	4856.08	4857.06
175	33	كَانُوٓا۟	كَانُوا	1.00	1.00	rec	4857.18	4857.76
175	34	إِخْوَةًۭ	إِخْوَةً	1.00	1.00	rec	4858.48	4859.14
175	35	رِّجَالًۭا	رِجَالًا	1.00	1.00	rec	4859.40	4860.12
175	36	وَنِسَآءًۭ	وَنِسَاءً	1.00	1.00	rec	4860.62	4862.54
175	37	فَلِلذَّكَرِ	فَلِلذَّكَرِ	1.00	1.00	rec	4863.28	4864.28
175	38	مِثْلُ	مِثْلُ	1.00	1.00	rec	4864.44	4864.88
175	39	حَظِّ		0.00	0.32	forced	4865.10	4865.62
175	40	ٱلْأُنثَيَيْنِۗ	الْأُنْثَيَيْنِ	1.00	0.99	rec	4865.68	4868.56
175	41	يُبَيِّنُ	يُبَيِّنُ	1.00	1.00	rec	4869.40	4870.34
175	42	ٱللَّهُ	اللَّهُ	1.00	1.00	rec	4870.42	4871.30
175	43	لَكُمْ	لَكُمْ	1.00	1.00	rec	4871.46	4872.02
175	44	أَن	أَنْ	1.00	1.00	rec	4872.12	4872.76
175	45	تَضِلُّوا۟ۗ	تَضِلُّوا	1.00	1.00	rec	4872.88	4873.68
175	46	وَٱللَّهُ	وَاللَّهُ	1.00	1.00	rec	4874.72	4875.62
175	47	بِكُلِّ	بِكُلِّ	1.00	1.00	rec	4875.80	4876.42
175	48	شَىْءٍ	شَيْءٍ	1.00	0.99	rec	4876.62	4877.20
175	49	عَلِيمٌۢ	عَلِيمٌ	1.00	1.00	rec	4877.76	4879.66

# recognised but not in the text (repeats are listed in the json)
extra			وَخَلَقَ		1.00		20.18	20.92
extra			مِنْهَا		0.92		21.06	21.60
extra			زَوْجَهَا		1.00		22.08	22.82
extra			ضَيِّبُ		0.87		51.50	52.32
extra			فَانْكِحُوا		0.99		73.32	74.58
extra			مَا		1.00		74.96	75.08
extra			ضَابَ		0.92		75.44	76.06
extra			لَكُمْ		1.00		76.20	77.14
extra			فَادْفَعُوا		0.98		148.88	149.68
extra			إِلَيْهِمْ		1.00		150.28	151.34
extra			أَمْوَالَهُمْ		1.00		151.42	152.62
extra			مِمَّا		1.00		204.94	205.94
extra			قَلَّ		0.94		206.28	206.72
extra			مِنْهُ		1.00		206.84	207.32
extra			أَوْ		1.00		207.50	207.80
extra			كَثُرَ		0.98		207.96	208.54
extra			فَارْزُقُوهُمْ		0.95		224.82	226.56
extra			مِنْهُ		0.91		226.62	227.10
extra			وَقُولُوا		1.00		227.28	228.14
extra			لَهُمْ		1.00		228.42	228.92
extra			حَوْذِ		0.96		272.90	273.42
extra			يُدْخِلْهُ		1.00		466.28	467.00
extra			نَارًا		1.00		467.16	467.70
extra			فَأَعاذُوهُمَا		0.94		508.10	509.68
extra			حَتَّىٰ		1.00		559.90	560.36
extra			إِذَا		1.00		560.90	561.22
extra			حَضَرَ		1.00		561.56	562.10
extra			أَحَدَهُمُ		1.00		562.26	563.20
extra			الْمَوْتُ		1.00		563.26	563.94
extra			إلَا		0.70		673.42	673.76
extra			وَبَنَاتُ		1.00		687.16	688.00
extra			الْأُخْتِ		0.99		688.06	688.68
extra			الْأَخِي		0.97		690.58	691.12
extra			وَبَنَاتُ		1.00		691.26	692.34
extra			وَأَخَوَاتُكُمْ		1.00		703.26	705.28
extra			مِنَ		1.00		705.34	705.60
extra			الرَّضَاعَةِ		1.00		705.66	706.90
extra			وَرَبَائِبُكُمُ		1.00		714.34	716.94
extra			فَمِمَّا		0.89		823.74	825.20
extra			مَلَكَتْ		1.00		825.54	826.32
extra			أَيْمَانُكُمْ		1.00		826.40	828.20
extra			وَآتُوهُنَّ		1.00		853.34	855.14
extra			أُجُورَهُنَّ		0.98		855.32	857.34
extra			بِالْمَعْرُوفِ		0.98		857.50	859.08
extra			فَعَلَيْهِنَّ		1.00		877.64	879.36
extra			فَعِظُوهُنَّ		1.00		1099.52	1101.58
extra			فَبَعَثُوا		0.97		1131.86	1132.66
extra			حَكَمًا		1.00		1133.04	1133.60
extra			مِنْ		1.00		1134.46	1134.80
extra			أَهْلِهِ		1.00		1134.88	1135.58
extra			حسَانَا		0.94		1162.96	1163.78
extra			وَبِالْوَالِدَيْنِ		1.00		1165.22	1167.08
extra			ذِي		0.88		1178.56	1178.66
extra			الْقُرْبَىٰ		1.00		1178.72	1179.62
extra			وَالْجَعَرِ		0.98		1180.08	1181.06
extra			وَيَكْتُمُونَ		1.00		1209.18	1210.42
extra			وَأَنْفَقُوا		0.99		1255.78	1257.34
extra			حَبٌ		0.89		1343.98	1344.24
extra			مِنْكُمْ		1.00		1344.72	1346.10
extra			أَوْ		1.00		1346.82	1347.16
extra			جَا		1.00		1347.30	1347.44
extra			فَتَيَمَمُونَ		0.95		1362.04	1363.96
extra			وَيَقُولُونَ		1.00		1423.64	1425.00
extra			سَمِعْنَا		1.00		1425.18	1425.94
extra			وَعَصَيْنَا		1.00		1426.36	1427.48
extra			رُجُوهَا		0.95		1475.86	1476.56
extra			مِنْ		1.00		1478.58	1479.40
extra			قَبْلِ		1.00		1479.52	1480.00
extra			أَنْ		1.00		1480.16	1481.00
extra			نَطْمِسَ		1.00		1481.04	1481.92
extra			أَوْ		1.00		1490.24	1490.58
extra			نَلْعَنَهُمْ		1.00		1490.68	1491.72
extra			وَيَقُولُونَ		1.00		1564.02	1565.56
extra			لِلَّذِينَ		1.00		1565.68	1566.70
extra			كَفَرُوا		1.00		1566.90	1567.50
extra			سَنُدْخِلُهُمْ		1.00		1670.84	1672.42
extra			جَنَّاتٍ		1.00		1672.54	1674.18
extra			وَإِذَا		1.00		1710.40	1710.92
extra			حَكَمْتُمْ		1.00		1711.20	1712.70
extra			بَيْنَ		1.00		1712.76	1713.34
extra			النَّاسِ		1.00		1713.38	1714.66
extra			إِنْ		1.00		1757.46	1758.24
extra			كُنْتُمْ		1.00		1758.36	1759.60
extra			تُؤْمِنُونَ		1.00		1759.70	1760.68
extra			بِاللَّهِ		1.00		1760.84	1761.78
extra			ثُمَّ		1.00		1835.46	1836.28
extra			جَاءُوكَ		1.00		1836.48	1838.48
extra			يَحْلِفُونَ		1.00		1838.60	1839.80
extra			بِاللَّهِ		1.00		1839.94	1840.82
extra			فَاسْتَغِي		0.94		1882.76	1883.44
extra			فَرُو		1.00		1883.60	1883.90
extra			اللَّهَ		0.88		1883.96	1885.08
extra			جَاءُوكَ		1.00		1886.34	1888.78
extra			فِيمَا		1.00		1905.10	1905.68
extra			شَجَرَ		1.00		1906.10	1906.64
extra			بَيْنَهُمْ		1.00		1906.82	1907.92
extra			حَتَّىٰ		1.00		1909.90	1910.38
extra			يُحَكِّمُوكَ		1.00		1910.62	1911.92
extra			يَجِدُهُ		0.99		1916.54	1917.46
extra			فِي		1.00		1917.74	1917.88
extra			أَنْفُسِهِمْ		1.00		1918.54	1920.36
extra			حَرَجًا		1.00		1920.54	1921.16
extra			ثُمَّ		1.00		1922.66	1923.54
extra			لَا		1.00		1923.70	1923.82
extra			مَا		1.00		1948.26	1948.38
extra			فَعَلُوهُ		1.00		1948.74	1949.64
extra			وَلَهَدَيْنَاهُمْ		1.00		1974.50	1976.42
extra			فَأُولَـٰئِكَ		1.00		1993.06	1995.28
extra			مَعَ		0.92		1995.42	1995.70
extra			الَّذِينَ		1.00		1995.76	1996.62
extra			أَنْعَمَ		0.99		1996.78	1997.52
extra			اللَّهُ		1.00		1997.60	1998.48
extra			عَلَيْهِمْ		1.00		1998.68	1999.96
extra			بَيْنَكُمْ		1.00		2062.54	2063.38
extra			وَبَيْنَهُ		1.00		2063.48	2064.40
extra			مَوَدَّةً		0.98		2064.72	2065.52
extra			لَيَقُولَنَّ		1.00		2066.62	2068.14
extra			كَأَنْ		0.93		2068.34	2068.80
extra			لَمْ		1.00		2068.88	2069.14
extra			الرِّجَالِ		0.97		2112.26	2113.20
extra			وَالنِّسَاءِ		0.99		2113.32	2116.22
extra			وَالْوِلْدَانِ		1.00		2116.36	2118.64
extra			وَالْمُسْتَضْعَبِينَ		1.00		2119.54	2121.70
extra			الَّذِينَ		1.00		2135.80	2136.58
extra			يَقُولُونَ		1.00		2136.70	2137.94
extra			رَبَّنَا		1.00		2138.06	2138.70
extra			أَخْرِجْنَا		0.96		2139.22	2140.16
extra			مِنْ		1.00		2140.48	2140.84
extra			هَـٰذِهِ		1.00		2140.92	2141.64
extra			الْقَرْيَةِ		1.00		2141.70	2142.74
extra			طغو		0.80		2166.84	2167.48
extra			فَلَمَّا		0.99		2199.36	2200.88
extra			كُتِبَ		1.00		2201.32	2201.88
extra			عَلَيْهِمِ		1.00		2202.06	2203.14
extra			الْقِتَالُ		1.00		2203.20	2204.46
extra			إِذَا		1.00		2211.14	2211.46
extra			فَرِيقٌ		1.00		2211.78	2212.56
extra			مِنْهُمْ		0.99		2213.44	2214.26
extra			شَوْنَ		1.00		2214.80	2215.42
extra			النَّاسَ		0.90		2215.48	2216.82
extra			فيغ		0.75		2326.00	2326.68
extra			فَإِذَا		1.00		2335.78	2336.34
extra			بَرَزُوا		1.00		2336.66	2337.24
extra			مِنْ		1.00		2337.62	2338.00
extra			عِنْدِكَ		1.00		2338.08	2339.18
extra			سَ		1.00		2425.10	2425.18
extra			دُّ		0.99		2429.94	2430.02
extra			فَخُذُوهُمْ		1.00		2627.48	2628.68
extra			خَضَئً		0.97		2650.84	2651.58
extra			فَذِيَةٌ		0.90		2695.10	2695.78
extra			مِنَهُ		0.87		2704.04	2704.50
extra			فَجَزَاؤُهُ		1.00		2734.64	2737.34
extra			جَهَنَّمُ		1.00		2737.74	2739.04
extra			خَالِدًا		1.00		2739.32	2740.12
extra			فِيهَا		1.00		2740.72	2741.28
extra			وَلَعَنَةُ		0.93		2744.52	2745.40
extra			فَتَبَيَّنُوا		0.97		2764.14	2765.28
extra			خِفْتُمْ		1.00		2972.68	2973.38
extra			أَنْ		1.00		2973.48	2974.12
extra			فَيَمِيلُونَ		1.00		3036.68	3038.00
extra			عَلَيْكُمْ		1.00		3038.14	3039.82
extra			وَهُوَ		1.00		3177.22	3177.68
extra			مَعَهُمْ		1.00		3177.80	3178.56
extra			مَنْ		1.00		3244.20	3244.92
extra			يَرْمِ		1.00		3246.00	3246.54
extra			بِهِ		1.00		3246.74	3247.06
extra			بَرِيئًا		0.95		3247.50	3249.28
extra			بِصَدَقَهِ		0.99		3308.30	3309.32
extra			إِلَّا		0.91		3310.20	3310.68
extra			مَنْ		1.00		3311.08	3311.48
extra			أَمَرَ		1.00		3311.58	3312.16
extra			فِيهِ		0.95		3329.42	3329.94
extra			وَيَتَّبِعْ		1.00		3347.06	3348.14
extra			غَيْرَ		1.00		3348.32	3348.78
extra			سَبِيلِ		1.00		3348.96	3349.70
extra			الْمُؤْمِنِينَ		1.00		3349.78	3351.38
extra			نُوَلِّهْ		0.94		3357.78	3358.64
extra			مَا		1.00		3358.76	3358.88
extra			تَوَلَّعْ		0.94		3359.26	3360.26
extra			وَنُصْلِهْ		0.98		3360.44	3361.44
extra			جَهَنَّمَ		1.00		3361.52	3363.02
extra			نَّا		0.83		3433.16	3433.28
extra			عهِفَقَدْ		0.91		3441.92	3443.00
extra			خَسِرَ		0.95		3443.18	3443.86
extra			سَنُدْخِلُهُمْ		1.00		3477.84	3479.34
extra			جَنَّاتٍ		1.00		3479.44	3481.00
extra			َيْئٍ		0.70		3567.00	3567.30
extra			يَتَامَ		1.00		3584.18	3584.94
extra			النِّسَاءِ		0.99		3585.02	3587.06
extra			اللَّاتِي		0.93		3587.10	3588.08
extra			فِي		1.00		3589.16	3589.30
extra			لِلَّا		1.00		3779.82	3780.36
extra			شُهَدَاءَ		1.00		3781.92	3784.24
extra			نَّ		1.00		3811.58	3811.66
extra			نُزِّلَ		1.00		3832.44	3833.12
extra			عَلَىٰ		1.00		3833.28	3833.62
extra			رَسُولِهِ		1.00		3833.90	3834.86
extra			وَالْكِتَابِ		1.00		3835.30	3836.52
extra			الَّذِي		0.99		3836.58	3837.14
extra			ضَلْعْلَمُونَ		0.89		3853.04	3854.50
extra			ثُمَّ		1.00		3871.52	3872.56
extra			ازْدَعَدُوا		0.97		3872.64	3873.46
extra			كُفْرًا		1.00		3873.90	3874.38
extra			لِلْعَاهِجَةُ		0.92		3905.24	3906.56
extra			عًا		0.93		3907.10	3907.22
extra			عَنْ		0.97		3912.32	3912.66
extra			إِذَا		1.00		3912.76	3913.12
extra			سَمِعْ		0.91		3913.50	3913.92
extra			ئْتُمْ		0.91		3914.02	3914.48
extra			آيَاتِ		1.00		3914.60	3915.58
extra			اللَّهِ		1.00		3915.62	3916.34
extra			يُكْفَرُ		1.00		3916.48	3917.14
extra			بِهَا		1.00		3917.28	3917.62
extra			وَيُسْتَهْزَأُ		0.96		3918.18	3919.42
extra			بِهَا		0.88		3919.58	3919.92
extra			تَقْعُدُهُ		0.99		3930.08	3931.08
extra			مَعَهُمْ		1.00		3931.36	3932.32
extra			فَلَا		1.00		3933.20	3933.52
extra			يُرَاءُونَ		1.00		4017.94	4020.62
extra			النَّاسَ		0.92		4020.68	4021.84
extra			وَأَخْلَصُوا		1.00		4087.10	4088.10
extra			مَا		0.98		4116.00	4116.12
extra			أَوْ		1.00		4142.58	4142.92
extra			تَعْفُوا		0.98		4143.08	4143.66
extra			عَنْ		1.00		4144.00	4144.64
extra			سُوءٍ		1.00		4144.78	4146.70
extra			وَيُرِيدُونَ		1.00		4168.34	4169.62
extra			أَنْ		1.00		4169.82	4170.58
extra			يُفَرِّقُوا		1.00		4170.64	4171.76
extra			بَيْنَ		1.00		4172.06	4172.54
extra			اللَّهِ		1.00		4172.58	4173.36
extra			وَرُسُلِهِ		1.00		4173.50	4174.50
extra			ثُمَّ		1.00		4255.72	4256.52
extra			اتَّخَذُوا		0.93		4256.58	4257.42
extra			الْعِجْلَ		1.00		4257.48	4258.18
extra			حَرْ		0.86		4311.90	4312.10
extra			قوَقَتْلِهِمِ		0.97		4312.54	4314.98
extra			الْأَنْبِيَاءَ		0.99		4315.06	4317.88
extra			بِغَيْرِ		1.00		4318.00	4318.80
extra			إِنْ		0.76		4365.46	4366.34
extra			مَا		0.93		4371.44	4371.56
extra			لَهُمْ		0.99		4371.92	4372.94
extra			بِهِ		1.00		4373.00	4373.30
extra			حَرَّمْنَا		1.00		4418.70	4419.60
extra			عَلَيْهِمْ		0.99		4419.90	4420.92
extra			طَيِّبَاتٍ		0.93		4421.06	4422.22
extra			أُحِلَّتْ		1.00		4422.54	4423.44
extra			لَهُمْ		1.00		4423.52	4424.06
extra			رِبَا		1.00		4432.04	4432.38
extra			وَالْمُقِيمِينَ		1.00		4465.38	4467.14
extra			الصَّلَاةَ		1.00		4467.20	4468.40
extra			وَعِيسَىٰ		1.00		4511.92	4512.80
extra			وَأَيُّوبَ		1.00		4513.14	4514.34
extra			عذَ		0.65		4553.62	4553.84
extra			وَأَنْزَلْنَا		1.00		4780.26	4781.80
extra			إِلَيْكُمْ		1.00		4782.52	4783.56
extra			فَسَيُدْخِلُوهُمْ		0.99		4793.78	4795.58
extra			فِي		1.00		4795.70	4795.86
extra			رَحْمَةٍ		0.98		4796.08	4796.78
extra			مِنْهُ		1.00		4797.72	4798.20
extra			وَفَضْلُ		0.87		4798.34	4799.26
extra			يُخْتِيكُمْ		0.99		4816.38	4817.64
extra			فِي		1.00		4817.74	4817.86
extra			الْكَلَالَةِ		0.99		4817.90	4819.10
extra			قُلِ		1.00		4820.32	4820.54
extra			اللَّهُ		1.00		4820.60	4821.52
extra			إِنِ		1.00		4831.62	4831.86
extra			امْرُأُنْهَ		1.00		4831.92	4833.02
extra			لَكَ		1.00		4833.18	4833.52
extra			لَيْسَ		1.00		4833.64	4834.22
extra			لَهُ		1.00		4834.38	4834.74
extra			وَلَدٌ		1.00		4835.10	4835.66
extra			وَلَهُ		1.00		4836.34	4836.92
extra			أُخْتُ		0.93		4837.60	4838.08
extra			حَرْذِ		0.92		4865.10	4865.62
