group	word	mushaf	heard	sim	prob	how	t0	t1
isti	0	أَعُوذُ		0.00	0.00	spread	0.00	0.26
isti	1	بِٱللَّهِ		0.00	0.00	spread	0.26	0.52
isti	2	مِنَ		0.00	0.00	spread	0.52	0.78
isti	3	ٱلشَّيْطَٰنِ		0.00	0.00	spread	0.78	1.04
isti	4	ٱلرَّجِيمِ		0.00	0.00	spread	1.04	1.30
header	0	بِسۡمِ	بِسْمِ	1.00	1.00	rec	1.30	1.68
header	1	ٱللَّهِ	اللَّهِ	1.00	1.00	rec	1.72	2.38
header	2	ٱلرَّحۡمَٰنِ	الرَّحْمَـٰنِ	1.00	1.00	rec	2.42	3.60
header	3	ٱلرَّحِيمِ	الرَّحِيمِ	1.00	0.99	rec	3.64	5.74
1	0	يَٰٓأَيُّهَا	يَا+أَيُّهَا	1.00	1.00	rec	6.88	8.06
1	1	ٱلَّذِينَ	الَّذِينَ	1.00	1.00	rec	8.12	8.90
1	2	ءَامَنُوا۟	آمَنُوا	0.83	0.96	rec	9.06	9.74
1	3	أَوۡفُواْ	أَوْفُوا	1.00	1.00	rec	10.20	10.80
1	4	بِالۡعُقُودِ	بِالْعُقُودِ	1.00	1.00	rec	11.10	12.30
2	0	أُحِلَّتْ	أُحِلَّتْ	1.00	1.00	rec	12.46	13.38
2	1	لَكُم	لَكُمْ	1.00	1.00	rec	13.46	14.50
2	2	بَهِيمَةُ	بَهِيمَةُ	1.00	1.00	rec	14.56	15.46
2	3	ٱلْأَنْعَٰمِ	الْأَنْعَامِ	1.00	1.00	rec	15.54	16.72
2	4	إِلَّا	إِلَّا	1.00	1.00	rec	16.86	17.34
2	5	مَا	مَا	1.00	1.00	rec	17.66	17.80
2	6	يُتْلَىٰ	يُتْلَىٰ	1.00	1.00	rec	18.14	18.66
2	7	عَلَيْكُمْ	عَلَيْكُمْ	1.00	0.98	rec	18.90	20.02
2	8	غَيْرَ	غَيْرَ	1.00	0.98	rec	29.36	29.80
2	9	مُحِلِّى	مُحِلِّي	1.00	0.99	rec	29.90	30.72
2	10	ٱلصَّيْدِ	الصَّيْدِ	1.00	1.00	rec	30.76	31.48
2	11	وَأَنتُمْ	وَأَنْتُمْ	1.00	1.00	rec	31.62	33.08
2	12	حُرُمٌۗ	حُرُمَ	1.00	0.85	rec	33.26	33.78
2	13	إِنَّ	إِنَّ	1.00	1.00	rec	34.40	35.82
2	14	ٱللَّهَ	اللَّهَ	1.00	1.00	rec	35.86	36.62
2	15	يَحْكُمُ	يَحْكُمُ	1.00	1.00	rec	36.76	37.46
2	16	مَا	مَا	1.00	1.00	rec	37.64	37.78
2	17	يُرِيدُ	يُرِيدُ	1.00	0.97	rec	38.34	39.58
3	0	يَٰٓأَيُّهَا	يَا+أَيُّهَا	1.00	0.99	rec	41.18	42.34
3	1	ٱلَّذِينَ	الَّذِينَ	1.00	1.00	rec	42.40	43.28
3	2	ءَامَنُوا۟	آمَنُوا	0.83	0.90	rec	43.42	44.16
3	3	لَا	لَا	1.00	1.00	rec	44.54	44.66
3	4	تُحِلُّوا۟	تُحِلُّوا	1.00	1.00	rec	44.98	45.72
3	5	شَعَٰٓئِرَ	شَعَائِرَ	1.00	1.00	rec	46.04	48.00
3	6	ٱللَّهِ	اللَّهِ	1.00	1.00	rec	48.06	48.90
3	7	وَلَا	وَلَا	1.00	0.92	rec	49.06	49.34
3	8	ٱلشَّهْرَ	الشَّهْرَ	1.00	1.00	rec	49.36	49.98
3	9	ٱلْحَرَامَ	الْحَرَامَ	1.00	1.00	rec	50.04	51.00
3	10	وَلَا	وَلَا	1.00	1.00	rec	51.14	51.40
3	11	ٱلْهَدْىَ	الْهَدْيَ	1.00	1.00	rec	51.42	52.08
3	12	وَلَا	وَلَا	1.00	0.99	rec	56.46	56.70
3	13	ٱلْقَلَٰٓئِدَ	الْقَلَائِدَ	1.00	0.99	rec	57.76	60.32
3	14	وَلَآ	وَلَا	1.00	1.00	rec	60.44	60.80
3	15	ءَآمِّينَ	آمِّينَ	0.80	1.00	rec	61.34	64.74
3	16	ٱلْبَيْتَ	الْبَيْتَ	1.00	1.00	rec	64.78	65.48
3	17	ٱلْحَرَامَ	الْحَرَامَ	1.00	1.00	rec	65.54	66.62
3	18	يَبْتَغُونَ	يَبْتَغُونَ	1.00	1.00	rec	66.76	67.84
3	19	فَضْلًۭا	فَضْلًا	1.00	1.00	rec	68.04	68.54
3	20	مِّن	مِنْ	1.00	0.93	rec	69.36	69.58
3	21	رَّبِّهِمْ	رَبِّهِمْ	1.00	0.95	rec	69.66	70.50
3	22	وَرِضْوَٰنًۭاۚ	وَرِضٍ+ضْوَانَا	0.88	0.78	rec	70.60	71.88
3	23	وَإِذَا	وَإِذَا	1.00	1.00	rec	73.38	73.94
3	24	حَلَلْتُمْ	حَلَلْتُمْ	1.00	1.00	rec	74.34	75.42
3	25	فَٱصْطَادُوا۟ۚ	فَاشْطَادُوا	0.88	1.00	rec	75.56	76.68
3	26	وَلَا	وَلَا	1.00	1.00	rec	77.82	78.14
3	27	يَجْرِمَنَّكُمْ	يَجْرِمَنَّكُمْ	1.00	1.00	rec	78.46	80.76
3	28	شَنَـَٔانُ	شَنَآنُ	1.00	1.00	rec	80.90	81.90
3	29	قَوْمٍ	قَوْمٍ	1.00	1.00	rec	82.14	82.60
3	30	أَن	إِنْصِرٍ	0.50	0.72	rec	83.02	84.14
3	31	صَدُّوكُمْ	دُّوكُمْ	0.80	0.99	rec	84.34	85.14
3	32	عَنِ	عَنِ	1.00	1.00	rec	85.22	85.48
3	33	ٱلْمَسْجِدِ	الْمَسْ+سْجِدِ	0.86	0.94	rec	85.52	86.52
3	34	ٱلْحَرَامِ	الْحَرَامِ	1.00	1.00	rec	86.58	87.62
3	35	أَن	أَنْ	1.00	1.00	rec	87.78	88.58
3	36	تَعْتَدُوا۟ۘ	تَعْتَدُوا	1.00	0.99	rec	88.70	89.52
3	37	وَتَعَاوَنُوا۟	وَتَعَاوَنُوا	1.00	0.99	rec	90.86	92.00
3	38	عَلَى	عَلَى	1.00	1.00	rec	92.44	92.76
3	39	ٱلْبِرِّ	الْبِرِّ	1.00	1.00	rec	92.80	93.60
3	40	وَٱلتَّقْوَىٰۖ	وَالتَّقَوَىٰ	1.00	0.98	rec	93.76	94.80
3	41	وَلَا	وَلَا	1.00	1.00	rec	95.20	95.56
3	42	تَعَاوَنُوا۟	تَعَاوَنُوا	1.00	0.95	rec	95.96	97.06
3	43	عَلَى	عَلَى	1.00	1.00	rec	97.42	97.72
3	44	ٱلْإِثْمِ	الْإِثْمِ	1.00	1.00	rec	97.76	98.54
3	45	وَٱلْعُدْوَٰنِۚ	وَالْعُدْوَانِ	1.00	0.99	rec	98.70	100.56
3	46	وَٱتَّقُوا۟	وَاتَّقُوا	1.00	0.97	rec	101.42	102.04
3	47	ٱللَّهَۖ	اللَّهَ	1.00	1.00	rec	102.12	102.82
3	48	إِنَّ	إِنَّ	1.00	1.00	rec	102.98	103.78
3	49	ٱللَّهَ	اللَّهَ	1.00	1.00	rec	103.84	104.72
3	50	شَدِيدُ	شَدِيدُ	1.00	1.00	rec	104.90	105.72
3	51	ٱلْعِقَابِ	الْعِقَابِ	1.00	1.00	rec	105.80	107.52
4	0	حُرِّمَتْ	حُرِّمَتْ	1.00	1.00	rec	108.70	109.52
4	1	عَلَيْكُمُ	عَلَيْكُمُ	1.00	1.00	rec	109.58	110.46
4	2	ٱلْمَيْتَةُ	الْمَيْتَةُ	1.00	0.99	rec	110.54	111.58
4	3	وَٱلدَّمُ	وَالدَّمُ	1.00	0.96	rec	111.72	112.40
4	4	وَلَحْمُ	وَلَحْمُ	1.00	1.00	rec	112.58	113.20
4	5	ٱلْخِنزِيرِ	الْخِنْزِيلِ	0.86	1.00	rec	113.28	114.92
4	6	وَمَآ	وَمَا	1.00	1.00	rec	115.10	115.48
4	7	أُهِلَّ	أُهِلَّ	1.00	1.00	rec	115.98	116.72
4	8	لِغَيْرِ	لِغَيْرِ	1.00	1.00	rec	116.84	117.60
4	9	ٱللَّهِ	اللَّهِ	1.00	1.00	rec	117.66	118.42
4	10	بِهِۦ	بِهِ	1.00	1.00	rec	118.56	118.84
4	11	وَٱلْمُنْخَنِقَةُ	وَالْمُنْخَنِقَةُ	1.00	0.97	rec	119.22	120.74
4	12	وَٱلْمَوْقُوذَةُ	وَالْمَوْقُوذَةُ	1.00	1.00	rec	120.84	122.38
4	13	وَٱلْمُتَرَدِّيَةُ	وَالْمُتَرَدِّيَةُ	1.00	1.00	rec	122.50	124.18
4	14	وَٱلنَّطِيحَةُ	وَالنَّطِيحَةُ	1.00	1.00	rec	124.28	126.40
4	15	وَمَآ	وَمَا	1.00	1.00	rec	131.56	131.96
4	16	أَكَلَ	أَكَلَ	1.00	1.00	rec	132.44	132.96
4	17	ٱلسَّبُعُ	السَّبُعُ	1.00	1.00	rec	133.04	133.94
4	18	إِلَّا	إِلَّا	1.00	1.00	rec	134.12	134.62
4	19	مَا	مَا	1.00	1.00	rec	134.92	135.06
4	20	ذَكَّيْتُمْ	ذَكَّيْتُمْ	1.00	1.00	rec	135.42	136.48
4	21	وَمَا	وَمَا	1.00	1.00	rec	136.58	136.92
4	22	ذُبِحَ	ذُبِحَ	1.00	1.00	rec	137.22	137.76
4	23	عَلَى	عَلَى	1.00	0.86	rec	137.88	138.20
4	24	ٱلنُّصُبِ	النُّصُبِ	1.00	0.98	rec	138.26	139.60
4	25	وَأَن	وَأَنْتَ	0.75	1.00	rec	139.76	140.82
4	26	تَسْتَقْسِمُوا۟	اسْتَقْسِمُوا	0.88	0.96	rec	140.88	141.90
4	27	بِٱلْأَزْلَٰمِۚ	بِالْأَزْلَامِ	1.00	0.95	rec	142.26	144.00
4	28	ذَٰلِكُمْ	ذَٰلِكُمْ	1.00	1.00	rec	144.86	146.00
4	29	فِسْقٌۗ	فِسْقٌ	1.00	0.89	rec	146.14	146.70
4	30	ٱلْيَوْمَ	الْيَوْمَ	1.00	1.00	rec	147.70	148.20
4	31	يَئِسَ	يَئِسَ	1.00	1.00	rec	148.32	148.80
4	32	ٱلَّذِينَ	الَّذِينَ	1.00	0.95	rec	148.88	149.68
4	33	كَفَرُوا۟	كَفَرُوا	1.00	1.00	rec	149.86	150.40
4	34	مِن	مِنْ	1.00	1.00	rec	150.74	151.40
4	35	دِينِكُمْ	دِينِكُمْ	1.00	1.00	rec	151.52	152.64
4	36	فَلَا	فَلَا	1.00	1.00	rec	152.78	153.12
4	37	تَخْشَوْهُمْ	تَخْشَوْهُمْ	1.00	1.00	rec	153.52	154.74
4	38	وَٱخْشَوْنِۚ	وَخْشَوُونَ	0.67	0.94	rec	154.84	156.44
4	39	ٱلْيَوْمَ	الْيَوْمَ	1.00	0.94	rec	157.72	158.62
4	40	أَكْمَلْتُ	أَكْمَلْتُ	1.00	1.00	rec	158.76	159.64
4	41	لَكُمْ	لَكُمْ	1.00	1.00	rec	159.80	160.48
4	42	دِينَكُمْ	دِينَكُمْ	1.00	1.00	rec	160.58	161.70
4	43	وَأَتْمَمْتُ	وَأَتْمَمْتُ	1.00	1.00	rec	161.80	162.92
4	44	عَلَيْكُمْ	عَلَيْكُمْ	1.00	1.00	rec	163.06	164.22
4	45	نِعْمَتِى	نِعْمَتِي	1.00	1.00	rec	164.30	165.08
4	46	وَرَضِيتُ	وَرَضِيتُ	1.00	1.00	rec	165.48	166.50
4	47	لَكُمُ	لَكُمُ	1.00	1.00	rec	166.62	167.18
4	48	ٱلْإِسْلَٰمَ	الْإِسْلَامَ	1.00	1.00	rec	167.26	168.50
4	49	دِينًۭاۚ	دِينًا	1.00	1.00	rec	168.66	169.30
4	50	فَمَنِ	فَمَنِضْ	0.75	0.95	rec	171.94	172.58
4	51	ٱضْطُرَّ	طُرَّ	0.50	0.99	rec	172.80	173.16
4	52	فِى	فِي	1.00	1.00	rec	173.36	173.52
4	53	مَخْمَصَةٍ	مَخْمَصَةٍ	1.00	1.00	rec	173.90	174.86
4	54	غَيْرَ	غَيْرَ	1.00	1.00	rec	175.18	175.58
4	55	مُتَجَانِفٍۢ	مُتَجَانِفٍ	1.00	1.00	rec	175.68	176.88
4	56	لِّإِثْمٍۢۙ	لِإِثْمٍ	1.00	0.97	rec	177.22	177.88
4	57	فَإِنَّ	فَإِنَّ	1.00	0.94	rec	178.64	179.60
4	58	ٱللَّهَ	اللَّهَ	1.00	1.00	rec	179.66	180.44
4	59	غَفُورٌۭ	غَفُورٌ	1.00	1.00	rec	180.58	181.48
4	60	رَّحِيمٌۭ	رَحِيمٌ	1.00	1.00	rec	181.76	183.22
5	0	يَسْـَٔلُونَكَ	يَسْأَلُونَكَ	0.86	1.00	rec	184.42	185.50
5	1	مَاذَآ	مَعذَا	0.75	1.00	rec	185.66	186.30
5	2	أُحِلَّ	أُحِلَّ	1.00	1.00	rec	186.66	187.32
5	3	لَهُمْۖ	لَهُمْ	1.00	0.96	rec	187.44	187.96
5	4	قُلْ	قُلْ	1.00	1.00	rec	188.96	189.22
5	5	أُحِلَّ	أُحِلَّ	1.00	0.99	rec	189.32	189.96
5	6	لَكُمُ	لَكُمُ	1.00	1.00	rec	190.08	190.58
5	7	ٱلطَّيِّبَٰتُۙ	الطَّيِّبَاتُ	1.00	1.00	rec	190.66	192.14
5	8	وَمَا	وَمَا	1.00	1.00	rec	192.28	192.64
5	9	عَلَّمْتُم	عَلَّمْتُمْ	1.00	0.99	rec	192.90	194.44
5	10	مِّنَ	مِنَ	1.00	1.00	rec	194.50	194.72
5	11	ٱلْجَوَارِحِ	الْجَوَارِحِ	1.00	1.00	rec	194.78	196.04
5	12	مُكَلِّبِينَ	مُكَلِّبِينَ	1.00	0.97	rec	196.18	197.52
5	13	تُعَلِّمُونَهُنَّ	تُعَلِّمُونَهُنَّ	1.00	1.00	rec	197.68	199.78
5	14	مِمَّا	مِمَّا	1.00	1.00	rec	199.90	200.56
5	15	عَلَّمَكُمُ	عَلَّمَكُمُ	1.00	0.98	rec	200.84	201.90
5	16	ٱللَّهُۖ	اللَّهُ	1.00	1.00	rec	201.98	203.26
5	17	فَكُلُوا۟	فَكُلُوا	1.00	1.00	rec	204.22	204.72
5	18	مِمَّآ	مِمَّا	1.00	1.00	rec	205.00	205.84
5	19	أَمْسَكْنَ	أَمْسَكْنَا	0.83	0.97	rec	206.22	207.16
5	20	عَلَيْكُمْ	عَلَيْكُمْ	1.00	1.00	rec	207.28	208.30
5	21	وَٱذْكُرُوا۟	وَاذْكُرُوا	1.00	1.00	rec	208.40	209.06
5	22	ٱسْمَ	اسْمَ	1.00	1.00	rec	209.08	209.38
5	23	ٱللَّهِ	اللَّهِ	1.00	1.00	rec	209.46	210.30
5	24	عَلَيْهِۖ	عَلَيْهِ	1.00	1.00	rec	210.48	211.48
5	25	وَٱتَّقُوا۟	وَاتَّقُوا	1.00	0.95	rec	212.26	212.90
5	26	ٱللَّهَۚ	اللَّهَ	1.00	0.99	rec	212.96	213.66
5	27	إِنَّ	إِنَّ	1.00	1.00	rec	213.82	214.58
5	28	ٱللَّهَ	اللَّهَ	1.00	1.00	rec	214.64	215.48
5	29	سَرِيعُ	سَرِيعُ	1.00	1.00	rec	215.66	216.44
5	30	ٱلْحِسَابِ	الْحِسَابِ	1.00	1.00	rec	216.52	218.22
6	0	ٱلْيَوْمَ	الْيَوْمَ	1.00	1.00	rec	219.28	219.82
6	1	أُحِلَّ	أُحِلَّ	1.00	1.00	rec	219.96	220.58
6	2	لَكُمُ	لَكُمُ	1.00	1.00	rec	220.68	221.14
6	3	ٱلطَّيِّبَٰتُۖ	الطَّيِّبَاتُ	1.00	0.99	rec	221.22	222.42
6	4	وَطَعَامُ	وَطَعَامُ	1.00	1.00	rec	222.52	223.30
6	5	ٱلَّذِينَ	الَّذِينَ	1.00	1.00	rec	223.40	224.14
6	6	أُوتُوا۟	أُوتُوا	1.00	0.98	rec	224.28	224.80
6	7	ٱلْكِتَٰبَ	الْكِتَابَ	1.00	1.00	rec	224.84	225.72
6	8	حِلٌّۭ	حِلٌّ	1.00	1.00	rec	225.90	226.30
6	9	لَّكُمْ	لَكُمْ	1.00	1.00	rec	226.56	227.10
6	10	وَطَعَامُكُمْ	وَطَعَامُكُمْ	1.00	1.00	rec	227.22	228.56
6	11	حِلٌّۭ	حِلٌّ	1.00	1.00	rec	228.70	229.12
6	12	لَّهُمْۖ	لَهُمْ	1.00	1.00	rec	229.40	229.96
6	13	وَٱلْمُحْصَنَٰتُ	وَالْمُحْصَنَاتُ	1.00	0.97	rec	230.44	232.00
6	14	مِنَ	مِنَ	1.00	1.00	rec	232.10	232.34
6	15	ٱلْمُؤْمِنَٰتِ	الْمُؤْمِنَاتِ	1.00	1.00	rec	232.38	233.72
6	16	وَٱلْمُحْصَنَٰتُ	وَالْمُحْح+صَنَاتُ	0.90	0.88	rec	233.84	235.36
6	17	مِنَ	مِنَ	1.00	1.00	rec	235.46	235.66
6	18	ٱلَّذِينَ	الَّذِينَ	1.00	1.00	rec	235.72	236.48
6	19	أُوتُوا۟	أُوتُوا	1.00	1.00	rec	236.62	237.14
6	20	ٱلْكِتَٰبَ	الْكِتَابَ	1.00	1.00	rec	237.22	238.08
6	21	مِن	مِنْ	1.00	1.00	rec	238.20	239.20
6	22	قَبْلِكُمْ	قَبْلِكُمْ	1.00	1.00	rec	239.34	240.42
6	23	إِذَآ	إِذَا	1.00	1.00	rec	248.24	248.62
6	24	ءَاتَيْتُمُوهُنَّ	آتَيْكُمُوهُنَّ	0.78	0.98	rec	249.02	251.48
6	25	أُجُورَهُنَّ	أُجُورَهُنَّ	1.00	1.00	rec	251.60	253.14
6	26	مُحْصِنِينَ	مُحْسِنِينَ	0.83	1.00	rec	253.24	254.30
6	27	غَيْرَ	غَيْرَ	1.00	1.00	rec	254.44	254.90
6	28	مُسَٰفِحِينَ	مُسَافِحِينَ	1.00	1.00	rec	255.02	256.52
6	29	وَلَا	وَلَا	1.00	1.00	rec	256.64	256.96
6	30	مُتَّخِذِىٓ	مُتَّخِذِي	1.00	0.99	rec	257.22	258.22
6	31	أَخْدَانٍۢۗ	أَخْدَانِ	1.00	0.95	rec	258.70	260.08
6	32	وَمَن	وَمَنْ	1.00	1.00	rec	260.98	261.88
6	33	يَكْفُرْ	يَكْفُرْ	1.00	1.00	rec	261.92	262.56
6	34	بِٱلْإِيمَٰنِ	بِالْإِيمَانِ	1.00	1.00	rec	262.68	263.84
6	35	فَقَدْ	فَقَدْ	1.00	1.00	rec	264.00	264.58
6	36	حَبِطَ	حَبِطَ	1.00	1.00	rec	264.76	265.32
6	37	عَمَلُهُۥ	عَمَلُوهُ	0.80	1.00	rec	265.44	266.24
6	38	وَهُوَ	وَهْوَ	1.00	0.99	rec	266.62	267.06
6	39	فِى	فِي	1.00	1.00	rec	267.18	267.30
6	40	ٱلْءَاخِرَةِ	الْآخِرَةِ	0.86	1.00	rec	267.34	268.68
6	41	مِنَ	مِنَ	1.00	1.00	rec	268.78	269.02
6	42	ٱلْخَٰسِرِينَ	الْخَاسِرِينَ	1.00	1.00	rec	269.08	271.48
7	0	يَٰٓأَيُّهَا	يَا+أَيُّهَا	1.00	1.00	rec	272.98	274.12
7	1	ٱلَّذِينَ	الَّذِينَ	1.00	1.00	rec	274.18	275.02
7	2	ءَامَنُوٓا۟	آمَنُوا	0.83	0.99	rec	275.22	276.08
7	3	إِذَا	إِذَا	1.00	1.00	rec	276.52	276.86
7	4	قُمْتُمْ	قُمْتُمْ	1.00	1.00	rec	277.24	278.14
7	5	إِلَى	إِلَى	1.00	1.00	rec	278.22	278.48
7	6	ٱلصَّلَوٰةِ	الصَّلَاةِ	0.86	1.00	rec	278.52	279.52
7	7	فَٱغْسِلُوا۟	فَارْسِلُوا	0.86	1.00	rec	279.76	280.60
7	8	وُجُوهَكُمْ	وُجُوهَكُمْ	1.00	1.00	rec	280.96	282.20
7	9	وَأَيْدِيَكُمْ	وَأَيْدِيَكُمْ	1.00	0.99	rec	282.30	283.64
7	10	إِلَى	إِلَى	1.00	1.00	rec	283.74	284.02
7	11	ٱلْمَرَافِقِ	الْمَرَافِقِ	1.00	1.00	rec	284.08	285.48
7	12	وَٱمْسَحُوا۟	وَامْسَحُوا	1.00	1.00	rec	285.64	286.42
7	13	بِرُءُوسِكُمْ	بِرُءُوسِكُمْ	1.00	1.00	rec	286.74	288.16
7	14	وَأَرْجُلَكُمْ	وَأَرْجُلِكُمْ	1.00	1.00	rec	288.28	289.72
7	15	إِلَى	إِلَى	1.00	1.00	rec	289.80	290.06
7	16	ٱلْكَعْبَيْنِۚ	الْكَعْبَيْنِ	1.00	1.00	rec	290.10	292.04
7	17	وَإِن	وَإِنْ	1.00	1.00	rec	293.16	294.16
7	18	كُنتُمْ	كُنْتُمْ	1.00	1.00	rec	294.34	295.58
7	19	جُنُبًۭا	جُنُبًا	1.00	1.00	rec	295.72	296.28
7	20	فَٱطَّهَّرُوا۟ۚ	فَاطَّهَّرُوا	1.00	1.00	rec	297.24	298.34
7	21	وَإِن	وَإِنْ	1.00	1.00	rec	299.52	300.70
7	22	كُنتُم	كُنْتُمْ	1.00	1.00	rec	300.86	302.80
7	23	مَّرْضَىٰٓ	مَرْضَاءَوا⌐	0.57	0.97	rec	302.88	303.94
7	24	أَوْ	مَرْضَاءَوا¬	0.57	0.97	rec	303.94	304.36
7	25	عَلَىٰ	عَلَىٰ	1.00	0.99	rec	304.48	304.84
7	26	سَفَرٍ	سَفَرٍ	1.00	0.99	rec	305.20	305.76
7	27	أَوْ	أَوْ	1.00	1.00	rec	306.18	306.56
7	28	جَآءَ	جَا	0.67	1.00	rec	306.72	306.86
7	29	أَحَدٌۭ	أَحَدٌ	1.00	0.96	rec	307.56	308.10
7	30	مِّنكُم	مِنْكُمْ	1.00	0.93	rec	308.78	310.52
7	31	مِّنَ	مِنَ	1.00	1.00	rec	310.60	310.86
7	32	ٱلْغَآئِطِ	الْغَائِطِ	1.00	0.98	rec	310.92	313.08
7	33	أَوْ	أَوْ	1.00	0.90	rec	314.40	314.74
7	34	لَٰمَسْتُمُ	لَا+مَسْتُمُ	1.00	0.89	rec	321.60	322.70
7	35	ٱلنِّسَآءَ	النِّسَاءَ	1.00	0.96	rec	322.78	325.22
7	36	فَلَمْ	فَلَمْ	1.00	1.00	rec	325.40	325.92
7	37	تَجِدُوا۟	تَجِدُوا	1.00	1.00	rec	326.04	326.60
7	38	مَآءًۭ	مَاءً	1.00	1.00	rec	333.32	334.90
7	39	فَتَيَمَّمُوا۟	فَتَيَمَمُوا	1.00	0.99	rec	335.56	337.00
7	40	صَعِيدًۭا	صَعِيدًا	1.00	1.00	rec	337.42	338.18
7	41	طَيِّبًۭا	طَيِّبًا	1.00	0.94	rec	339.10	339.86
7	42	فَٱمْسَحُوا۟	فَامْسَحُوا	1.00	1.00	rec	340.90	341.74
7	43	بِوُجُوهِكُمْ	بِوُجُوهِكُمْ	1.00	1.00	rec	342.08	343.50
7	44	وَأَيْدِيكُم	وَأَيْدِيكُمْ	1.00	1.00	rec	343.62	345.30
7	45	مِّنْهُۚ	مِنْهُ	1.00	1.00	rec	345.36	345.68
7	46	مَا	مَا	1.00	1.00	rec	346.52	346.64
7	47	يُرِيدُ	يُرِيدُ	1.00	1.00	rec	346.88	347.52
7	48	ٱللَّهُ	اللَّهُ	1.00	0.99	rec	347.58	348.28
7	49	لِيَجْعَلَ	لِيَجْعَلَ	1.00	0.94	rec	348.40	349.26
7	50	عَلَيْكُم	عَلَيْكُمْ	1.00	1.00	rec	349.36	350.88
7	51	مِّنْ	مِنْ	1.00	1.00	rec	350.94	351.26
7	52	حَرَجٍۢ	حَرَدٍ	0.67	0.91	rec	351.40	351.94
7	53	وَلَٰكِن	وَلَـٰكِنْ	1.00	1.00	rec	352.74	354.24
7	54	يُرِيدُ	يُرِيدُ	1.00	1.00	rec	354.28	355.10
7	55	لِيُطَهِّرَكُمْ	لِيُطَهِّرَكُمْ	1.00	0.99	rec	355.28	356.92
7	56	وَلِيُتِمَّ	وَلِيُتِمَّ	1.00	1.00	rec	357.02	358.40
7	57	نِعْمَتَهُۥ	نِعْمَتَهُ	1.00	1.00	rec	358.54	359.48
7	58	عَلَيْكُمْ	عَلَيْكُمْ	1.00	1.00	rec	359.84	360.96
7	59	لَعَلَّكُمْ	لَعَلَّكُمْ	1.00	1.00	rec	361.04	362.14
7	60	تَشْكُرُونَ	تَشْكُرُونَ	1.00	1.00	rec	362.26	364.14
8	0	وَٱذْكُرُوا۟	وَاذْكُرُوا	1.00	0.94	rec	365.58	366.26
8	1	نِعْمَةَ	نِعْمَتَ	0.75	0.98	rec	366.54	367.20
8	2	ٱللَّهِ	اللَّهِ	1.00	0.98	rec	367.26	368.10
8	3	عَلَيْكُمْ	عَلَيْكُمْ	1.00	1.00	rec	368.24	369.12
8	4	وَمِيثَٰقَهُ	وَمِيثَاقَهُ	1.00	1.00	rec	369.24	370.64
8	5	ٱلَّذِى	الَّذِي	1.00	0.99	rec	370.74	371.28
8	6	وَاثَقَكُم	وَاثَقَكُمْ	1.00	1.00	rec	371.60	373.44
8	7	بِهِۦٓ	بِهِ	1.00	1.00	rec	373.50	373.80
8	8	إِذْ	إِذْ	1.00	1.00	rec	374.44	374.70
8	9	قُلْتُمْ	قُلْتُمْ	1.00	1.00	rec	374.86	375.68
8	10	سَمِعْنَا	سَمِعْنَا	1.00	1.00	rec	378.28	379.02
8	11	وَأَطَعْنَاۖ	وَأَطَعْنَا	1.00	0.97	rec	379.46	380.52
8	12	وَٱتَّقُوا۟	وَاتَّقُوا	1.00	1.00	rec	381.08	381.72
8	13	ٱللَّهَۚ	اللَّهَ	1.00	1.00	rec	381.78	382.62
8	14	إِنَّ	إِنَّ	1.00	1.00	rec	382.78	383.78
8	15	ٱللَّهَ	اللَّهَ	1.00	1.00	rec	383.82	384.64
8	16	عَلِيمٌۢ	عَلِيمٌ	1.00	1.00	rec	384.76	385.50
8	17	بِذَاتِ	بِذَاتِ	1.00	1.00	rec	386.18	387.00
8	18	ٱلصُّدُورِ	الصُّدُورِ	1.00	1.00	rec	387.06	388.76
9	0	يَٰٓأَيُّهَا	يَا+أَيُّهَا	1.00	0.95	rec	390.14	391.42
9	1	ٱلَّذِينَ	الَّذِينَ	1.00	1.00	rec	391.48	392.34
9	2	ءَامَنُوا۟	آعمَنُوا	0.67	0.90	rec	392.50	393.28
9	3	كُونُوا۟	كُونُوا	1.00	0.92	rec	393.72	394.42
9	4	قَوَّٰمِينَ	قَوَّامِينَ	1.00	1.00	rec	400.06	401.34
9	5	لِلَّهِ	لِلَّهِ	1.00	1.00	rec	401.46	402.36
9	6	شُهَدَآءَ	شُهَدَاءَ	1.00	1.00	rec	402.56	404.52
9	7	بِٱلْقِسْطِۖ	بِالْقِسْطِ	1.00	1.00	rec	404.66	405.70
9	8	وَلَا	وَلَا	1.00	0.99	rec	406.56	406.86
9	9	يَجْرِمَنَّكُمْ	يَجْرِمَنَّكُمْ	1.00	1.00	rec	407.14	409.12
9	10	شَنَـَٔانُ	شَنَآنُ	1.00	1.00	rec	409.24	410.28
9	11	قَوْمٍ	قَوْمٍ	1.00	1.00	rec	410.50	411.10
9	12	عَلَىٰٓ	عَلَىٰ	1.00	1.00	rec	411.54	411.90
9	13	أَلَّا	أَلَّا	1.00	0.98	rec	412.26	412.80
9	14	تَعْدِلُوا۟ۚ	تَعْدِلُوا	1.00	0.99	rec	413.22	414.08
9	15	ٱعْدِلُوا۟	اعْدِلُوا	1.00	0.95	rec	415.22	415.84
9	16	هُوَ	هُوَ	1.00	1.00	rec	416.20	416.50
9	17	أَقْرَبُ	أَقْرَبُ	1.00	1.00	rec	416.64	417.32
9	18	لِلتَّقْوَىٰۖ	لِلتَّقْوَىٰ	1.00	0.99	rec	417.50	418.48
9	19	وَٱتَّقُوا۟	وَاتَّقُوا	1.00	1.00	rec	418.88	419.56
9	20	ٱللَّهَۚ	اللَّهَ	1.00	1.00	rec	419.62	420.42
9	21	إِنَّ	إِنَّ	1.00	1.00	rec	420.60	421.44
9	22	ٱللَّهَ	اللَّهَ	1.00	1.00	rec	421.50	422.28
9	23	خَبِيرٌۢ	خَبِيرٌ	1.00	1.00	rec	422.52	423.16
9	24	بِمَا	بِمَا	1.00	1.00	rec	423.82	424.16
9	25	تَعْمَلُونَ	تَعْمَلُونَ	1.00	1.00	rec	424.54	426.44
10	0	وَعَدَ	وَعَدَ	1.00	0.98	rec	427.64	428.10
10	1	ٱللَّهُ	اللَّهُ	1.00	0.99	rec	428.16	428.92
10	2	ٱلَّذِينَ	الَّذِينَ	1.00	1.00	rec	428.98	429.82
10	3	ءَامَنُوا۟	آمَنُوا	0.83	1.00	rec	429.98	430.66
10	4	وَعَمِلُوا۟	وَعَمِلُوا	1.00	1.00	rec	430.90	431.54
10	5	ٱلصَّٰلِحَٰتِۙ	الصَّالِحَاتِ	1.00	1.00	rec	431.60	432.96
10	6	لَهُم	لَهُمَْر	0.75	0.78	rec	433.06	434.14
10	7	مَّغْفِرَةٌۭ	فِرَةٌ	0.60	1.00	rec	434.40	434.94
10	8	وَأَجْرٌ	وَأَجْرٌ	1.00	1.00	rec	435.72	436.34
10	9	عَظِيمٌۭ	عَظِيمٌ	1.00	1.00	rec	436.82	438.30
11	0	وَٱلَّذِينَ	وَالَّذِينَ	1.00	1.00	rec	439.12	440.10
11	1	كَفَرُوا۟	كَفَرُوا	1.00	0.90	rec	440.30	440.82
11	2	وَكَذَّبُوا۟	وَكَذَّبُوا	1.00	1.00	rec	441.16	442.12
11	3	بِـَٔايَٰتِنَآ	بِآيَاتِنَا	1.00	1.00	rec	442.40	443.96
11	4	أُو۟لَٰٓئِكَ	أُولَـٰئِكَ	1.00	1.00	rec	444.36	446.44
11	5	أَصْحَٰبُ	أَصْحَابُ	1.00	1.00	rec	446.56	447.54
11	6	ٱلْجَحِيمِ	الْجَحِيمِ	1.00	1.00	rec	447.62	449.28
12	0	يَٰٓأَيُّهَا	يَا+أَيُّهَا	1.00	1.00	rec	450.60	451.76
12	1	ٱلَّذِينَ	الَّذِينَ	1.00	0.93	rec	451.80	452.68
12	2	ءَامَنُوا۟	آمَنُوا	0.83	0.93	rec	452.86	453.72
12	3	ٱذْكُرُوا۟	اذْكُرُوا	1.00	1.00	rec	453.78	454.46
12	4	نِعْمَتَ	نِعْمَتَ	1.00	0.99	rec	454.80	455.54
12	5	ٱللَّهِ	اللَّهِ	1.00	1.00	rec	455.62	456.46
12	6	عَلَيْكُمْ	عَلَيْكُمْ	1.00	1.00	rec	456.62	457.72
12	7	إِذْ	إِذْ	1.00	0.84	rec	457.84	458.14
12	8	هَمَّ	هَمَّ	1.00	1.00	rec	458.24	459.40
12	9	قَوْمٌ	قَوْمٌ	1.00	1.00	rec	459.60	460.16
12	10	أَن	أَنْ	1.00	1.00	rec	460.56	461.00
12	11	يَبْسُطُوٓا۟	يَبْسُطُوا	1.00	1.00	rec	461.06	461.96
12	12	إِلَيْكُمْ	إِلَيْكُمْ	1.00	1.00	rec	462.80	463.80
12	13	أَيْدِيَهُمْ	أَيْدِيَهُمْ	1.00	0.99	rec	463.90	465.00
12	14	فَكَفَّ	فَكَفَّ	1.00	1.00	rec	465.14	465.80
12	15	أَيْدِيَهُمْ	أَيْدِيَهُمْ	1.00	1.00	rec	465.94	467.08
12	16	عَنكُمْۖ	عَنْكُمْ	1.00	1.00	rec	467.16	468.60
12	17	وَٱتَّقُوا۟	وَاتَّقُوا	1.00	1.00	rec	469.80	470.38
12	18	ٱللَّهَۚ	اللَّهَ	1.00	1.00	rec	470.46	471.24
12	19	وَعَلَى	وَعَلَى	1.00	1.00	rec	471.38	471.88
12	20	ٱللَّهِ	اللَّهِ	1.00	0.94	rec	471.92	472.80
12	21	فَلْيَتَوَكَّلِ	فَلْيَتَوَى+كَلِ	0.88	0.99	rec	473.02	474.40
12	22	ٱلْمُؤْمِنُونَ	الْمُؤْمِنُونَ	1.00	1.00	rec	474.46	477.00
13	0	وَلَقَدْ	وَلَقَدْ	1.00	0.99	rec	478.02	478.84
13	1	أَخَذَ	أَخَذَ	1.00	1.00	rec	479.00	479.58
13	2	ٱللَّهُ	اللَّهُ	1.00	1.00	rec	479.64	480.58
13	3	مِيثَٰقَ	مِيثَاقَ	1.00	0.96	rec	480.74	481.86
13	4	بَنِىٓ	بْنِي	1.00	0.94	rec	482.02	482.36
13	5	إِسْرَٰٓءِيلَ	إِسْرَائِيلَ	0.86	1.00	rec	483.42	486.04
13	6	وَبَعَثْنَا	وَابْعَثْنَا	0.86	0.98	rec	486.18	487.14
13	7	مِنْهُمُ	مِنْهُمُ	1.00	1.00	rec	487.46	488.12
13	8	ٱثْنَىْ	اثْنَيْ	1.00	1.00	rec	488.20	488.82
13	9	عَشَرَ	عَشَرَ	1.00	1.00	rec	488.92	489.52
13	10	نَقِيبًۭاۖ	نَقِيبًا	1.00	1.00	rec	489.66	490.60
13	11	وَقَالَ	وَقَالَ	1.00	1.00	rec	491.96	492.72
13	12	ٱللَّهُ	اللَّهُ	1.00	1.00	rec	492.78	493.56
13	13	إِنِّى	إِنِّي	1.00	1.00	rec	493.74	494.62
13	14	مَعَكُمْۖ	مَعَكُمْ	1.00	1.00	rec	494.98	495.78
13	15	لَئِنْ	لَئِنْ	1.00	1.00	rec	495.86	496.38
13	16	أَقَمْتُمُ	أَقَمْتُمُ	1.00	1.00	rec	496.46	497.38
13	17	ٱلصَّلَوٰةَ	الصَّلَاةُ	0.86	1.00	rec	497.46	499.10
13	18	وَءَاتَيْتُمُ	وَآتَيْتُمُ	0.86	1.00	rec	502.72	504.08
13	19	ٱلزَّكَوٰةَ	الزَّكَاةَ	0.86	0.99	rec	504.16	505.28
13	20	وَءَامَنتُم	وَآمَنْتُمْ	0.86	0.98	rec	505.40	507.80
13	21	بِرُسُلِى	بِرُسُلِي	1.00	1.00	rec	507.86	508.60
13	22	وَعَزَّرْتُمُوهُمْ	وَعَزَّرْتُمُوهُمْ	1.00	1.00	rec	508.96	511.12
13	23	وَأَقْرَضْتُمُ	وَأَقْرَضُ+َئْتُمُ	0.88	0.77	rec	518.36	519.94
13	24	ٱللَّهَ	اللَّهَ	1.00	1.00	rec	520.02	520.90
13	25	قَرْضًا	قَرْضًا	1.00	1.00	rec	521.12	521.62
13	26	حَسَنًۭا	حَسَنًا	1.00	1.00	rec	521.98	522.58
13	27	لَّأُكَفِّرَنَّ	لَأُكَفِّرَنَّ	1.00	0.99	rec	524.00	525.92
13	28	عَنكُمْ	عَنْكُمْ	1.00	1.00	rec	526.02	527.16
13	29	سَيِّـَٔاتِكُمْ	سَيِّئَاتِكُمْ	0.86	1.00	rec	527.30	529.00
13	30	وَلَأُدْخِلَنَّكُمْ	وَلَأُدْخِلَنَّكُمْ	1.00	1.00	rec	529.12	532.06
13	31	جَنَّٰتٍۢ	جَنَّاتٍ	1.00	1.00	rec	535.36	536.82
13	32	تَجْرِى	تَجْرِي	1.00	1.00	rec	537.52	538.00
13	33	مِن	مِنْ	1.00	1.00	rec	538.34	539.04
13	34	تَحْتِهَا	تَحْتِهَا	1.00	1.00	rec	539.16	539.80
13	35	ٱلْأَنْهَٰرُۚ	الْأَنْهَارُ	1.00	1.00	rec	539.86	541.96
13	36	فَمَن	فَمَنْ	1.00	1.00	rec	543.32	544.54
13	37	كَفَرَ	كَفَرَ	1.00	0.99	rec	544.66	545.18
13	38	بَعْدَ	بَعْدَ	1.00	1.00	rec	545.32	545.76
13	39	ذَٰلِكَ	ذَٰلِكَ	1.00	1.00	rec	545.92	546.94
13	40	مِنكُمْ	مِنْكُمْ	1.00	1.00	rec	547.06	548.36
13	41	فَقَدْ	فَقَضْ	0.67	1.00	rec	548.52	549.04
13	42	ضَلَّ	ضَلَّ	1.00	0.86	rec	549.16	549.64
13	43	سَوَآءَ	سَوَاءَ	1.00	1.00	rec	549.82	552.08
13	44	ٱلسَّبِيلِ	السَّبِيلِ	1.00	1.00	rec	552.12	553.72
14	0	فَبِمَا	فَبِمَا	1.00	1.00	rec	554.94	555.48
14	1	نَقْضِهِم	نَقْضِهِمْ	1.00	0.99	rec	555.86	557.44
14	2	مِّيثَٰقَهُمْ	مِيثَاقَهُمْ	1.00	1.00	rec	557.48	559.02
14	3	لَعَنَّٰهُمْ	لَعَنَّاهُمْ	1.00	1.00	rec	559.10	560.62
14	4	وَجَعَلْنَا	وَجَعَلْنَا	1.00	0.95	rec	560.72	561.64
14	5	قُلُوبَهُمْ	قُلُوبَهُمْ	1.00	1.00	rec	562.02	563.08
14	6	قَٰسِيَةًۭۖ	قَاسِيَةٌ	1.00	1.00	rec	563.24	564.30
14	7	يُحَرِّفُونَ	يُحَرِّفُونَ	1.00	0.98	rec	569.48	570.64
14	8	ٱلْكَلِمَ	الْكَلِمَ	1.00	1.00	rec	570.70	571.46
14	9	عَن	عَنْ	1.00	1.00	rec	571.58	572.24
14	10	مَّوَاضِعِهِۦۙ	مَوَاضِعِهِ	1.00	1.00	rec	572.30	573.56
14	11	وَنَسُوا۟	وَنَسُو+حَرًّا	0.71	1.00	rec	573.94	575.46
14	12	حَظًّۭا	حَرًّا	0.67	1.00	rec	577.70	578.18
14	13	مِّمَّا	مِمَّا	1.00	0.99	rec	578.82	579.68
14	14	ذُكِّرُوا۟	ذُكِّرُوا	1.00	0.99	rec	580.04	580.78
14	15	بِهِۦۚ	بِهِ	1.00	1.00	rec	581.06	581.34
14	16	وَلَا	وَلَا	1.00	1.00	rec	582.46	582.76
14	17	تَزَالُ	تَزَالُوا	0.67	0.90	rec	583.06	583.88
14	18	تَطَّلِعُ	تَطَّلِعُ	1.00	0.93	rec	584.10	585.04
14	19	عَلَىٰ	عَلَىٰ	1.00	1.00	rec	585.26	585.60
14	20	خَآئِنَةٍۢ	خَائِنَةٍ	1.00	1.00	rec	585.96	588.52
14	21	مِّنْهُمْ	مِنْهُمْ	1.00	1.00	rec	589.30	590.02
14	22	إِلَّا	إِلَّا	1.00	1.00	rec	590.14	590.58
14	23	قَلِيلًۭا	قَلِيلًا	1.00	1.00	rec	590.94	591.62
14	24	مِّنْهُمْۖ	مِنْهُمْ	1.00	0.99	rec	592.56	593.26
14	25	فَٱعْفُ		0.00	0.14	forced	593.72	593.92
14	26	عَنْهُمْ	عَنْهُمْ	1.00	1.00	rec	594.06	594.86
14	27	وَٱصْفَحْۚ	وَص+صْبَحْ	0.60	0.84	rec	594.94	595.74
14	28	إِنَّ	إِنَّ	1.00	1.00	rec	596.70	597.58
14	29	ٱللَّهَ	اللَّهَ	1.00	1.00	rec	597.64	598.58
14	30	يُحِبُّ	يُحِبُّ	1.00	1.00	rec	598.74	599.48
14	31	ٱلْمُحْسِنِينَ	الْمُحْسِنِينَ	1.00	1.00	rec	599.54	601.98
15	0	وَمِنَ	وَمِنَ	1.00	1.00	rec	603.44	603.84
15	1	ٱلَّذِينَ	الَّذِينَ	1.00	1.00	rec	603.90	604.74
15	2	قَالُوٓا۟	قَالُوا	1.00	1.00	rec	604.96	605.68
15	3	إِنَّا	إِنَّا	1.00	1.00	rec	605.96	606.82
15	4	نَصَٰرَىٰٓ	نَصَارِي	0.83	1.00	rec	607.14	608.08
15	5	أَخَذْنَا	أَخَذْنَا	1.00	1.00	rec	608.44	609.24
15	6	مِيثَٰقَهُمْ	مِيثَاقَهُمْ	1.00	1.00	rec	609.56	611.14
15	7	فَنَسُوا۟	فَنَسُوا	1.00	1.00	rec	611.26	611.88
15	8	حَظًّۭا	حَرًّا	0.67	0.96	rec	612.26	612.78
15	9	مِّمَّا	مِمَّا	1.00	1.00	rec	616.36	617.42
15	10	ذُكِّرُوا۟	ذُكِّرُوا	1.00	1.00	rec	617.82	618.54
15	11	بِهِۦ	بِهِ	1.00	1.00	rec	618.88	619.20
15	12	فَأَغْرَيْنَا	فَأَغْرَيْنَا	1.00	1.00	rec	619.90	621.14
15	13	بَيْنَهُمُ	بَيْنَهُمُ	1.00	1.00	rec	621.52	622.48
15	14	ٱلْعَدَاوَةَ	الْعَدَاوَةَ	1.00	1.00	rec	622.56	623.94
15	15	وَٱلْبَغْضَآءَ	وَالْبَغْضَىٰ	0.75	0.99	rec	624.06	625.14
15	16	إِلَىٰ	أَإِلَىٰ	0.80	0.93	rec	626.50	627.06
15	17	يَوْمِ	يَوْمِ	1.00	1.00	rec	627.36	627.90
15	18	ٱلْقِيَٰمَةِۚ	الْقِيَامَةِ	1.00	1.00	rec	627.96	629.20
15	19	وَسَوْفَ	وَسَوْفَ	1.00	1.00	rec	630.06	630.78
15	20	يُنَبِّئُهُمُ	يُنَبِّئُهُمُ	1.00	1.00	rec	630.88	632.18
15	21	ٱللَّهُ	اللَّهُ	1.00	1.00	rec	632.26	633.02
15	22	بِمَا	بِمَا	1.00	1.00	rec	633.20	633.54
15	23	كَانُوا۟	كَانُوا	1.00	1.00	rec	633.86	634.44
15	24	يَصْنَعُونَ	يَصْنَعُونَ	1.00	1.00	rec	634.80	636.82
16	0	يَٰٓأَهْلَ	يَا+أَهْلَ	1.00	1.00	rec	638.86	639.84
16	1	ٱلْكِتَٰبِ	الْكِتَابِ	1.00	1.00	rec	639.92	640.90
16	2	قَدْ	قَدْ	1.00	0.97	rec	641.08	641.38
16	3	جَآءَكُمْ	يَاءَكُمْ	0.80	1.00	rec	641.46	643.90
16	4	رَسُولُنَا	رَسُولُنَا	1.00	1.00	rec	643.98	644.94
16	5	يُبَيِّنُ	يُبَيِّنُ	1.00	0.96	rec	645.20	646.14
16	6	لَكُمْ	لَكُمْ	1.00	1.00	rec	646.28	646.84
16	7	كَثِيرًۭا	كَثِيرًا	1.00	1.00	rec	646.98	647.82
16	8	مِّمَّا	مِمَّا	1.00	0.99	rec	652.22	653.12
16	9	كُنتُمْ	كُنْتُمْ	1.00	1.00	rec	653.52	654.70
16	10	تُخْفُونَ	تُخْفُونَ	1.00	0.97	rec	654.84	655.70
16	11	مِنَ	مِنَ	1.00	1.00	rec	655.82	656.08
16	12	ٱلْكِتَٰبِ	الْكِتَابِ	1.00	1.00	rec	656.12	657.18
16	13	وَيَعْفُوا۟	وَيَعْفُو	0.83	1.00	rec	657.34	658.06
16	14	عَن	عَنْ	1.00	1.00	rec	658.38	658.92
16	15	كَثِيرٍۢۚ	كَثِيبٍ	0.75	0.94	rec	659.04	660.42
17	0	قَدْ	قَدْ	1.00	1.00	rec	661.22	661.52
17	1	جَآءَكُم	يَاءَكُمْ	0.80	1.00	rec	661.58	664.16
17	2	مِّنَ	مِنَ	1.00	1.00	rec	664.22	664.44
17	3	ٱللَّهِ	اللَّهِ	1.00	1.00	rec	664.48	665.42
17	4	نُورٌۭ	نُورٌ	1.00	1.00	rec	665.56	666.34
17	5	وَكِتَٰبٌۭ	وَكِتَابٌ	1.00	1.00	rec	666.74	667.82
17	6	مُّبِينٌۭ	مُبِينٌ	1.00	1.00	rec	668.52	669.78
18	0	يَهْدِى	يَهْدِي	1.00	1.00	rec	671.94	672.30
18	1	بِهِ	بِهِ	1.00	1.00	rec	672.52	672.78
18	2	ٱللَّهُ	اللَّهُ	1.00	1.00	rec	672.84	673.66
18	3	مَنِ	مَنِ	1.00	1.00	rec	673.88	674.16
18	4	ٱتَّبَعَ	اتَّبَعَ	1.00	1.00	rec	674.22	674.98
18	5	رِضْوَٰنَهُۥ	رِضْوَانَهُ	1.00	1.00	rec	675.12	676.38
18	6	سُبُلَ	سُبُلَ	1.00	1.00	rec	676.88	677.44
18	7	ٱلسَّلَٰمِ	السَّلَامِ	1.00	0.99	rec	677.50	679.02
18	8	وَيُخْرِجُهُم	وَيُخْرِجُهُمْ	1.00	1.00	rec	680.14	681.88
18	9	مِّنَ	مِنَ	1.00	1.00	rec	681.94	682.20
18	10	ٱلظُّلُمَٰتِ	الظُّلُمَاتِ	1.00	1.00	rec	682.24	683.54
18	11	إِلَى	إِلَى	1.00	1.00	rec	683.68	683.96
18	12	ٱلنُّورِ	النُّورِ	1.00	1.00	rec	684.00	685.10
18	13	بِإِذْنِهِۦ	بِإِذْنِهِ	1.00	1.00	rec	685.26	686.14
18	14	وَيَهْدِيهِمْ	وَيَهْدِيهِمْ	1.00	1.00	rec	686.56	687.86
18	15	إِلَىٰ	إِلَىٰ	1.00	1.00	rec	687.94	688.26
18	16	صِرَٰطٍۢ	صِرَاطٍ	1.00	1.00	rec	688.54	689.32
18	17	مُّسْتَقِيمٍۢ	مُسْتَقِيمٍ	1.00	1.00	rec	690.16	692.16
19	0	لَّقَدْ	لَقَدْ	1.00	1.00	rec	693.34	693.82
19	1	كَفَرَ	كَفَرَ	1.00	1.00	rec	693.98	694.42
19	2	ٱلَّذِينَ	الَّذِينَ	1.00	1.00	rec	694.50	695.50
19	3	قَالُوٓا۟	قَالُوا	1.00	0.97	rec	695.72	696.32
19	4	إِنَّ	إِنَّ	1.00	1.00	rec	696.82	697.52
19	5	ٱللَّهَ	اللَّهَ	1.00	1.00	rec	697.56	698.34
19	6	هُوَ	هُوَ	1.00	1.00	rec	698.54	698.78
19	7	ٱلْمَسِيحُ	الْمَسِيحُ	1.00	1.00	rec	698.82	699.92
19	8	ٱبْنُ	ابْنُ	1.00	1.00	rec	700.00	700.28
19	9	مَرْيَمَۚ	مَرْيَمُ	1.00	0.94	rec	700.40	701.14
19	10	قُلْ	قُلْ	1.00	1.00	rec	702.40	702.68
19	11	فَمَن	فَمَنْ	1.00	1.00	rec	702.76	703.70
19	12	يَمْلِكُ	يَمْلِكُ	1.00	0.97	rec	703.74	704.48
19	13	مِنَ	مِنَ	1.00	1.00	rec	704.70	704.98
19	14	ٱللَّهِ	اللَّهِ	1.00	1.00	rec	705.02	705.92
19	15	شَيْـًٔا	شَيْئًا	0.75	1.00	rec	706.14	706.74
19	16	إِنْ	إِنْ	1.00	1.00	rec	707.10	707.40
19	17	أَرَادَ	أَرَادَ	1.00	1.00	rec	707.48	708.32
19	18	أَن	أَنْ	1.00	1.00	rec	708.48	709.22
19	19	يُهْلِكَ	يُهْلِكَ	1.00	1.00	rec	709.28	710.00
19	20	ٱلْمَسِيحَ	الْمَسِيحَ	1.00	0.97	rec	710.06	711.22
19	21	ٱبْنَ	ابْنَ	1.00	0.99	rec	711.30	711.70
19	22	مَرْيَمَ	مَرْيَمَ	1.00	1.00	rec	711.88	712.60
19	23	وَأُمَّهُۥ	وَأُمَّهُ	1.00	1.00	rec	712.76	713.90
19	24	وَمَن	وَمَنْ	1.00	1.00	rec	714.22	715.08
19	25	فِى	فِي	1.00	1.00	rec	715.18	715.30
19	26	ٱلْأَرْضِ	الْأَرْضِ	1.00	1.00	rec	715.34	716.16
19	27	جَمِيعًۭاۗ	جَمِيعًا	1.00	1.00	rec	716.38	717.26
19	28	وَلِلَّهِ	وَلِلَّهِ	1.00	1.00	rec	718.46	719.42
19	29	مُلْكُ	مُلْكُ	1.00	1.00	rec	719.56	719.98
19	30	ٱلسَّمَٰوَٰتِ	السَّمَاوَاتِ	1.00	1.00	rec	720.04	721.40
19	31	وَٱلْأَرْضِ	وَالْأَرْضِ	1.00	1.00	rec	721.50	722.34
19	32	وَمَا	وَمَا	1.00	1.00	rec	722.48	722.82
19	33	بَيْنَهُمَاۚ	بَيْنَهُمَا	1.00	1.00	rec	723.14	724.04
19	34	يَخْلُقُ	يَخْلُقُ	1.00	1.00	rec	724.32	725.02
19	35	مَا	مَا	1.00	1.00	rec	725.22	725.36
19	36	يَشَآءُۚ	يَشَاءُ	1.00	1.00	rec	725.66	727.54
19	37	وَٱللَّهُ	وَاللَّهُ	1.00	1.00	rec	728.40	729.24
19	38	عَلَىٰ	عَلَىٰ	1.00	1.00	rec	729.40	729.72
19	39	كُلِّ	كُلِّ	1.00	0.99	rec	730.08	730.54
19	40	شَىْءٍۢ	شَيْءٍ	1.00	1.00	rec	730.72	731.20
19	41	قَدِيرٌۭ	قَدِيرٌ	1.00	1.00	rec	732.22	733.62
20	0	وَقَالَتِ	وَقَالَتِ	1.00	1.00	rec	734.70	735.58
20	1	ٱلْيَهُودُ	الْيَهُودُ	1.00	1.00	rec	735.64	736.76
20	2	وَٱلنَّصَٰرَىٰ	وَالنَّصَارِ	0.78	1.00	rec	736.88	738.72
20	3	نَحْنُ	نَحْنُ	1.00	1.00	rec	739.10	739.52
20	4	أَبْنَٰٓؤُا۟	أَبْنَاءُ	0.67	1.00	rec	739.70	741.74
20	5	ٱللَّهِ	اللَّهِ	1.00	0.98	rec	741.80	742.62
20	6	وَأَحِبَّٰٓؤُهُۥۚ	وَأَحِبَّاؤُهُ	1.00	1.00	rec	742.86	745.90
20	7	قُلْ	قُلْ	1.00	1.00	rec	746.84	747.12
20	8	فَلِمَ	فَلِمَ	1.00	1.00	rec	747.22	747.72
20	9	يُعَذِّبُكُم	يُعَذِّبُكُمْ	1.00	1.00	rec	747.86	749.90
20	10	بِذُنُوبِكُمۖ	بِذُنُوبِكُمْ	1.00	1.00	rec	749.96	751.82
20	11	بَلْ	بَلْ	1.00	1.00	rec	752.66	752.98
20	12	أَنتُم	أَنْتُمْ	1.00	1.00	rec	753.06	754.74
20	13	بَشَرٌۭ	بَشَرٌ	1.00	1.00	rec	754.80	755.34
20	14	مِّمَّنْ	مِمَّنْ	1.00	1.00	rec	756.36	757.48
20	15	خَلَقَۚ	خَلَقَ	1.00	1.00	rec	757.62	758.24
20	16	يَغْفِرُ	يَغْفِرُ	1.00	1.00	rec	759.10	759.80
20	17	لِمَن	لِمَنْ	1.00	1.00	rec	759.98	760.82
20	18	يَشَآءُ	يَشَاءُ	1.00	1.00	rec	760.86	762.68
20	19	وَيُعَذِّبُ	وَيُعَذِّبُ	1.00	0.99	rec	762.80	763.98
20	20	مَن	مَنْ	1.00	1.00	rec	764.18	765.04
20	21	يَشَآءُۚ	يَشَاءُ	1.00	0.99	rec	765.10	766.72
20	22	وَلِلَّهِ	وَلِلَّهِ	1.00	1.00	rec	767.40	768.50
20	23	مُلْكُ	مُلْكُ	1.00	1.00	rec	768.66	769.16
20	24	ٱلسَّمَٰوَٰتِ	السَّمَاوَاتِ	1.00	1.00	rec	769.24	770.76
20	25	وَٱلْأَرْضِ	وَالْأَرْضِ	1.00	1.00	rec	770.88	771.78
20	26	وَمَا	وَمَا	1.00	1.00	rec	771.90	772.26
20	27	بَيْنَهُمَاۖ	بَيْنَهُمَا	1.00	1.00	rec	772.56	773.44
20	28	وَإِلَيْهِ	وَإِلَيْهِ	1.00	1.00	rec	773.72	774.72
20	29	ٱلْمَصِيرُ	الْمَصِيرُ	1.00	0.99	rec	774.78	776.52
21	0	يَٰٓأَهْلَ	يَا+أَهْلَ	1.00	1.00	rec	778.42	779.56
21	1	ٱلْكِتَٰبِ	الْكِتَابِ	1.00	1.00	rec	779.64	780.64
21	2	قَدْ	قَدْ	1.00	1.00	rec	780.84	781.12
21	3	جَآءَكُمْ	يَاءَكُمْ	0.80	1.00	rec	781.18	783.44
21	4	رَسُولُنَا	رَسُولُنَا	1.00	1.00	rec	783.52	784.46
21	5	يُبَيِّنُ	يُبَيِّنُ	1.00	1.00	rec	784.72	785.68
21	6	لَكُمْ	لَكُمْ	1.00	1.00	rec	785.80	786.34
21	7	عَلَىٰ	عَلَىٰ	1.00	0.95	rec	786.44	786.76
21	8	فَتْرَةٍۢ	فَتْرَةٍ	1.00	1.00	rec	787.14	787.82
21	9	مِّنَ	مِنَ	1.00	1.00	rec	788.62	788.86
21	10	ٱلرُّسُلِ	الرُّسُلِ	1.00	1.00	rec	788.92	789.82
21	11	أَن	أَنْ	1.00	1.00	rec	796.44	797.04
21	12	تَقُولُوا۟	تَقُولُوا	1.00	0.98	rec	797.16	798.00
21	13	مَا	مَا	1.00	1.00	rec	798.32	798.44
21	14	جَآءَنَا	جَاءَنَا	1.00	1.00	rec	798.78	800.62
21	15	مِنۢ	مِنْ	1.00	1.00	rec	800.86	801.42
21	16	بَشِيرٍۢ	بَشِيرٍ	1.00	0.94	rec	801.46	802.22
21	17	وَلَا	وَلَا	1.00	1.00	rec	802.92	803.24
21	18	نَذِيرٍۢۖ	نَذِيرٍ	1.00	1.00	rec	803.54	804.68
21	19	فَقَدْ	فَقَدْ	1.00	0.99	rec	805.36	805.88
21	20	جَآءَكُم	جَاءَكُمْ	1.00	1.00	rec	805.96	808.84
21	21	بَشِيرٌۭ	بَشِيرٌ	1.00	1.00	rec	808.90	809.72
21	22	وَنَذِيرٌۭۗ	وَنَذِيرٌ	1.00	1.00	rec	810.40	811.84
21	23	وَٱللَّهُ	وَاللَّهُ	1.00	0.96	rec	812.34	813.32
21	24	عَلَىٰ	عَلَىٰ	1.00	1.00	rec	813.46	813.80
21	25	كُلِّ	كُلِّ	1.00	1.00	rec	814.18	814.58
21	26	شَىْءٍۢ	شَيْءٍ	1.00	1.00	rec	814.78	815.30
21	27	قَدِيرٌۭ	قَدِيرٌ	1.00	1.00	rec	816.20	817.64
22	0	وَإِذْ	وَإِذْ	1.00	1.00	rec	819.40	819.86
22	1	قَالَ	قَالَ	1.00	1.00	rec	820.00	820.48
22	2	مُوسَىٰ	مُوسَىٰ	1.00	1.00	rec	820.60	821.16
22	3	لِقَوْمِهِۦ	لِقَوْمِهِ	1.00	1.00	rec	821.48	822.44
22	4	يَٰقَوْمِ	يَا+قَوْمِ	1.00	1.00	rec	822.84	823.80
22	5	ٱذْكُرُوا۟	اذْكُرُوا	1.00	0.99	rec	823.86	824.44
22	6	نِعْمَةَ	نِعْمَتَ	0.75	0.99	rec	824.78	825.48
22	7	ٱللَّهِ	اللَّهِ	1.00	1.00	rec	825.54	826.36
22	8	عَلَيْكُمْ	عَلَيْكُمْ	1.00	1.00	rec	826.50	827.54
22	9	إِذْ	إِذْ	1.00	1.00	rec	827.68	827.92
22	10	جَعَلَ	جَعَلَ	1.00	1.00	rec	828.02	828.46
22	11	فِيكُمْ	فِيكُمْ	1.00	1.00	rec	828.66	829.46
22	12	أَنۢبِيَآءَ	أَنْ+بِيَاءَ	1.00	0.92	rec	838.48	841.28
22	13	وَجَعَلَكُم	وَجَعَلَكُمْ	1.00	0.97	rec	841.42	842.96
22	14	مُّلُوكًۭا	مُلُوكًا	1.00	1.00	rec	843.02	843.92
22	15	وَءَاتَىٰكُم	وَآتَاكُمْ	0.75	1.00	rec	844.56	846.46
22	16	مَّا	مَا	1.00	0.97	rec	846.52	846.64
22	17	لَمْ	لَ	0.50	0.71	rec	846.96	847.04
22	18	يُؤْتِ		0.00	0.28	forced	847.32	847.84
22	19	أَحَدًۭا	أَحَدًا	1.00	1.00	rec	847.94	848.50
22	20	مِّنَ	مِنَ	1.00	1.00	rec	849.12	849.40
22	21	ٱلْعَٰلَمِينَ	الْعَالَمِينَ	1.00	1.00	rec	849.44	851.58
23	0	يَٰقَوْمِ	يَا+قَوْمِ	1.00	1.00	rec	852.68	853.66
23	1	ٱدْخُلُوا۟	ادْخُلُوا	1.00	0.99	rec	853.72	854.30
23	2	ٱلْأَرْضَ	الْأَرْضَ	1.00	1.00	rec	854.36	855.02
23	3	ٱلْمُقَدَّسَةَ	الْمُقَدَّسَةَ	1.00	1.00	rec	855.08	856.38
23	4	ٱلَّتِى	الَّتِي	1.00	0.99	rec	856.44	856.98
23	5	كَتَبَ	كَتَبَ	1.00	1.00	rec	857.36	857.84
23	6	ٱللَّهُ	اللَّهُ	1.00	0.96	rec	857.90	858.70
23	7	لَكُمْ	لَكُمْ	1.00	1.00	rec	858.84	859.52
23	8	وَلَا	وَلَا	1.00	1.00	rec	860.30	860.60
23	9	تَرْتَدُّوا۟	تَرْتَدُّوا	1.00	1.00	rec	861.04	861.98
23	10	عَلَىٰٓ	عَلَىٰ	1.00	1.00	rec	862.30	862.64
23	11	أَدْبَارِكُمْ	أَدْبِرِكُمْ	0.86	0.96	rec	862.96	864.30
23	12	فَتَنقَلِبُوا۟	فَتَنْقَلِبُوا	1.00	1.00	rec	864.42	866.02
23	13	خَٰسِرِينَ	خَاسِرِينَ	1.00	1.00	rec	866.46	868.56
24	0	قَالُوا۟	قَالُوا	1.00	0.96	rec	869.04	869.64
24	1	يَٰمُوسَىٰٓ	يَا+مُوسَىٰ	1.00	0.96	rec	870.00	871.18
24	2	إِنَّ	إِنَّ	1.00	1.00	rec	871.66	872.30
24	3	فِيهَا	فِيهَا	1.00	1.00	rec	872.52	873.10
24	4	قَوْمًۭا	قَوْمًا	1.00	1.00	rec	873.58	874.20
24	5	جَبَّارِينَ	جَبَّارِينَ	1.00	1.00	rec	875.00	876.98
24	6	وَإِنَّا	وَإِنَّا	1.00	1.00	rec	877.74	878.96
24	7	لَن	لَنْ	1.00	1.00	rec	879.38	880.16
24	8	نَّدْخُلَهَا	نَدْخُلَهَا	1.00	1.00	rec	880.22	881.42
24	9	حَتَّىٰ	حَتَّىٰ	1.00	1.00	rec	881.84	882.38
24	10	يَخْرُجُوا۟	يَخْرُجُوا	1.00	0.98	rec	882.78	883.62
24	11	مِنْهَا	مِنْهَا	1.00	1.00	rec	883.98	884.58
24	12	فَإِن	فَإِنْ	1.00	1.00	rec	885.66	886.68
24	13	يَخْرُجُوا۟	يَخْرُجُوا	1.00	1.00	rec	886.74	887.52
24	14	مِنْهَا	مِنْهَا	1.00	1.00	rec	887.86	888.42
24	15	فَإِنَّا	فَإِنَّا	1.00	0.99	rec	888.86	890.00
24	16	دَٰخِلُونَ	دَاخِلُونَ	1.00	1.00	rec	890.40	892.32
25	0	قَالَ	قَالَ	1.00	1.00	rec	893.24	893.76
25	1	رَجُلَانِ	رَجُلَانِ	1.00	1.00	rec	893.92	894.76
25	2	مِنَ	مِنَ	1.00	1.00	rec	894.88	895.14
25	3	ٱلَّذِينَ	الَّذِينَ	1.00	1.00	rec	895.20	896.04
25	4	يَخَافُونَ	يَخَافُونَ	1.00	0.99	rec	896.16	897.34
25	5	أَنْعَمَ	أَنْعَمَ	1.00	1.00	rec	897.50	898.14
25	6	ٱللَّهُ	اللَّهُ	1.00	0.99	rec	898.20	899.04
25	7	عَلَيْهِمَا	عَلَيْهِمَا	1.00	1.00	rec	899.22	900.12
25	8	ٱدْخُلُوا۟	ادْخُلُوا	1.00	0.99	rec	900.16	900.78
25	9	عَلَيْهِمُ	عَلَيْهِمِ	1.00	1.00	rec	901.10	902.06
25	10	ٱلْبَابَ	الْبَابِ	1.00	1.00	rec	902.12	903.70
25	11	فَإِذَا	فَإِذَا	1.00	1.00	rec	904.58	905.12
25	12	دَخَلْتُمُوهُ	دَخَلْتُمُوهُ	1.00	1.00	rec	905.46	906.76
25	13	فَإِنَّكُمْ	فَإِنَّكُمْ	1.00	0.97	rec	907.02	908.62
25	14	غَٰلِبُونَۚ	غَالِبُونَ	1.00	1.00	rec	908.74	910.62
25	15	وَعَلَى	وَعَلَى	1.00	1.00	rec	911.24	911.78
25	16	ٱللَّهِ	اللَّهِ	1.00	1.00	rec	911.82	912.74
25	17	فَتَوَكَّلُوٓا۟	فَتَوَكَّلُوا	1.00	1.00	rec	912.92	914.10
25	18	إِن	إِنْ	1.00	1.00	rec	914.72	915.42
25	19	كُنتُم	كُنْتُمْ	1.00	1.00	rec	915.54	917.40
25	20	مُّؤْمِنِينَ	مُؤْمِنِينَ	1.00	1.00	rec	917.46	919.40
26	0	قَالُوا۟	قَالُوا	1.00	1.00	rec	920.18	920.78
26	1	يَٰمُوسَىٰٓ	يَا+مُوسَىٰ	1.00	1.00	rec	921.06	922.06
26	2	إِنَّا	إِنَّا	1.00	1.00	rec	922.62	923.48
26	3	لَن	لَنْ	1.00	1.00	rec	923.80	924.30
26	4	نَّدْخُلَهَآ	نَدْخُلَهَا	1.00	1.00	rec	924.36	925.40
26	5	أَبَدًۭا	أَبَدًا	1.00	0.99	rec	925.96	926.46
26	6	مَّا	مَعَ	0.50	0.92	rec	926.98	927.30
26	7	دَامُوا۟	دَامُوا	1.00	0.93	rec	927.46	928.00
26	8	فِيهَاۖ	فِيهَا	1.00	1.00	rec	928.44	929.08
26	9	فَٱذْهَبْ	فَاذْهَبْ	1.00	1.00	rec	930.30	930.94
26	10	أَنتَ	أَنْتَ	1.00	1.00	rec	931.04	932.06
26	11	وَرَبُّكَ	وَرَبُّكَ	1.00	1.00	rec	932.18	933.16
26	12	فَقَٰتِلَآ	فَقَاتِلَا	1.00	0.99	rec	933.36	934.66
26	13	إِنَّا	إِنَّا	1.00	0.97	rec	935.06	936.12
26	14	هَٰهُنَا	هَاهُنَا	1.00	1.00	rec	936.54	937.38
26	15	قَٰعِدُونَ	قَاعِدُونَ	1.00	1.00	rec	937.72	939.74
27	0	قَالَ	قَالَ	1.00	1.00	rec	940.48	940.96
27	1	رَبِّ	رَبِّ	1.00	1.00	rec	941.10	941.54
27	2	إِنِّى	إِنِّي	1.00	1.00	rec	941.68	942.54
27	3	لَآ	لَا	1.00	1.00	rec	942.98	943.12
27	4	أَمْلِكُ	عَمْلِكُ	0.75	0.99	rec	943.54	944.30
27	5	إِلَّا	إِلَّا	1.00	0.99	rec	944.50	945.06
27	6	نَفْسِى	نَفْسِي	1.00	1.00	rec	945.46	946.04
27	7	وَأَخِىۖ	وَأَخِي	1.00	1.00	rec	946.54	947.14
27	8	فَٱفْرُقْ	فَافْرُقْ	1.00	0.99	rec	948.16	948.90
27	9	بَيْنَنَا	بَيْنَنَا	1.00	1.00	rec	949.06	949.88
27	10	وَبَيْنَ	وَبَيْنَ	1.00	1.00	rec	950.30	951.10
27	11	ٱلْقَوْمِ	الْقَوْمِ	1.00	1.00	rec	951.14	951.92
27	12	ٱلْفَٰسِقِينَ	الْفَاسِقِينَ	1.00	0.99	rec	951.98	954.54
28	0	قَالَ	قَالَ	1.00	1.00	rec	955.14	955.74
28	1	فَإِنَّهَا	فَإِنَّهَا	1.00	1.00	rec	955.94	957.26
28	2	مُحَرَّمَةٌ	مُحَرَّمَةٌ	1.00	1.00	rec	957.78	959.06
28	3	عَلَيْهِمْۛ	عَلَيْهِمْ	1.00	1.00	rec	959.42	960.62
28	4	أَرْبَعِينَ	أَرْبَعِينَ	1.00	0.97	rec	960.74	961.98
28	5	سَنَةًۭۛ	سَنَةٌ	1.00	1.00	rec	962.18	962.70
28	6	يَتِيهُونَ	يَتِيهُونَ	1.00	1.00	rec	963.40	964.76
28	7	فِى	فِي	1.00	1.00	rec	964.96	965.08
28	8	ٱلْأَرْضِۚ	الْأَرْضِ	1.00	0.98	rec	965.14	965.90
28	9	فَلَا	فَلَا	1.00	1.00	rec	966.12	966.48
28	10	تَأْسَ	تَأْسَ	1.00	1.00	rec	966.88	967.42
28	11	عَلَى	عَلَى	1.00	1.00	rec	967.58	967.88
28	12	ٱلْقَوْمِ	الْقَوْمِ	1.00	1.00	rec	967.90	968.72
28	13	ٱلْفَٰسِقِينَ	الْفَاسِقِينَ	1.00	1.00	rec	968.80	971.62
29	0	وَٱتْلُ	وَاتْلُ	1.00	1.00	rec	972.56	973.00
29	1	عَلَيْهِمْ	عَلَيْهِمْ	1.00	1.00	rec	973.16	974.24
29	2	نَبَأَ	نَبَأَ	1.00	1.00	rec	974.32	974.84
29	3	ٱبْنَىْ	ابْنَيْ	1.00	0.98	rec	974.90	975.46
29	4	ءَادَمَ	أَادَمَ	0.75	0.93	rec	975.56	976.38
29	5	بِٱلْحَقِّ	بِالْحَقِّ	1.00	1.00	rec	976.58	977.48
29	6	إِذْ	إِذْ	1.00	1.00	rec	977.66	977.98
29	7	قَرَّبَا	قَرَّبَا	1.00	1.00	rec	978.10	978.78
29	8	قُرْبَانًۭا	قُرْبَانًا	1.00	1.00	rec	979.16	980.00
29	9	فَتُقُبِّلَ	فَتُقُبِّلَ	1.00	0.97	rec	980.76	981.86
29	10	مِنْ	مِنْ	1.00	1.00	rec	982.00	982.32
29	11	أَحَدِهِمَا	أَحَدِهِمَا	1.00	0.99	rec	982.42	983.46
29	12	وَلَمْ	وَلَمْ	1.00	0.91	rec	983.82	984.34
29	13	يُتَقَبَّلْ	يُتَقَبَّلْ	1.00	1.00	rec	984.42	985.58
29	14	مِنَ	مِنَ	1.00	1.00	rec	985.68	985.92
29	15	ٱلْءَاخَرِ	الْآخَرِ	0.83	1.00	rec	985.98	987.10
29	16	قَالَ	قَالَ	1.00	1.00	rec	988.06	988.52
29	17	لَأَقْتُلَنَّكَۖ	لَأَقْتُلَنَّكَ	1.00	0.98	rec	988.66	991.06
29	18	قَالَ	قَالَ	1.00	1.00	rec	991.26	991.82
29	19	إِنَّمَا	إِنَّمَا	1.00	0.98	rec	991.94	993.14
29	20	يَتَقَبَّلُ	يَتَقَبَّلُ	1.00	1.00	rec	993.50	994.64
29	21	ٱللَّهُ	اللَّهُ	1.00	1.00	rec	994.72	995.48
29	22	مِنَ	مِنَ	1.00	1.00	rec	995.60	995.84
29	23	ٱلْمُتَّقِينَ	الْمُتَّقِينَ	1.00	1.00	rec	995.88	997.96
30	0	لَئِنۢ	لَإِنْ	0.67	0.96	rec	999.30	1000.58
30	1	بَسَطتَ	بَسَرَ	0.50	0.95	rec	1000.66	1001.18
30	2	إِلَىَّ	فَإِلَيَّ	0.75	1.00	rec	1001.42	1002.38
30	3	يَدَكَ	يَدَكَ	1.00	1.00	rec	1002.50	1003.04
30	4	لِتَقْتُلَنِى	لِتَقْتُلَنِي	1.00	1.00	rec	1003.18	1004.54
30	5	مَآ	مَا	1.00	1.00	rec	1004.90	1005.04
30	6	أَنَا۠	أَنَا	1.00	1.00	rec	1005.68	1006.00
30	7	بِبَاسِطٍۢ	بِبَاسِطٍ	1.00	0.98	rec	1006.12	1007.30
30	8	يَدِىَ	يَدِيَ	1.00	1.00	rec	1007.90	1008.40
30	9	إِلَيْكَ	إِلَيْكَ	1.00	1.00	rec	1008.52	1009.24
30	10	لِأَقْتُلَكَۖ	لِأَقْتُلَكَ	1.00	1.00	rec	1009.38	1010.66
30	11	إِنِّىٓ	إِنِّيَ	1.00	1.00	rec	1010.76	1011.76
30	12	أَخَافُ	أَخَافُ	1.00	1.00	rec	1011.90	1012.88
30	13	ٱللَّهَ	اللَّهُ	1.00	1.00	rec	1012.96	1014.16
30	14	رَبَّ	رَبَّ	1.00	1.00	rec	1024.74	1025.14
30	15	ٱلْعَٰلَمِينَ	الْعَالَمِينَ	1.00	1.00	rec	1025.20	1027.48
31	0	إِنِّىٓ	إِنِّي	1.00	1.00	rec	1028.64	1029.78
31	1	أُرِيدُ	أُرِيدُ	1.00	1.00	rec	1030.22	1030.92
31	2	أَن	أَنْ	1.00	1.00	rec	1031.06	1031.68
31	3	تَبُوٓأَ	تَبُوءَ	0.75	1.00	rec	1031.80	1033.58
31	4	بِإِثْمِى	بِإِثْمِي	1.00	1.00	rec	1033.72	1034.50
31	5	وَإِثْمِكَ	وَإِثْمِكَ	1.00	0.94	rec	1034.86	1035.88
31	6	فَتَكُونَ	فَتَكُونَ	1.00	1.00	rec	1036.04	1037.10
31	7	مِنْ	مِنْ	1.00	1.00	rec	1037.28	1037.66
31	8	أَصْحَٰبِ	أَصْحَابِ	1.00	1.00	rec	1037.76	1038.74
31	9	ٱلنَّارِۚ	النَِّارِ	1.00	0.88	rec	1038.80	1040.46
31	10	وَذَٰلِكَ	وَذَعلِكَ	0.80	0.94	rec	1041.28	1042.40
31	11	جَزَٰٓؤُا۟	جَزَاءُ	0.60	1.00	rec	1042.56	1044.48
31	12	ٱلظَّٰلِمِينَ	الظَّالِمِينَ	1.00	1.00	rec	1044.56	1046.62
32	0	فَطَوَّعَتْ	فَضَوَّعَتْ	0.80	1.00	rec	1047.74	1049.02
32	1	لَهُۥ	لَهُ	1.00	1.00	rec	1049.12	1049.40
32	2	نَفْسُهُۥ	نَفْسُهُ	1.00	1.00	rec	1049.80	1050.50
32	3	قَتْلَ	قَتْلَ	1.00	0.96	rec	1050.90	1051.32
32	4	أَخِيهِ	أَخِيهِ	1.00	0.95	rec	1051.48	1052.24
32	5	فَقَتَلَهُۥ	فَقَتَلَهُ	1.00	1.00	rec	1052.44	1053.44
32	6	فَأَصْبَحَ	فَأَصْبَحَ	1.00	1.00	rec	1053.84	1054.80
32	7	مِنَ	مِنَ	1.00	0.92	rec	1054.92	1055.18
32	8	ٱلْخَٰسِرِينَ	الْخَاسِرِينَ	1.00	0.99	rec	1055.24	1057.72
33	0	فَبَعَثَ	فَبَعَثَ	1.00	1.00	rec	1058.48	1059.30
33	1	ٱللَّهُ	اللَّهُ	1.00	1.00	rec	1059.38	1060.36
33	2	غُرَابًۭا	ُرَابًا	0.80	0.98	rec	1060.70	1061.44
33	3	يَبْحَثُ	يَبْحَثُ	1.00	1.00	rec	1062.16	1062.96
33	4	فِى	فِي	1.00	1.00	rec	1063.20	1063.32
33	5	ٱلْأَرْضِ	الْأَرْضِ	1.00	1.00	rec	1063.38	1064.14
33	6	لِيُرِيَهُۥ	لِيُرِيَهُ	1.00	0.99	rec	1064.32	1065.30
33	7	كَيْفَ	كَيْفَ	1.00	1.00	rec	1065.82	1066.40
33	8	يُوَٰرِى	يُوَارِي	1.00	0.99	rec	1066.54	1067.32
33	9	سَوْءَةَ	سَوْءَةَ	1.00	1.00	rec	1067.74	1068.48
33	10	أَخِيهِۚ	أَخِيهِ	1.00	1.00	rec	1068.58	1069.74
33	11	قَالَ	قَالَ	1.00	1.00	rec	1070.72	1071.22
33	12	يَٰوَيْلَتَىٰٓ	يَا+وَيْلَتَىٰ	1.00	1.00	rec	1071.36	1072.74
33	13	أَعَجَزْتُ	أَعَجَزْتُ	1.00	0.99	rec	1073.24	1074.24
33	14	أَنْ	أَنْ	1.00	1.00	rec	1074.40	1074.72
33	15	أَكُونَ	أَكُونَ	1.00	1.00	rec	1074.78	1075.58
33	16	مِثْلَ	مِثْلَ	1.00	1.00	rec	1075.74	1076.22
33	17	هَٰذَا	هَـٰذَا	1.00	1.00	rec	1076.40	1077.12
33	18	ٱلْغُرَابِ	الْغُرَابِ	1.00	1.00	rec	1077.16	1078.18
33	19	فَأُوَٰرِىَ	فَأُوَارِيَ	1.00	0.97	rec	1078.42	1079.68
33	20	سَوْءَةَ	سَوْءَةَ	1.00	0.99	rec	1079.86	1080.68
33	21	أَخِىۖ	أَخِي	1.00	1.00	rec	1080.82	1081.24
33	22	فَأَصْبَحَ	فَأَصْبَحَ	1.00	0.98	rec	1081.58	1082.50
33	23	مِنَ	مِنَ	1.00	1.00	rec	1082.64	1082.90
33	24	ٱلنَّٰدِمِينَ	النَّادِمِينَ	1.00	1.00	rec	1082.94	1085.70
34	0	مِنْ	مِنْ	1.00	1.00	rec	1086.24	1086.52
34	1	أَجْلِ	أَجْلِ	1.00	0.99	rec	1086.60	1087.04
34	2	ذَٰلِكَ	ذَٰلِكَ	1.00	1.00	rec	1087.20	1088.00
34	3	كَتَبْنَا	كَتَبْنَا	1.00	1.00	rec	1088.18	1089.00
34	4	عَلَىٰ	عَلَىٰ	1.00	1.00	rec	1089.34	1089.68
34	5	بَنِىٓ	بَنِي	1.00	1.00	rec	1089.96	1090.32
34	6	إِسْرَٰٓءِيلَ	إِسْرَائِيلَ	0.86	1.00	rec	1090.72	1093.24
34	7	أَنَّهُۥ	أَنَّهُ	1.00	0.99	rec	1093.38	1094.54
34	8	مَن	مَنْ	1.00	1.00	rec	1095.02	1095.82
34	9	قَتَلَ	قَتَلَ	1.00	0.94	rec	1095.96	1096.52
34	10	نَفْسًۢا	نَفْسًا	1.00	1.00	rec	1096.66	1097.14
34	11	بِغَيْرِ	بِغَيْرِ	1.00	1.00	rec	1097.86	1098.54
34	12	نَفْسٍ	نَفْسٍ	1.00	1.00	rec	1098.68	1099.08
34	13	أَوْ	أَوْفَسَعَادٍ⌐	0.86	0.99	rec	1099.52	1099.95
34	14	فَسَادٍۢ	أَوْفَسَعَادٍ¬	0.86	0.99	rec	1099.95	1100.82
34	15	فِى	فِي	1.00	1.00	rec	1101.52	1101.64
34	16	ٱلْأَرْضِ	الْأَرْضِ	1.00	1.00	rec	1101.68	1102.38
34	17	فَكَأَنَّمَا	فَكَأَنَّمَا	1.00	1.00	rec	1102.58	1104.10
34	18	قَتَلَ	قَتَلَ	1.00	0.92	rec	1104.52	1105.06
34	19	ٱلنَّاسَ	النَّا	0.80	0.97	rec	1105.12	1105.78
34	20	جَمِيعًۭا	سَجَمِيعًا	0.83	1.00	rec	1106.18	1107.30
34	21	وَمَنْ	وَمَنْ	1.00	1.00	rec	1108.84	1109.32
34	22	أَحْيَاهَا	أَحْيَاهَا	1.00	1.00	rec	1109.40	1110.38
34	23	فَكَأَنَّمَآ	فَكَأَنَّمَا	1.00	1.00	rec	1110.90	1112.48
34	24	أَحْيَا	أَحْيَ	0.75	1.00	rec	1113.08	1113.48
34	25	ٱلنَّاسَ	النَّا	0.80	0.89	rec	1113.56	1114.48
34	26	جَمِيعًۭاۚ	سَجَمِيعًا	0.83	1.00	rec	1114.86	1116.08
34	27	وَلَقَدْ	وَلَقَدْ	1.00	1.00	rec	1117.40	1118.08
34	28	جَآءَتْهُمْ	جَاءَتْهُمْ	1.00	1.00	rec	1118.16	1120.28
34	29	رُسُلُنَا	رُسْلُنَا	1.00	1.00	rec	1120.38	1121.08
34	30	بِٱلْبَيِّنَٰتِ	بِالْبَيِّنَاتِ	1.00	1.00	rec	1121.46	1123.52
34	31	ثُمَّ	ثُمَّ	1.00	1.00	rec	1124.24	1125.04
34	32	إِنَّ	إِنَّ	1.00	1.00	rec	1125.18	1125.94
34	33	كَثِيرًۭا	كَثِيرًا	1.00	1.00	rec	1126.12	1126.92
34	34	مِّنْهُم	مِنْهُمْ	1.00	1.00	rec	1127.60	1128.64
34	35	بَعْدَ	بَعْدَ	1.00	1.00	rec	1128.72	1129.16
34	36	ذَٰلِكَ	ذَٰلِكَ	1.00	1.00	rec	1129.32	1130.08
34	37	فِى	فِي	1.00	1.00	rec	1130.24	1130.36
34	38	ٱلْأَرْضِ	الْأَرْضِ	1.00	1.00	rec	1130.40	1131.28
34	39	لَمُسْرِفُونَ	لَمُسْرِفُونَ	1.00	1.00	rec	1131.42	1133.84
35	0	إِنَّمَا	إِنَّمَا	1.00	1.00	rec	1134.80	1135.92
35	1	جَزَٰٓؤُا۟	جَزَاءُ	0.60	1.00	rec	1136.20	1137.94
35	2	ٱلَّذِينَ	الَّذِينَ	1.00	1.00	rec	1138.02	1138.92
35	3	يُحَارِبُونَ	يُحَارِبُونَ	1.00	0.99	rec	1139.06	1140.54
35	4	ٱللَّهَ	اللَّهَ	1.00	1.00	rec	1140.60	1141.44
35	5	وَرَسُولَهُۥ	وَرَسُولَهُ	1.00	1.00	rec	1141.58	1142.78
35	6	وَيَسْعَوْنَ	وَيَسْعَوْنَ	1.00	1.00	rec	1143.16	1144.30
35	7	فِى	فِي	1.00	1.00	rec	1144.46	1144.56
35	8	ٱلْأَرْضِ	الْأَرْضِ	1.00	1.00	rec	1144.60	1145.30
35	9	فَسَادًا	فَسَادًا	1.00	1.00	rec	1145.46	1146.34
35	10	أَن	أَنْ	1.00	1.00	rec	1146.62	1147.18
35	11	يُقَتَّلُوٓا۟	يُقَتَّلُوا	1.00	1.00	rec	1150.28	1151.20
35	12	أَوْ	أَوْ	1.00	1.00	rec	1151.60	1151.84
35	13	يُصَلَّبُوٓا۟	يُصَلَّبُوا	1.00	1.00	rec	1151.90	1152.84
35	14	أَوْ	أَوْ	1.00	1.00	rec	1153.32	1153.58
35	15	تُقَطَّعَ	تُقَطَّعَ	1.00	0.98	rec	1153.74	1154.62
35	16	أَيْدِيهِمْ	أَيْدِيهِمْ	1.00	1.00	rec	1154.82	1155.98
35	17	وَأَرْجُلُهُم	وَأَرْجُلُهُمْ	1.00	0.99	rec	1156.10	1157.66
35	18	مِّنْ	مِنْ	1.00	1.00	rec	1157.70	1158.00
35	19	خِلَٰفٍ	خِلَافٍ	1.00	1.00	rec	1158.12	1158.94
35	20	أَوْ	أَوْ	1.00	1.00	rec	1159.36	1159.68
35	21	يُنفَوْا۟	يُنْفَوْا	1.00	1.00	rec	1159.78	1160.96
35	22	مِنَ	مِنَ	1.00	1.00	rec	1161.12	1161.34
35	23	ٱلْأَرْضِۚ	الْأَرْضِ	1.00	1.00	rec	1161.40	1161.92
35	24	ذَٰلِكَ	ذَٰلِكَ	1.00	1.00	rec	1162.94	1163.70
35	25	لَهُمْ	لَهُمْ	1.00	1.00	rec	1163.82	1164.24
35	26	خِزْىٌۭ	خِزْيٌ	1.00	1.00	rec	1164.40	1164.86
35	27	فِى	فِي	1.00	1.00	rec	1165.52	1165.62
35	28	ٱلدُّنْيَاۖ	الدُّنْيَا	1.00	1.00	rec	1165.68	1166.38
35	29	وَلَهُمْ	وَلَهُمْ	1.00	1.00	rec	1166.68	1167.34
35	30	فِى	فِي	1.00	1.00	rec	1167.46	1167.58
35	31	ٱلْءَاخِرَةِ	الْآخِرَةِ	0.86	1.00	rec	1167.62	1168.84
35	32	عَذَابٌ	عَذَابٌ	1.00	1.00	rec	1168.96	1169.82
35	33	عَظِيمٌ	عَظِيمٌ	1.00	1.00	rec	1170.24	1171.72
36	0	إِلَّا	إِلَّا	1.00	1.00	rec	1172.64	1172.96
36	1	ٱلَّذِينَ	الَّذِينَ	1.00	1.00	rec	1173.00	1173.76
36	2	تَابُوا۟	تَابُوا	1.00	0.97	rec	1173.94	1174.50
36	3	مِن	مِنْ	1.00	1.00	rec	1174.80	1175.34
36	4	قَبْلِ	قَبْلِ	1.00	1.00	rec	1175.48	1175.96
36	5	أَن	أَنْ	1.00	1.00	rec	1176.12	1176.82
36	6	تَقْدِرُوا۟	تَقْدِرُوا	1.00	0.94	rec	1176.94	1177.70
36	7	عَلَيْهِمْۖ	عَلَيْهِمْ	1.00	1.00	rec	1177.96	1179.06
36	8	فَٱعْلَمُوٓا۟	فَاعْلَمُوا	1.00	1.00	rec	1179.20	1179.84
36	9	أَنَّ	أَنَّ	1.00	1.00	rec	1180.52	1181.30
36	10	ٱللَّهَ	اللَّهَ	1.00	1.00	rec	1181.36	1182.12
36	11	غَفُورٌۭ	غَفُورٌ	1.00	1.00	rec	1182.26	1183.14
36	12	رَّحِيمٌۭ	رَحِيمٌ	1.00	1.00	rec	1183.42	1185.02
37	0	يَٰٓأَيُّهَا	يَا+أَيُّهَا	1.00	1.00	rec	1185.98	1187.18
37	1	ٱلَّذِينَ	الَّذِينَ	1.00	1.00	rec	1187.24	1188.06
37	2	ءَامَنُوا۟	آمَنُوا	0.83	1.00	rec	1188.22	1188.98
37	3	ٱتَّقُوا۟	اتَّقُوا	1.00	0.99	rec	1189.04	1189.60
37	4	ٱللَّهَ	اللَّهَ	1.00	1.00	rec	1189.68	1190.46
37	5	وَٱبْتَغُوٓا۟	وَابْتَغُوهُ	0.86	0.99	rec	1190.60	1191.74
37	6	إِلَيْهِ	إِلَيْهِ	1.00	1.00	rec	1192.08	1192.82
37	7	ٱلْوَسِيلَةَ	الْوَسِيلَةَ	1.00	1.00	rec	1192.88	1194.24
37	8	وَجَٰهِدُوا۟	وَجَاهِدُوا	1.00	0.98	rec	1194.40	1195.44
37	9	فِى	فِي	1.00	1.00	rec	1195.82	1195.98
37	10	سَبِيلِهِۦ	سَبِيلِهِ	1.00	1.00	rec	1196.34	1197.28
37	11	لَعَلَّكُمْ	لَعَلَّكُمْ	1.00	1.00	rec	1201.28	1202.44
37	12	تُفْلِحُونَ	تُفْلِحُونَ	1.00	1.00	rec	1202.58	1204.68
38	0	إِنَّ	إِنَّ	1.00	0.93	rec	1205.50	1206.42
38	1	ٱلَّذِينَ	الَّذِينَ	1.00	1.00	rec	1206.48	1207.32
38	2	كَفَرُوا۟	كَفَرُوا	1.00	0.98	rec	1207.50	1208.02
38	3	لَوْ	لَوْ	1.00	1.00	rec	1208.32	1208.60
38	4	أَنَّ	أَنَّ	1.00	1.00	rec	1208.68	1209.38
38	5	لَهُم	لَهُمْ	1.00	1.00	rec	1209.50	1210.20
38	6	مَّا	مَا	1.00	1.00	rec	1210.28	1210.40
38	7	فِى	فِي	1.00	1.00	rec	1210.76	1210.88
38	8	ٱلْأَرْضِ	الْأَرْضِ	1.00	1.00	rec	1210.92	1211.62
38	9	جَمِيعًۭا	جَمِيعًا	1.00	0.98	rec	1211.78	1212.50
38	10	وَمِثْلَهُۥ	وَمِثْلَهُ	1.00	1.00	rec	1213.32	1214.12
38	11	مَعَهُۥ	مَعَهُ	1.00	1.00	rec	1214.44	1214.98
38	12	لِيَفْتَدُوا۟	لِيَفْتَدُوا	1.00	1.00	rec	1215.40	1216.20
38	13	بِهِۦ	بِهِ	1.00	1.00	rec	1216.48	1216.72
38	14	مِنْ	مِنْ	1.00	1.00	rec	1219.48	1219.82
38	15	عَذَابِ	عَذَابِ	1.00	1.00	rec	1219.90	1220.70
38	16	يَوْمِ	يَوْمِ	1.00	1.00	rec	1220.82	1221.22
38	17	ٱلْقِيَٰمَةِ	الْقِيَامَةِ	1.00	0.97	rec	1221.28	1222.60
38	18	مَا	مَا	1.00	1.00	rec	1222.78	1222.90
38	19	تُقُبِّلَ	تُقُبِّلَ	1.00	0.99	rec	1223.26	1224.14
38	20	مِنْهُمْۖ	مِنْهُمْ	1.00	1.00	rec	1224.28	1224.92
38	21	وَلَهُمْ	وَلَهُمْ	1.00	1.00	rec	1225.04	1225.84
38	22	عَذَابٌ	عَذَابٌ	1.00	1.00	rec	1225.92	1226.62
38	23	أَلِيمٌۭ	أَلِيمٌ	1.00	1.00	rec	1226.94	1228.18
39	0	يُرِيدُونَ	يُرِيدُونَ	1.00	1.00	rec	1229.00	1230.04
39	1	أَن	أَنْ	1.00	1.00	rec	1230.20	1230.98
39	2	يَخْرُجُوا۟	يَخْرُجُوا	1.00	1.00	rec	1231.02	1231.78
39	3	مِنَ	مِنَ	1.00	1.00	rec	1232.06	1232.34
39	4	ٱلنَّارِ	النَّارِ	1.00	0.98	rec	1232.40	1233.68
39	5	وَمَا	وَمَعَهُمْ⌐	0.80	1.00	rec	1233.80	1234.51
39	6	هُم	وَمَعَهُمْ¬	0.80	1.00	rec	1234.51	1234.98
39	7	بِخَٰرِجِينَ	بِخَارِدِينَ	0.86	0.96	rec	1235.06	1236.48
39	8	مِنْهَاۖ	مِنْهَا	1.00	1.00	rec	1236.58	1237.12
39	9	وَلَهُمْ	وَلَهُمْ	1.00	1.00	rec	1237.50	1238.26
39	10	عَذَابٌۭ	عَذَابٌ	1.00	1.00	rec	1238.36	1239.02
39	11	مُّقِيمٌۭ	مُقِيمٌ	1.00	1.00	rec	1239.88	1241.46
40	0	وَٱلسَّارِقُ	وَالسَّارِقُ	1.00	1.00	rec	1243.26	1244.32
40	1	وَٱلسَّارِقَةُ	وَالسَّارِقَةُ	1.00	1.00	rec	1244.42	1245.78
40	2	فَٱقْطَعُوٓا۟	فَاقْطَعُوا	1.00	0.96	rec	1245.98	1246.74
40	3	أَيْدِيَهُمَا	أَيْدِيَهُمَا	1.00	1.00	rec	1247.34	1248.46
40	4	جَزَآءًۢ	جَزَاءً	1.00	1.00	rec	1248.74	1250.56
40	5	بِمَا	بِمَا	1.00	1.00	rec	1251.06	1251.40
40	6	كَسَبَا	كَسَبَا	1.00	1.00	rec	1251.74	1252.32
40	7	نَكَٰلًۭا	نَكَالًا	1.00	1.00	rec	1252.70	1253.46
40	8	مِّنَ	مِنَ	1.00	1.00	rec	1254.16	1254.40
40	9	ٱللَّهِۗ	اللَّهِ	1.00	0.99	rec	1254.44	1255.48
40	10	وَٱللَّهُ	وَاللَّهُ	1.00	1.00	rec	1256.28	1257.06
40	11	عَزِيزٌ	عَزِيزٌ	1.00	1.00	rec	1257.22	1258.08
40	12	حَكِيمٌۭ	حَكِيمٌ	1.00	1.00	rec	1258.46	1260.02
41	0	فَمَن	فَمَنْ	1.00	1.00	rec	1261.06	1262.00
41	1	تَابَ	تَعَابَ	0.75	0.99	rec	1262.12	1262.72
41	2	مِنۢ	مِنْ	1.00	1.00	rec	1262.84	1263.32
41	3	بَعْدِ	بَعْدِ	1.00	1.00	rec	1263.40	1263.84
41	4	ظُلْمِهِۦ	ظُلْمِهِ	1.00	1.00	rec	1264.00	1264.78
41	5	وَأَصْلَحَ	وَأَصْلَحَ	1.00	1.00	rec	1265.16	1266.06
41	6	فَإِنَّ	فَإِنَّ	1.00	1.00	rec	1266.24	1267.20
41	7	ٱللَّهَ	اللَّهَ	1.00	1.00	rec	1267.26	1268.12
41	8	يَتُوبُ	يَتُوبُ	1.00	1.00	rec	1268.26	1269.04
41	9	عَلَيْهِۗ	عَلَيْهِ	1.00	1.00	rec	1269.20	1270.28
41	10	إِنَّ	إِنَّ	1.00	1.00	rec	1271.04	1272.06
41	11	ٱللَّهَ	اللَّهَ	1.00	1.00	rec	1272.12	1272.98
41	12	غَفُورٌۭ	غَفُورٌ	1.00	1.00	rec	1273.14	1274.00
41	13	رَّحِيمٌ	رَحِيمٌ	1.00	1.00	rec	1274.26	1276.08
42	0	أَلَمْ	أَلَمْ	1.00	1.00	rec	1277.10	1277.58
42	1	تَعْلَمْ	تَعْلَمْ	1.00	1.00	rec	1277.70	1278.34
42	2	أَنَّ	أَنَّ	1.00	1.00	rec	1278.44	1279.48
42	3	ٱللَّهَ	اللَّهَ	1.00	1.00	rec	1279.52	1280.36
42	4	لَهُۥ	لَهُ	1.00	1.00	rec	1280.52	1280.82
42	5	مُلْكُ	مُلْكُ	1.00	1.00	rec	1281.14	1281.56
42	6	ٱلسَّمَٰوَٰتِ	السَّمَاوَاتِ	1.00	1.00	rec	1281.62	1282.98
42	7	وَٱلْأَرْضِ	وَالْأَرْضِ	1.00	1.00	rec	1283.10	1284.00
42	8	يُعَذِّبُ	يُعَذِّبُ	1.00	0.95	rec	1284.16	1285.02
42	9	مَن	مَنْ	1.00	1.00	rec	1285.18	1285.88
42	10	يَشَآءُ	يَشَاءُ	1.00	1.00	rec	1285.94	1287.84
42	11	وَيَغْفِرُ	وَيَغْفِرُ	1.00	1.00	rec	1287.96	1288.90
42	12	لِمَن	لِمَنْ	1.00	1.00	rec	1289.06	1290.02
42	13	يَشَآءُۗ	يَشَاءُ	1.00	1.00	rec	1290.08	1292.18
42	14	وَٱللَّهُ	وَاللَّهُ	1.00	1.00	rec	1293.20	1294.20
42	15	عَلَىٰ	عَلَىٰ	1.00	1.00	rec	1294.36	1294.70
42	16	كُلِّ	كُلِّ	1.00	1.00	rec	1295.08	1295.52
42	17	شَىْءٍۢ	شَيْءٍ	1.00	1.00	rec	1295.72	1296.22
42	18	قَدِيرٌۭ	قَدِيرٌ	1.00	1.00	rec	1297.18	1298.68
43	0	يَٰٓأَيُّهَا	يَا+أَيُّهَا	1.00	1.00	rec	1300.14	1301.28
43	1	ٱلرَّسُولُ	الرَّسُولُ	1.00	1.00	rec	1301.32	1302.26
43	2	لَا	لَا	1.00	1.00	rec	1302.40	1302.54
43	3	يَحْزُنكَ	يَحْزُنْكَ	1.00	1.00	rec	1302.86	1304.34
43	4	ٱلَّذِينَ	الَّذِينَ	1.00	1.00	rec	1304.40	1305.30
43	5	يُسَٰرِعُونَ	يُسَارِعُونَ	1.00	1.00	rec	1305.40	1306.92
43	6	فِى	فِي	1.00	0.96	rec	1307.06	1307.16
43	7	ٱلْكُفْرِ	الْكُفْرِ	1.00	1.00	rec	1307.22	1308.00
43	8	مِنَ	مِنَ	1.00	1.00	rec	1308.14	1308.38
43	9	ٱلَّذِينَ	الَّذِينَ	1.00	0.95	rec	1308.42	1309.26
43	10	قَالُوٓا۟	قَالُوا	1.00	0.96	rec	1309.48	1310.06
43	11	ءَامَنَّا	آمَنَّا	0.80	1.00	rec	1310.54	1311.76
43	12	بِأَفْوَٰهِهِمْ	بِأَفْوَاهِهِمْ	1.00	1.00	rec	1312.12	1313.82
43	13	وَلَمْ	وَلَمْ	1.00	1.00	rec	1320.78	1321.30
43	14	تُؤْمِن	تُؤْمِنْ	1.00	1.00	rec	1321.44	1322.44
43	15	قُلُوبُهُمْۛ	قُلُوبُهُمْ	1.00	1.00	rec	1322.58	1323.96
43	16	وَمِنَ	وَمِنَ	1.00	1.00	rec	1324.90	1325.32
43	17	ٱلَّذِينَ	الَّذِينَ	1.00	1.00	rec	1325.36	1326.16
43	18	هَادُوا۟ۛ	هَادُوا	1.00	0.98	rec	1326.34	1327.08
43	19	سَمَّٰعُونَ	سَمَّاعُونَ	1.00	0.94	rec	1327.48	1329.22
43	20	لِلْكَذِبِ	لِلْكَذِبِ	1.00	0.95	rec	1329.34	1330.38
43	21	سَمَّٰعُونَ	سَمَّاعُونَ	1.00	0.95	rec	1330.60	1332.28
43	22	لِقَوْمٍ	لِقَوْمٍ	1.00	1.00	rec	1332.40	1333.16
43	23	ءَاخَرِينَ	آخَرِينَ	0.83	1.00	rec	1333.50	1334.60
43	24	لَمْ	لَمْ	1.00	1.00	rec	1334.72	1335.04
43	25	يَأْتُوكَۖ	يَأْتُوكَ	1.00	0.99	rec	1335.14	1336.58
43	26	يُحَرِّفُونَ	يُحَرِّفُونَ	1.00	1.00	rec	1337.24	1338.52
43	27	ٱلْكَلِمَ	الْكَلِمَ	1.00	1.00	rec	1338.58	1339.34
43	28	مِنۢ	مِنْ	1.00	1.00	rec	1339.48	1340.28
43	29	بَعْدِ	بَعْدِ	1.00	1.00	rec	1340.36	1340.80
43	30	مَوَاضِعِهِۦۖ	مَوَاضِعِهِ	1.00	1.00	rec	1341.00	1342.16
43	31	يَقُولُونَ	يَقُولُونَ	1.00	1.00	rec	1343.38	1344.44
43	32	إِنْ	إِنْ	1.00	1.00	rec	1344.58	1344.92
43	33	أُوتِيتُمْ	أُوتِيتُمْ	1.00	1.00	rec	1345.00	1346.16
43	34	هَٰذَا	هَـٰذَا	1.00	1.00	rec	1346.24	1346.80
43	35	فَخُذُوهُ	فَخُذُوهُ	1.00	1.00	rec	1347.10	1348.06
43	36	وَإِن	وَإِنْ	1.00	1.00	rec	1348.18	1348.72
43	37	لَّمْ	لَمْ	1.00	1.00	rec	1348.80	1349.14
43	38	تُؤْتَوْهُ	تُؤْتَوْهُ	1.00	0.97	rec	1349.24	1350.08
43	39	فَٱحْذَرُوا۟ۚ	فَاحْذَرُون	0.86	0.94	rec	1350.26	1351.38
43	40	وَمَن	وَمَنْ	1.00	1.00	rec	1352.60	1353.44
43	41	يُرِدِ	يُدِدِ	0.67	0.99	rec	1353.48	1353.90
43	42	ٱللَّهُ	اللَّهُ	1.00	1.00	rec	1353.94	1354.74
43	43	فِتْنَتَهُۥ	فِتْنَتَهُ	1.00	1.00	rec	1354.94	1355.86
43	44	فَلَن	فَلَنْ	1.00	1.00	rec	1356.34	1357.32
43	45	تَمْلِكَ	تَمْلِكَ	1.00	1.00	rec	1357.44	1358.18
43	46	لَهُۥ	لَهُ	1.00	1.00	rec	1358.30	1358.62
43	47	مِنَ	مِنَ	1.00	1.00	rec	1359.04	1359.30
43	48	ٱللَّهِ	اللَّهِ	1.00	1.00	rec	1359.34	1360.18
43	49	شَيْـًٔاۚ	شَيْئًا	0.75	1.00	rec	1360.40	1361.00
43	50	أُو۟لَٰٓئِكَ	أُولَـٰئِكَ	1.00	0.95	rec	1362.20	1364.44
43	51	ٱلَّذِينَ	الَّذِينَ	1.00	1.00	rec	1364.50	1365.34
43	52	لَمْ	لَمْ	1.00	1.00	rec	1365.46	1365.78
43	53	يُرِدِ	يُرِدِ	1.00	0.96	rec	1365.86	1366.32
43	54	ٱللَّهُ	اللَّهُ	1.00	0.99	rec	1366.36	1367.18
43	55	أَن	أَنْ	1.00	1.00	rec	1367.40	1368.10
43	56	يُطَهِّرَ	يُطَهِّرَ	1.00	1.00	rec	1368.16	1369.06
43	57	قُلُوبَهُمْۚ	قُلُوبَهُمْ	1.00	1.00	rec	1369.24	1370.38
43	58	لَهُمْ	لَهُمْ	1.00	1.00	rec	1371.20	1371.68
43	59	فِى	فِي	1.00	1.00	rec	1371.78	1371.88
43	60	ٱلدُّنْيَا	الدُّنْيَا	1.00	1.00	rec	1371.92	1372.64
43	61	خِزْىٌۭۖ	خِزْيٌ	1.00	1.00	rec	1373.02	1373.52
43	62	وَلَهُمْ	وَلَهُمْ	1.00	1.00	rec	1374.18	1374.88
43	63	فِى	فِي	1.00	1.00	rec	1375.00	1375.12
43	64	ٱلْءَاخِرَةِ	الْآخِرَةِ	0.86	1.00	rec	1375.16	1376.48
43	65	عَذَابٌ	عَذَابٌ	1.00	0.97	rec	1376.60	1377.50
43	66	عَظِيمٌۭ	عَظِيمٌ	1.00	1.00	rec	1377.94	1379.24
44	0	سَمَّٰعُونَ	سَمَّاعُونَ	1.00	1.00	rec	1380.20	1382.14
44	1	لِلْكَذِبِ	لِلْكَذِبِ	1.00	1.00	rec	1382.26	1383.18
44	2	أَكَّٰلُونَ	أَكَّالُونَ	1.00	0.97	rec	1383.32	1384.52
44	3	لِلسُّحْتِۚ	لِلسُّحُدِ	0.80	0.99	rec	1384.64	1385.54
44	4	فَإِن	فَإِنْ	1.00	1.00	rec	1386.22	1387.00
44	5	جَآءُوكَ	جَاءُوكَ	1.00	1.00	rec	1387.10	1389.62
44	6	فَٱحْكُم	فَاحْكُمْ	1.00	1.00	rec	1389.78	1390.82
44	7	بَيْنَهُمْ	بَيْنَهُمْ	1.00	1.00	rec	1390.88	1391.84
44	8	أَوْ	أَوْ	1.00	1.00	rec	1391.96	1392.24
44	9	أَعْرِضْ	أَعْرِضْ	1.00	1.00	rec	1392.36	1393.06
44	10	عَنْهُمْۖ	عَنْهُمْ	1.00	1.00	rec	1393.14	1393.98
44	11	وَإِن	وَإِنْ	1.00	1.00	rec	1394.70	1395.72
44	12	تُعْرِضْ	تُعْرِضْ	1.00	1.00	rec	1395.86	1396.56
44	13	عَنْهُمْ	عَنْهُمْ	1.00	1.00	rec	1396.62	1397.30
44	14	فَلَن	فَلَنْ	1.00	1.00	rec	1397.42	1398.36
44	15	يَضُرُّوكَ	يَضُرُّوكَ	1.00	1.00	rec	1398.40	1399.62
44	16	شَيْـًۭٔاۖ	شَيْئًا	0.75	1.00	rec	1399.82	1400.50
44	17	وَإِنْ	وَإِنْ	1.00	1.00	rec	1401.70	1402.24
44	18	حَكَمْتَ	حَكَمْتَ	1.00	1.00	rec	1402.34	1403.10
44	19	فَٱحْكُم	فَاحْكُمْ	1.00	1.00	rec	1403.28	1404.58
44	20	بَيْنَهُم	بَيْنَهُمْ	1.00	1.00	rec	1404.64	1405.84
44	21	بِٱلْقِسْطِۚ	بِالْقِسْطِ	1.00	1.00	rec	1405.90	1406.86
44	22	إِنَّ	إِنَّ	1.00	1.00	rec	1407.64	1408.54
44	23	ٱللَّهَ	اللَّهَ	1.00	1.00	rec	1408.58	1409.36
44	24	يُحِبُّ	يُحِبُّ	1.00	0.94	rec	1409.50	1410.00
44	25	ٱلْمُقْسِطِينَ	بُ+الْمُقْسِطِينَ	0.89	0.94	rec	1410.16	1413.00
45	0	وَكَيْفَ	وَكَيْفَ	1.00	1.00	rec	1414.88	1415.54
45	1	يُحَكِّمُونَكَ	يُحَكِّمُونَكَ	1.00	0.97	rec	1415.64	1417.06
45	2	وَعِندَهُمُ	وَعِنْدَهُمُ	1.00	1.00	rec	1417.18	1418.62
45	3	ٱلتَّوْرَىٰةُ	التَّوْرِيتُ	0.75	0.93	rec	1418.68	1419.70
45	4	فِيهَا	فِيهَا	1.00	1.00	rec	1419.92	1420.42
45	5	حُكْمُ	حُكْمُ	1.00	1.00	rec	1420.82	1421.26
45	6	ٱللَّهِ	اللَّهِ	1.00	0.94	rec	1421.34	1422.44
45	7	ثُمَّ	ثُمَّ	1.00	1.00	rec	1423.14	1423.92
45	8	يَتَوَلَّوْنَ	يَتَوَلَّوْنَ	1.00	1.00	rec	1424.04	1425.24
45	9	مِنۢ	مِنْ	1.00	1.00	rec	1425.34	1426.06
45	10	بَعْدِ	بَعْدِ	1.00	1.00	rec	1426.12	1426.52
45	11	ذَٰلِكَۚ	ذَٰلِكَ	1.00	1.00	rec	1426.66	1427.72
45	12	وَمَآ	وَمَا	1.00	1.00	rec	1427.84	1428.24
45	13	أُو۟لَٰٓئِكَ	أُولَـٰئِكَ	1.00	0.96	rec	1428.86	1430.64
45	14	بِٱلْمُؤْمِنِينَ	بِالْمُؤْمِنِينَ	1.00	1.00	rec	1430.74	1432.88
46	0	إِنَّآ	إِنَّا	1.00	0.95	rec	1434.98	1436.00
46	1	أَنزَلْنَا	أَنْزَلْنَا	1.00	1.00	rec	1436.30	1437.92
46	2	ٱلتَّوْرَىٰةَ	التَّوْلَاةَ	0.75	0.99	rec	1437.96	1439.10
46	3	فِيهَا	فِيهَا	1.00	1.00	rec	1439.28	1439.90
46	4	هُدًۭى	هُدًى	1.00	0.91	rec	1440.26	1440.62
46	5	وَنُورٌۭۚ	وَنُورٌ	1.00	0.99	rec	1441.46	1442.68
46	6	يَحْكُمُ	يَحْكُمُ	1.00	1.00	rec	1443.42	1444.02
46	7	بِهَا	بِهَا	1.00	1.00	rec	1444.16	1444.48
46	8	ٱلنَّبِيُّونَ	النَّبِيُّونَ	1.00	1.00	rec	1444.54	1446.56
46	9	ٱلَّذِينَ	الَّذِينَ	1.00	1.00	rec	1446.62	1447.46
46	10	أَسْلَمُوا۟	أَسْلَمُوا	1.00	1.00	rec	1447.60	1448.26
46	11	لِلَّذِينَ	لِلَّذِينَ	1.00	1.00	rec	1448.54	1449.52
46	12	هَادُوا۟	هَادُوا	1.00	0.96	rec	1449.68	1450.38
46	13	وَٱلرَّبَّٰنِيُّونَ	وَالرَّبَّانِيُّونَ	1.00	0.99	rec	1450.64	1452.52
46	14	وَٱلْأَحْبَارُ	وَالْأَحْبَارُ	1.00	0.95	rec	1452.66	1453.96
46	15	بِمَا	بِمَا	1.00	1.00	rec	1454.12	1454.42
46	16	ٱسْتُحْفِظُوا۟	اسْتُحْفِظُوا	1.00	1.00	rec	1456.96	1457.92
46	17	مِن	مِنْ	1.00	1.00	rec	1458.24	1459.02
46	18	كِتَٰبِ	كِتَابِ	1.00	1.00	rec	1459.12	1459.86
46	19	ٱللَّهِ	اللَّهِ	1.00	1.00	rec	1459.92	1460.60
46	20	وَكَانُوا۟	وَكَانُوا	1.00	1.00	rec	1460.74	1461.52
46	21	عَلَيْهِ	عَلَيْهِ	1.00	0.99	rec	1461.92	1462.64
46	22	شُهَدَآءَۚ	شُهَدَاءِ	1.00	0.96	rec	1462.80	1464.90
46	23	فَلَا	فَلَا	1.00	1.00	rec	1465.62	1465.92
46	24	تَخْشَوُا۟	تَخْشَوُا	1.00	0.93	rec	1466.36	1467.10
46	25	ٱلنَّاسَ	النَّاسَ	1.00	0.93	rec	1467.14	1468.68
46	26	وَٱخْشَوْنِ	وَاخْشَوْنِي	0.86	0.99	rec	1468.78	1469.76
46	27	وَلَا	وَلَا	1.00	1.00	rec	1470.04	1470.36
46	28	تَشْتَرُوا۟	تَشْتَرُوا	1.00	0.96	rec	1470.70	1471.34
46	29	بِـَٔايَٰتِى	بِآيَاتِي	1.00	1.00	rec	1471.62	1472.82
46	30	ثَمَنًۭا	ثَمَنًا	1.00	1.00	rec	1473.20	1473.70
46	31	قَلِيلًۭاۚ	قَلِيلًا	1.00	1.00	rec	1474.50	1475.32
46	32	وَمَن	وَمَنْ	1.00	1.00	rec	1476.58	1477.04
46	33	لَّمْ	لَمْ	1.00	1.00	rec	1477.10	1477.38
46	34	يَحْكُم	يَحْكُمْ	1.00	1.00	rec	1477.46	1478.46
46	35	بِمَآ	بِمَا	1.00	1.00	rec	1478.54	1478.88
46	36	أَنزَلَ	أَنْزَلَ	1.00	1.00	rec	1479.14	1480.22
46	37	ٱللَّهُ	اللَّهُ	1.00	1.00	rec	1480.28	1481.14
46	38	فَأُو۟لَٰٓئِكَ	فَأُولَـٰئِكَ	1.00	0.99	rec	1481.42	1483.66
46	39	هُمُ	هُمُ	1.00	1.00	rec	1483.82	1484.08
46	40	ٱلْكَٰفِرُونَ	الْكَافِرُونَ	1.00	1.00	rec	1484.16	1486.48
47	0	وَكَتَبْنَا	وَكَتَبْنَا	1.00	1.00	rec	1487.62	1488.66
47	1	عَلَيْهِمْ	عَلَيْهِمْ	1.00	0.95	rec	1488.98	1490.00
47	2	فِيهَآ	فِيهَا	1.00	1.00	rec	1490.14	1490.72
47	3	أَنَّ	أَنَّ	1.00	0.99	rec	1491.06	1491.82
47	4	ٱلنَّفْسَ	النَّفْسَ	1.00	1.00	rec	1491.88	1493.00
47	5	بِٱلنَّفْسِ	بِالنَّفْسِ	1.00	0.94	rec	1493.12	1494.28
47	6	وَٱلْعَيْنَ	وَالْعَيْنَ	1.00	1.00	rec	1494.40	1495.20
47	7	بِٱلْعَيْنِ	بِالْعَيْنِ	1.00	1.00	rec	1495.32	1496.12
47	8	وَٱلْأَنفَ	وَالْأَنْفَ	1.00	1.00	rec	1496.26	1497.60
47	9	بِٱلْأَنفِ	بِالْأَنْفِ	1.00	1.00	rec	1497.72	1498.92
47	10	وَٱلْأُذُنَ	وَالْأُذُنَ	1.00	1.00	rec	1499.06	1500.00
47	11	بِٱلْأُذُنِ	بِالْأُذُنِ	1.00	1.00	rec	1500.12	1501.06
47	12	وَٱلسِّنَّ	وَالسِّنَّ	1.00	0.95	rec	1501.18	1502.38
47	13	بِٱلسِّنِّ	بِالسِّنِّ	1.00	0.95	rec	1502.50	1503.70
47	14	وَٱلْجُرُوحَ	وَالْجُرُوحُ	1.00	1.00	rec	1503.84	1504.94
47	15	قِصَاصٌۭۚ	قِصَاصٌ	1.00	0.98	rec	1505.12	1506.50
47	16	فَمَن	فَمَنْ	1.00	1.00	rec	1507.14	1508.24
47	17	تَصَدَّقَ	تَصَدَّقَ	1.00	1.00	rec	1508.36	1509.34
47	18	بِهِۦ	بِهِ	1.00	1.00	rec	1509.50	1509.84
47	19	فَهُوَ	فَهُوَ	1.00	0.99	rec	1510.32	1510.72
47	20	كَفَّارَةٌۭ	كَفَّا+رَةٌ	1.00	0.99	rec	1510.90	1512.08
47	21	لَّهُۥۚ	لَهُ	1.00	1.00	rec	1512.34	1512.56
47	22	وَمَن	وَمَنْ	1.00	1.00	rec	1513.48	1513.84
47	23	لَّمْ	لَمْ	1.00	1.00	rec	1513.90	1514.08
47	24	يَحْكُم	يَحْكُمْ	1.00	0.99	rec	1514.16	1515.12
47	25	بِمَآ	بِمَا	1.00	1.00	rec	1515.18	1515.48
47	26	أَنزَلَ	أَنْزَلَ	1.00	1.00	rec	1515.70	1516.72
47	27	ٱللَّهُ	اللَّهُ	1.00	1.00	rec	1516.76	1517.40
47	28	فَأُو۟لَٰٓئِكَ	فَأُولَـٰئِكَ	1.00	1.00	rec	1517.60	1520.08
47	29	هُمُ	هُمُ	1.00	1.00	rec	1520.20	1520.46
47	30	ٱلظَّٰلِمُونَ	الظَّالِمُونَ	1.00	1.00	rec	1520.54	1522.78
48	0	وَقَفَّيْنَا	وَقَفَّيْنَا	1.00	1.00	rec	1523.58	1524.64
48	1	عَلَىٰٓ	عَلَىٰ	1.00	1.00	rec	1524.92	1525.26
48	2	ءَاثَٰرِهِم	آثِارِهِمْ	0.86	0.96	rec	1525.54	1527.06
48	3	بِعِيسَى	بِعِيسَى	1.00	1.00	rec	1527.12	1527.92
48	4	ٱبْنِ	ابْنِ	1.00	0.93	rec	1527.98	1528.34
48	5	مَرْيَمَ	مَرْيَمَ	1.00	1.00	rec	1528.50	1529.18
48	6	مُصَدِّقًۭا	مُصَدِّقًا	1.00	1.00	rec	1529.32	1530.24
48	7	لِّمَا	لِمَا	1.00	1.00	rec	1530.54	1530.88
48	8	بَيْنَ	بَيْنَ	1.00	1.00	rec	1531.12	1531.50
48	9	يَدَيْهِ	يَدَيْهِ	1.00	1.00	rec	1531.60	1532.26
48	10	مِنَ	مِنَ	1.00	1.00	rec	1532.42	1532.64
48	11	ٱلتَّوْرَىٰةِۖ	التَّوْلِيةِ	0.75	0.99	rec	1532.68	1533.72
48	12	وَءَاتَيْنَٰهُ	وَآتَيْنَاهُ	0.88	1.00	rec	1533.84	1535.14
48	13	ٱلْإِنجِيلَ	الْإِنْجِيلَ	1.00	0.99	rec	1535.20	1537.44
48	14	فِيهِ	فِيهِ	1.00	1.00	rec	1542.22	1542.78
48	15	هُدًۭى	هُدًى	1.00	1.00	rec	1542.98	1543.30
48	16	وَنُورٌۭ	وَنُورٌ	1.00	0.96	rec	1543.90	1545.04
48	17	وَمُصَدِّقًۭا	وَمُصَدِّقًا	1.00	1.00	rec	1546.00	1547.08
48	18	لِّمَا	لِمَا	1.00	1.00	rec	1547.36	1547.70
48	19	بَيْنَ	بَيْنَ	1.00	1.00	rec	1548.02	1548.48
48	20	يَدَيْهِ	يَدَيْهِ	1.00	1.00	rec	1548.56	1549.22
48	21	مِنَ	مِنَ	1.00	0.98	rec	1549.34	1549.58
48	22	ٱلتَّوْرَىٰةِ	التَّوْرِيَةِ	0.88	0.97	rec	1549.62	1550.64
48	23	وَهُدًۭى	وَهُدًى	1.00	1.00	rec	1550.74	1551.24
48	24	وَمَوْعِظَةًۭ	وَمَوْعِظَةً	1.00	1.00	rec	1551.76	1552.94
48	25	لِّلْمُتَّقِينَ	لِلْمُتَّقِينَ	1.00	1.00	rec	1553.28	1555.60
49	0	وَلْيَحْكُمْ	وَلْيَحْكُمْ	1.00	1.00	rec	1556.46	1557.78
49	1	أَهْلُ	أَهْلُ	1.00	1.00	rec	1557.88	1558.30
49	2	ٱلْإِنجِيلِ	الْإِنْجِيلِ	1.00	1.00	rec	1558.38	1560.18
49	3	بِمَآ	بِمَا	1.00	1.00	rec	1560.36	1560.74
49	4	أَنزَلَ	أَنْزَلَ	1.00	1.00	rec	1561.08	1562.12
49	5	ٱللَّهُ	اللَّهُ	1.00	1.00	rec	1562.18	1562.96
49	6	فِيهِۚ	فِيهِ	1.00	1.00	rec	1563.18	1564.14
49	7	وَمَن	وَمَنْ	1.00	1.00	rec	1565.08	1565.60
49	8	لَّمْ	لَمْ	1.00	1.00	rec	1565.68	1565.94
49	9	يَحْكُم	يَحْكُمْ	1.00	1.00	rec	1566.04	1567.50
49	10	بِمَآ	بِمَا	1.00	1.00	rec	1567.58	1567.96
49	11	أَنزَلَ	أَنْزَلَ	1.00	0.95	rec	1568.42	1569.56
49	12	ٱللَّهُ	اللَّهُ	1.00	1.00	rec	1569.60	1570.34
49	13	فَأُو۟لَٰٓئِكَ	فَأُولَـٰئِكَ	1.00	1.00	rec	1570.56	1573.16
49	14	هُمُ	هُمُ	1.00	1.00	rec	1573.30	1573.60
49	15	ٱلْفَٰسِقُونَ	الْفَاسِقُونَ	1.00	1.00	rec	1573.66	1576.52
50	0	وَأَنزَلْنَآ	وَأَنْزَلْنَا	1.00	1.00	rec	1577.60	1578.98
50	1	إِلَيْكَ	إِلَيْكَ	1.00	1.00	rec	1579.50	1580.12
50	2	ٱلْكِتَٰبَ	الْكِتَابَ	1.00	0.95	rec	1580.18	1581.20
50	3	بِٱلْحَقِّ	بِالْحَقِّ	1.00	1.00	rec	1581.32	1582.14
50	4	مُصَدِّقًۭا	مُصَدِّقًا	1.00	0.97	rec	1582.28	1583.14
50	5	لِّمَا	لِمَا	1.00	1.00	rec	1583.40	1583.72
50	6	بَيْنَ	بَيْنَ	1.00	1.00	rec	1583.98	1584.38
50	7	يَدَيْهِ	يَدَيْهِ	1.00	1.00	rec	1584.48	1585.12
50	8	مِنَ	مِنَ	1.00	1.00	rec	1585.24	1585.48
50	9	ٱلْكِتَٰبِ	الْكِتَابِ	1.00	1.00	rec	1585.54	1586.56
50	10	وَمُهَيْمِنًا	وَمُهَيْمِنًا	1.00	0.96	rec	1586.68	1587.74
50	11	عَلَيْهِۖ	عَلَيْهِ	1.00	1.00	rec	1588.06	1588.96
50	12	فَٱحْكُم	فَاحْكُمْ	1.00	0.97	rec	1589.86	1590.88
50	13	بَيْنَهُم	بَيْنَهُمْ	1.00	1.00	rec	1590.94	1592.12
50	14	بِمَآ	بِمَا	1.00	1.00	rec	1592.18	1592.54
50	15	أَنزَلَ	أَنْزَلَ	1.00	1.00	rec	1592.82	1593.86
50	16	ٱللَّهُۖ	اللَّهُ	1.00	1.00	rec	1593.92	1594.70
50	17	وَلَا	وَلَا	1.00	1.00	rec	1594.82	1595.14
50	18	تَتَّبِعْ	تَتَّبِعْ	1.00	1.00	rec	1595.58	1596.40
50	19	أَهْوَآءَهُمْ	أَهْوَاءَهُمْ	1.00	1.00	rec	1596.52	1598.78
50	20	عَمَّا	عَمَّا	1.00	0.99	rec	1598.88	1599.66
50	21	جَآءَكَ	جَاءَكَ	1.00	1.00	rec	1599.98	1602.00
50	22	مِنَ	مِنَ	1.00	1.00	rec	1602.12	1602.34
50	23	ٱلْحَقِّۚ	الْحَقِّ	1.00	0.92	rec	1602.38	1602.92
50	24	لِكُلٍّۢ	لِكُلٍّ	1.00	0.98	rec	1604.70	1605.32
50	25	جَعَلْنَا	جَعَلْنَا	1.00	1.00	rec	1605.96	1606.76
50	26	مِنكُمْ	مِنْكُمْ	1.00	1.00	rec	1607.20	1608.34
50	27	شِرْعَةًۭ	شِرْعَةً	1.00	1.00	rec	1608.48	1609.32
50	28	وَمِنْهَاجًۭاۚ	وَمِنْ+هَاجًا	1.00	1.00	rec	1610.06	1611.46
50	29	وَلَوْ	وَلَوْ	1.00	1.00	rec	1612.46	1612.88
50	30	شَآءَ	شَاءَ	1.00	1.00	rec	1613.06	1615.22
50	31	ٱللَّهُ	اللَّهُ	1.00	1.00	rec	1615.26	1615.98
50	32	لَجَعَلَكُمْ	لَجَعَلَكُمْ	1.00	1.00	rec	1616.20	1617.28
50	33	أُمَّةًۭ	أُمَّةً	1.00	1.00	rec	1617.40	1618.56
50	34	وَٰحِدَةًۭ	وَاحِدَةً	1.00	0.93	rec	1619.20	1620.22
50	35	وَلَٰكِن	وَلَـٰكِنْ	1.00	0.98	rec	1620.90	1621.84
50	36	لِّيَبْلُوَكُمْ	لِيَبْلُوَكُمْ	1.00	1.00	rec	1621.90	1623.22
50	37	فِى	فِيمَا⌐	1.00	1.00	rec	1623.38	1623.70
50	38	مَآ	فِيمَا¬	1.00	1.00	rec	1623.70	1624.02
50	39	ءَاتَىٰكُمْۖ	آتَاكُمْ	0.71	1.00	rec	1624.54	1625.92
50	40	فَٱسْتَبِقُوا۟	فَاسْتَبِقُوا	1.00	0.97	rec	1626.06	1626.96
50	41	ٱلْخَيْرَٰتِۚ	الْخَيْرَاتِ	1.00	1.00	rec	1627.02	1628.92
50	42	إِلَى	إِلَى	1.00	1.00	rec	1630.00	1630.22
50	43	ٱللَّهِ	اللَّهِ	1.00	1.00	rec	1630.26	1631.18
50	44	مَرْجِعُكُمْ	مَرْدِعُكُمْ	0.83	0.94	rec	1631.40	1632.54
50	45	جَمِيعًۭا	جَمِيعًا	1.00	1.00	rec	1632.64	1633.52
50	46	فَيُنَبِّئُكُم	فَيُنَبِّئُكُمْ	1.00	1.00	rec	1634.18	1636.32
50	47	بِمَا	بِمَا	1.00	1.00	rec	1636.40	1636.80
50	48	كُنتُمْ	كُنْتُمْ	1.00	1.00	rec	1637.24	1638.54
50	49	فِيهِ	فِيهِ	1.00	1.00	rec	1638.68	1639.28
50	50	تَخْتَلِفُونَ	تَخْتَلِفُونَ	1.00	1.00	rec	1639.48	1641.56
51	0	وَأَنِ	وَأَنِ	1.00	1.00	rec	1643.04	1643.44
51	1	ٱحْكُم	احْكُمْ	1.00	1.00	rec	1643.48	1644.40
51	2	بَيْنَهُم	بَيْنَهُمْ	1.00	1.00	rec	1644.48	1645.72
51	3	بِمَآ	بِمَا	1.00	1.00	rec	1645.80	1646.18
51	4	أَنزَلَ	أَنْزَلَ	1.00	1.00	rec	1646.58	1647.68
51	5	ٱللَّهُ	اللَّهُ	1.00	0.98	rec	1647.72	1648.46
51	6	وَلَا	وَلَا	1.00	1.00	rec	1648.58	1648.88
51	7	تَتَّبِعْ	تَتَّبِعْ	1.00	0.98	rec	1649.22	1650.04
51	8	أَهْوَآءَهُمْ	أَهْوَاءَهُمْ	1.00	1.00	rec	1650.18	1652.36
51	9	وَٱحْذَرْهُمْ	وَاحْذَرْهُمْ	1.00	1.00	rec	1653.12	1654.20
51	10	أَن	أَنْ	1.00	1.00	rec	1654.28	1654.88
51	11	يَفْتِنُوكَ	يَفْتِنُوكَ	1.00	1.00	rec	1654.92	1655.96
51	12	عَنۢ	عَنْ	1.00	1.00	rec	1656.10	1656.96
51	13	بَعْضِ	بَعْضِ	1.00	1.00	rec	1657.04	1657.46
51	14	مَآ	مَا	1.00	1.00	rec	1657.64	1657.78
51	15	أَنزَلَ	أَنْزَلَ	1.00	1.00	rec	1658.06	1659.00
51	16	ٱللَّهُ	اللَّهُ	1.00	1.00	rec	1659.06	1659.76
51	17	إِلَيْكَۖ	إِلَيْكَ	1.00	0.93	rec	1659.92	1661.20
51	18	فَإِن	فَإِنْ	1.00	1.00	rec	1662.00	1662.76
51	19	تَوَلَّوْا۟	تَوَلَّوْا	1.00	1.00	rec	1662.88	1663.68
51	20	فَٱعْلَمْ	فَاعْلَمْ	1.00	0.98	rec	1663.84	1664.48
51	21	أَنَّمَا	أَنَّمَا	1.00	1.00	rec	1664.56	1665.50
51	22	يُرِيدُ	يُرِيدُ	1.00	1.00	rec	1665.78	1666.48
51	23	ٱللَّهُ	اللَّهُ	1.00	1.00	rec	1666.54	1667.38
51	24	أَن	أَنْ	1.00	1.00	rec	1667.62	1668.28
51	25	يُصِيبَهُم	يُصِيبَهُمْ	1.00	1.00	rec	1668.34	1669.76
51	26	بِبَعْضِ	بِبَعْضِ	1.00	1.00	rec	1669.82	1670.54
51	27	ذُنُوبِهِمْۗ	ذُنُوبِهِمْ	1.00	1.00	rec	1670.68	1671.96
51	28	وَإِنَّ	وَإِنَّ	1.00	1.00	rec	1672.68	1673.76
51	29	كَثِيرًۭا	كَثِيرًا	1.00	1.00	rec	1673.92	1674.60
51	30	مِّنَ	مِنَ	1.00	1.00	rec	1675.22	1675.46
51	31	ٱلنَّاسِ	النَّاسِ	1.00	1.00	rec	1675.50	1676.56
51	32	لَفَٰسِقُونَ	لَفَاسِقُونَ	1.00	1.00	rec	1676.68	1679.26
52	0	أَفَحُكْمَ	أَفَحُكْمَ	1.00	1.00	rec	1679.96	1680.74
52	1	ٱلْجَٰهِلِيَّةِ	الْجَاهِلِيَّةِ	1.00	1.00	rec	1680.80	1682.62
52	2	يَبْغُونَۚ	يَبْغُونَ	1.00	1.00	rec	1682.76	1684.24
52	3	وَمَنْ	وَمَنْ	1.00	1.00	rec	1684.98	1685.58
52	4	أَحْسَنُ	أَحْسَنُ	1.00	1.00	rec	1685.66	1686.38
52	5	مِنَ	مِنَ	1.00	1.00	rec	1686.54	1686.80
52	6	ٱللَّهِ	اللَّهِ	1.00	1.00	rec	1686.86	1687.68
52	7	حُكْمًۭا	حُكْمًا	1.00	1.00	rec	1687.88	1688.36
52	8	لِّقَوْمٍۢ	لِقَوْمٍ	1.00	1.00	rec	1688.64	1689.46
52	9	يُوقِنُونَ	يُوقِنُونَ	1.00	1.00	rec	1690.08	1692.92
53	0	يَٰٓأَيُّهَا	يَا+أَيُّهَا	1.00	1.00	rec	1694.38	1695.68
53	1	ٱلَّذِينَ	الَّذِينَ	1.00	1.00	rec	1695.72	1696.54
53	2	ءَامَنُوا۟	آمَنُوا	0.83	1.00	rec	1696.72	1697.46
53	3	لَا	لَا	1.00	1.00	rec	1697.80	1697.90
53	4	تَتَّخِذُوا۟	تَتَّخِذُوا	1.00	0.98	rec	1698.26	1699.18
53	5	ٱلْيَهُودَ	الْيَهُودَ	1.00	1.00	rec	1699.22	1700.16
53	6	وَٱلنَّصَٰرَىٰٓ	وَالنَّصَارِي	0.89	0.99	rec	1700.26	1701.94
53	7	أَوْلِيَآءَۘ	أَوْلِيَاءَ	1.00	0.98	rec	1702.36	1704.66
53	8	بَعْضُهُمْ	بَعْضُهُمْ	1.00	1.00	rec	1705.76	1706.74
53	9	أَوْلِيَآءُ	أَوْلِيَاءُ	1.00	0.99	rec	1706.86	1709.62
53	10	بَعْضٍۢۚ	بَعْضٍ	1.00	0.98	rec	1709.82	1710.24
53	11	وَمَن	وَمَنْ	1.00	1.00	rec	1711.28	1712.26
53	12	يَتَوَلَّهُم	يَتَوَلَّهُمْ	1.00	0.95	rec	1712.32	1713.78
53	13	مِّنكُمْ	مِنْكُمْ	1.00	1.00	rec	1713.84	1714.84
53	14	فَإِنَّهُۥ	فَإِنَّهُ	1.00	0.99	rec	1715.00	1716.18
53	15	مِنْهُمْۗ	مِنْهُمْ	1.00	1.00	rec	1716.66	1717.50
53	16	إِنَّ	إِنَّ	1.00	1.00	rec	1717.62	1718.36
53	17	ٱللَّهَ	اللَّهَ	1.00	1.00	rec	1718.42	1719.14
53	18	لَا	لَا	1.00	1.00	rec	1719.32	1719.44
53	19	يَهْدِى	يَهْدِي	1.00	0.92	rec	1719.70	1720.12
53	20	ٱلْقَوْمَ	الْقَوْمَ	1.00	1.00	rec	1720.16	1720.98
53	21	ٱلظَّٰلِمِينَ	الظَّالِمِينَ	1.00	0.95	rec	1721.04	1723.38
54	0	فَتَرَى	فَتَرَى	1.00	1.00	rec	1724.50	1724.96
54	1	ٱلَّذِينَ	الَّذِينَ	1.00	1.00	rec	1725.02	1725.76
54	2	فِى	فِي	1.00	1.00	rec	1725.94	1726.10
54	3	قُلُوبِهِم	قُلُوبِهِمْ	1.00	1.00	rec	1726.50	1728.00
54	4	مَّرَضٌۭ	مَرَضٌ	1.00	1.00	rec	1728.06	1728.58
54	5	يُسَٰرِعُونَ	يُسَارِعُونَ	1.00	1.00	rec	1729.20	1730.50
54	6	فِيهِمْ	فِيهِمْ	1.00	1.00	rec	1730.68	1731.56
54	7	يَقُولُونَ	يَقُولُونَ	1.00	0.96	rec	1734.80	1735.98
54	8	نَخْشَىٰٓ	نَخْشَىٰ	1.00	1.00	rec	1736.14	1736.74
54	9	أَن	أَنْ	1.00	0.99	rec	1737.20	1737.74
54	10	تُصِيبَنَا	تُصِيبَنَا	1.00	1.00	rec	1737.88	1738.96
54	11	دَآئِرَةٌۭۚ	دَائِرَةٌ	1.00	0.94	rec	1739.30	1741.18
54	12	فَعَسَى	فَعَسَى	1.00	1.00	rec	1742.14	1742.70
54	13	ٱللَّهُ	اللَّهُ	1.00	1.00	rec	1742.76	1743.54
54	14	أَن	أَنْ	1.00	1.00	rec	1743.80	1744.62
54	15	يَأْتِىَ	يَأْتِيَ	1.00	1.00	rec	1744.64	1745.32
54	16	بِٱلْفَتْحِ	بِالْفَتْحِ	1.00	1.00	rec	1745.46	1746.28
54	17	أَوْ	أَوْ	1.00	1.00	rec	1746.50	1746.76
54	18	أَمْرٍۢ	أَمْرٍ	1.00	1.00	rec	1746.86	1747.28
54	19	مِّنْ	مِنْ	1.00	1.00	rec	1747.86	1748.18
54	20	عِندِهِۦ	عِنْدِهِ	1.00	1.00	rec	1748.24	1749.14
54	21	فَيُصْبِحُوا۟	فَيُصْبِحُوا	1.00	1.00	rec	1751.70	1752.60
54	22	عَلَىٰ	عَلَىٰ	1.00	1.00	rec	1752.92	1753.26
54	23	مَآ	مَا	1.00	1.00	rec	1753.62	1753.74
54	24	أَسَرُّوا۟	أَسَرُّوا	1.00	1.00	rec	1754.26	1755.06
54	25	فِىٓ	فِي	1.00	1.00	rec	1755.54	1755.68
54	26	أَنفُسِهِمْ	أَنْفُسِهِمْ	1.00	1.00	rec	1756.12	1757.88
54	27	نَٰدِمِينَ	نَادِمِينَ	1.00	1.00	rec	1757.96	1759.58
55	0	وَيَقُولُ	وَيَقُولَ	1.00	1.00	rec	1760.40	1761.28
55	1	ٱلَّذِينَ	الَّذِينَ	1.00	1.00	rec	1761.34	1762.18
55	2	ءَامَنُوٓا۟	آمَنُوا	0.83	0.99	rec	1762.32	1763.08
55	3	أَهَٰٓؤُلَآءِ	أَهَـٰؤُلَاءِ	1.00	1.00	rec	1763.44	1765.82
55	4	ٱلَّذِينَ	الَّذِينَ	1.00	0.94	rec	1765.88	1766.74
55	5	أَقْسَمُوا۟	أَقْسَمُوا	1.00	1.00	rec	1766.88	1767.66
55	6	بِٱللَّهِ	بِاللَّهِ	1.00	1.00	rec	1767.96	1768.88
55	7	جَهْدَ	جَهْدَ	1.00	1.00	rec	1769.12	1769.58
55	8	أَيْمَٰنِهِمْۙ	أَيْمَانِهِمْ	1.00	1.00	rec	1769.74	1771.38
55	9	إِنَّهُمْ	إِنَّهُمْ	1.00	1.00	rec	1771.46	1772.88
55	10	لَمَعَكُمْۚ	لَمَعَكُمْ	1.00	1.00	rec	1772.98	1774.20
55	11	حَبِطَتْ	حَبِطَتْ	1.00	0.99	rec	1775.00	1775.76
55	12	أَعْمَٰلُهُمْ	أَعْمَالُهُمْ	1.00	1.00	rec	1775.82	1777.40
55	13	فَأَصْبَحُوا۟	فَأَصْبَحُوا	1.00	1.00	rec	1777.56	1778.52
55	14	خَٰسِرِينَ	خَاسِرِينَ	1.00	1.00	rec	1779.00	1781.10
56	0	يَٰٓأَيُّهَا	يَا+أَيُّهَا	1.00	1.00	rec	1782.40	1783.88
56	1	ٱلَّذِينَ	الَّذِينَ	1.00	1.00	rec	1783.94	1784.80
56	2	ءَامَنُوا۟	آمَنُوا	0.83	0.97	rec	1784.98	1785.84
56	3	مَن	مَنْ	1.00	1.00	rec	1786.22	1786.88
56	4	يَرْتَدَّ	يَرْتَدَّ	1.00	1.00	rec	1786.94	1787.78
56	5	مِنكُمْ	مِنْكُمْ	1.00	1.00	rec	1787.90	1788.94
56	6	عَن	عَنْ	1.00	1.00	rec	1789.04	1789.96
56	7	دِينِهِۦ	دِينِهِ	1.00	1.00	rec	1790.08	1790.98
56	8	فَسَوْفَ	فَسَوْفَ	1.00	1.00	rec	1791.42	1792.16
56	9	يَأْتِى	يَأْتِ	0.75	1.00	rec	1792.28	1792.74
56	10	ٱللَّهُ	اللَّهُ	1.00	0.97	rec	1792.82	1793.68
56	11	بِقَوْمٍۢ	بِقَوْمٍ	1.00	1.00	rec	1793.84	1795.38
56	12	يُحِبُّهُمْ	يُحِبُّهُمْ	1.00	1.00	rec	1800.24	1801.34
56	13	وَيُحِبُّونَهُۥٓ	وَيُحِبُّونَهُ	1.00	1.00	rec	1801.42	1802.96
56	14	أَذِلَّةٍ	أَذِلَّةٍ	1.00	0.98	rec	1803.66	1804.44
56	15	عَلَى	عَلَى	1.00	1.00	rec	1804.76	1805.06
56	16	ٱلْمُؤْمِنِينَ	الْمُؤْمِنِينَ	1.00	1.00	rec	1805.10	1806.54
56	17	أَعِزَّةٍ	أَعِزَّةٍ	1.00	1.00	rec	1806.68	1807.56
56	18	عَلَى	عَلَى	1.00	1.00	rec	1807.90	1808.18
56	19	ٱلْكَٰفِرِينَ	الْكِيفِرِينَ	0.88	0.99	rec	1808.22	1809.60
56	20	يُجَٰهِدُونَ	يُجَاهِدُونَ	1.00	1.00	rec	1809.72	1810.96
56	21	فِى	فِي	1.00	1.00	rec	1811.16	1811.30
56	22	سَبِيلِ	سَبِيلِ	1.00	1.00	rec	1811.72	1812.44
56	23	ٱللَّهِ	اللَّهِ	1.00	1.00	rec	1812.50	1813.88
56	24	وَلَا	وَلَا	1.00	1.00	rec	1818.36	1818.72
56	25	يَخَافُونَ	يَخَافُونَ	1.00	1.00	rec	1819.02	1820.50
56	26	لَوْمَةَ	لَوْ	0.50	1.00	rec	1820.64	1820.94
56	27	لَآئِمٍۢۚ	مَتَلَائِمٌ	0.67	1.00	rec	1821.02	1823.52
56	28	ذَٰلِكَ	ذَٰلِكَ	1.00	1.00	rec	1824.34	1825.26
56	29	فَضْلُ	فَضْلُ	1.00	1.00	rec	1825.52	1826.10
56	30	ٱللَّهِ	اللَّهِ	1.00	0.98	rec	1826.18	1827.00
56	31	يُؤْتِيهِ	يُؤْتِيهِ	1.00	1.00	rec	1827.16	1828.04
56	32	مَن	مَنْ	1.00	1.00	rec	1828.20	1828.74
56	33	يَشَآءُۚ	يَشَاءُ	1.00	1.00	rec	1828.78	1830.58
56	34	وَٱللَّهُ	وَاللَّهُ	1.00	0.94	rec	1831.24	1832.20
56	35	وَٰسِعٌ	وَاسِعٌ	1.00	1.00	rec	1832.34	1833.24
56	36	عَلِيمٌ	عَلِيمٌ	1.00	1.00	rec	1833.68	1834.78
57	0	إِنَّمَا	إِنَّمَا	1.00	1.00	rec	1835.82	1837.18
57	1	وَلِيُّكُمُ	وَلِيُّكُمُ	1.00	1.00	rec	1837.74	1839.00
57	2	ٱللَّهُ	اللَّهُ	1.00	1.00	rec	1839.10	1839.86
57	3	وَرَسُولُهُۥ	وَرَسُولُهُ	1.00	1.00	rec	1839.96	1841.20
57	4	وَٱلَّذِينَ	وَالَّذِينَ	1.00	1.00	rec	1841.48	1842.44
57	5	ءَامَنُوا۟	آمَنُوا	0.83	0.99	rec	1842.60	1843.26
57	6	ٱلَّذِينَ	الَّذِينَ	1.00	0.98	rec	1843.34	1844.24
57	7	يُقِيمُونَ	كِيمُونَ	0.67	0.93	rec	1844.66	1845.50
57	8	ٱلصَّلَوٰةَ	الصَّلَاةَ	0.86	0.99	rec	1845.54	1846.56
57	9	وَيُؤْتُونَ	وَيُرْ+تُونَ	0.83	0.92	rec	1846.68	1847.78
57	10	ٱلزَّكَوٰةَ	الزَّكَاةَ	0.86	1.00	rec	1847.86	1848.88
57	11	وَهُمْ	وَهُمْ	1.00	1.00	rec	1848.98	1849.46
57	12	رَٰكِعُونَ	رَاكِعُونَ	1.00	1.00	rec	1849.58	1851.60
58	0	وَمَن	وَمَنْ	1.00	1.00	rec	1852.36	1853.18
58	1	يَتَوَلَّ	يَتَوَلَّ	1.00	1.00	rec	1853.22	1854.12
58	2	ٱللَّهَ	اللَّهَ	1.00	1.00	rec	1854.18	1854.92
58	3	وَرَسُولَهُۥ	وَرَسُولَهُ	1.00	1.00	rec	1855.04	1856.18
58	4	وَٱلَّذِينَ	وَالَّذِينَ	1.00	1.00	rec	1856.54	1857.82
58	5	ءَامَنُوا۟	آمَنُوا	0.83	0.99	rec	1857.98	1858.78
58	6	فَإِنَّ	فَإِنَّ	1.00	1.00	rec	1859.16	1860.22
58	7	حِزْبَ	حِزْبَ	1.00	0.98	rec	1860.42	1860.94
58	8	ٱللَّهِ	اللَّهِ	1.00	1.00	rec	1861.00	1861.90
58	9	هُمُ	هُمُ	1.00	1.00	rec	1862.12	1862.40
58	10	ٱلْغَٰلِبُونَ	الْغَالِبُونَ	1.00	1.00	rec	1862.50	1864.96
59	0	يَٰٓأَيُّهَا	يَا+أَيُّهَا	1.00	0.93	rec	1865.60	1866.92
59	1	ٱلَّذِينَ	الَّذِينَ	1.00	1.00	rec	1866.98	1867.76
59	2	ءَامَنُوا۟	آمَنُوا	0.83	1.00	rec	1867.90	1868.58
59	3	لَا	لَا	1.00	1.00	rec	1868.82	1868.94
59	4	تَتَّخِذُوا۟	تَتَّخِذُوا	1.00	0.99	rec	1869.26	1870.08
59	5	ٱلَّذِينَ	الَّذِينَ	1.00	1.00	rec	1870.14	1870.92
59	6	ٱتَّخَذُوا۟	اتَّخَذُوا	1.00	1.00	rec	1870.96	1871.70
59	7	دِينَكُمْ	دِينَكُمْ	1.00	1.00	rec	1871.94	1872.86
59	8	هُزُوًۭا	هُزُؤًا	0.75	0.92	rec	1872.96	1873.50
59	9	وَلَعِبًۭا	وَلَعِبًا	1.00	1.00	rec	1874.14	1874.84
59	10	مِّنَ	مِنَ	1.00	1.00	rec	1875.48	1875.70
59	11	ٱلَّذِينَ	الَّذِينَ	1.00	1.00	rec	1875.74	1876.58
59	12	أُوتُوا۟	ُوتُوا	0.80	0.84	rec	1876.92	1877.24
59	13	ٱلْكِتَٰبَ	الْكِتَابَ	1.00	1.00	rec	1877.30	1878.16
59	14	مِن	مِنْ	1.00	1.00	rec	1878.28	1878.76
59	15	قَبْلِكُمْ	قَبْلِكُمْ	1.00	1.00	rec	1878.88	1879.82
59	16	وَٱلْكُفَّارَ	وَالْكُفَّارِ	1.00	0.92	rec	1879.90	1881.00
59	17	أَوْلِيَآءَۚ	أَوْلِيَاءَ	1.00	1.00	rec	1881.18	1883.42
59	18	وَٱتَّقُوا۟	وَاتَّقُوا	1.00	0.99	rec	1884.36	1884.94
59	19	ٱللَّهَ	اللَّهَ	1.00	1.00	rec	1885.02	1885.68
59	20	إِن	إِنْ	1.00	1.00	rec	1885.84	1886.58
59	21	كُنتُم	كُنْتُمْ	1.00	1.00	rec	1886.70	1888.30
59	22	مُّؤْمِنِينَ	مُؤْمِنِينَ	1.00	1.00	rec	1888.34	1889.80
60	0	وَإِذَا	وَإِذَا	1.00	1.00	rec	1890.34	1890.90
60	1	نَادَيْتُمْ	نَادَيْتُمْ	1.00	1.00	rec	1891.30	1892.62
60	2	إِلَى	إِلَى	1.00	1.00	rec	1892.72	1892.96
60	3	ٱلصَّلَوٰةِ	الصَّلَاةِ	0.86	0.99	rec	1893.02	1893.92
60	4	ٱتَّخَذُوهَا	اتَّخَذُوهَا	1.00	1.00	rec	1893.96	1895.14
60	5	هُزُوًۭا	رُزُؤًا	0.50	0.85	rec	1895.58	1895.98
60	6	وَلَعِبًۭاۚ	وَلَعِبًا	1.00	1.00	rec	1896.86	1897.58
60	7	ذَٰلِكَ	ذَٰلِكَ	1.00	1.00	rec	1898.76	1899.46
60	8	بِأَنَّهُمْ	بِأَنَّهُمْ	1.00	1.00	rec	1899.56	1901.08
60	9	قَوْمٌۭ	قَوْمٌ	1.00	1.00	rec	1901.26	1901.72
60	10	لَّا	لَا	1.00	0.99	rec	1902.02	1902.12
60	11	يَعْقِلُونَ	يَعْعِ+حِلُونَ	0.71	0.95	rec	1902.52	1904.70
61	0	قُلْ	قُلْ	1.00	1.00	rec	1905.58	1905.84
61	1	يَٰٓأَهْلَ	يَا+أَهْلَ	1.00	1.00	rec	1905.96	1906.80
61	2	ٱلْكِتَٰبِ	الْكِتَابِ	1.00	1.00	rec	1906.86	1907.84
61	3	هَلْ	هَلْ	1.00	1.00	rec	1908.02	1908.34
61	4	تَنقِمُونَ	تَنْقِمُونَ	1.00	1.00	rec	1908.48	1910.08
61	5	مِنَّآ	مِنَّا	1.00	1.00	rec	1910.20	1910.88
61	6	إِلَّآ	إِلَّا	1.00	1.00	rec	1911.32	1911.80
61	7	أَنْ	أَنْ	1.00	1.00	rec	1912.26	1912.58
61	8	ءَامَنَّا	أَنْ+آمَنَّا	0.67	0.97	rec	1916.88	1918.56
61	9	بِٱللَّهِ	بِاللَّهِ	1.00	1.00	rec	1918.88	1919.70
61	10	وَمَآ	وَمَا	1.00	1.00	rec	1919.86	1920.20
61	11	أُنزِلَ	أُنْزِلَ	1.00	1.00	rec	1920.50	1921.58
61	12	إِلَيْنَا	إِلَيْنَا	1.00	1.00	rec	1921.68	1922.36
61	13	وَمَآ	وَمَا	1.00	1.00	rec	1922.66	1923.00
61	14	أُنزِلَ	أُنْزِلَ	1.00	0.99	rec	1923.40	1924.68
61	15	مِن	مِنْ	1.00	1.00	rec	1924.82	1925.42
61	16	قَبْلُ	قَبْلُ	1.00	1.00	rec	1925.56	1926.02
61	17	وَأَنَّ	وَأَنَّ	1.00	1.00	rec	1926.16	1927.14
61	18	أَكْثَرَكُمْ	أَكْثَرَكُمْ	1.00	1.00	rec	1927.26	1928.38
61	19	فَٰسِقُونَ	فَاسِرٌ	0.50	0.96	rec	1928.52	1929.50
62	0	قُلْ	قُلْ	1.00	1.00	rec	1932.30	1932.56
62	1	هَلْ	هَلْ	1.00	1.00	rec	1932.64	1932.88
62	2	أُنَبِّئُكُم	أُنَبِّئُكُمْ	1.00	1.00	rec	1932.94	1934.58
62	3	بِشَرٍّۢ	بِشَرٍّ	1.00	0.94	rec	1934.62	1935.28
62	4	مِّن	مِنْ	1.00	1.00	rec	1935.84	1936.36
62	5	ذَٰلِكَ	ذَٰلِكَ	1.00	1.00	rec	1936.44	1937.22
62	6	مَثُوبَةً	مَثُوبَةً	1.00	1.00	rec	1937.34	1938.50
62	7	عِندَ	عِنْدَ	1.00	1.00	rec	1938.86	1939.84
62	8	ٱللَّهِۚ	اللَّهِ	1.00	1.00	rec	1939.88	1941.12
62	9	مَن	مَنْ	1.00	0.94	rec	1941.98	1942.18
62	10	لَّعَنَهُ	لَعَنَهُ	1.00	1.00	rec	1942.26	1942.88
62	11	ٱللَّهُ	اللَّهُ	1.00	1.00	rec	1942.98	1943.82
62	12	وَغَضِبَ	وَ+غَضِبَ	1.00	0.99	rec	1944.04	1944.84
62	13	عَلَيْهِ	عَلَيْهِ	1.00	0.99	rec	1944.96	1945.84
62	14	وَجَعَلَ	وَجَعَلَ	1.00	1.00	rec	1946.00	1946.70
62	15	مِنْهُمُ	مِنْهُمُ	1.00	1.00	rec	1946.82	1947.48
62	16	ٱلْقِرَدَةَ	الْقِرَدَةَ	1.00	1.00	rec	1947.56	1948.66
62	17	وَٱلْخَنَازِيرَ	وَالْخَنَازِيرَ	1.00	1.00	rec	1948.76	1950.50
62	18	وَعَبَدَ	وَعَبَدَ	1.00	0.88	rec	1950.60	1951.34
62	19	ٱلطَّٰغُوتَۚ		0.00	0.20	forced	1951.42	1953.56
62	20	أُو۟لَٰٓئِكَ	أُولَـٰئِكَ	1.00	0.98	rec	1954.28	1956.82
62	21	شَرٌّۭ	شَرٌّ	1.00	1.00	rec	1957.00	1957.40
62	22	مَّكَانًۭا	مَكَانًا	1.00	1.00	rec	1958.00	1958.92
62	23	وَأَضَلُّ	وَأَضَلُّ	1.00	1.00	rec	1959.72	1960.62
62	24	عَن	عَنْ	1.00	1.00	rec	1960.86	1961.46
62	25	سَوَآءِ	سَوَاءِ	1.00	1.00	rec	1961.60	1963.72
62	26	ٱلسَّبِيلِ	السَّبِيلِ	1.00	1.00	rec	1963.76	1965.60
63	0	وَإِذَا	وَإِذَا	1.00	0.95	rec	1966.52	1967.04
63	1	جَآءُوكُمْ	جَاءُوكُمْ	1.00	1.00	rec	1967.36	1969.88
63	2	قَالُوٓا۟	قَالُوا	1.00	1.00	rec	1970.04	1970.64
63	3	ءَامَنَّا	أعْمَنَّا	0.60	0.96	rec	1971.04	1972.18
63	4	وَقَد	وَقَدْ	1.00	1.00	rec	1972.54	1973.10
63	5	دَّخَلُوا۟	دَخَلُوا	1.00	1.00	rec	1973.16	1973.72
63	6	بِٱلْكُفْرِ	بِالْكُفْرِ	1.00	1.00	rec	1973.98	1974.92
63	7	وَهُمْ	وَهُمْ	1.00	1.00	rec	1975.04	1975.58
63	8	قَدْ	قَدْ	1.00	1.00	rec	1975.72	1976.00
63	9	خَرَجُوا۟	خَرَجُوا	1.00	0.96	rec	1976.16	1976.74
63	10	بِهِۦۚ	بِهِ	1.00	1.00	rec	1977.10	1977.36
63	11	وَٱللَّهُ	وَاللَّهُ	1.00	1.00	rec	1978.18	1978.88
63	12	أَعْلَمُ	أَعْلَمُ	1.00	1.00	rec	1979.04	1979.68
63	13	بِمَا	بِمَا	1.00	1.00	rec	1979.86	1980.22
63	14	كَانُوا۟	كَانُوا	1.00	0.93	rec	1980.62	1981.22
63	15	يَكْتُمُونَ	يَكْتُ+ن	0.67	0.63	rec	1981.84	1983.66
64	0	وَتَرَىٰ	وَتْرِ	0.60	0.94	rec	1984.62	1985.00
64	1	كَثِيرًۭا	كَثِيرًا	1.00	0.98	rec	1985.26	1985.82
64	2	مِّنْهُمْ	مِنْهُمْ	1.00	0.96	rec	1986.42	1987.00
64	3	يُسَٰرِعُونَ	يُسَارِعُونَ	1.00	0.94	rec	1987.08	1988.34
64	4	فِى	فِي	1.00	1.00	rec	1988.50	1988.60
64	5	ٱلْإِثْمِ	الْإِثْمِ	1.00	1.00	rec	1988.66	1989.36
64	6	وَٱلْعُدْوَٰنِ	وَالْعُدْوَانِ	1.00	1.00	rec	1989.52	1990.86
64	7	وَأَكْلِهِمُ	وَأَكْلِهِمِ	1.00	1.00	rec	1991.00	1992.14
64	8	ٱلسُّحْتَۚ	السُّحُتِ	1.00	1.00	rec	1992.22	1993.14
64	9	لَبِئْسَ	لَبِئْسَ	1.00	1.00	rec	1994.02	1994.64
64	10	مَا	مَا	1.00	1.00	rec	1994.78	1994.90
64	11	كَانُوا۟	كَانُوا	1.00	1.00	rec	1995.34	1995.86
64	12	يَعْمَلُونَ	يَعْمَلُونَ	1.00	1.00	rec	1996.46	1998.24
65	0	لَوْلَا	لَوْلَا	1.00	1.00	rec	1999.18	1999.62
65	1	يَنْهَىٰهُمُ	يَنْهَاهُمُ	0.86	1.00	rec	1999.92	2001.02
65	2	ٱلرَّبَّٰنِيُّونَ	الرَّبَّانِيُّونَ	1.00	0.96	rec	2001.10	2002.70
65	3	وَٱلْأَحْبَارُ	وَالْأَحْبَارُ	1.00	1.00	rec	2002.82	2004.12
65	4	عَن	عَنْ	1.00	1.00	rec	2004.32	2005.06
65	5	قَوْلِهِمُ	قَوْلِهِمِ	1.00	1.00	rec	2005.18	2006.00
65	6	ٱلْإِثْمَ	الْإِثْمَ	1.00	0.94	rec	2006.08	2006.86
65	7	وَأَكْلِهِمُ	وَأَكْلِهِمِ	1.00	1.00	rec	2007.02	2008.16
65	8	ٱلسُّحْتَۚ	السُّحُتِ	1.00	0.99	rec	2008.24	2009.12
65	9	لَبِئْسَ	لَبِئْسَ	1.00	1.00	rec	2009.90	2010.52
65	10	مَا	مَا	1.00	1.00	rec	2010.66	2010.78
65	11	كَانُوا۟	كَانُوا	1.00	1.00	rec	2011.24	2011.82
65	12	يَصْنَعُونَ	يَصْنَعُونَ	1.00	1.00	rec	2012.38	2014.38
66	0	وَقَالَتِ	وَقَالَتِ	1.00	0.99	rec	2015.00	2016.02
66	1	ٱلْيَهُودُ	الْيَهُودُ	1.00	1.00	rec	2016.08	2017.20
66	2	يَدُ	يَدُو	0.67	0.99	rec	2017.36	2017.70
66	3	ٱللَّهِ	اللَّهِ	1.00	1.00	rec	2017.76	2018.66
66	4	مَغْلُولَةٌۚ	مَغْلُولَةٌ	1.00	1.00	rec	2018.86	2020.10
66	5	غُلَّتْ	غُلَّتْ	1.00	0.92	rec	2020.94	2021.66
66	6	أَيْدِيهِمْ	أَيْدِيهِمْ	1.00	0.97	rec	2021.74	2023.04
66	7	وَلُعِنُوا۟	وَلُعِنُوا	1.00	1.00	rec	2023.14	2023.96
66	8	بِمَا	بِمَا	1.00	1.00	rec	2024.24	2024.60
66	9	قَالُوا۟ۘ	قَالُوا	1.00	0.93	rec	2024.90	2025.62
66	10	بَلْ	بَلْ	1.00	1.00	rec	2026.52	2026.72
66	11	يَدَاهُ	يَدَعَهُمَبَسُوقَتَانِ⌐	0.83	0.97	rec	2026.80	2027.73
66	12	مَبْسُوطَتَانِ	يَدَعَهُمَبَسُوقَتَانِ¬	0.83	0.97	rec	2027.73	2029.60
66	13	يُنفِقُ	يُنْفِقُ	1.00	1.00	rec	2029.72	2030.90
66	14	كَيْفَ	كَيْفَ	1.00	1.00	rec	2031.12	2031.68
66	15	يَشَآءُۚ		0.00	0.06	forced	2031.92	2034.76
66	16	وَلَيَزِيدَنَّ	وَلَيَزِيدَنَّ	1.00	1.00	rec	2034.76	2036.46
66	17	كَثِيرًۭا	كَثِيرًا	1.00	1.00	rec	2036.66	2037.38
66	18	مِّنْهُم	مِنْهُمْ	1.00	1.00	rec	2037.96	2039.10
66	19	مَّآ	مَع	0.50	0.98	rec	2039.16	2039.30
66	20	أُنزِلَ	أُنْزِلَ	1.00	1.00	rec	2039.62	2040.56
66	21	إِلَيْكَ	إِلَيْكَ	1.00	1.00	rec	2040.68	2041.46
66	22	مِن	مِنْ	1.00	1.00	rec	2041.58	2041.84
66	23	رَّبِّكَ	رَبِّكَ	1.00	1.00	rec	2041.92	2042.60
66	24	طُغْيَٰنًۭا	ضُغْيَانًا	0.83	0.99	rec	2042.80	2043.84
66	25	وَكُفْرًۭاۚ	وَكُفْرًا	1.00	1.00	rec	2044.66	2045.54
66	26	وَأَلْقَيْنَا	وَأَلْقَيْنَا	1.00	1.00	rec	2047.62	2048.88
66	27	بَيْنَهُمُ	بَيْنَهُمُ	1.00	1.00	rec	2049.24	2050.20
66	28	ٱلْعَدَٰوَةَ	الْعَدَاوَةَ	1.00	1.00	rec	2050.30	2051.64
66	29	وَٱلْبَغْضَآءَ	وَالْمَرْضَىٰءَ	0.67	0.88	rec	2051.72	2054.58
66	30	إِلَىٰ	إِلَىٰئٍِ	0.80	0.69	rec	2054.68	2055.50
66	31	يَوْمِ	الْقِيَامَةٌ⌐	0.70	0.94	rec	2055.76	2056.12
66	32	ٱلْقِيَٰمَةِۚ	الْقِيَامَةٌ¬	0.70	0.94	rec	2056.12	2056.96
66	33	كُلَّمَآ	كُلَّمَا	1.00	1.00	rec	2057.80	2058.34
66	34	أَوْقَدُوا۟	أَوْقَدُوا	1.00	0.99	rec	2058.82	2059.64
66	35	نَارًۭا	نَارًا	1.00	1.00	rec	2060.00	2060.58
66	36	لِّلْحَرْبِ	لِلْحَرْيِ	0.80	0.94	rec	2060.88	2061.58
66	37	أَطْفَأَهَا	بِأَطْفَأَهَا	0.86	0.90	rec	2061.74	2062.84
66	38	ٱللَّهُۚ	اللَّه	1.00	0.98	rec	2062.88	2063.32
66	39	وَيَسْعَوْنَ	وَيَسْعَوْنَ	1.00	1.00	rec	2065.02	2065.84
66	40	فِى	فِي	1.00	1.00	rec	2065.98	2066.06
66	41	ٱلْأَرْضِ	الْأَرْضِ+دِ	0.83	0.89	rec	2066.10	2066.74
66	42	فَسَادًۭاۚ	فَسَادًا	1.00	1.00	rec	2066.92	2067.64
66	43	وَٱللَّهُ	وَاللَّهُ	1.00	1.00	rec	2068.34	2069.16
66	44	لَا	لَا	1.00	1.00	rec	2069.34	2069.44
66	45	يُحِبُّ	يُحِبُّ	1.00	1.00	rec	2069.68	2070.32
66	46	ٱلْمُفْسِدِينَ	الْمُِ+سدِينَ	0.88	0.84	rec	2070.38	2072.48
67	0	وَلَوْ	وَلَوْ	1.00	1.00	rec	2073.22	2073.60
67	1	أَنَّ	أَنَّ	1.00	1.00	rec	2073.66	2074.64
67	2	أَهْلَ	أَهْلَ	1.00	1.00	rec	2074.74	2075.06
67	3	ٱلْكِتَٰبِ	الْكِتَابِ	1.00	1.00	rec	2075.12	2076.00
67	4	ءَامَنُوا۟	آمَنُوا	0.83	1.00	rec	2076.14	2076.86
67	5	وَٱتَّقَوْا۟	وَاتَّقَوْا	1.00	0.98	rec	2077.10	2077.92
67	6	لَكَفَّرْنَا	لَكَفَّرْنَا	1.00	1.00	rec	2078.10	2079.22
67	7	عَنْهُمْ	عَنْهُمْ	1.00	1.00	rec	2079.48	2080.20
67	8	سَيِّـَٔاتِهِمْ	سَيِّئَاتِهِمْ	0.86	1.00	rec	2080.32	2082.40
67	9	وَلَأَدْخَلْنَٰهُمْ	وَلَأَدْخَلْنَاهُمْ	1.00	1.00	rec	2086.74	2088.42
67	10	جَنَّٰتِ	جَنَّعتِ	0.75	0.92	rec	2088.54	2089.94
67	11	ٱلنَّعِيمِ	النَّعِيمِ	1.00	1.00	rec	2089.98	2091.72
68	0	وَلَوْ	وَلَوْ	1.00	1.00	rec	2092.26	2092.68
68	1	أَنَّهُمْ	أَنَّهُمْ	1.00	1.00	rec	2092.76	2093.86
68	2	أَقَامُوا۟	أَقَامُوا	1.00	1.00	rec	2093.96	2094.74
68	3	ٱلتَّوْرَىٰةَ	التَّوْرِيةَ	0.88	0.90	rec	2094.78	2095.78
68	4	وَٱلْإِنجِيلَ	وَالْإِنْجِيلَ	1.00	0.97	rec	2095.88	2097.40
68	5	وَمَآ	وَمَا	1.00	0.95	rec	2097.56	2097.94
68	6	أُنزِلَ	أُنْزِلَ	1.00	1.00	rec	2098.22	2099.08
68	7	إِلَيْهِم	إِلَيْهِمْ	1.00	1.00	rec	2099.20	2100.40
68	8	مِّن	مِنْ	1.00	1.00	rec	2100.44	2100.66
68	9	رَّبِّهِمْ	رَبِّهِمْ	1.00	1.00	rec	2100.72	2101.58
68	10	لَأَكَلُوا۟	لَعَكَلُوا	0.83	1.00	rec	2101.66	2102.40
68	11	مِن	مِنْ	1.00	1.00	rec	2102.70	2103.24
68	12	فَوْقِهِمْ	فَوْقِهِمْ	1.00	1.00	rec	2103.36	2104.24
68	13	وَمِن	وَمِنْ	1.00	1.00	rec	2104.34	2105.32
68	14	تَحْتِ	تَحْتِ	1.00	1.00	rec	2105.44	2105.82
68	15	أَرْجُلِهِمۚ	أَرْجُلِهِمْ	1.00	1.00	rec	2105.96	2107.28
68	16	مِّنْهُمْ	مِنْهُمْ	1.00	1.00	rec	2108.04	2108.62
68	17	أُمَّةٌۭ	أُمَّةٌ	1.00	1.00	rec	2108.72	2109.92
68	18	مُّقْتَصِدَةٌۭۖ	مُقْتَصِدَةٌ	1.00	0.99	rec	2110.42	2111.78
68	19	وَكَثِيرٌۭ	وَكَثِيرٌ	1.00	1.00	rec	2112.28	2113.32
68	20	مِّنْهُمْ	مِنْهُمْ	1.00	1.00	rec	2113.98	2114.58
68	21	سَآءَ	سَاءَ	1.00	1.00	rec	2114.70	2116.18
68	22	مَا	مَا	1.00	1.00	rec	2116.32	2116.46
68	23	يَعْمَلُونَ	يَعْمَلُونَ	1.00	1.00	rec	2116.76	2118.50
69	0	يَٰٓأَيُّهَا	يَا+أَيُّهَا	1.00	1.00	rec	2119.36	2120.40
69	1	ٱلرَّسُولُ	الرَّسُولُ	1.00	1.00	rec	2120.44	2121.30
69	2	بَلِّغْ	بَلِّغْ	1.00	1.00	rec	2121.46	2122.14
69	3	مَآ	مَا	1.00	1.00	rec	2122.22	2122.34
69	4	أُنزِلَ	أُنْزِلَ	1.00	1.00	rec	2122.78	2123.80
69	5	إِلَيْكَ	إِلَيْكَ	1.00	1.00	rec	2123.92	2124.62
69	6	مِن	مِنْ	1.00	1.00	rec	2124.72	2124.96
69	7	رَّبِّكَۖ	رَبِّكَ	1.00	1.00	rec	2125.04	2125.80
69	8	وَإِن	وَإِنْ	1.00	1.00	rec	2126.26	2126.74
69	9	لَّمْ	لَمْ	1.00	1.00	rec	2126.80	2127.16
69	10	تَفْعَلْ	تَفْعَلْ	1.00	1.00	rec	2127.28	2128.04
69	11	فَمَا	فَمَا	1.00	1.00	rec	2128.18	2128.54
69	12	بَلَّغْتَ	بَلَّغْتَ	1.00	1.00	rec	2128.98	2129.92
69	13	رِسَالَتَهُۥۚ	رِسَالَتَهُ	1.00	1.00	rec	2130.04	2131.36
69	14	وَٱللَّهُ	وَاللَّهُ	1.00	1.00	rec	2131.98	2133.04
69	15	يَعْصِمُكَ	يَعْصِمُكَ	1.00	1.00	rec	2133.32	2134.40
69	16	مِنَ	مِنَ	1.00	1.00	rec	2134.50	2134.76
69	17	ٱلنَّاسِۗ	النَّاسِ	1.00	0.99	rec	2134.80	2136.42
69	18	إِنَّ	إِنَّ	1.00	1.00	rec	2136.74	2137.74
69	19	ٱللَّهَ	اللَّهَ	1.00	1.00	rec	2137.80	2138.54
69	20	لَا	لَا	1.00	1.00	rec	2138.72	2138.84
69	21	يَهْدِى	يَهْدِي	1.00	1.00	rec	2139.26	2139.72
69	22	ٱلْقَوْمَ	الْقَوْمَ	1.00	0.99	rec	2139.76	2140.76
69	23	ٱلْكَٰفِرِينَ	الْكَافِرِينَ	1.00	1.00	rec	2140.80	2143.02
70	0	قُلْ	قُلْ	1.00	1.00	rec	2143.60	2143.84
70	1	يَٰٓأَهْلَ	يَا+أَهْلَ	1.00	1.00	rec	2143.94	2144.90
70	2	ٱلْكِتَٰبِ	الْكِتَابِ	1.00	1.00	rec	2144.96	2145.94
70	3	لَسْتُمْ	لَسْتُمْ	1.00	1.00	rec	2146.08	2146.78
70	4	عَلَىٰ	عَلَىٰ	1.00	1.00	rec	2146.86	2147.18
70	5	شَىْءٍ	شَيْءٍ	1.00	1.00	rec	2147.50	2148.00
70	6	حَتَّىٰ	حَتَّىٰ	1.00	1.00	rec	2148.44	2148.94
70	7	تُقِيمُوا۟	تُقِيمُوا	1.00	0.90	rec	2149.32	2150.06
70	8	ٱلتَّوْرَىٰةَ	التَّوْرِيَاةَ	1.00	0.91	rec	2150.08	2151.26
70	9	وَٱلْإِنجِيلَ	وَالْإِنْجِيلَ	1.00	1.00	rec	2151.38	2153.64
70	10	وَمَآ	وَمَا	1.00	1.00	rec	2159.16	2159.56
70	11	أُنزِلَ	أُنْزِلَ	1.00	1.00	rec	2159.98	2160.74
70	12	إِلَيْكُم	إِلَيْكُمْ	1.00	1.00	rec	2160.86	2162.28
70	13	مِّن	مِنْ	1.00	1.00	rec	2162.32	2162.56
70	14	رَّبِّكُمْۗ	رَبِّكُمْ	1.00	0.95	rec	2162.64	2163.70
70	15	وَلَيَزِيدَنَّ	وَلَيَزِيدَنَّ	1.00	1.00	rec	2164.42	2166.18
70	16	كَثِيرًۭا	كَثِيرًا	1.00	1.00	rec	2166.38	2167.08
70	17	مِّنْهُم	مِنْهُمْ	1.00	1.00	rec	2167.56	2168.62
70	18	مَّآ	مَا	1.00	1.00	rec	2168.68	2168.80
70	19	أُنزِلَ	أُنْزِلَ	1.00	1.00	rec	2169.18	2170.02
70	20	إِلَيْكَ	إِلَيْكَ	1.00	1.00	rec	2170.14	2170.82
70	21	مِن	مِنْ	1.00	1.00	rec	2170.94	2171.16
70	22	رَّبِّكَ	رَبِّكَ	1.00	1.00	rec	2171.24	2171.92
70	23	طُغْيَٰنًۭا	طُغْيَانًا	1.00	1.00	rec	2172.12	2173.18
70	24	وَكُفْرًۭاۖ	وَكُفْرًا	1.00	1.00	rec	2173.84	2174.66
70	25	فَلَا	فَلَا	1.00	1.00	rec	2175.90	2176.24
70	26	تَأْسَ	تَأْسَ	1.00	0.97	rec	2176.74	2177.30
70	27	عَلَى	عَلَى	1.00	0.96	rec	2177.46	2177.74
70	28	ٱلْقَوْمِ	الْقَوْمِ	1.00	1.00	rec	2177.78	2178.56
70	29	ٱلْكَٰفِرِينَ	الْكَيفِرِينَ	0.88	0.96	rec	2178.64	2180.88
71	0	إِنَّ	إِنَّ	1.00	1.00	rec	2181.62	2182.72
71	1	ٱلَّذِينَ	الَّذِينَ	1.00	1.00	rec	2182.76	2183.46
71	2	ءَامَنُوا۟	آمَنُوا	0.83	0.94	rec	2183.60	2184.28
71	3	وَٱلَّذِينَ	وَالَّذِينَ	1.00	1.00	rec	2184.58	2185.50
71	4	هَادُوا۟	هَادُوا	1.00	0.92	rec	2185.68	2186.32
71	5	وَٱلصَّٰبِـُٔونَ	وَالصَّابِئُونَ	0.89	1.00	rec	2186.54	2188.04
71	6	وَٱلنَّصَٰرَىٰ	وَالنَّصَارِي+مَنْ	0.80	0.97	rec	2188.18	2190.92
71	7	مَنْ	مَنْ	1.00	1.00	rec	2196.14	2196.36
71	8	ءَامَنَ	آمَنَ	0.75	1.00	rec	2196.42	2196.90
71	9	بِٱللَّهِ	بِاللَّهِ	1.00	1.00	rec	2197.00	2197.80
71	10	وَٱلْيَوْمِ	وَالْيَوْمِ	1.00	1.00	rec	2197.96	2198.76
71	11	ٱلْءَاخِرِ	الْآخِرِ	0.83	1.00	rec	2198.84	2199.94
71	12	وَعَمِلَ	وَعَمِلَ	1.00	1.00	rec	2200.12	2200.82
71	13	صَٰلِحًۭا	صَالِحًا	1.00	1.00	rec	2201.02	2201.96
71	14	فَلَا	فَلَا	1.00	0.99	rec	2202.66	2203.00
71	15	خَوْفٌ	خَوْفٌ	1.00	1.00	rec	2203.36	2203.86
71	16	عَلَيْهِمْ	عَلَيْهِمْ	1.00	1.00	rec	2204.16	2205.02
71	17	وَلَا	وَلَا	1.00	1.00	rec	2205.22	2205.48
71	18	هُمْ	هُمْ	1.00	1.00	rec	2205.76	2206.12
71	19	يَحْزَنُونَ	يَحْزَنُونَ	1.00	0.98	rec	2206.22	2207.48
72	0	لَقَدْ	لَقَدْ	1.00	0.98	rec	2209.08	2209.52
72	1	أَخَذْنَا	أَخَذْنَا	1.00	0.98	rec	2209.60	2210.30
72	2	مِيثَٰقَ	مِيثَاقًا	0.83	0.98	rec	2210.56	2211.68
72	3	بَنِىٓ	نِي	0.67	0.86	rec	2212.04	2212.16
72	4	إِسْرَٰٓءِيلَ	إِسْرَائِيلَ	0.86	1.00	rec	2212.60	2215.22
72	5	وَأَرْسَلْنَآ	وَأَرْسَلْنَا	1.00	1.00	rec	2215.34	2216.62
72	6	إِلَيْهِمْ	إِلَيْهِمْ	1.00	0.99	rec	2217.02	2218.02
72	7	رُسُلًۭاۖ	رُسُلًا	1.00	1.00	rec	2218.12	2218.76
72	8	كُلَّمَا	كُلَّ+مَا	1.00	1.00	rec	2220.04	2220.56
72	9	جَآءَهُمْ	جَاءَهُمْ	1.00	1.00	rec	2220.78	2222.80
72	10	رَسُولٌۢ	رَسُولٌ	1.00	0.91	rec	2222.88	2223.64
72	11	بِمَا	بِمَا	1.00	1.00	rec	2224.38	2224.72
72	12	لَا	لَا	1.00	1.00	rec	2224.98	2225.08
72	13	تَهْوَىٰٓ	تَهْوَىٰ	1.00	1.00	rec	2225.40	2225.96
72	14	أَنفُسُهُمْ	أَنْفُسُهُمْ	1.00	1.00	rec	2226.50	2228.58
72	15	فَرِيقًۭا	فَرِيقًا	1.00	1.00	rec	2229.20	2229.96
72	16	كَذَّبُوا۟	كَذَّبُوا	1.00	0.95	rec	2231.06	2231.72
72	17	وَفَرِيقًۭا	وَفَرِيقًا	1.00	1.00	rec	2231.94	2233.04
72	18	يَقْتُلُونَ	يَقْتُلُونِ	1.00	1.00	rec	2234.02	2235.88
73	0	وَحَسِبُوٓا۟	وَحَسِبُوا	1.00	1.00	rec	2236.46	2237.26
73	1	أَلَّا	أَلَّا	1.00	0.98	rec	2237.62	2238.12
73	2	تَكُونَ	تَكُونُوا	0.67	0.99	rec	2238.54	2239.42
73	3	فِتْنَةٌۭ	فِتْنَةٌ	1.00	1.00	rec	2239.62	2240.34
73	4	فَعَمُوا۟	فَعَمُوا	1.00	0.96	rec	2241.02	2241.58
73	5	وَصَمُّوا۟	وَصَمُّوثُ	0.80	0.92	rec	2241.82	2243.46
73	6	ثُمَّ	مَّ	0.50	1.00	rec	2244.02	2244.12
73	7	تَابَ	تَابَ	1.00	1.00	rec	2244.32	2244.84
73	8	ٱللَّهُ	اللَّهُ	1.00	1.00	rec	2244.92	2245.72
73	9	عَلَيْهِمْ	عَلَيْهِمْ	1.00	0.99	rec	2245.88	2246.88
73	10	ثُمَّ	ثُمَ	1.00	0.96	rec	2247.00	2247.38
73	11	عَمُوا۟	مَعَهُوا	0.60	0.94	rec	2247.70	2248.30
73	12	وَصَمُّوا۟	وَصَمُّوا	1.00	0.99	rec	2248.58	2249.44
73	13	كَثِيرٌۭ	كَثِيرٌ	1.00	1.00	rec	2249.86	2250.54
73	14	مِّنْهُمْۚ	مِنْهُمْ	1.00	1.00	rec	2251.16	2252.02
73	15	وَٱللَّهُ	وَاللَّهُ	1.00	0.99	rec	2253.02	2253.80
73	16	بَصِيرٌۢ	بَصِيرٌ	1.00	0.97	rec	2254.00	2254.74
73	17	بِمَا	بِمَا	1.00	1.00	rec	2255.30	2255.62
73	18	يَعْمَلُونَ	يَعْمَلُونَ	1.00	0.97	rec	2256.00	2257.32
74	0	لَقَدْ	لَقَدْ	1.00	0.78	rec	2259.30	2259.76
74	1	كَفَرَ	كَفَرَ	1.00	0.97	rec	2259.94	2260.36
74	2	ٱلَّذِينَ	الَّذِينَ	1.00	0.98	rec	2260.44	2261.30
74	3	قَالُوٓا۟	قَالُوا	1.00	0.87	rec	2261.52	2262.20
74	4	إِنَّ	إِنَّ	1.00	0.98	rec	2262.64	2263.74
74	5	ٱللَّهَ	اللَّهَ	1.00	1.00	rec	2263.80	2264.72
74	6	هُوَ	هُوَ	1.00	1.00	rec	2264.92	2265.18
74	7	ٱلْمَسِيحُ	الْمَسِيحُ	1.00	1.00	rec	2265.24	2266.34
74	8	ٱبْنُ	ابْنُ	1.00	0.83	rec	2266.42	2266.74
74	9	مَرْيَمَۖ	مَرْيَمَ	1.00	0.99	rec	2266.98	2267.70
74	10	وَقَالَ	وَقَالَ	1.00	1.00	rec	2268.74	2269.46
74	11	ٱلْمَسِيحُ	الْمَسِيحُ	1.00	1.00	rec	2269.52	2270.54
74	12	يَٰبَنِىٓ	يَا+بَنِي	1.00	1.00	rec	2270.70	2271.52
74	13	إِسْرَٰٓءِيلَ	إِسْرَائِيلَ	0.86	1.00	rec	2271.90	2274.90
74	14	ٱعْبُدُوا۟	اعْبُدُوا	1.00	0.97	rec	2274.94	2275.54
74	15	ٱللَّهَ	اللَّهَ	1.00	1.00	rec	2275.58	2276.38
74	16	رَبِّى	رَبِّي	1.00	1.00	rec	2276.52	2277.00
74	17	وَرَبَّكُمْۖ	وَرَبَّكُمْ	1.00	1.00	rec	2277.48	2278.84
74	18	إِنَّهُۥ	إِنَّهُ	1.00	1.00	rec	2279.60	2281.04
74	19	مَن	مَنْ	1.00	1.00	rec	2281.44	2282.02
74	20	يُشْرِكْ	يُشْرِكْ	1.00	1.00	rec	2282.06	2282.68
74	21	بِٱللَّهِ	بِاللَّهِ	1.00	1.00	rec	2282.76	2283.78
74	22	فَقَدْ	فَقَدْ	1.00	1.00	rec	2283.98	2284.54
74	23	حَرَّمَ	حَرَّبَ	0.67	0.95	rec	2284.78	2285.38
74	24	ٱللَّهُ	اللَّهُ	1.00	1.00	rec	2285.44	2286.22
74	25	عَلَيْهِ	عَلَيْهِ	1.00	1.00	rec	2286.38	2287.16
74	26	ٱلْجَنَّةَ	الْجَنَّةِ	1.00	0.97	rec	2287.36	2288.74
74	27	وَمَأْوَىٰهُ	وَمَأْوَاهُ	0.86	1.00	rec	2289.52	2290.46
74	28	ٱلنَّارُۖ	النَّارُ	1.00	0.96	rec	2290.54	2291.78
74	29	وَمَا	وَمَا	1.00	1.00	rec	2291.88	2292.22
74	30	لِلظَّٰلِمِينَ	لِلظَّالِمِينَ	1.00	1.00	rec	2292.52	2293.96
74	31	مِنْ	مِن	1.00	0.99	rec	2294.08	2294.36
74	32	أَنصَارٍۢ		0.00	0.13	forced	2294.44	2296.98
75	0	لَّقَدْ	لَقَدْ	1.00	1.00	rec	2297.90	2298.38
75	1	كَفَرَ	كَفَرَ	1.00	1.00	rec	2298.52	2298.86
75	2	ٱلَّذِينَ	الَّذِينَ	1.00	1.00	rec	2298.94	2299.62
75	3	قَالُوٓا۟	قَالُوا⌐	0.71	0.89	rec	2299.80	2300.27
75	4	إِنَّ	قَالُوا¬	0.71	0.89	rec	2300.27	2300.46
75	5	ٱللَّهَ	اللَّهَ	1.00	1.00	rec	2301.70	2302.28
75	6	ثَالِثُ	ثَالِفُ	0.75	0.89	rec	2302.46	2303.28
75	7	ثَلَٰثَةٍۢۘ	ثَلَاثَةٌ	1.00	0.92	rec	2303.48	2304.36
75	8	وَمَا	وَمَا	1.00	0.86	rec	2305.10	2305.42
75	9	مِنْ	مِنْ	1.00	1.00	rec	2305.70	2305.98
75	10	إِلَٰهٍ	إِلَـٰهٍ	1.00	1.00	rec	2306.04	2306.82
75	11	إِلَّآ	إِلَّا	1.00	0.99	rec	2307.08	2307.56
75	12	إِلَٰهٌۭ	إِلَـٰهٌ	1.00	0.91	rec	2307.94	2308.82
75	13	وَٰحِدٌۭۚ	وَاحِدٌ	1.00	1.00	rec	2309.46	2310.30
75	14	وَإِن	وَإِنْ	1.00	1.00	rec	2311.10	2311.58
75	15	لَّمْ	لَمْ	1.00	1.00	rec	2311.66	2311.94
75	16	يَنتَهُوا۟	يَنْتَهُوا	1.00	0.99	rec	2312.04	2313.34
75	17	عَمَّا	عَمَّا	1.00	1.00	rec	2313.84	2314.78
75	18	يَقُولُونَ	يَقُولُونَ	1.00	1.00	rec	2315.00	2316.14
75	19	لَيَمَسَّنَّ	لَيَمَسَّنَّ	1.00	1.00	rec	2316.26	2317.76
75	20	ٱلَّذِينَ	الَّذِينَ	1.00	0.96	rec	2317.82	2318.58
75	21	كَفَرُوا۟	كَفَرُوا	1.00	1.00	rec	2318.76	2319.30
75	22	مِنْهُمْ	مِنْهُمْ	1.00	1.00	rec	2319.62	2320.36
75	23	عَذَابٌ	عَذَابٌ	1.00	1.00	rec	2320.44	2321.28
75	24	أَلِيمٌ	أَلِيمٌ	1.00	1.00	rec	2321.62	2322.84
76	0	أَفَلَا	أَفَلَا	1.00	1.00	rec	2323.60	2324.14
76	1	يَتُوبُونَ	يَتُوبُونَ	1.00	1.00	rec	2324.50	2325.72
76	2	إِلَى	إِلَى	1.00	1.00	rec	2325.88	2326.14
76	3	ٱللَّهِ	اللَّهِ	1.00	1.00	rec	2326.18	2326.94
76	4	وَيَسْتَغْفِرُونَهُۥۚ	وَيَسْتَغْفِرُونَهُ	1.00	1.00	rec	2327.10	2329.14
76	5	وَٱللَّهُ	وَاللَّهُ	1.00	1.00	rec	2329.94	2330.78
76	6	غَفُورٌۭ	غَفُورٌ	1.00	1.00	rec	2330.94	2331.82
76	7	رَّحِيمٌۭ		0.00	0.06	forced	2331.82	2334.58
77	0	مَّا	مَا	1.00	1.00	rec	2334.58	2334.66
77	1	ٱلْمَسِيحُ	الْمَسِيحُ	1.00	1.00	rec	2334.70	2335.56
77	2	ٱبْنُ	ابْنُ	1.00	1.00	rec	2335.64	2335.94
77	3	مَرْيَمَ	مَرْيَمَ	1.00	1.00	rec	2336.10	2336.74
77	4	إِلَّا	إِلَّا	1.00	0.99	rec	2336.88	2337.36
77	5	رَسُولٌۭ	رَسُولٌ	1.00	1.00	rec	2337.64	2338.44
77	6	قَدْ	قَدْ	1.00	1.00	rec	2339.16	2339.42
77	7	خَلَتْ	خَلَتْ	1.00	1.00	rec	2339.58	2340.10
77	8	مِن	مِنْ	1.00	1.00	rec	2340.20	2341.00
77	9	قَبْلِهِ	قَبْلِهِ	1.00	1.00	rec	2341.12	2341.84
77	10	ٱلرُّسُلُ	الرُّسُلُ	1.00	1.00	rec	2341.92	2342.70
77	11	وَأُمُّهُۥ	وَأُمُّهُ	1.00	0.96	rec	2342.80	2344.16
77	12	صِدِّيقَةٌۭۖ	صِدِّيقَةٌ	1.00	1.00	rec	2344.68	2345.86
77	13	كَانَا	كَانَايَأْ	0.67	0.84	rec	2351.42	2352.70
77	14	يَأْكُلَانِ	كُلَانِ	0.67	1.00	rec	2352.96	2353.74
77	15	ٱلطَّعَامَۗ	الطَّعَامِ	1.00	1.00	rec	2353.80	2355.56
77	16	ٱنظُرْ	انْظُرْ	1.00	0.91	rec	2356.14	2357.04
77	17	كَيْفَ	كَيْفَ	1.00	1.00	rec	2357.18	2357.72
77	18	نُبَيِّنُ	نُبَيِّنُ	1.00	1.00	rec	2357.86	2358.88
77	19	لَهُمُ	لَهُمُ	1.00	1.00	rec	2359.02	2359.56
77	20	ٱلْءَايَٰتِ	الْآيَاتِ	0.86	1.00	rec	2359.64	2361.04
77	21	ثُمَّ	ثُمَّ	1.00	1.00	rec	2361.24	2361.98
77	22	ٱنظُرْ	انْظُرْ	1.00	1.00	rec	2362.04	2362.92
77	23	أَنَّىٰ		0.00	0.32	forced	2362.98	2363.68
77	24	يُؤْفَكُونَ	فَكُونُ	0.67	0.87	rec	2364.44	2365.80
78	0	قُلْ	قُلْ	1.00	1.00	rec	2366.58	2366.84
78	1	أَتَعْبُدُونَ	أَتَعْبُدُونَ	1.00	1.00	rec	2366.94	2368.00
78	2	مِن	مِنْ	1.00	0.94	rec	2368.14	2368.64
78	3	دُونِ	دُونِ	1.00	1.00	rec	2368.74	2369.18
78	4	ٱللَّهِ	اللَّهِ	1.00	1.00	rec	2369.24	2369.98
78	5	مَا	مَا	1.00	1.00	rec	2370.16	2370.30
78	6	لَا	لَا	1.00	1.00	rec	2370.60	2370.72
78	7	يَمْلِكُ	يَمْلِكُ	1.00	1.00	rec	2371.00	2371.68
78	8	لَكُمْ	لَكُمْ	1.00	1.00	rec	2371.80	2372.34
78	9	ضَرًّۭا		0.00	0.17	forced	2372.70	2372.86
78	10	وَلَا	وَلَا	1.00	1.00	rec	2373.60	2373.88
78	11	نَفْعًۭاۚ	نَفْعٌ+حَا	0.80	0.93	rec	2374.20	2374.78
78	12	وَٱللَّهُ	وَاللَّهِ	1.00	0.99	rec	2375.54	2376.30
78	13	هُوَ	هُوَ	1.00	1.00	rec	2376.54	2376.76
78	14	ٱلسَّمِيعُ	السَّمِيعُ	1.00	0.95	rec	2376.80	2377.98
78	15	ٱلْعَلِيمُ	الْعَلِيمُ	1.00	1.00	rec	2378.02	2378.92
79	0	قُلْ	مقُلْ	0.67	0.93	rec	2379.20	2380.32
79	1	يَٰٓأَهْلَ	يَا+أَهْلَ	1.00	1.00	rec	2380.44	2381.60
79	2	ٱلْكِتَٰبِ	الْكِتَابِ	1.00	0.95	rec	2381.64	2382.48
79	3	لَا	لَعَ	0.50	0.96	rec	2382.60	2382.86
79	4	تَغْلُوا۟	التَّغْلُوفِ	0.57	0.94	rec	2382.96	2384.06
79	5	فِى	ْدِينِكُمْ⌐	0.71	0.95	rec	2384.34	2384.70
79	6	دِينِكُمْ	ْدِينِكُمْ¬	0.71	0.95	rec	2384.70	2385.60
79	7	غَيْرَ	غَيْرَ	1.00	1.00	rec	2385.72	2386.10
79	8	ٱلْحَقِّ	الْحَقِّ	1.00	0.99	rec	2386.14	2386.68
79	9	وَلَا	وَلَا	1.00	1.00	rec	2387.70	2388.00
79	10	تَتَّبِعُوٓا۟	تَتَّبِعُوا	1.00	0.92	rec	2388.32	2389.16
79	11	أَهْوَآءَ	أَهْوَاءَ	1.00	1.00	rec	2390.00	2391.62
79	12	قَوْمٍۢ	قَوْمٍ	1.00	1.00	rec	2391.82	2392.30
79	13	قَدْ	قَضْضَلُّوا⌐	0.83	0.90	rec	2392.94	2393.22
79	14	ضَلُّوا۟	قَضْضَلُّوا¬	0.83	0.90	rec	2393.22	2393.78
79	15	مِن	مِنْ	1.00	1.00	rec	2394.14	2394.88
79	16	قَبْلُ	قَبْلُ	1.00	1.00	rec	2395.00	2395.48
79	17	وَأَضَلُّوا۟	وَأَضَلُّوا	1.00	1.00	rec	2395.64	2396.60
79	18	كَثِيرًۭا	كَثِيرًا	1.00	1.00	rec	2396.98	2397.80
79	19	وَضَلُّوا۟	وَضَلُّوا	1.00	1.00	rec	2398.34	2399.14
79	20	عَن	عَنْ	1.00	1.00	rec	2399.62	2400.16
79	21	سَوَآءِ	سَوَاءِ	1.00	1.00	rec	2400.30	2402.06
79	22	ٱلسَّبِيلِ	السَّبِيلِ	1.00	1.00	rec	2402.12	2403.50
80	0	لُعِنَ	لُعِنَ	1.00	1.00	rec	2404.46	2404.88
80	1	ٱلَّذِينَ	الَّذِينَ	1.00	1.00	rec	2404.94	2405.58
80	2	كَفَرُوا۟	كَفَرُوا	1.00	1.00	rec	2405.76	2406.24
80	3	مِنۢ	مِنْ	1.00	1.00	rec	2406.50	2406.92
80	4	بَنِىٓ	بَنِي	1.00	1.00	rec	2407.00	2407.30
80	5	إِسْرَٰٓءِيلَ	إِسْرَائِيلَ	0.86	1.00	rec	2407.82	2410.26
80	6	عَلَىٰ	عَلَىٰ	1.00	1.00	rec	2410.40	2410.74
80	7	لِسَانِ	لِسَانِ	1.00	1.00	rec	2411.00	2411.74
80	8	دَاوُۥدَ	دَاوُودَ	0.80	1.00	rec	2411.90	2412.70
80	9	وَعِيسَى	وَعِيسَى	1.00	1.00	rec	2412.82	2413.70
80	10	ٱبْنِ	ابْنِ	1.00	0.97	rec	2413.76	2414.10
80	11	مَرْيَمَۚ	مَرْيَمَ	1.00	1.00	rec	2414.30	2414.96
80	12	ذَٰلِكَ	ذَٰلِكَ	1.00	1.00	rec	2415.76	2416.54
80	13	بِمَا	بِمَا	1.00	1.00	rec	2416.68	2417.04
80	14	عَصَوا۟	عَصَوْا	1.00	1.00	rec	2417.28	2417.88
80	15	وَّكَانُوا۟	وَكَانُوا	1.00	1.00	rec	2417.98	2418.84
80	16	يَعْتَدُونَ	يَعْتَدُونَ	1.00	1.00	rec	2419.22	2421.28
81	0	كَانُوا۟	كَانُوا	1.00	1.00	rec	2422.02	2422.58
81	1	لَا	لَا	1.00	1.00	rec	2422.92	2423.04
81	2	يَتَنَاهَوْنَ	يَتَنَاهَوْنَ	1.00	1.00	rec	2423.36	2424.94
81	3	عَن	عَنْ	1.00	1.00	rec	2425.12	2425.76
81	4	مُّنكَرٍۢ	مُنْكَدٍ	0.75	0.96	rec	2425.80	2426.74
81	5	فَعَلُوهُۚ	فَعَلُو	0.80	1.00	rec	2427.38	2427.92
81	6	لَبِئْسَ	لَبِئْسَ	1.00	1.00	rec	2429.20	2429.90
81	7	مَا	مَا	1.00	1.00	rec	2430.04	2430.18
81	8	كَانُوا۟	كَانُوا	1.00	1.00	rec	2430.54	2431.16
81	9	يَفْعَلُونَ	يَفْعَلُونَ	1.00	1.00	rec	2431.52	2433.38
82	0	تَرَىٰ	تَرِي	0.75	0.85	rec	2434.00	2434.28
82	1	كَثِيرًۭا	كَثِيرًا	1.00	1.00	rec	2434.52	2435.18
82	2	مِّنْهُمْ	مِنْهُمْ	1.00	1.00	rec	2435.84	2436.46
82	3	يَتَوَلَّوْنَ	يَتَوَلَّوْنَ	1.00	1.00	rec	2436.58	2437.78
82	4	ٱلَّذِينَ	الَّذِينَ	1.00	1.00	rec	2437.84	2438.68
82	5	كَفَرُوا۟ۚ	كَفَرُوا	1.00	0.99	rec	2438.88	2439.46
82	6	لَبِئْسَ	لَبِئْسَ	1.00	1.00	rec	2440.32	2441.00
82	7	مَا	مَا	1.00	1.00	rec	2441.16	2441.28
82	8	قَدَّمَتْ	أَقَدَّمَتْ	0.80	1.00	rec	2441.48	2442.56
82	9	لَهُمْ	لَهُمْ	1.00	1.00	rec	2442.62	2443.10
82	10	أَنفُسُهُمْ	أَنْفُسُهُمْ	1.00	1.00	rec	2443.20	2445.22
82	11	أَن	أَنْ	1.00	1.00	rec	2445.30	2445.86
82	12	سَخِطَ	سَخِطَ	1.00	0.97	rec	2445.98	2446.56
82	13	ٱللَّهُ	اللَّهُ	1.00	1.00	rec	2446.64	2447.52
82	14	عَلَيْهِمْ	عَلَيْهِمْ	1.00	1.00	rec	2447.66	2448.72
82	15	وَفِى	وَفِي	1.00	1.00	rec	2453.08	2453.40
82	16	ٱلْعَذَابِ	الْعَذَابِ	1.00	1.00	rec	2453.46	2454.40
82	17	هُمْ	هُمْ	1.00	1.00	rec	2454.58	2454.92
82	18	خَٰلِدُونَ	خَالِدُونَ	1.00	1.00	rec	2455.08	2456.90
83	0	وَلَوْ	وَلَوْ	1.00	1.00	rec	2457.60	2458.08
83	1	كَانُوا۟	كَعَانُوا	0.83	0.94	rec	2458.26	2458.88
83	2	يُؤْمِنُونَ	يُؤْمِنُونَ	1.00	1.00	rec	2459.32	2460.34
83	3	بِٱللَّهِ	بِاللَّهِ	1.00	0.99	rec	2460.46	2461.30
83	4	وَٱلنَّبِىِّ	وَالنَّبِيِّ	1.00	1.00	rec	2461.42	2462.76
83	5	وَمَآ	وَمَا	1.00	1.00	rec	2462.96	2463.32
83	6	أُنزِلَ	أُنْزِلَ	1.00	1.00	rec	2463.70	2464.68
83	7	إِلَيْهِ	إِلَيْهِمَا⌐	1.00	1.00	rec	2464.82	2465.41
83	8	مَا	إِلَيْهِمَا¬	1.00	1.00	rec	2465.41	2465.70
83	9	ٱتَّخَذُوهُمْ	اتَّخَذُوهُمْ	1.00	0.99	rec	2465.74	2467.24
83	10	أَوْلِيَآءَ	أَوْلِيَاءُ	1.00	0.86	rec	2467.34	2469.38
83	11	وَلَٰكِنَّ	وَلَـٰكِنَّ	1.00	1.00	rec	2469.72	2471.46
83	12	كَثِيرًۭا	كَثِيرًا	1.00	1.00	rec	2471.64	2472.40
83	13	مِّنْهُمْ		0.00	0.00	forced	2472.96	2473.66
83	14	فَٰسِقُونَ	فَاسِقُونَ	1.00	0.96	rec	2473.80	2475.72
84	0	لَتَجِدَنَّ	لَتَجْدَنَّ	1.00	0.99	rec	2476.94	2478.52
84	1	أَشَدَّ	أَشَدَّ	1.00	1.00	rec	2478.70	2479.24
84	2	ٱلنَّاسِ	النِّاسِ	1.00	0.97	rec	2479.28	2480.42
84	3	عَدَٰوَةًۭ	عَذَاوَةً	0.80	0.94	rec	2480.56	2481.56
84	4	لِّلَّذِينَ	الَّذِينَ	0.80	1.00	rec	2482.02	2482.74
84	5	ءَامَنُوا۟	آمَنُوا	0.83	1.00	rec	2482.86	2483.52
84	6	ٱلْيَهُودَ	الْيَهُودَ	1.00	0.99	rec	2483.58	2484.54
84	7	وَٱلَّذِينَ	وَالَّذِينَ	1.00	1.00	rec	2484.64	2485.62
84	8	أَشْرَكُوا۟ۖ	أَشْرَكُوا	1.00	0.99	rec	2485.76	2486.56
84	9	وَلَتَجِدَنَّ	وَلَتَجِدَنَّ	1.00	1.00	rec	2487.88	2489.60
84	10	أَقْرَبَهُم	أَقْرَبَهُمْ	1.00	1.00	rec	2489.74	2491.26
84	11	مَّوَدَّةًۭ	مَوَدَّةً	1.00	1.00	rec	2491.32	2492.24
84	12	لِّلَّذِينَ	لِلَّذِينَ	1.00	1.00	rec	2492.58	2493.54
84	13	ءَامَنُوا۟	آمَنُوا	0.83	1.00	rec	2493.68	2494.40
84	14	ٱلَّذِينَ	الَّذِينَ	1.00	0.98	rec	2494.46	2495.24
84	15	قَالُوٓا۟	قَالُوا	1.00	0.99	rec	2495.44	2496.00
84	16	إِنَّا	إِنَّا	1.00	0.91	rec	2496.34	2497.22
84	17	نَصَٰرَىٰۚ	نَصَارِيِ	0.83	0.94	rec	2497.54	2498.90
84	18	ذَٰلِكَ	ذَٰلِكَ	1.00	1.00	rec	2499.66	2500.32
84	19	بِأَنَّ	بِأَنَّ	1.00	0.97	rec	2500.44	2501.52
84	20	مِنْهُمْ	مِنْهُمْ	1.00	1.00	rec	2501.62	2502.34
84	21	قِسِّيسِينَ	قِسِّيسينَ	1.00	0.99	rec	2502.52	2503.94
84	22	وَرُهْبَانًۭا	وَرُهْبَانًا	1.00	1.00	rec	2504.08	2505.42
84	23	وَأَنَّهُمْ	وَأَنَّهُمْ	1.00	0.99	rec	2506.10	2507.62
84	24	لَا	لَا	1.00	1.00	rec	2507.70	2507.82
84	25	يَسْتَكْبِرُونَ	رِسْطٌ+َكْبِرُو	0.62	0.75	rec	2508.22	2509.34
85	0	وَإِذَا	وَإِذَا	1.00	1.00	rec	2512.12	2512.66
85	1	سَمِعُوا۟	سَمِعُوا	1.00	1.00	rec	2512.98	2513.56
85	2	مَآ	مَا	1.00	1.00	rec	2513.88	2514.00
85	3	أُنزِلَ	أُنْزِلَ	1.00	1.00	rec	2514.26	2515.28
85	4	إِلَى	إِلَى	1.00	1.00	rec	2515.42	2515.68
85	5	ٱلرَّسُولِ	الرَّسُولِ	1.00	1.00	rec	2515.72	2516.64
85	6	تَرَىٰٓ	تَرِي	0.75	0.82	rec	2516.84	2517.16
85	7	أَعْيُنَهُمْ	أَعْيُنَهُمْ	1.00	0.96	rec	2517.54	2518.76
85	8	تَفِيضُ	تَفِيضُ	1.00	1.00	rec	2518.90	2519.74
85	9	مِنَ	مِنَ	1.00	1.00	rec	2519.90	2520.16
85	10	ٱلدَّمْعِ	الدَّمْعِ	1.00	1.00	rec	2520.22	2520.88
85	11	مِمَّا	مِمَّا	1.00	1.00	rec	2521.02	2521.84
85	12	عَرَفُوا۟	عَرَبُوا	0.80	0.94	rec	2522.08	2522.66
85	13	مِنَ	مِنَ	1.00	1.00	rec	2523.02	2523.26
85	14	ٱلْحَقِّۖ	الْحَقِّ	1.00	0.96	rec	2523.30	2523.78
85	15	يَقُولُونَ	قيَقُولُونَ	0.86	0.99	rec	2524.12	2526.22
85	16	رَبَّنَآ	رَبَّنَا	1.00	0.99	rec	2526.34	2526.90
85	17	ءَامَنَّا	آمَنَّا	0.80	1.00	rec	2527.20	2528.28
85	18	فَٱكْتُبْنَا	كُبْنَا	0.57	0.90	rec	2529.04	2529.50
85	19	مَعَ	مَعَ	1.00	1.00	rec	2529.82	2530.08
85	20	ٱلشَّٰهِدِينَ	الشَّاهِدِينَ	1.00	1.00	rec	2530.14	2531.90
86	0	وَمَا	وَمَا	1.00	1.00	rec	2532.96	2533.24
86	1	لَنَا	لَنَا	1.00	1.00	rec	2533.42	2533.70
86	2	لَا	لَا	1.00	1.00	rec	2533.98	2534.10
86	3	نُؤْمِنُ	نُؤْمِنُ	1.00	1.00	rec	2534.40	2534.96
86	4	بِٱللَّهِ	بِاللَّهِ	1.00	1.00	rec	2535.10	2535.86
86	5	وَمَا	وَمَا	1.00	1.00	rec	2535.98	2536.32
86	6	جَآءَنَا	جَاءَنَا	1.00	1.00	rec	2536.64	2538.22
86	7	مِنَ	مِنَ	1.00	1.00	rec	2538.52	2538.76
86	8	ٱلْحَقِّ	الْحَقِّ	1.00	0.96	rec	2538.80	2539.26
86	9	وَنَطْمَعُ	قِّ+وَنَطْمَعُ	0.83	0.82	rec	2539.42	2540.48
86	10	أَن	أَنْ	1.00	1.00	rec	2540.72	2541.22
86	11	يُدْخِلَنَا	يُدْخِلَنَا	1.00	1.00	rec	2541.28	2542.24
86	12	رَبُّنَا	رَبُّنَا	1.00	1.00	rec	2542.54	2543.10
86	13	مَعَ	مَعَ	1.00	1.00	rec	2543.42	2543.68
86	14	ٱلْقَوْمِ	الْقَوْمِ	1.00	1.00	rec	2543.74	2544.50
86	15	ٱلصَّٰلِحِينَ	الصَّالِحِينَ	1.00	1.00	rec	2544.56	2546.70
87	0	فَأَثَٰبَهُمُ	فَأَثَابَهُمُ	1.00	1.00	rec	2547.58	2548.90
87	1	ٱللَّهُ	اللَّهُ	1.00	0.94	rec	2548.96	2549.74
87	2	بِمَا	بِمَا	1.00	1.00	rec	2549.88	2550.22
87	3	قَالُوا۟	قَالُوا	1.00	1.00	rec	2550.52	2551.04
87	4	جَنَّٰتٍۢ	جَنَّاتٍ	1.00	1.00	rec	2551.32	2552.52
87	5	تَجْرِى	تَجْرِي	1.00	1.00	rec	2553.16	2553.66
87	6	مِن	مِنْ	1.00	1.00	rec	2553.98	2554.56
87	7	تَحْتِهَا	تَحْتِهَا	1.00	1.00	rec	2554.66	2555.26
87	8	ٱلْأَنْهَٰرُ	ال+هَارِ	0.71	0.88	rec	2555.30	2557.00
87	9	خَٰلِدِينَ	خَالِدِينَ	1.00	1.00	rec	2557.86	2558.64
87	10	فِيهَاۚ	فِيهَا	1.00	1.00	rec	2558.78	2559.26
87	11	وَذَٰلِكَ	وَذَٰلِكَ	1.00	0.98	rec	2559.58	2560.38
87	12	جَزَآءُ	جَزَاؤُل	0.60	0.95	rec	2560.52	2562.62
87	13	ٱلْمُحْسِنِينَ	سنِينَ	0.50	0.99	rec	2563.20	2564.42
88	0	وَٱلَّذِينَ	وَالَّذِينَ	1.00	0.97	rec	2565.14	2565.92
88	1	كَفَرُوا۟	كَفَرُوا	1.00	1.00	rec	2566.08	2566.56
88	2	وَكَذَّبُوا۟	وَكَذَّبُوا	1.00	1.00	rec	2566.78	2567.64
88	3	بِـَٔايَٰتِنَآ	بِآيَاتِنَا	1.00	1.00	rec	2567.88	2569.30
88	4	أُو۟لَٰٓئِكَ	أُولَـٰئِكَ	1.00	1.00	rec	2569.66	2571.44
88	5	أَصْحَٰبُ	أَصْحَابُ	1.00	1.00	rec	2571.56	2572.52
88	6	ٱلْجَحِيمِ	الْجَحِيمِ	1.00	1.00	rec	2572.58	2574.06
89	0	يَٰٓأَيُّهَا	يَا+أَيُّهَا	1.00	1.00	rec	2575.02	2576.22
89	1	ٱلَّذِينَ	الَّذِينَ	1.00	1.00	rec	2576.26	2577.06
89	2	ءَامَنُوا۟	آمَنُوا	0.83	0.99	rec	2577.20	2577.90
89	3	لَا	لَا	1.00	1.00	rec	2578.24	2578.36
89	4	تُحَرِّمُوا۟	تُحَرِّمُوا	1.00	1.00	rec	2578.66	2579.60
89	5	طَيِّبَٰتِ	طَيِّبَاتِ	1.00	1.00	rec	2579.98	2581.08
89	6	مَآ	مَا	1.00	1.00	rec	2581.26	2581.38
89	7	أَحَلَّ	أَحَلَّ	1.00	1.00	rec	2581.76	2582.50
89	8	ٱللَّهُ	اللَّهُ	1.00	1.00	rec	2582.56	2583.38
89	9	لَكُمْ	لَكُمْ	1.00	1.00	rec	2583.52	2584.12
89	10	وَلَا	وَلَا	1.00	1.00	rec	2584.24	2584.58
89	11	تَعْتَدُوٓا۟ۚ	تَعْتَدُوا	1.00	1.00	rec	2585.02	2585.84
89	12	إِنَّ	إِنَّ	1.00	1.00	rec	2588.92	2589.70
89	13	ٱللَّهَ	اللَّهَ	1.00	1.00	rec	2589.76	2590.48
89	14	لَا	لَا	1.00	1.00	rec	2590.64	2590.76
89	15	يُحِبُّ	يُحِبُّ	1.00	1.00	rec	2591.02	2591.72
89	16	ٱلْمُعْتَدِينَ	الْمُع+عْتَدِينِ	0.89	0.80	rec	2591.80	2593.88
90	0	وَكُلُوا۟	وَكُلُوا	1.00	0.96	rec	2594.68	2595.22
90	1	مِمَّا	مِمَّا	1.00	1.00	rec	2595.50	2596.56
90	2	رَزَقَكُمُ	رَزَقَكُمُ	1.00	1.00	rec	2596.78	2597.86
90	3	ٱللَّهُ	اللَّهُ	1.00	1.00	rec	2597.94	2598.72
90	4	حَلَٰلًۭا	حَلَالًا	1.00	1.00	rec	2598.92	2599.70
90	5	طَيِّبًۭاۚ	طِيِّبًا	1.00	0.91	rec	2600.60	2601.20
90	6	وَٱتَّقُوا۟	وَاتَّقُوا	1.00	0.99	rec	2602.26	2602.84
90	7	ٱللَّهَ	اللَّهَ	1.00	1.00	rec	2602.90	2603.64
90	8	ٱلَّذِىٓ	الَّذِي	1.00	1.00	rec	2603.72	2604.26
90	9	أَنتُم	أَنْتُمْ	1.00	1.00	rec	2604.62	2606.34
90	10	بِهِۦ	بِهِ	1.00	1.00	rec	2606.42	2606.74
90	11	مُؤْمِنُونَ	مُؤْمِنُونَ	1.00	0.96	rec	2607.24	2608.56
91	0	لَا	لَا	1.00	1.00	rec	2610.06	2610.18
91	1	يُؤَاخِذُكُمُ	يُؤَاخِذُكُمُ	1.00	0.96	rec	2610.40	2611.82
91	2	ٱللَّهُ		0.00	0.23	forced	2611.90	2612.58
91	3	بِٱللَّغْوِ	بِاللَّغْوِفِ	0.86	0.89	rec	2612.74	2613.84
91	4	فِىٓ	فِي	1.00	0.66	rec	2613.96	2614.06
91	5	أَيْمَٰنِكُمْ	أَيْمَانِكُمْ	1.00	1.00	rec	2614.74	2616.34
91	6	وَلَٰكِن	وَلَـٰكِنْ	1.00	1.00	rec	2617.04	2618.46
91	7	يُؤَاخِذُكُم	يُؤَاخِذُكُمْ	1.00	0.98	rec	2618.50	2620.68
91	8	بِمَا	بِمَا	1.00	1.00	rec	2620.74	2621.12
91	9	عَقَّدتُّمُ	قَدْتُمُ	0.80	1.00	rec	2621.94	2622.54
91	10	ٱلْأَيْمَٰنَۖ	الْأَيْمَانُ	1.00	1.00	rec	2622.64	2624.40
91	11	فَكَفَّٰرَتُهُۥٓ	فَكَفَّا+عرَتُهُ	0.88	0.95	rec	2625.22	2627.10
91	12	إِطْعَامُ	إِطْعَامُ	1.00	1.00	rec	2628.02	2628.86
91	13	عَشَرَةِ	عَشَرَةِ	1.00	1.00	rec	2629.00	2629.82
91	14	مَسَٰكِينَ	مَسَاكِهِينٍ	0.86	0.98	rec	2629.98	2632.14
91	15	مِنْ	مِنْ	1.00	1.00	rec	2632.94	2633.26
91	16	أَوْسَطِ	أَوْ+سَطِ	1.00	1.00	rec	2633.34	2634.14
91	17	مَا	مَا	1.00	1.00	rec	2634.34	2634.46
91	18	تُطْعِمُونَ	تُقْعِمُونَ	0.83	1.00	rec	2634.90	2635.96
91	19	أَهْلِيكُمْ	أَهْلِيكُمْ	1.00	1.00	rec	2636.08	2637.34
91	20	أَوْ	أَوْ	1.00	0.96	rec	2637.46	2637.68
91	21	كِسْوَتُهُمْ	كِسْوَتُوهُمْ	0.86	0.95	rec	2637.82	2639.14
91	22	أَوْ	أَوْ	1.00	1.00	rec	2639.26	2639.46
91	23	تَحْرِيرُ	تَهْرِيرُ	0.80	0.99	rec	2639.60	2640.50
91	24	رَقَبَةٍۢۖ	رَقَبَةٍ	1.00	1.00	rec	2640.64	2641.42
91	25	فَمَن	فَمَنْ	1.00	1.00	rec	2642.18	2642.62
91	26	لَّمْ	لَمْ	1.00	1.00	rec	2642.68	2642.96
91	27	يَجِدْ	يَجِدْ	1.00	1.00	rec	2643.06	2643.58
91	28	فَصِيَامُ	فَصِيَعَمُ	0.80	0.92	rec	2643.76	2644.70
91	29	ثَلَٰثَةِ	ثَلَاثَةِ	1.00	1.00	rec	2644.92	2646.06
91	30	أَيَّامٍۢۚ	أَيَّام	1.00	1.00	rec	2646.22	2647.34
91	31	ذَٰلِكَ	ذَٰلِكَ	1.00	0.93	rec	2648.14	2648.92
91	32	كَفَّٰرَةُ		0.00	0.35	forced	2649.12	2650.48
91	33	أَيْمَٰنِكُمْ	أَيْمَانِكُمْ	1.00	1.00	rec	2650.64	2652.06
91	34	إِذَا	إِذَا	1.00	1.00	rec	2652.18	2652.50
91	35	حَلَفْتُمْۚ	حَلْفَ+تُمْ	1.00	0.79	rec	2652.78	2653.84
91	36	وَٱحْفَظُوٓا۟	وَاحْفَظُوا	1.00	1.00	rec	2654.34	2654.92
91	37	أَيْمَٰنَكُمْۚ	أَيْمَانَكُمْ	1.00	1.00	rec	2655.74	2657.40
91	38	كَذَٰلِكَ	كَذَٰلِكَ	1.00	1.00	rec	2657.98	2658.96
91	39	يُبَيِّنُ	يُبَيِّنُ	1.00	1.00	rec	2659.10	2660.08
91	40	ٱللَّهُ	اللَّهُ	1.00	1.00	rec	2660.16	2661.00
91	41	لَكُمْ	لَكُمْ	1.00	1.00	rec	2661.12	2661.76
91	42	ءَايَٰتِهِۦ	آيَاتِهِ	0.83	1.00	rec	2661.88	2662.94
91	43	لَعَلَّكُمْ	لَعَلَّكُمْ	1.00	0.99	rec	2663.32	2664.64
91	44	تَشْكُرُونَ	تَشْكُرُونَ	1.00	1.00	rec	2664.76	2666.82
92	0	يَٰٓأَيُّهَا	يَا+أَيُّهَا	1.00	1.00	rec	2667.98	2669.20
92	1	ٱلَّذِينَ	الَّذِينَ	1.00	1.00	rec	2669.26	2670.06
92	2	ءَامَنُوٓا۟	آعمَنُوا	0.67	0.91	rec	2670.22	2671.10
92	3	إِنَّمَا	إِنَّمَا	1.00	1.00	rec	2671.38	2672.54
92	4	ٱلْخَمْرُ	الْخَمْرُ	1.00	1.00	rec	2672.58	2673.30
92	5	وَٱلْمَيْسِرُ	وَالْمَيْسِرُ	1.00	0.98	rec	2673.44	2674.62
92	6	وَٱلْأَنصَابُ	وَالْأَنْصَابُ	1.00	1.00	rec	2674.76	2676.82
92	7	وَٱلْأَزْلَٰمُ	وَالْأَزْلَامُ	1.00	1.00	rec	2676.94	2678.28
92	8	رِجْسٌۭ	رِجْسٌ	1.00	1.00	rec	2678.42	2678.98
92	9	مِّنْ	مِنْ	1.00	1.00	rec	2679.62	2679.94
92	10	عَمَلِ	عَمَلِ	1.00	1.00	rec	2680.02	2680.50
92	11	ٱلشَّيْطَٰنِ	الشَّيْطَانِ	1.00	0.99	rec	2680.58	2681.84
92	12	فَٱجْتَنِبُوهُ	فَاجْتَنِبُوهُ	1.00	1.00	rec	2682.08	2683.92
92	13	لَعَلَّكُمْ	لَعَلَّكُمْ	1.00	1.00	rec	2686.42	2687.70
92	14	تُفْلِحُونَ	تُفْلِحُونَ	1.00	1.00	rec	2687.82	2689.70
93	0	إِنَّمَا	إِنَّمَعَ	0.75	0.95	rec	2690.38	2691.26
93	1	يُرِيدُ	يُرِيدُ	1.00	1.00	rec	2691.42	2692.20
93	2	ٱلشَّيْطَٰنُ	الشَّيْطَانُ	1.00	0.96	rec	2692.26	2693.42
93	3	أَن	أَنْ	1.00	1.00	rec	2693.62	2694.26
93	4	يُوقِعَ	يُوقِعَ	1.00	1.00	rec	2694.30	2695.04
93	5	بَيْنَكُمُ	بَيْنَكُمُ	1.00	1.00	rec	2695.20	2696.08
93	6	ٱلْعَدَٰوَةَ	الْعَذَاوَةَ	0.86	0.99	rec	2696.14	2697.44
93	7	وَٱلْبَغْضَآءَ	وَالْبَغْضَاءَ	1.00	1.00	rec	2697.54	2699.88
93	8	فِى	فِي	1.00	1.00	rec	2700.02	2700.14
93	9	ٱلْخَمْرِ	الْخَمْرِ	1.00	0.98	rec	2700.16	2700.90
93	10	وَٱلْمَيْسِرِ	وَالْمَيْسِرِ	1.00	0.97	rec	2701.04	2702.14
93	11	وَيَصُدَّكُمْ	وَيَصُدَّكُمْ	1.00	1.00	rec	2703.66	2704.98
93	12	عَن	عَنْ	1.00	1.00	rec	2705.06	2705.70
93	13	ذِكْرِ	ذِكْرِ	1.00	1.00	rec	2705.82	2706.26
93	14	ٱللَّهِ	اللَّهِ	1.00	0.94	rec	2706.32	2707.14
93	15	وَعَنِ	وَعَنِ	1.00	1.00	rec	2707.28	2707.78
93	16	ٱلصَّلَوٰةِۖ	الصَّلَاةِ	0.86	1.00	rec	2707.86	2708.88
93	17	فَهَلْ	فَهَلْ	1.00	1.00	rec	2709.10	2709.68
93	18	أَنتُم	أَنْتُمْ	1.00	1.00	rec	2709.78	2711.36
93	19	مُّنتَهُونَ	مُنْتَهُونَ	1.00	0.99	rec	2711.42	2713.66
94	0	وَأَطِيعُوا۟	وَأَطِيعُوا	1.00	0.97	rec	2714.66	2715.68
94	1	ٱللَّهَ	اللَّهَ	1.00	1.00	rec	2715.74	2716.54
94	2	وَأَطِيعُوا۟	وَأَطِيعُوا	1.00	1.00	rec	2716.74	2717.92
94	3	ٱلرَّسُولَ	الرَّسُولَ	1.00	0.99	rec	2717.96	2719.06
94	4	وَٱحْذَرُوا۟ۚ	وَاحْذَرُوا	1.00	0.96	rec	2719.20	2720.04
94	5	فَإِن	فَإِنْ	1.00	0.94	rec	2721.08	2721.82
94	6	تَوَلَّيْتُمْ	تَوَلَّيْتُمْ	1.00	1.00	rec	2721.94	2723.26
94	7	فَٱعْلَمُوٓا۟	فَاعْلَمُوا	1.00	1.00	rec	2723.38	2724.14
94	8	أَنَّمَا	أَنَّمَا	1.00	1.00	rec	2724.64	2725.50
94	9	عَلَىٰ	عَلَىٰ	1.00	1.00	rec	2725.74	2726.04
94	10	رَسُولِنَا	رَسُولِنَا	1.00	1.00	rec	2726.20	2727.04
94	11	ٱلْبَلَٰغُ	الْبَلَاغُ	1.00	1.00	rec	2727.08	2728.08
94	12	ٱلْمُبِينُ	الْمُبِينُ	1.00	1.00	rec	2728.14	2729.92
95	0	لَيْسَ	لَيْسَ	1.00	1.00	rec	2732.28	2732.76
95	1	عَلَى	عَلَى	1.00	1.00	rec	2732.88	2733.14
95	2	ٱلَّذِينَ	الَّذِينَ	1.00	1.00	rec	2733.18	2733.92
95	3	ءَامَنُوا۟	آمَنُوا	0.83	1.00	rec	2734.06	2734.72
95	4	وَعَمِلُوا۟	وَعَمِلُوا	1.00	0.99	rec	2734.92	2735.58
95	5	ٱلصَّٰلِحَٰتِ	الصَّالِحَاتِ	1.00	0.99	rec	2735.66	2737.14
95	6	جُنَاحٌۭ	جُنَاكُمْ	0.60	0.94	rec	2737.28	2738.64
95	7	فِيمَا	فِيمَا	1.00	0.99	rec	2738.78	2739.40
95	8	طَعِمُوٓا۟	طَعِمُوا	1.00	0.98	rec	2739.78	2740.28
95	9	إِذَا	إِذَا	1.00	1.00	rec	2740.66	2741.00
95	10	مَا	مَا	1.00	1.00	rec	2741.28	2741.38
95	11	ٱتَّقَوا۟	اتَّقَوْا	1.00	0.97	rec	2741.44	2742.10
95	12	وَّءَامَنُوا۟	وَآمَنُوا	0.86	1.00	rec	2742.24	2743.10
95	13	وَعَمِلُوا۟	وَعَمِلُوا	1.00	0.95	rec	2743.36	2744.04
95	14	ٱلصَّٰلِحَٰتِ	الصَ+لِحَاتٍ	0.88	0.71	rec	2744.08	2745.96
95	15	ثُمَّ	ثُمَّ	1.00	1.00	rec	2751.34	2752.12
95	16	ٱتَّقَوا۟	اتَّقَوْا	1.00	1.00	rec	2752.18	2752.88
95	17	وَّءَامَنُوا۟	وَآمَنُوا	0.86	0.99	rec	2753.02	2753.98
95	18	ثُمَّ	ثُمَّ	1.00	1.00	rec	2754.38	2755.16
95	19	ٱتَّقَوا۟	اتَّقَوْا	1.00	0.99	rec	2755.22	2755.94
95	20	وَّأَحْسَنُوا۟ۗ	وَأَحْسَنُوا	1.00	0.97	rec	2756.20	2757.20
95	21	وَٱللَّهُ	وَاللَّهُ	1.00	1.00	rec	2758.52	2759.48
95	22	يُحِبُّ	يُحِبُّ	1.00	1.00	rec	2759.62	2760.30
95	23	ٱلْمُحْسِنِينَ	الْمُحْسِنِينَ	1.00	1.00	rec	2760.38	2762.66
96	0	يَٰٓأَيُّهَا	يَا+أَيُّهَا	1.00	1.00	rec	2764.10	2765.36
96	1	ٱلَّذِينَ	الَّذِينَ	1.00	1.00	rec	2765.40	2766.24
96	2	ءَامَنُوا۟	آمَنُوا	0.83	1.00	rec	2766.40	2767.22
96	3	لَيَبْلُوَنَّكُمُ	لَيَبْلُوَنَّكُمُ	1.00	1.00	rec	2767.50	2769.66
96	4	ٱللَّهُ	اللَّهُ	1.00	1.00	rec	2769.76	2770.64
96	5	بِشَىْءٍۢ	بِشَيْءٍ	1.00	1.00	rec	2770.78	2771.60
96	6	مِّنَ	مِنَ	1.00	1.00	rec	2772.28	2772.54
96	7	ٱلصَّيْدِ	الصَّيْدِ	1.00	0.98	rec	2772.60	2773.34
96	8	تَنَالُهُۥٓ	تَنَالُهُ	1.00	0.99	rec	2773.52	2774.50
96	9	أَيْدِيكُمْ	أَيْدِيكُمْ	1.00	1.00	rec	2775.22	2776.40
96	10	وَرِمَاحُكُمْ	وَلِمَا+حُكُمْ	0.86	0.97	rec	2776.54	2778.22
96	11	لِيَعْلَمَ	لِيَعْلَمَ	1.00	0.99	rec	2779.22	2780.04
96	12	ٱللَّهُ	اللَّهُ	1.00	0.99	rec	2780.10	2780.82
96	13	مَن	مَنْ	1.00	1.00	rec	2780.96	2781.58
96	14	يَخَافُهُۥ	يَخَافُهُ	1.00	1.00	rec	2781.64	2782.68
96	15	بِٱلْغَيْبِۚ	بِالْغَيْبِ	1.00	1.00	rec	2783.04	2784.48
96	16	فَمَنِ	فَمَنِ	1.00	1.00	rec	2785.16	2785.60
96	17	ٱعْتَدَىٰ	اعْتَدَىٰ	1.00	1.00	rec	2785.64	2786.24
96	18	بَعْدَ	بَعْدَ	1.00	1.00	rec	2786.66	2787.06
96	19	ذَٰلِكَ	ذَٰلِكَ	1.00	1.00	rec	2787.20	2787.98
96	20	فَلَهُۥ	فَلَهُ	1.00	1.00	rec	2788.14	2788.68
96	21	عَذَابٌ	عَذَابٌ	1.00	1.00	rec	2789.02	2789.94
96	22	أَلِيمٌۭ	أَلِيمٌ	1.00	0.95	rec	2790.54	2791.34
97	0	يَٰٓأَيُّهَا	يَا+أَيُّهَا	1.00	1.00	rec	2792.60	2794.68
97	1	ٱلَّذِينَ	الَّذِينَ	1.00	0.99	rec	2794.74	2795.52
97	2	ءَامَنُوا۟	آمَنُوا	0.83	0.98	rec	2795.64	2796.24
97	3	لَا	لَا	1.00	1.00	rec	2796.56	2796.68
97	4	تَقْتُلُوا۟	تَقْتُلُوا	1.00	0.99	rec	2797.00	2797.74
97	5	ٱلصَّيْدَ	الصَّيْدَ	1.00	0.95	rec	2797.82	2798.50
97	6	وَأَنتُمْ	وَأَنْتُمْ	1.00	0.98	rec	2798.60	2800.02
97	7	حُرُمٌۭۚ	حُرُمَ	1.00	0.93	rec	2800.22	2800.78
97	8	وَمَن	وَمَنْ	1.00	1.00	rec	2801.60	2802.68
97	9	قَتَلَهُۥ	قَتَلَهُ	1.00	1.00	rec	2802.80	2803.54
97	10	مِنكُم	مِنْكُمْ	1.00	0.99	rec	2803.84	2805.32
97	11	مُّتَعَمِّدًۭا	مُتَعَمِّدًا	1.00	0.97	rec	2805.40	2807.16
97	12	فَجَزَآءٌۭ	فَجَزَاءُ	1.00	1.00	rec	2807.74	2809.66
97	13	مِّثْلُ	مِثْلِ	1.00	1.00	rec	2809.80	2810.24
97	14	مَا	مَا	1.00	1.00	rec	2810.44	2810.56
97	15	قَتَلَ	قَتَلَ	1.00	1.00	rec	2810.88	2811.42
97	16	مِنَ	مِنَ	1.00	1.00	rec	2811.54	2811.80
97	17	ٱلنَّعَمِ	النَّعَمِ	1.00	1.00	rec	2811.86	2813.12
97	18	يَحْكُمُ	يَحْكُمُ	1.00	1.00	rec	2814.22	2814.82
97	19	بِهِۦ	بِهِ	1.00	1.00	rec	2814.98	2815.30
97	20	ذَوَا	ذَوَاعَدْلٍ⌐	1.00	1.00	rec	2815.68	2816.20
97	21	عَدْلٍۢ	ذَوَاعَدْلٍ¬	1.00	1.00	rec	2816.20	2816.72
97	22	مِّنكُمْ	مِنْكُمْ	1.00	1.00	rec	2817.44	2818.46
97	23	هَدْيًۢا	هَدْيًا	1.00	1.00	rec	2818.56	2819.04
97	24	بَٰلِغَ	بَالِغَ	1.00	1.00	rec	2819.74	2820.68
97	25	ٱلْكَعْبَةِ	الْكَعْمَةِ	0.83	0.97	rec	2820.76	2821.80
97	26	أَوْ	أَوْ	1.00	1.00	rec	2823.28	2823.52
97	27	كَفَّٰرَةٌۭ	كَفَّارَةٌ	1.00	1.00	rec	2823.64	2824.80
97	28	طَعَامُ	طَعَامُ	1.00	1.00	rec	2825.66	2826.40
97	29	مَسَٰكِينَ	مَسَاكِيِنَ	1.00	0.89	rec	2826.56	2828.48
97	30	أَوْ	أَوْ	1.00	1.00	rec	2834.10	2834.44
97	31	عَدْلُ	عَدْلُ	1.00	1.00	rec	2834.56	2835.00
97	32	ذَٰلِكَ	ذَٰلِكَ	1.00	1.00	rec	2835.20	2836.08
97	33	صِيَامًۭا	صِيَامًا	1.00	0.97	rec	2836.26	2837.14
97	34	لِّيَذُوقَ	لِيَذُوقَ	1.00	1.00	rec	2837.42	2838.42
97	35	وَبَالَ	وَبَعلَ	0.75	0.98	rec	2838.56	2839.40
97	36	أَمْرِهِۦۗ	أَمْرِهِ	1.00	1.00	rec	2839.54	2840.18
97	37	عَفَا	عَفَا	1.00	1.00	rec	2840.92	2841.30
97	38	ٱللَّهُ	اللَّهُ	1.00	0.99	rec	2841.34	2842.18
97	39	عَمَّا	عَمَّا	1.00	1.00	rec	2842.36	2843.38
97	40	سَلَفَۚ	سَلَفَ	1.00	1.00	rec	2843.82	2844.42
97	41	وَمَنْ	وَمَنْ	1.00	1.00	rec	2845.16	2845.70
97	42	عَادَ	عَادَ	1.00	1.00	rec	2845.78	2846.34
97	43	فَيَنتَقِمُ	فَيَنْتَقِمُ	1.00	1.00	rec	2846.52	2848.18
97	44	ٱللَّهُ	اللَّهُ	1.00	1.00	rec	2848.26	2849.06
97	45	مِنْهُۗ	مِنْهُ	1.00	1.00	rec	2849.20	2849.70
97	46	وَٱللَّهُ	وَاللَّهُ	1.00	0.95	rec	2849.82	2850.76
97	47	عَزِيزٌۭ	عَزِيزٌ	1.00	1.00	rec	2850.92	2851.78
97	48	ذُو	ذُو	1.00	1.00	rec	2852.42	2852.52
97	49	ٱنتِقَامٍ	انْتِقَامٍ	1.00	0.99	rec	2852.58	2854.96
98	0	أُحِلَّ	أُحِلَّ	1.00	1.00	rec	2855.90	2856.56
98	1	لَكُمْ	لَكُمْ	1.00	1.00	rec	2856.70	2857.22
98	2	صَيْدُ	صَيْدُ	1.00	1.00	rec	2857.36	2857.80
98	3	ٱلْبَحْرِ	الْبَحْرِ	1.00	0.99	rec	2857.86	2858.56
98	4	وَطَعَامُهُۥ	وَطَعَامُهُ	1.00	1.00	rec	2858.72	2860.00
98	5	مَتَٰعًۭا	مَتَاعًا	1.00	1.00	rec	2860.36	2861.20
98	6	لَّكُمْ	لَكُمْ	1.00	1.00	rec	2861.48	2862.04
98	7	وَلِلسَّيَّارَةِۖ	وَلِلسَّيَّارَةِ	1.00	0.99	rec	2862.16	2863.84
98	8	وَحُرِّمَ	وَحُرِّمَ	1.00	0.96	rec	2864.64	2865.52
98	9	عَلَيْكُمْ	عَلَيْكُمْ	1.00	1.00	rec	2865.66	2866.62
98	10	صَيْدُ	صَيْدُ	1.00	1.00	rec	2866.76	2867.18
98	11	ٱلْبَرِّ	الْبَرِّ	1.00	1.00	rec	2867.24	2867.84
98	12	مَا	مَا	1.00	1.00	rec	2868.00	2868.12
98	13	دُمْتُمْ	دُمْتُمْ	1.00	1.00	rec	2868.46	2869.28
98	14	حُرُمًۭاۗ	حُرُمًا	1.00	1.00	rec	2869.46	2870.08
98	15	وَٱتَّقُوا۟	وَاتَّقُوا	1.00	0.98	rec	2871.06	2871.62
98	16	ٱللَّهَ	اللَّهَ	1.00	0.99	rec	2871.68	2872.46
98	17	ٱلَّذِىٓ	الَّذِي	1.00	0.98	rec	2872.52	2873.04
98	18	إِلَيْهِ	إِلَيْهِ	1.00	1.00	rec	2873.52	2874.18
98	19	تُحْشَرُونَ	تُحْشَرُونَ	1.00	1.00	rec	2874.32	2876.16
99	0	جَعَلَ	جَعَلَ	1.00	1.00	rec	2877.50	2877.92
99	1	ٱللَّهُ	اللَّهُ	1.00	1.00	rec	2877.98	2878.80
99	2	ٱلْكَعْبَةَ	الْكَعْبَةَ	1.00	1.00	rec	2878.86	2879.90
99	3	ٱلْبَيْتَ	الْبَيْتَ	1.00	1.00	rec	2879.96	2880.70
99	4	ٱلْحَرَامَ	الْحَرَامَ	1.00	1.00	rec	2880.78	2881.82
99	5	قِيَٰمًۭا	قِيَامًا	1.00	1.00	rec	2882.02	2882.74
99	6	لِّلنَّاسِ	لِلنَّاسِ	1.00	1.00	rec	2882.96	2884.36
99	7	وَٱلشَّهْرَ	وَالشَّهْرَ	1.00	1.00	rec	2884.46	2885.26
99	8	ٱلْحَرَامَ	الْحَرَامَ	1.00	0.98	rec	2885.34	2886.32
99	9	وَٱلْهَدْىَ	وَالْهَدْيَ	1.00	1.00	rec	2886.46	2887.22
99	10	وَٱلْقَلَٰٓئِدَۚ	وَالْقَلَائِدُ	1.00	0.95	rec	2887.32	2890.10
99	11	ذَٰلِكَ	ذَٰلِكَ	1.00	1.00	rec	2891.08	2891.82
99	12	لِتَعْلَمُوٓا۟	لِتَعْلَمُوا	1.00	1.00	rec	2891.94	2892.90
99	13	أَنَّ	أَنَّ	1.00	1.00	rec	2893.40	2894.18
99	14	ٱللَّهَ	اللَّهَ	1.00	0.99	rec	2894.24	2895.10
99	15	يَعْلَمُ	يَعْلَمُ	1.00	1.00	rec	2895.28	2895.94
99	16	مَا	مَا	1.00	1.00	rec	2896.10	2896.22
99	17	فِى	فِي	1.00	1.00	rec	2896.48	2896.58
99	18	ٱلسَّمَٰوَٰتِ	السَّمَاوَاتِ	1.00	1.00	rec	2896.62	2897.92
99	19	وَمَا	وَمَا	1.00	0.90	rec	2898.06	2898.40
99	20	فِى	وَالْأَرْضِ⌐	0.71	0.86	rec	2898.96	2899.15
99	21	ٱلْأَرْضِ	وَالْأَرْضِ¬	0.71	0.86	rec	2899.15	2899.64
99	22	وَأَنَّ	وَأَنَّ	1.00	1.00	rec	2900.36	2901.62
99	23	ٱللَّهَ	اللَّهَب	0.80	0.95	rec	2901.66	2902.60
99	24	بِكُلِّ	كُلِّ	0.67	1.00	rec	2902.90	2903.26
99	25	شَىْءٍ	شَيْءٍ	1.00	1.00	rec	2903.44	2904.02
99	26	عَلِيمٌ	عَلِيمٌ	1.00	0.96	rec	2904.64	2905.46
100	0	ٱعْلَمُوٓا۟	اعْلَمُوا	1.00	1.00	rec	2906.72	2907.28
100	1	أَنَّ	أَنَّ	1.00	1.00	rec	2907.58	2908.44
100	2	ٱللَّهَ	اللَّهَ	1.00	1.00	rec	2908.48	2909.16
100	3	شَدِيدُ	شَدِيدُ	1.00	1.00	rec	2909.34	2910.04
100	4	ٱلْعِقَابِ	الْعِقَابِ	1.00	1.00	rec	2910.12	2911.20
100	5	وَأَنَّ	وَأَنَّ	1.00	1.00	rec	2911.36	2912.36
100	6	ٱللَّهَ	اللَّهَ	1.00	1.00	rec	2912.40	2913.16
100	7	غَفُورٌۭ	غَفُورٌ	1.00	1.00	rec	2913.32	2914.14
100	8	رَّحِيمٌۭ	رحيم	1.00	0.81	rec	2914.46	2915.76
101	0	مَّا	مَا	1.00	1.00	rec	2916.90	2917.02
101	1	عَلَى	عَلَى	1.00	1.00	rec	2917.26	2917.54
101	2	ٱلرَّسُولِ	الرَّسُولِ	1.00	0.96	rec	2917.58	2918.58
101	3	إِلَّا	إِلَّا	1.00	1.00	rec	2918.76	2919.26
101	4	ٱلْبَلَٰغُۗ	الْبَلَاغُ	1.00	1.00	rec	2919.30	2920.82
101	5	وَٱللَّهُ	وَاللَّهُ	1.00	1.00	rec	2921.58	2922.16
101	6	يَعْلَمُ	يَعْلَمُ	1.00	1.00	rec	2922.30	2922.94
101	7	مَا	مَا	1.00	1.00	rec	2923.10	2923.22
101	8	تُبْدُونَ	تُبْدُونَ	1.00	1.00	rec	2923.68	2924.60
101	9	وَمَا	وَمَاتَ	0.75	0.88	rec	2924.74	2925.62
101	10	تَكْتُمُونَ	كُمُونَ	0.67	0.86	rec	2925.94	2927.44
102	0	قُل	قُلْ	1.00	1.00	rec	2928.36	2928.64
102	1	لَّا	لَا	1.00	1.00	rec	2928.74	2928.86
102	2	يَسْتَوِى	يَسْتَوِي	1.00	1.00	rec	2929.20	2929.90
102	3	ٱلْخَبِيثُ	الْحَبِيثُ	0.83	0.97	rec	2929.96	2931.06
102	4	وَٱلطَّيِّبُ	وَالطَّيِّبُ	1.00	0.99	rec	2931.18	2932.32
102	5	وَلَوْ	وَلَوْ	1.00	1.00	rec	2932.50	2933.04
102	6	أَعْجَبَكَ	أَعْجَبَكَ	1.00	1.00	rec	2933.18	2934.14
102	7	كَثْرَةُ	كَثْرَةُ	1.00	0.93	rec	2934.32	2935.04
102	8	ٱلْخَبِيثِۚ	الْخَبِيثِ	1.00	0.98	rec	2935.14	2937.00
102	9	فَٱتَّقُوا۟	فَاتَّقُوا	1.00	1.00	rec	2937.76	2938.36
102	10	ٱللَّهَ	اللَّهَ	1.00	0.99	rec	2938.42	2939.22
102	11	يَٰٓأُو۟لِى	يَا+أُولِي	1.00	1.00	rec	2939.42	2940.38
102	12	ٱلْأَلْبَٰبِ	الْأَلْبَابِ	1.00	1.00	rec	2940.44	2941.46
102	13	لَعَلَّكُمْ	لَعَلَّكُمْ	1.00	0.97	rec	2941.58	2942.80
102	14	تُفْلِحُونَ	لِحُون	0.67	1.00	rec	2943.40	2944.98
103	0	يَٰٓأَيُّهَا	يَا+أَيُّهَا	1.00	0.96	rec	2946.22	2947.44
103	1	ٱلَّذِينَ	الَّذِينَ	1.00	1.00	rec	2947.48	2948.28
103	2	ءَامَنُوا۟	آعمَنُوا	0.67	0.98	rec	2948.44	2949.24
103	3	لَا	لَا	1.00	1.00	rec	2949.54	2949.66
103	4	تَسْـَٔلُوا۟	تَسْأَلُوا	0.83	1.00	rec	2950.06	2950.80
103	5	عَنْ	عَنْ	1.00	1.00	rec	2951.14	2951.50
103	6	أَشْيَآءَ	أَشْيَاءَ	1.00	0.95	rec	2951.58	2953.42
103	7	إِن	إِنْ	1.00	1.00	rec	2953.56	2954.48
103	8	تُبْدَ	تُبْدَ	1.00	1.00	rec	2954.62	2955.10
103	9	لَكُمْ	لَكُمْ	1.00	1.00	rec	2955.24	2955.88
103	10	تَسُؤْكُمْ	تَسُئْ+كُمْ	0.80	0.85	rec	2956.00	2957.24
103	11	وَإِن	وَإِنْ	1.00	1.00	rec	2957.96	2958.90
103	12	تَسْـَٔلُوا۟	تَسْأَلُوا	0.83	0.93	rec	2959.02	2959.70
103	13	عَنْهَا	عَنْهَا	1.00	1.00	rec	2960.02	2960.60
103	14	حِينَ	حِينَ	1.00	1.00	rec	2961.06	2961.52
103	15	يُنَزَّلُ	يُنْزَلُ	1.00	1.00	rec	2961.62	2962.76
103	16	ٱلْقُرْءَانُ	الْقُرْآنُ	0.86	0.99	rec	2962.82	2964.10
103	17	تُبْدَ	تُبْدَ	1.00	1.00	rec	2964.32	2964.80
103	18	لَكُمْ	لَكُمْ	1.00	0.92	rec	2964.92	2965.46
103	19	عَفَا	عَفَا	1.00	1.00	rec	2965.54	2965.84
103	20	ٱللَّهُ	اللَّهُ	1.00	0.95	rec	2965.88	2966.56
103	21	عَنْهَاۗ	عَنْهَا	1.00	1.00	rec	2966.72	2967.22
103	22	وَٱللَّهُ	اللَّهُ	0.80	0.93	rec	2967.80	2968.52
103	23	غَفُورٌ	غَفُورٌ	1.00	1.00	rec	2968.64	2969.56
103	24	حَلِيمٌۭ	حَلِيم	1.00	0.97	rec	2970.00	2971.60
104	0	قَدْ	قَسَّأَلَهَا⌐	0.86	0.98	rec	2972.72	2972.98
104	1	سَأَلَهَا	قَسَّأَلَهَا¬	0.86	0.98	rec	2972.98	2973.64
104	2	قَوْمٌۭ	قَوْمٌ	1.00	1.00	rec	2973.96	2974.46
104	3	مِّن	مِنْ	1.00	1.00	rec	2974.90	2975.36
104	4	قَبْلِكُمْ	قَبْلِكُمْ	1.00	1.00	rec	2975.50	2976.42
104	5	ثُمَّ	ثُمَّ	1.00	1.00	rec	2976.58	2977.44
104	6	أَصْبَحُوا۟	أَصْبَحُوا	1.00	0.89	rec	2977.56	2978.26
104	7	بِهَا	بِهَا	1.00	1.00	rec	2978.60	2978.92
104	8	كَٰفِرِينَ	كَافِرِينَ	1.00	0.99	rec	2979.42	2981.30
105	0	مَا	مَا	1.00	1.00	rec	2982.08	2982.20
105	1	جَعَلَ	جَعَلَ	1.00	1.00	rec	2982.44	2982.88
105	2	ٱللَّهُ	اللَّهُ	1.00	1.00	rec	2982.94	2983.64
105	3	مِنۢ	مِنْ	1.00	1.00	rec	2983.76	2984.34
105	4	بَحِيرَةٍۢ	بَحِيرَةٍ	1.00	1.00	rec	2984.40	2985.38
105	5	وَلَا	وَلَا	1.00	1.00	rec	2986.08	2986.40
105	6	سَآئِبَةٍۢ	سَائِبَةٍ	1.00	1.00	rec	2986.72	2988.66
105	7	وَلَا	وَلَا	1.00	1.00	rec	2989.28	2989.62
105	8	وَصِيلَةٍۢ	وَصِيلَةٍ	1.00	1.00	rec	2989.90	2991.06
105	9	وَلَا	وَلَا	1.00	1.00	rec	2991.84	2992.16
105	10	حَامٍۢۙ	حَامٍ	1.00	1.00	rec	2992.48	2993.44
105	11	وَلَٰكِنَّ	وَلَـٰكِنَّ	1.00	0.99	rec	2994.30	2995.62
105	12	ٱلَّذِينَ	الَّذِينَ	1.00	1.00	rec	2995.68	2996.42
105	13	كَفَرُوا۟	كَفَرُوا	1.00	1.00	rec	2996.62	2997.14
105	14	يَفْتَرُونَ	يَفْتَرُونَ	1.00	1.00	rec	2997.42	2998.34
105	15	عَلَى	عَلَى	1.00	1.00	rec	2998.44	2998.70
105	16	ٱللَّهِ	اللَّهِ	1.00	0.98	rec	2998.74	2999.52
105	17	ٱلْكَذِبَۖ	الْكَذِبَ	1.00	0.95	rec	2999.72	3000.44
105	18	وَأَكْثَرُهُمْ	وَأَكْثَرُهُمْ	1.00	1.00	rec	3000.60	3001.86
105	19	لَا	لَا	1.00	1.00	rec	3001.94	3002.06
105	20	يَعْقِلُونَ	يَعْقِلُونَ	1.00	0.99	rec	3002.50	3003.80
106	0	وَإِذَا	نَّوَإِذَا	0.80	0.87	rec	3004.32	3005.92
106	1	قِيلَ	قِيلَ	1.00	1.00	rec	3006.18	3006.56
106	2	لَهُمْ	لَهُمْ	1.00	1.00	rec	3006.68	3007.12
106	3	تَعَالَوْا۟	تَعَالَوْا	1.00	0.97	rec	3007.26	3008.06
106	4	إِلَىٰ	إِلَىٰ	1.00	1.00	rec	3008.24	3008.54
106	5	مَآ	مَا	1.00	1.00	rec	3008.72	3008.84
106	6	أَنزَلَ	أَنْزَلَ	1.00	1.00	rec	3009.12	3010.50
106	7	ٱللَّهُ	اللَّهُ	1.00	0.84	rec	3010.56	3011.18
106	8	وَإِلَى		0.00	0.02	forced	3011.34	3011.80
106	9	ٱلرَّسُولِ	الرَّسُولُ	1.00	0.99	rec	3011.80	3013.30
106	10	قَالُوا۟	قَالُوا	1.00	1.00	rec	3014.04	3014.42
106	11	حَسْبُنَا	حَسْبُنَا	1.00	1.00	rec	3014.64	3015.30
106	12	مَا	مَا	1.00	1.00	rec	3015.54	3015.66
106	13	وَجَدْنَا	وَجَدْنَا	1.00	0.91	rec	3015.94	3016.66
106	14	عَلَيْهِ	عَلَيْهِ	1.00	1.00	rec	3016.86	3017.50
106	15	ءَابَآءَنَآۚ	آبَاءَنَا	0.86	1.00	rec	3017.70	3020.08
106	16	أَوَلَوْ	أَوَلَوْ	1.00	1.00	rec	3021.06	3021.54
106	17	كَانَ	كَانَ	1.00	0.94	rec	3021.68	3022.06
106	18	ءَابَآؤُهُمْ	آبَاؤُهُمْ	0.86	0.95	rec	3022.20	3024.70
106	19	لَا	لَا	1.00	0.92	rec	3024.80	3024.90
106	20	يَعْلَمُونَ	يَعْلَمُونَ	1.00	1.00	rec	3025.18	3026.06
106	21	شَيْـًۭٔا	شَيْئًا	0.75	0.95	rec	3026.24	3026.70
106	22	وَلَا	وَلَا	1.00	1.00	rec	3027.36	3027.72
106	23	يَهْتَدُونَ	يَهْتَدُونَ	1.00	1.00	rec	3028.06	3029.74
107	0	يَٰٓأَيُّهَا	يَا+أَيُّهَا	1.00	1.00	rec	3030.76	3032.06
107	1	ٱلَّذِينَ	الَّذِينَ	1.00	1.00	rec	3032.12	3032.80
107	2	ءَامَنُوا۟	آمَنُوا	0.83	0.99	rec	3032.92	3033.66
107	3	عَلَيْكُمْ	عَلَيْكُمْ	1.00	1.00	rec	3033.96	3034.90
107	4	أَنفُسَكُمْۖ	أَنْفُسَكُمْ	1.00	1.00	rec	3035.04	3036.80
107	5	لَا	لَا	1.00	1.00	rec	3036.90	3037.04
107	6	يَضُرُّكُم	يَضُرُّكُمْ	1.00	1.00	rec	3037.34	3038.78
107	7	مَّن	مَنْ	1.00	1.00	rec	3038.84	3039.44
107	8	ضَلَّ	ضَلَّ	1.00	1.00	rec	3039.52	3039.96
107	9	إِذَا	إِذَا	1.00	1.00	rec	3040.08	3040.38
107	10	ٱهْتَدَيْتُمْۚ	اهْتَدَيْتُمْ	1.00	1.00	rec	3040.42	3041.66
107	11	إِلَى	إِلَى	1.00	1.00	rec	3042.30	3042.54
107	12	ٱللَّهِ	اللَّهِ	1.00	1.00	rec	3042.58	3043.36
107	13	مَرْجِعُكُمْ	مَرْدِعُكُمْ	0.83	0.96	rec	3043.52	3044.74
107	14	جَمِيعًۭا	جَمِيعًا	1.00	1.00	rec	3044.84	3045.62
107	15	فَيُنَبِّئُكُم	فَيُنَبِّئُكُمْ	1.00	1.00	rec	3046.34	3048.52
107	16	بِمَا	بِمَا	1.00	0.97	rec	3048.58	3048.92
107	17	كُنتُمْ	كُنْتُمْ	1.00	1.00	rec	3049.26	3050.32
107	18	تَعْمَلُونَ	تَعْمَلُونَ	1.00	1.00	rec	3050.46	3052.06
108	0	يَٰٓأَيُّهَا	يَا+أَيُّهَا	1.00	1.00	rec	3053.18	3054.34
108	1	ٱلَّذِينَ	الَّذِينَ	1.00	1.00	rec	3054.40	3055.14
108	2	ءَامَنُوا۟	آعمَنُوا	0.67	0.95	rec	3055.26	3056.02
108	3	شَهَٰدَةُ	شَهَادَةُ	1.00	0.89	rec	3056.30	3057.18
108	4	بَيْنِكُمْ	بَيْنِكُمْ	1.00	1.00	rec	3057.30	3058.30
108	5	إِذَا	إِذَا	1.00	0.99	rec	3058.40	3058.74
108	6	حَضَرَ	حَضَرَ	1.00	0.98	rec	3059.06	3059.62
108	7	أَحَدَكُمُ	أَحَدَكُمُ	1.00	1.00	rec	3059.80	3060.82
108	8	ٱلْمَوْتُ	الْمَوْتُ	1.00	1.00	rec	3060.90	3061.68
108	9	حِينَ	حِينَ	1.00	1.00	rec	3061.86	3062.46
108	10	ٱلْوَصِيَّةِ	الْوَصِيَّةَ	1.00	0.99	rec	3062.52	3063.78
108	11	ٱثْنَانِ	اثْنَانِ	1.00	0.99	rec	3070.04	3070.80
108	12	ذَوَا	ذَوَاعَدْلٍ⌐	1.00	0.99	rec	3070.94	3071.42
108	13	عَدْلٍۢ	ذَوَاعَدْلٍ¬	1.00	0.99	rec	3071.42	3071.90
108	14	مِّنكُمْ	مِنْكُمْ	1.00	0.98	rec	3072.36	3073.40
108	15	أَوْ	أَوْ	1.00	1.00	rec	3073.66	3073.92
108	16	ءَاخَرَانِ	أَوْ+آخَرَانِ	0.71	1.00	rec	3077.60	3078.74
108	17	مِنْ	مِنْ	1.00	1.00	rec	3078.84	3079.12
108	18	غَيْرِكُمْ	غَيْرِكُمْ	1.00	1.00	rec	3079.20	3080.16
108	19	إِنْ	إِنْ	1.00	1.00	rec	3080.26	3080.54
108	20	أَنتُمْ	أَنْتُمْ	1.00	1.00	rec	3080.62	3081.98
108	21	ضَرَبْتُمْ	ضَرَبْتُمْ	1.00	1.00	rec	3082.06	3083.06
108	22	فِى	فِي	1.00	1.00	rec	3083.18	3083.30
108	23	ٱلْأَرْضِ	الْأَرْضِ	1.00	0.98	rec	3083.32	3084.12
108	24	فَأَصَٰبَتْكُم	فَأَصَابَتْكُمْ	1.00	1.00	rec	3084.34	3086.32
108	25	مُّصِيبَةُ	مُصِيبَةُ	1.00	1.00	rec	3086.38	3087.48
108	26	ٱلْمَوْتِۚ	الْمَوْتِ	1.00	0.99	rec	3087.54	3088.52
108	27	تَحْبِسُونَهُمَا	تَحْبِسُونَ+هُمًا	1.00	0.88	rec	3088.68	3090.38
108	28	مِنۢ	مِنْ	1.00	1.00	rec	3093.32	3094.00
108	29	بَعْدِ	بَعْدِ	1.00	1.00	rec	3094.06	3094.46
108	30	ٱلصَّلَوٰةِ	الصَّلَاةِ	0.86	0.99	rec	3094.52	3095.94
108	31	فَيُقْسِمَانِ	فَيُقْسِمَانِ	1.00	1.00	rec	3096.74	3098.08
108	32	بِٱللَّهِ	بِاللَّهِ	1.00	0.96	rec	3098.20	3099.10
108	33	إِنِ	إِنِ	1.00	1.00	rec	3099.32	3099.60
108	34	ٱرْتَبْتُمْ	ارْتَبْتُمْ	1.00	1.00	rec	3099.66	3100.74
108	35	لَا	لَا	1.00	1.00	rec	3100.82	3100.94
108	36	نَشْتَرِى	نَشْتَرِي	1.00	1.00	rec	3101.30	3101.98
108	37	بِهِۦ	بِهِ	1.00	1.00	rec	3102.30	3102.64
108	38	ثَمَنًۭا	ثَمَنًا	1.00	1.00	rec	3103.20	3103.74
108	39	وَلَوْ	وَلَوْ	1.00	1.00	rec	3104.48	3104.94
108	40	كَانَ	كَانَ	1.00	1.00	rec	3105.12	3105.84
108	41	ذَا	ذَا	1.00	1.00	rec	3106.00	3106.14
108	42	قُرْبَىٰۙ	قُرْبًا	0.80	1.00	rec	3106.52	3107.08
108	43	وَلَا	وَلَا	1.00	1.00	rec	3108.14	3108.46
108	44	نَكْتُمُ	نَكْتُمُ	1.00	1.00	rec	3108.78	3109.42
108	45	شَهَٰدَةَ	الشَهَادَةَ	0.71	0.91	rec	3109.52	3110.80
108	46	ٱللَّهِ	اللَّهِ	1.00	0.98	rec	3110.86	3111.96
108	47	إِنَّآ	إِنَّا	1.00	1.00	rec	3112.42	3113.44
108	48	إِذًۭا	إِذًا	1.00	0.99	rec	3113.84	3114.12
108	49	لَّمِنَ	لَمِنَ	1.00	1.00	rec	3114.34	3114.78
108	50	ٱلْءَاثِمِينَ	الْآثِمِينَ	0.88	0.98	rec	3114.82	3116.86
109	0	فَإِنْ	فَإِنْ	1.00	1.00	rec	3117.54	3118.04
109	1	عُثِرَ	عُثِرَ	1.00	1.00	rec	3118.12	3118.66
109	2	عَلَىٰٓ	عَلَىٰ	1.00	1.00	rec	3118.82	3119.20
109	3	أَنَّهُمَا	أَنَّهُمَا	1.00	0.95	rec	3119.48	3120.60
109	4	ٱسْتَحَقَّآ	اسْتَحَقُّ+قَىٰ	0.75	0.86	rec	3120.64	3121.68
109	5	إِثْمًۭا	إِثْمًا	1.00	0.97	rec	3122.22	3122.70
109	6	فَـَٔاخَرَانِ	فَآخَرَ+عَنِ	0.83	0.93	rec	3128.56	3129.82
109	7	يَقُومَانِ	يَقُومَانِ	1.00	0.99	rec	3129.92	3130.78
109	8	مَقَامَهُمَا	مَقَامَهُمَا	1.00	1.00	rec	3130.90	3132.00
109	9	مِنَ	مِنَ	1.00	1.00	rec	3132.24	3132.48
109	10	ٱلَّذِينَ	الَّذِينَسْدِ	0.71	0.86	rec	3132.52	3133.64
109	11	ٱسْتَحَقَّ		0.00	0.20	forced	3133.66	3134.20
109	12	عَلَيْهِمُ	عَلَيْهِمِ	1.00	0.95	rec	3134.32	3135.22
109	13	ٱلْأَوْلَيَٰنِ	الْأَوْلَى+يَانَ	0.89	0.98	rec	3135.28	3137.14
109	14	فَيُقْسِمَانِ	فَيُقْسِمَانِ	1.00	1.00	rec	3137.90	3139.18
109	15	بِٱللَّهِ	بِاللَّهِ	1.00	1.00	rec	3139.32	3140.06
109	16	لَشَهَٰدَتُنَآ	لَشَهَادَتُنَا	1.00	0.97	rec	3140.20	3141.54
109	17	أَحَقُّ	أَحَقُّ	1.00	1.00	rec	3142.12	3142.72
109	18	مِن	مِنْ	1.00	1.00	rec	3142.84	3143.34
109	19	شَهَٰدَتِهِمَا	شَهَادَتِهِمَا	1.00	1.00	rec	3143.42	3144.90
109	20	وَمَا	وَمَعْتَدَيْنَا⌐	0.80	1.00	rec	3145.22	3145.66
109	21	ٱعْتَدَيْنَآ	وَمَعْتَدَيْنَا¬	0.80	1.00	rec	3145.66	3146.70
109	22	إِنَّآ	إِنَّا	1.00	1.00	rec	3147.72	3148.58
109	23	إِذًۭا	إِذًا	1.00	0.93	rec	3149.20	3149.50
109	24	لَّمِنَ	لَمِنَ	1.00	1.00	rec	3149.74	3150.16
109	25	ٱلظَّٰلِمِينَ	الظَّالِمِينَ	1.00	1.00	rec	3150.22	3152.28
110	0	ذَٰلِكَ	ذَٰلِكَ	1.00	1.00	rec	3152.92	3153.56
110	1	أَدْنَىٰٓ	أَدْنَىٰ⌐	0.71	1.00	rec	3153.68	3154.08
110	2	أَن	أَدْنَىٰ¬	0.71	1.00	rec	3154.08	3154.24
110	3	يَأْتُوا۟	أَيَّهْ+ْتُوا	0.67	0.89	rec	3154.64	3155.82
110	4	بِٱلشَّهَٰدَةِ	بِالشَّهَادَةِ	1.00	0.98	rec	3156.14	3157.48
110	5	عَلَىٰ	عَلَىٰ	1.00	1.00	rec	3157.64	3157.96
110	6	وَجْهِهَآ	وَجْهِهَا	1.00	1.00	rec	3158.26	3159.10
110	7	أَوْ	أَوْ	1.00	1.00	rec	3159.56	3159.86
110	8	يَخَافُوٓا۟	يَخَافُونَ+أَوْ	0.75	0.92	rec	3159.94	3162.10
110	9	أَن	أَنْ	1.00	1.00	rec	3163.46	3164.16
110	10	تُرَدَّ	تُرَدَّ	1.00	1.00	rec	3164.26	3164.88
110	11	أَيْمَٰنٌۢ	أَيْمَانٌ	1.00	1.00	rec	3165.00	3165.80
110	12	بَعْدَ	بَعْدَ	1.00	1.00	rec	3166.48	3166.90
110	13	أَيْمَٰنِهِمْۗ	أَيْمَانِهِمْ	1.00	0.98	rec	3167.02	3168.56
110	14	وَٱتَّقُوا۟	وَاتَّقُوا	1.00	1.00	rec	3169.12	3169.72
110	15	ٱللَّهَ	اللَّهَ	1.00	1.00	rec	3169.80	3170.62
110	16	وَٱسْمَعُوا۟ۗ	وَاسْمَعُوا	1.00	1.00	rec	3170.76	3171.60
110	17	وَٱللَّهُ	وَاللَّهُ	1.00	1.00	rec	3172.54	3173.38
110	18	لَا	لَا	1.00	1.00	rec	3173.54	3173.66
110	19	يَهْدِى	يَهْدِي	1.00	1.00	rec	3174.04	3174.54
110	20	ٱلْقَوْمَ	الْقَوْمَ	1.00	0.99	rec	3174.58	3175.52
110	21	ٱلْفَٰسِقِينَ	الْفَاسِقِينَ	1.00	1.00	rec	3175.58	3178.00
111	0	يَوْمَ	يَوْمَ	1.00	1.00	rec	3178.78	3179.16
111	1	يَجْمَعُ	يَجْمَعُ	1.00	1.00	rec	3179.30	3179.90
111	2	ٱللَّهُ	اللَّهُ	1.00	1.00	rec	3179.98	3180.84
111	3	ٱلرُّسُلَ	الرُّسُلَ	1.00	1.00	rec	3180.92	3181.68
111	4	فَيَقُولُ	فَيَقُولُ	1.00	1.00	rec	3181.88	3182.72
111	5	مَاذَآ	مَاذَا	1.00	0.98	rec	3182.90	3183.44
111	6	أُجِبْتُمْۖ	أُجِبْتُمْ	1.00	1.00	rec	3183.96	3184.96
111	7	قَالُوا۟	قَالُوا	1.00	1.00	rec	3185.58	3186.16
111	8	لَا	لَا	1.00	1.00	rec	3186.48	3186.60
111	9	عِلْمَ	عِلْمَ	1.00	1.00	rec	3186.96	3187.44
111	10	لَنَآۖ	لَنَا	1.00	1.00	rec	3187.62	3187.96
111	11	إِنَّكَ	إِنَّكَ	1.00	1.00	rec	3188.30	3189.58
111	12	أَنتَ	أَنْتَ	1.00	1.00	rec	3189.70	3190.58
111	13	عَلَّٰمُ	عَلَّامُ	1.00	1.00	rec	3190.72	3191.76
111	14	ٱلْغُيُوبِ	الْغُيُوبِ	1.00	1.00	rec	3191.84	3193.44
112	0	إِذْ	إِذْ	1.00	1.00	rec	3194.48	3194.68
112	1	قَالَ	قَالَ	1.00	1.00	rec	3194.80	3195.22
112	2	ٱللَّهُ	اللَّهُ	1.00	1.00	rec	3195.28	3195.96
112	3	يَٰعِيسَى	يَا+عِيسَى	1.00	1.00	rec	3196.08	3197.18
112	4	ٱبْنَ	ابْنَ	1.00	0.88	rec	3197.24	3197.58
112	5	مَرْيَمَ	مَرْيَمَ	1.00	1.00	rec	3197.72	3198.34
112	6	ٱذْكُرْ	اذْكُرْ	1.00	0.99	rec	3198.40	3198.92
112	7	نِعْمَتِى	نِعْمَتِي	1.00	0.99	rec	3199.02	3199.74
112	8	عَلَيْكَ	عَلَيْكَ	1.00	1.00	rec	3200.02	3200.78
112	9	وَعَلَىٰ	وَعَلَىٰ	1.00	0.95	rec	3200.90	3201.48
112	10	وَٰلِدَتِكَ	وَالِدَتِكَ	1.00	1.00	rec	3201.84	3203.14
112	11	إِذْ	إِذْ	1.00	1.00	rec	3203.26	3203.56
112	12	أَيَّدتُّكَ	أَيَّدتُّكَ	1.00	0.94	rec	3203.62	3204.64
112	13	بِرُوحِ	بِرُوحِ	1.00	1.00	rec	3204.80	3205.58
112	14	ٱلْقُدُسِ	الْقُدُسِ	1.00	1.00	rec	3205.64	3206.50
112	15	تُكَلِّمُ	تُكَلِّمٌنَ	0.80	0.93	rec	3206.70	3208.12
112	16	ٱلنَّاسَ	انَّاسَ	0.80	0.95	rec	3208.16	3208.98
112	17	فِى	فِي	1.00	1.00	rec	3209.12	3209.22
112	18	ٱلْمَهْدِ	الْمَهْدِ	1.00	1.00	rec	3209.26	3209.96
112	19	وَكَهْلًۭاۖ	وَكَهْلًا	1.00	1.00	rec	3210.10	3210.94
112	20	وَإِذْ	وَإِذْ	1.00	1.00	rec	3212.44	3212.80
112	21	عَلَّمْتُكَ	عَلَّمْتُكَ	1.00	0.94	rec	3212.86	3213.72
112	22	ٱلْكِتَٰبَ	الْكِتَابَ	1.00	1.00	rec	3213.78	3214.88
112	23	وَٱلْحِكْمَةَ	وَالْحِكْمَةَ	1.00	1.00	rec	3214.98	3216.04
112	24	وَٱلتَّوْرَىٰةَ	وَالتَّوْرِيةَ	0.89	0.98	rec	3216.14	3217.32
112	25	وَٱلْإِنجِيلَۖ	وَالْإِنْجِيلَ	1.00	1.00	rec	3217.44	3219.86
112	26	وَإِذْ	وَإِذْ	1.00	1.00	rec	3220.60	3221.02
112	27	تَخْلُقُ	تَخْلُقُ	1.00	1.00	rec	3221.10	3221.84
112	28	مِنَ	مِنَطْ	0.67	0.95	rec	3222.02	3222.50
112	29	ٱلطِّينِ		0.00	0.32	forced	3222.52	3223.18
112	30	كَهَيْـَٔةِ		0.00	0.40	forced	3223.38	3224.42
112	31	ٱلطَّيْرِ	الضَّيْرِ	0.80	0.95	rec	3224.48	3225.30
112	32	بِإِذْنِى	بِإِذْنِي	1.00	1.00	rec	3225.48	3226.28
112	33	فَتَنفُخُ	فَتَنْفُخُ	1.00	1.00	rec	3226.62	3228.16
112	34	فِيهَا	فِيهَا	1.00	1.00	rec	3228.38	3228.88
112	35	فَتَكُونُ	فَتَكُونُ	1.00	1.00	rec	3232.98	3234.06
112	36	طَيْرًۢا	طَيْرًا	1.00	0.99	rec	3234.30	3234.90
112	37	بِإِذْنِىۖ	بِإِذْنِي	1.00	1.00	rec	3235.68	3236.44
112	38	وَتُبْرِئُ	وَتُبْرِئُ	1.00	0.98	rec	3237.34	3238.18
112	39	ٱلْأَكْمَهَ	الْأَكْمَهَ	1.00	1.00	rec	3238.28	3239.24
112	40	وَٱلْأَبْرَصَ	وَالْأَبْرَصَ	1.00	1.00	rec	3239.40	3240.66
112	41	بِإِذْنِىۖ	بِإِذْنِي	1.00	1.00	rec	3240.82	3241.54
112	42	وَإِذْ	وَإِذْ	1.00	1.00	rec	3241.84	3242.30
112	43	تُخْرِجُ	تُخْرِجُ	1.00	1.00	rec	3242.38	3243.00
112	44	ٱلْمَوْتَىٰ	الْمَوْتَع	0.71	0.93	rec	3243.08	3243.94
112	45	بِإِذْنِىۖ	بِإِذْنِي	1.00	0.93	rec	3244.50	3245.28
112	46	وَإِذْ	وَإِذْ	1.00	1.00	rec	3246.36	3246.72
112	47	كَفَفْتُ	كَفَرْتُ	0.75	0.98	rec	3246.80	3247.44
112	48	بَنِىٓ	بَنِي	1.00	1.00	rec	3247.56	3247.88
112	49	إِسْرَٰٓءِيلَ	إِسْرَائِيلَ	0.86	1.00	rec	3248.38	3250.94
112	50	عَنكَ	عَنْكَ	1.00	1.00	rec	3251.08	3252.12
112	51	إِذْ	إِنْ	0.50	1.00	rec	3252.22	3252.52
112	52	جِئْتَهُم	جِئْتَهُمْ	1.00	1.00	rec	3252.58	3253.76
112	53	بِٱلْبَيِّنَٰتِ	بِالْبَيِّنَاتِ	1.00	0.98	rec	3253.82	3255.58
112	54	فَقَالَ	فَقَالَ	1.00	1.00	rec	3256.02	3256.76
112	55	ٱلَّذِينَ	الَّذِينَ	1.00	1.00	rec	3256.82	3257.54
112	56	كَفَرُوا۟	كَفَرُوا	1.00	0.95	rec	3257.74	3258.22
112	57	مِنْهُمْ	مِنْهُمْ	1.00	1.00	rec	3258.50	3259.18
112	58	إِنْ	إِنْ	1.00	1.00	rec	3259.26	3259.56
112	59	هَٰذَآ	هَـٰذَا	1.00	1.00	rec	3259.64	3260.20
112	60	إِلَّا	إِلَّا	1.00	0.92	rec	3260.60	3261.04
112	61	سِحْرٌۭ	سِحْرٌ	1.00	1.00	rec	3261.36	3261.74
112	62	مُّبِينٌۭ	مُبِينٌ	1.00	1.00	rec	3262.36	3263.68
113	0	وَإِذْ	وَإِذْ	1.00	1.00	rec	3264.48	3264.82
113	1	أَوْحَيْتُ	أَوْحَيْتُ	1.00	1.00	rec	3264.90	3265.68
113	2	إِلَى	إِلَى	1.00	1.00	rec	3265.82	3266.08
113	3	ٱلْحَوَارِيِّۦنَ	الْحَوَارِيِّينَ	0.89	1.00	rec	3266.12	3267.86
113	4	أَنْ	أَنْ	1.00	1.00	rec	3268.02	3268.34
113	5	ءَامِنُوا۟	آمِنُوا	0.83	0.98	rec	3268.42	3269.08
113	6	بِى	بِي	1.00	1.00	rec	3269.30	3269.44
113	7	وَبِرَسُولِى	وَبِرَسُولِي	1.00	1.00	rec	3269.70	3270.94
113	8	قَالُوٓا۟	قَالُوا	1.00	0.92	rec	3271.88	3272.42
113	9	ءَامَنَّا	آمَنَّا	0.80	1.00	rec	3273.10	3274.24
113	10	وَٱشْهَدْ	وَاشْهَدْ	1.00	1.00	rec	3274.60	3275.22
113	11	بِأَنَّنَا	بِأَنَّنَا	1.00	1.00	rec	3275.34	3276.48
113	12	مُسْلِمُونَ	مُسْلِمُونَ	1.00	1.00	rec	3276.92	3278.64
114	0	إِذْ	إِذْ	1.00	1.00	rec	3279.42	3279.68
114	1	قَالَ	قَالَ	1.00	1.00	rec	3279.80	3280.32
114	2	ٱلْحَوَارِيُّونَ	الْحَوَارِيُّونَ	1.00	0.97	rec	3280.38	3282.12
114	3	يَٰعِيسَى	يَا+عِيسَى	1.00	0.91	rec	3282.26	3283.34
114	4	ٱبْنَ	ابْنَ	1.00	1.00	rec	3283.42	3283.76
114	5	مَرْيَمَ	مَرْيَمَ	1.00	1.00	rec	3283.94	3284.64
114	6	هَلْ	هَلْ	1.00	1.00	rec	3284.84	3285.18
114	7	يَسْتَطِيعُ	يَسْتَطِيعُ	1.00	1.00	rec	3285.30	3286.54
114	8	رَبُّكَ	رَبُّكَ	1.00	1.00	rec	3286.70	3287.42
114	9	أَن	أَنْ	1.00	1.00	rec	3287.60	3288.16
114	10	يُنَزِّلَ	يُنْزِلَ	1.00	1.00	rec	3288.22	3289.18
114	11	عَلَيْنَا	عَلَيْنَا	1.00	1.00	rec	3289.32	3290.04
114	12	مَآئِدَةًۭ	مَائِدَةً	1.00	0.96	rec	3290.36	3292.32
114	13	مِّنَ	مِنَ	1.00	1.00	rec	3293.28	3293.54
114	14	ٱلسَّمَآءِۖ	السَّمَاءِ	1.00	1.00	rec	3293.60	3295.74
114	15	قَالَ	قَالَ	1.00	1.00	rec	3296.56	3297.12
114	16	ٱتَّقُوا۟	اتَّقُوا	1.00	0.96	rec	3297.18	3297.72
114	17	ٱللَّهَ	اللَّهَ	1.00	1.00	rec	3297.80	3298.54
114	18	إِن	إِنْ	1.00	1.00	rec	3298.70	3299.40
114	19	كُنتُم	كُنْتُمْ	1.00	1.00	rec	3299.52	3301.02
114	20	مُّؤْمِنِينَ	مُؤْمِنِينَ	1.00	1.00	rec	3301.08	3302.80
115	0	قَالُوا۟	قَالُوا	1.00	1.00	rec	3303.54	3304.12
115	1	نُرِيدُ	نُرِيدُ	1.00	1.00	rec	3304.42	3305.06
115	2	أَن	أَنْ	1.00	1.00	rec	3305.22	3306.02
115	3	نَّأْكُلَ	نَأْكُلَ	1.00	1.00	rec	3306.10	3306.72
115	4	مِنْهَا	مِنْهَا	1.00	1.00	rec	3306.86	3307.38
115	5	وَتَطْمَئِنَّ	وَاتَطَمَئِنَّ	0.86	0.98	rec	3307.78	3309.74
115	6	قُلُوبُنَا	قُلُوبُنَا	1.00	1.00	rec	3309.96	3310.90
115	7	وَنَعْلَمَ	وَنَعْلَمَ	1.00	1.00	rec	3311.20	3312.12
115	8	أَن	أَنْقَفْ⌐	0.75	0.99	rec	3312.28	3312.86
115	9	قَدْ	أَنْقَفْ¬	0.75	0.99	rec	3312.86	3313.44
115	10	صَدَقْتَنَا	صَدَقْتَنَا	1.00	1.00	rec	3313.52	3314.58
115	11	وَنَكُونَ	وَنَكُونَ	1.00	1.00	rec	3314.90	3315.88
115	12	عَلَيْهَا	عَلَيْهَا	1.00	1.00	rec	3316.02	3316.70
115	13	مِنَ	مِنَ	1.00	1.00	rec	3317.16	3317.42
115	14	ٱلشَّٰهِدِينَ	الشَّاهِدِينَ	1.00	1.00	rec	3317.46	3319.82
116	0	قَالَ	قَالَ	1.00	0.98	rec	3320.78	3321.34
116	1	عِيسَى	عِيسَى	1.00	1.00	rec	3321.48	3322.12
116	2	ٱبْنُ	ابْنُ	1.00	1.00	rec	3322.20	3322.54
116	3	مَرْيَمَ	مَرْيَمَ	1.00	1.00	rec	3322.72	3323.36
116	4	ٱللَّهُمَّ	اللَّهُمَّ	1.00	1.00	rec	3323.44	3324.80
116	5	رَبَّنَآ	رَبَّنَا	1.00	1.00	rec	3324.92	3325.52
116	6	أَنزِلْ	أَنْزِلْ	1.00	1.00	rec	3325.90	3326.84
116	7	عَلَيْنَا	عَلَيْنَا	1.00	1.00	rec	3326.90	3327.58
116	8	مَآئِدَةًۭ	مَائِدَةً	1.00	1.00	rec	3327.94	3330.04
116	9	مِّنَ	مِنَ	1.00	1.00	rec	3330.90	3331.14
116	10	ٱلسَّمَآءِ	السَّمَاءِ	1.00	0.99	rec	3331.20	3333.22
116	11	تَكُونُ	تَكُونُ	1.00	1.00	rec	3333.40	3334.18
116	12	لَنَا	لَنَا	1.00	1.00	rec	3337.36	3337.64
116	13	عِيدًۭا	عِيدًا	1.00	1.00	rec	3337.94	3338.46
116	14	لِّأَوَّلِنَا	لِأَوَّلِنَا	1.00	0.96	rec	3338.72	3339.78
116	15	وَءَاخِرِنَا	وَآخِرِنَا	0.86	1.00	rec	3340.08	3341.34
116	16	وَءَايَةًۭ	وَآيَةً	0.80	1.00	rec	3341.58	3342.52
116	17	مِّنكَۖ	مِنْكَ	1.00	1.00	rec	3343.04	3344.18
116	18	وَٱرْزُقْنَا	وَارْزُقْنَا	1.00	1.00	rec	3344.72	3345.66
116	19	وَأَنتَ	وَأَنْتَ	1.00	1.00	rec	3346.02	3347.32
116	20	خَيْرُ	خَيْرُ	1.00	1.00	rec	3347.56	3348.10
116	21	ٱلرَّٰزِقِينَ	الرَّازِقِينَ	1.00	1.00	rec	3348.16	3350.64
117	0	قَالَ	قَالَ	1.00	1.00	rec	3351.26	3351.82
117	1	ٱللَّهُ	اللَّهُ	1.00	0.86	rec	3351.88	3352.70
117	2	إِنِّى	إِنِّي	1.00	1.00	rec	3352.90	3353.80
117	3	مُنَزِّلُهَا	مُنْزِلُهَا	1.00	1.00	rec	3354.18	3355.40
117	4	عَلَيْكُمْۖ	عَلَيْكُمْ	1.00	1.00	rec	3355.82	3356.88
117	5	فَمَن	فَمَنْ	1.00	1.00	rec	3357.38	3358.38
117	6	يَكْفُرْ	فُرْبَعْدُ⌐	0.71	1.00	rec	3358.84	3359.32
117	7	بَعْدُ	فُرْبَعْدُ¬	0.71	1.00	rec	3359.32	3359.68
117	8	مِنكُمْ	مِنْكُمْ	1.00	1.00	rec	3359.86	3361.02
117	9	فَإِنِّىٓ	فَإِنِّي	1.00	1.00	rec	3361.16	3362.34
117	10	أُعَذِّبُهُۥ	أُعَذِّبُهُ	1.00	1.00	rec	3362.80	3363.84
117	11	عَذَابًۭا	عَذَابًا	1.00	1.00	rec	3364.20	3365.08
117	12	لَّآ	لَا	1.00	1.00	rec	3367.26	3367.38
117	13	أُعَذِّبُهُۥٓ	أُعَذِّبُهُ	1.00	0.97	rec	3367.82	3369.04
117	14	أَحَدًۭا	أَحَدًا	1.00	1.00	rec	3369.70	3370.28
117	15	مِّنَ	مِنَ	1.00	1.00	rec	3371.10	3371.34
117	16	ٱلْعَٰلَمِينَ	الْعَالَمِينَ	1.00	1.00	rec	3371.40	3373.40
118	0	وَإِذْ	وَإِذْ	1.00	1.00	rec	3374.08	3374.50
118	1	قَالَ	قَالَ	1.00	1.00	rec	3374.62	3375.26
118	2	ٱللَّهُ	اللَّهُ	1.00	1.00	rec	3375.32	3376.02
118	3	يَٰعِيسَى	يَا+عِيسَى	1.00	0.97	rec	3376.16	3377.30
118	4	ٱبْنَ	ابْنَ	1.00	0.95	rec	3377.36	3377.74
118	5	مَرْيَمَ	مَرْيَمَ	1.00	1.00	rec	3377.90	3378.62
118	6	ءَأَنتَ		0.00	0.36	forced	3378.86	3380.36
118	7	قُلْتَ	قُلْتَ	1.00	1.00	rec	3380.54	3381.02
118	8	لِلنَّاسِ	لِلنَّاسِ	1.00	0.99	rec	3381.12	3382.52
118	9	ٱتَّخِذُونِى	اتَّخِذُونِي	1.00	1.00	rec	3382.58	3383.76
118	10	وَأُمِّىَ	وَأُمِّيَ	1.00	1.00	rec	3384.02	3385.34
118	11	إِلَٰهَيْنِ	إِلَىٰ+هَيْنِ	0.86	0.99	rec	3385.46	3386.62
118	12	مِن	مِنْ	1.00	1.00	rec	3386.74	3387.26
118	13	دُونِ	دُونِ	1.00	1.00	rec	3387.36	3387.82
118	14	ٱللَّهِۖ	اللَّهِ	1.00	1.00	rec	3387.86	3388.74
118	15	قَالَ	قَالَ	1.00	1.00	rec	3389.78	3390.22
118	16	سُبْحَٰنَكَ	سُبْحَانَكَ	1.00	0.99	rec	3390.40	3391.78
118	17	مَا	مَا	1.00	1.00	rec	3391.92	3392.06
118	18	يَكُونُ	يَكُونُ	1.00	1.00	rec	3392.50	3393.30
118	19	لِىٓ	لِيَ	1.00	1.00	rec	3393.46	3393.78
118	20	أَنْ	أَنْ	1.00	1.00	rec	3393.92	3394.24
118	21	أَقُولَ	أَقُولَ	1.00	0.94	rec	3394.32	3395.12
118	22	مَا	مَا	1.00	1.00	rec	3395.26	3395.38
118	23	لَيْسَ	لَيْسَ	1.00	1.00	rec	3395.74	3396.26
118	24	لِى	لِي	1.00	1.00	rec	3396.42	3396.52
118	25	بِحَقٍّۚ	بِحَقٌّ	1.00	0.87	rec	3396.82	3397.38
118	26	إِن	إِنْ	1.00	1.00	rec	3398.34	3399.20
118	27	كُنتُ	كُنْتُ	1.00	1.00	rec	3399.34	3400.26
118	28	قُلْتُهُۥ	قُلْتُهُ	1.00	1.00	rec	3400.44	3401.14
118	29	فَقَدْ	فَقَدْ	1.00	1.00	rec	3401.56	3402.12
118	30	عَلِمْتَهُۥۚ	عَلِمْتَهُ	1.00	1.00	rec	3402.26	3403.26
118	31	تَعْلَمُ	تَعْلَمُ	1.00	0.98	rec	3403.82	3404.38
118	32	مَا	مَا	1.00	1.00	rec	3404.56	3404.68
118	33	فِى	فِي	1.00	1.00	rec	3405.14	3405.28
118	34	نَفْسِى	نَفْسِي	1.00	1.00	rec	3405.66	3406.16
118	35	وَلَآ	وَلَا	1.00	1.00	rec	3406.44	3406.82
118	36	أَعْلَمُ	أَعْلَمُ	1.00	1.00	rec	3407.42	3408.02
118	37	مَا	مَا	1.00	1.00	rec	3408.18	3408.30
118	38	فِى	فِي	1.00	1.00	rec	3408.86	3409.02
118	39	نَفْسِكَۚ	نَفْسِكَ	1.00	0.97	rec	3409.34	3410.08
118	40	إِنَّكَ	إِنَّكَ	1.00	1.00	rec	3410.60	3411.82
118	41	أَنتَ	أَنْتَ	1.00	1.00	rec	3411.92	3413.04
118	42	عَلَّٰمُ	عَلَّامُ	1.00	1.00	rec	3413.18	3414.18
118	43	ٱلْغُيُوبِ	الْغُيُوبِ	1.00	0.95	rec	3414.26	3415.80
119	0	مَا	مَا	1.00	1.00	rec	3416.48	3416.60
119	1	قُلْتُ	قُلْتُ	1.00	1.00	rec	3416.86	3417.24
119	2	لَهُمْ	لَهُمْ	1.00	1.00	rec	3417.36	3417.86
119	3	إِلَّا	إِلَّا	1.00	1.00	rec	3417.94	3418.34
119	4	مَآ	مَا	1.00	1.00	rec	3418.60	3418.74
119	5	أَمَرْتَنِى	أَمَرْتَنِي	1.00	1.00	rec	3419.20	3420.12
119	6	بِهِۦٓ	بِهِ	1.00	1.00	rec	3420.56	3420.90
119	7	أَنِ	أَنِ	1.00	0.90	rec	3421.64	3421.90
119	8	ٱعْبُدُوا۟	اعْبُدُوا	1.00	1.00	rec	3421.96	3422.52
119	9	ٱللَّهَ	اللَّهَ	1.00	1.00	rec	3422.54	3423.20
119	10	رَبِّى	رَبِّي	1.00	1.00	rec	3423.32	3423.82
119	11	وَرَبَّكُمْۚ	وَرَبَّكُمْ	1.00	0.97	rec	3424.28	3425.62
119	12	وَكُنتُ	وَكُنْتُ	1.00	1.00	rec	3426.20	3427.74
119	13	عَلَيْهِمْ	عَلَيْهِمْ	1.00	0.99	rec	3427.88	3428.92
119	14	شَهِيدًۭا	شَهِيدًا	1.00	1.00	rec	3429.04	3429.88
119	15	مَّا	مَا	1.00	0.88	rec	3430.70	3430.84
119	16	دُمْتُ	دُمْتُ	1.00	1.00	rec	3431.22	3431.74
119	17	فِيهِمْۖ	فِيهِمْ	1.00	1.00	rec	3431.96	3432.94
119	18	فَلَمَّا	فَلَمَّا	1.00	0.98	rec	3433.38	3434.56
119	19	تَوَفَّيْتَنِى	تَوَفَّيْتَنِي	1.00	1.00	rec	3435.04	3436.18
119	20	كُنتَ	كُنْتَ	1.00	1.00	rec	3436.52	3437.56
119	21	أَنتَ	أَنْتَ	1.00	1.00	rec	3437.72	3438.84
119	22	ٱلرَّقِيبَ	الرَّقِيبَ	1.00	0.98	rec	3438.92	3439.94
119	23	عَلَيْهِمْۚ	عَلَيْهِمْ	1.00	0.99	rec	3440.08	3441.24
119	24	وَأَنتَ	وَأَنْتَ	1.00	1.00	rec	3441.74	3442.92
119	25	عَلَىٰ	عَلَىٰ	1.00	0.99	rec	3443.08	3443.42
119	26	كُلِّ	كُلِّ	1.00	1.00	rec	3443.86	3444.28
119	27	شَىْءٍۢ	شَيْءٍ	1.00	0.99	rec	3444.50	3445.14
119	28	شَهِيدٌ	شَهِيدٌ	1.00	1.00	rec	3445.90	3447.26
120	0	إِن	إِنْ	1.00	1.00	rec	3447.80	3448.60
120	1	تُعَذِّبْهُمْ	تُعَذِّبْهُمْ	1.00	0.99	rec	3448.72	3449.96
120	2	فَإِنَّهُمْ	فَإِنَّهُمْ	1.00	1.00	rec	3450.08	3451.64
120	3	عِبَادُكَۖ	عِبَادُكَ	1.00	1.00	rec	3451.74	3452.88
120	4	وَإِن	وَإِنْ	1.00	1.00	rec	3453.44	3454.36
120	5	تَغْفِرْ	تَغْفِرْ	1.00	0.99	rec	3454.48	3455.22
120	6	لَهُمْ	لَهُمْ	1.00	1.00	rec	3455.30	3455.80
120	7	فَإِنَّكَ	فَإِنَّكَ	1.00	1.00	rec	3455.90	3457.24
120	8	أَنتَ	أَنْتَ	1.00	1.00	rec	3457.36	3458.26
120	9	ٱلْعَزِيزُ	الْعَزِيزُ	1.00	1.00	rec	3458.32	3459.48
120	10	ٱلْحَكِيمُ	الْحَكِيمُ	1.00	0.99	rec	3459.52	3461.24
121	0	قَالَ	قَالَ	1.00	1.00	rec	3461.94	3462.58
121	1	ٱللَّهُ	اللَّهُ	1.00	1.00	rec	3462.66	3463.30
121	2	هَٰذَا	هَـٰذَا	1.00	0.98	rec	3463.46	3464.24
121	3	يَوْمُ	يَوْمُ	1.00	1.00	rec	3464.60	3464.98
121	4	يَنفَعُ	يَنْفَعُ	1.00	0.98	rec	3465.12	3466.26
121	5	ٱلصَّٰدِقِينَ	الصَّادِقِينَ	1.00	0.96	rec	3466.34	3468.04
121	6	صِدْقُهُمْۚ	صِدْقُهُمْ	1.00	1.00	rec	3468.22	3469.32
121	7	لَهُمْ	لَهُمْ	1.00	1.00	rec	3469.98	3470.44
121	8	جَنَّٰتٌۭ	جَنَّاتٌ	1.00	1.00	rec	3470.56	3472.10
121	9	تَجْرِى	تَجْرِي	1.00	1.00	rec	3472.94	3473.48
121	10	مِن	مِنْ	1.00	1.00	rec	3473.86	3474.50
121	11	تَحْتِهَا	تَحْتِهَا	1.00	1.00	rec	3474.64	3475.32
121	12	ٱلْأَنْهَٰرُ	الْأَنْهَارُ	1.00	0.99	rec	3475.38	3476.78
121	13	خَٰلِدِينَ	خَالِدِينَ	1.00	1.00	rec	3476.96	3478.04
121	14	فِيهَآ	فِيهَا	1.00	0.95	rec	3478.22	3478.78
121	15	أَبَدًۭاۚ	أَبَدًا	1.00	0.96	rec	3479.50	3480.08
121	16	رَّضِىَ	رَضِيَ	1.00	1.00	rec	3481.16	3481.58
121	17	ٱللَّهُ	اللَّهُ	1.00	1.00	rec	3481.64	3482.48
121	18	عَنْهُمْ	عَنْهُمْ	1.00	1.00	rec	3482.66	3483.38
121	19	وَرَضُوا۟	وَرَضُوا	1.00	0.95	rec	3483.48	3484.00
121	20	عَنْهُۚ	عَنْهُ	1.00	1.00	rec	3484.28	3484.78
121	21	ذَٰلِكَ	ذَٰلِكَ	1.00	1.00	rec	3484.98	3485.70
121	22	ٱلْفَوْزُ	الْفَوْزُ	1.00	0.96	rec	3485.74	3486.82
121	23	ٱلْعَظِيمُ	الْع	0.50	0.73	rec	3486.90	3487.14
122	0	لِلَّهِ	لِلَّهِ	1.00	1.00	rec	3489.60	3490.10
122	1	مُلْكُ	مُلْكُ	1.00	1.00	rec	3490.22	3490.62
122	2	ٱلسَّمَٰوَٰتِ	السَّمَاوَاتِ	1.00	1.00	rec	3490.68	3492.08
122	3	وَٱلْأَرْضِ	وَالْأَرْضِ⌐	0.67	0.98	rec	3492.18	3492.73
122	4	وَمَا	وَالْأَرْضِ¬	0.67	0.98	rec	3492.73	3493.00
122	5	فِيهِنَّۚ	فِهِنَّ	0.75	0.99	rec	3493.78	3495.22
122	6	وَهُوَ	وَهُوَ	1.00	1.00	rec	3496.08	3496.50
122	7	عَلَىٰ	عَلَىٰ	1.00	1.00	rec	3496.60	3496.90
122	8	كُلِّ	كُلِّ	1.00	0.99	rec	3497.24	3497.66
122	9	شَىْءٍۢ	شَيْءٍ	1.00	1.00	rec	3497.86	3498.38
122	10	قَدِيرٌۢ	قَدِيرٌ	1.00	0.99	rec	3499.46	3500.44

# recognised but not in the text (repeats are listed in the json)
extra			أُحِلَّتْ		1.00		21.44	22.16
extra			لَكُمْ		1.00		22.24	23.30
extra			بَهِيمَةُ		1.00		23.36	24.40
extra			الْأَنْعَامِ		1.00		24.48	25.70
extra			إِلَّا		1.00		25.84	26.36
extra			مَا		1.00		26.72	26.86
extra			يُتْلَىٰ		1.00		27.28	27.82
extra			عَلَيْكُمْ		1.00		28.12	29.18
extra			وَلَا		0.89		52.20	52.46
extra			الْقَلَائِدُ		0.97		52.50	55.20
extra			الْهَدْيَ		1.00		56.72	57.36
extra			وَلَا		0.99		57.46	57.72
extra			وَالْمُتَرَدِّيَةُ		0.98		127.58	129.30
extra			وَالنَّطِيحَةُ		0.98		129.40	131.42
extra			وَالْمُحْصَنَاتُ		1.00		241.38	242.76
extra			مِنَ		1.00		242.88	243.10
extra			الَّذِينَ		0.99		243.14	244.02
extra			أُوتُوا		0.92		244.18	244.88
extra			الْكِتَابَ		1.00		244.94	246.06
extra			مِنْ		1.00		246.22	246.94
extra			قَبْلِكُمْ		1.00		247.06	248.14
extra			جَا		1.00		314.90	315.02
extra			أَحَدٌ		1.00		315.64	316.18
extra			مِنْكُمْ		1.00		316.78	318.38
extra			مِنَ		1.00		318.46	318.72
extra			الْغَائِضِ		0.98		318.78	320.96
extra			أَوْ		1.00		321.16	321.50
extra			مَاأً		0.92		326.86	328.32
extra			فَتَيَمَمُونَ		0.97		329.28	331.40
extra			فَلَمْ		1.00		332.18	332.56
extra			تَجِدُوا		0.88		332.64	333.14
extra			إِذْ		1.00		376.98	377.28
extra			قُلْتُمْ		1.00		377.42	378.16
extra			قَوّعَامِينَ		0.92		394.84	396.32
extra			لِلَّهِ		1.00		396.44	397.56
extra			كُونُوا		0.99		399.08	399.64
extra			لَئِنْ		1.00		500.38	500.72
extra			أَقَمْتُمُ		1.00		500.78	501.56
extra			الصَّلَاةَ		0.95		501.64	502.62
extra			وَآمَنْتُمْ		1.00		512.50	514.96
extra			بِرُسُلِي		0.99		515.02	515.78
extra			وَعَزَّرْتُمُوهُمْ		1.00		516.16	518.22
extra			وَلَأُدْخِلَنَّكُمْ		0.97		532.90	535.24
extra			وَجَعَلْنَا		1.00		565.32	566.16
extra			قُلُوبَهُمْ		1.00		566.52	567.58
extra			قَاسِيَةً		1.00		567.74	568.88
extra			وَنَسُو		1.00		576.88	577.42
extra			حفُ		0.85		593.72	593.92
extra			فَنَسُو		1.00		614.04	614.64
extra			حًَّا		0.88		615.04	615.54
extra			يُبَيِّنُ		1.00		649.02	649.96
extra			لَكُمْ		1.00		650.10	650.74
extra			كَثِيرًا		1.00		650.88	651.68
extra			يُبَيِّنُ		1.00		790.92	791.82
extra			لَكُمْ		1.00		791.98	792.68
extra			عَلَىٰ		1.00		792.78	793.12
extra			فَتْرَةٍ		0.99		793.50	794.26
extra			مِنَ		1.00		795.12	795.38
extra			الرُّسُلِ		1.00		795.44	796.28
extra			أَمْبِيَاءَ		0.97		829.60	832.28
extra			وَجَعَلَكُمْ		1.00		832.40	833.74
extra			مُلُوكًا		1.00		833.80	834.56
extra			إِذْ		0.99		836.52	836.74
extra			جَعَلَ		1.00		836.84	837.30
extra			فِيكُمْ		1.00		837.50	838.36
extra			أْتِ		0.76		847.64	847.84
extra			مَا		1.00		1015.66	1015.80
extra			أَنَا		1.00		1016.20	1016.50
extra			بِبَاسِطٍ		0.98		1016.62	1017.72
extra			يَدِيَ		1.00		1018.46	1018.94
extra			إِلَيْكَ		1.00		1019.06	1019.78
extra			لِأَقْتُلَكَ		1.00		1019.92	1021.20
extra			إِنِّيَ		1.00		1021.34	1022.74
extra			أَخَافُ		1.00		1022.88	1023.74
extra			اللَّهَ		1.00		1023.82	1024.62
extra			يُقَتَّلُونَ		0.96		1147.22	1148.56
extra			أَنْ		1.00		1149.44	1150.22
extra			وَجَاهِدُوا		0.96		1198.16	1199.24
extra			فِي		1.00		1199.62	1199.76
extra			سَبِيلِهِ		1.00		1200.04	1200.98
extra			لِيَفْتَدُوا		1.00		1217.64	1218.44
extra			بِهِ		1.00		1218.74	1219.06
extra			مِنَ		0.99		1315.02	1315.24
extra			الَّذِينَ		0.99		1315.28	1316.14
extra			قَالُوا		1.00		1316.38	1317.00
extra			آمَنَّا		1.00		1317.44	1318.78
extra			بِأَفْوَاهِهِمْ		1.00		1319.14	1320.70
extra			اسْتُحْفِضُوا		0.96		1454.48	1455.44
extra			بِمَا		1.00		1456.66	1456.92
extra			وَآتَيْنَاهُ		0.99		1538.80	1540.18
extra			الْإِنْجِيلَ		1.00		1540.24	1542.02
extra			يُسَارِعُونَ		1.00		1732.48	1733.72
extra			فِيهِمْ		1.00		1733.90	1734.70
extra			فَيُصْبِحُونِ		0.98		1749.58	1750.94
extra			فَسَوْفَ		1.00		1796.44	1797.10
extra			يَأْتِ		1.00		1797.24	1797.72
extra			اللَّهُ		0.93		1797.78	1798.64
extra			بِقَوْمٍ		1.00		1798.82	1799.64
extra			يُجَاهِدُونَ		1.00		1814.70	1815.92
extra			فِي		1.00		1816.10	1816.24
extra			سَبِيلِ		1.00		1816.60	1817.40
extra			اللَّهِ		1.00		1817.46	1818.20
extra			آمَنَّا		1.00		1912.66	1913.74
extra			بِاللَّهِ		1.00		1914.08	1915.16
extra			إِلَّا		1.00		1916.14	1916.62
extra			طغُو		0.84		1951.74	1952.30
extra			ش		1.00		2032.16	2032.18
extra			لَكَفَّرْنَا		1.00		2083.28	2084.24
extra			عَنْهُمْ		1.00		2084.48	2085.12
extra			سَيِّئَاتِهِمْ		1.00		2085.24	2086.66
extra			حَتَّىٰ		1.00		2154.98	2155.38
extra			تُقِيمُوا		0.99		2155.58	2156.30
extra			التَّوْرِيةَ		0.97		2156.34	2157.30
extra			وَالْإِنْجِيلَ		1.00		2157.40	2159.04
extra			آمَنَ		1.00		2191.00	2191.66
extra			بِاللَّهِ		1.00		2191.80	2192.70
extra			وَالْيَوْمِ		1.00		2192.86	2193.72
extra			الْآخِرِ		1.00		2193.80	2195.02
extra			عصر		0.75		2294.74	2296.90
extra			ح		1.00		2332.36	2332.38
extra			وَأُمُّهُ		1.00		2347.18	2348.66
extra			صِدِّيقَةٌ		1.00		2349.10	2350.34
extra			ألنَّايُ		0.90		2362.98	2364.14
extra			ظًا		0.92		2372.76	2372.86
extra			أَنْ		1.00		2449.34	2450.10
extra			سَخِطَ		1.00		2450.22	2450.80
extra			اللَّهُ		1.00		2450.88	2451.72
extra			عَلَيْهِمْ		0.94		2451.88	2452.98
extra			وَلَا		1.00		2587.10	2587.42
extra			تَعْتَدُوا		0.99		2587.78	2588.58
extra			طَاهُ		0.87		2612.18	2612.58
extra			كَفْى		0.82		2649.12	2649.38
extra			فَاعَرَدْتُ		0.95		2649.56	2650.48
extra			فَاجْتَنِبُوهُ		1.00		2684.96	2686.26
extra			إِذَا		1.00		2746.78	2747.04
extra			مَا		1.00		2747.22	2747.30
extra			اتَّقَوْا		0.98		2747.34	2747.98
extra			وَآمَنُوا		1.00		2748.12	2749.00
extra			وَعَمِلُوا		0.99		2749.18	2749.82
extra			الصَّالِحَاتِ		1.00		2749.88	2751.18
extra			أَوْعَدْلُ		0.99		2829.28	2829.96
extra			ذَٰلِكَ		1.00		2830.10	2831.08
extra			صِيَامًا		1.00		2831.26	2832.28
extra			إِذَا		1.00		3065.12	3065.44
extra			حَضَرَ		1.00		3065.74	3066.26
extra			أَحَدَكُمُ		1.00		3066.44	3067.36
extra			الْمَوْتُ		1.00		3067.44	3068.12
extra			حِينَ		0.89		3068.32	3068.78
extra			الْوَصِيَّةِ		1.00		3068.84	3070.00
extra			آخَرَانِ		0.99		3074.02	3075.12
extra			مِنْ		1.00		3075.26	3075.54
extra			غَيْرِكُمْ		1.00		3075.64	3076.72
extra			تَحْبِسُونَهُمَعَا		0.94		3091.44	3092.94
extra			فَآخَرَانِ		0.99		3123.46	3124.94
extra			يَقُومَانِ		0.99		3125.04	3126.10
extra			مَقَامَهُمَا		1.00		3126.22	3127.48
extra			ُحِقَّ		1.00		3133.66	3134.20
extra			يَخَافُو		0.89		3162.20	3163.06
extra			دِّينِكَ		0.81		3222.66	3223.46
extra			هَيْئَتِ		0.99		3223.66	3224.42
extra			فَتَنْفُخُ		1.00		3230.04	3231.70
extra			فِيهَا		1.00		3231.90	3232.46
extra			لَنَاعِيدًا		0.96		3334.32	3335.42
extra			تَكُونُ		1.00		3336.58	3337.22
extra			يَْ		0.82		3358.42	3358.64
extra			عَذَابًا		0.99		3366.10	3366.92
extra			أَععَنْتَ		0.96		3378.86	3380.36
