group	word	mushaf	heard	sim	prob	how	t0	t1
isti	0	أَعُوذُ		0.00	0.00	spread	0.00	0.36
isti	1	بِٱللَّهِ		0.00	0.00	spread	0.36	0.71
isti	2	مِنَ		0.00	0.00	spread	0.71	1.07
isti	3	ٱلشَّيْطَٰنِ		0.00	0.00	spread	1.07	1.42
isti	4	ٱلرَّجِيمِ		0.00	0.00	spread	1.42	1.78
header	0	بِسۡمِ	بِسْمِ	1.00	1.00	rec	1.78	2.06
header	1	ٱللَّهِ	اللَّهِ	1.00	1.00	rec	2.10	2.58
header	2	ٱلرَّحۡمَٰنِ	الرَّحْمَـٰنِ	1.00	0.99	rec	2.62	3.76
header	3	ٱلرَّحِيمِ	الرَّحِيمِ	1.00	1.00	rec	3.80	5.38
1	0	الٓمٓصٓۚ	المص	1.00	1.00	rec	7.26	14.12
1	1	كِتَٰبٌ	كِتَابٌ	1.00	1.00	rec	18.52	19.12
1	2	أُنزِلَ	أُنْزِلَ	1.00	1.00	rec	19.42	20.30
1	3	إِلَيْكَ	إِلَيْكَ	1.00	1.00	rec	20.42	21.02
1	4	فَلَا	فَلَا	1.00	1.00	rec	21.16	21.48
1	5	يَكُن	يَكُنْ	1.00	1.00	rec	21.78	22.76
1	6	فِى	فِي	0.50	1.00	rec	22.88	23.02
1	7	صَدْرِكَ	صَدْرِكَ	1.00	1.00	rec	23.32	23.98
1	8	حَرَجٌۭ	حَرَجٌ	1.00	1.00	rec	24.16	24.64
1	9	مِّنْهُ	مِنْهُ	1.00	1.00	rec	25.52	25.84
1	10	لِتُنذِرَ	لِتُنْذِرَ	1.00	1.00	rec	28.30	29.78
1	11	بِهِۦ	بِهِ	0.67	1.00	rec	29.96	30.26
1	12	وَذِكْرَىٰ	وَذِكْرَىٰ	1.00	0.99	rec	30.68	31.42
1	13	لِلْمُؤْمِنِينَ	لِلْمُؤْمِنِينَ	1.00	1.00	rec	31.82	34.14
2	0	ٱتَّبِعُوا۟	اتَّبِعُوا	1.00	0.92	rec	35.84	36.56
2	1	مَآ	مَا	1.00	1.00	rec	36.90	37.02
2	2	أُنزِلَ	أُنْزِلَ	1.00	1.00	rec	37.38	38.54
2	3	إِلَيْكُم	إِلَيْكُمْ	1.00	1.00	rec	38.68	40.14
2	4	مِّن	مِنْ	1.00	1.00	rec	40.20	40.42
2	5	رَّبِّكُمْ	رَبِّكُمْ	1.00	1.00	rec	40.50	41.38
2	6	وَلَا	وَلَا	1.00	1.00	rec	41.54	41.84
2	7	تَتَّبِعُوا۟	تَتَّبِعُوا	1.00	1.00	rec	42.18	43.06
2	8	مِن	مِنْ	1.00	1.00	rec	43.40	44.14
2	9	دُونِهِۦٓ	دُونِهِ	0.80	1.00	rec	44.20	44.92
2	10	أَوْلِيَآءَۗ	أَوْلِيَاءَ	1.00	1.00	rec	45.60	47.80
2	11	قَلِيلًۭا	قَلِيلًا	1.00	1.00	rec	47.98	48.76
2	12	مَّا	مَا	1.00	1.00	rec	49.38	49.52
2	13	تَذَكَّرُونَ	تَذِّرَ+كَرُونَ	0.86	0.87	rec	49.96	52.46
3	0	وَكَم	وَكَمْ	1.00	1.00	rec	54.58	55.54
3	1	مِّن	مِنْ	1.00	1.00	rec	55.60	56.54
3	2	قَرْيَةٍ	قَرْيَةٍ	1.00	1.00	rec	56.64	57.34
3	3	أَهْلَكْنَٰهَا	أَهْلَكْنَاهَا	1.00	1.00	rec	57.70	58.96
3	4	فَجَآءَهَا	فَجَاءَهَا	1.00	1.00	rec	59.42	61.62
3	5	بَأْسُنَا	بَأْسُنَا	1.00	1.00	rec	61.98	62.72
3	6	بَيَٰتًا	بَيَاتًا	1.00	1.00	rec	62.98	63.72
3	7	أَوْ	أَوْ	1.00	1.00	rec	64.06	64.34
3	8	هُمْ	هُمْ	1.00	0.99	rec	64.44	64.84
3	9	قَآئِلُونَ	قَائِلُونَ	1.00	1.00	rec	65.02	68.00
4	0	فَمَا	فَمَا	1.00	1.00	rec	69.42	69.78
4	1	كَانَ	كَانَ	1.00	1.00	rec	70.16	70.66
4	2	دَعْوَىٰهُمْ	دَعْوَاهُمْ	0.86	1.00	rec	70.80	71.92
4	3	إِذْ	إِذْ	1.00	1.00	rec	72.02	72.30
4	4	جَآءَهُم	جَاءَهُمْ	1.00	1.00	rec	72.40	74.76
4	5	بَأْسُنَآ	بَأْسُنَا	1.00	1.00	rec	74.82	75.62
4	6	إِلَّآ	إِلَّا	1.00	1.00	rec	76.24	76.76
4	7	أَن	أَنْ	1.00	1.00	rec	77.32	78.00
4	8	قَالُوٓا۟	قَالُوا	1.00	0.98	rec	78.14	78.76
4	9	إِنَّا	إِنَّا	1.00	0.91	rec	79.32	80.24
4	10	كُنَّا	كُنَّا	1.00	0.99	rec	80.66	81.78
4	11	ظَٰلِمِينَ	ظَالِمِينَ	1.00	1.00	rec	82.12	84.02
5	0	فَلَنَسْـَٔلَنَّ	فَلَنَسْأَلَنَّ	0.86	1.00	rec	85.52	87.22
5	1	ٱلَّذِينَ	الَّذِينَ	1.00	0.96	rec	87.26	88.10
5	2	أُرْسِلَ	أُرْسِلَ	1.00	1.00	rec	88.28	88.94
5	3	إِلَيْهِمْ	إِلَيْهِمْ	1.00	1.00	rec	89.08	90.08
5	4	وَلَنَسْـَٔلَنَّ	وَلَنَسْأَلَنَّ	0.86	1.00	rec	90.18	92.22
5	5	ٱلْمُرْسَلِينَ	الْمُرْسَلِينَ	1.00	1.00	rec	92.28	94.60
6	0	فَلَنَقُصَّنَّ	فَلَنَقُصَّنَّ	1.00	1.00	rec	95.80	97.88
6	1	عَلَيْهِم	عَلَيْهِمْ	1.00	1.00	rec	98.00	99.22
6	2	بِعِلْمٍۢۖ	بِعِلْمٍ	1.00	1.00	rec	99.28	99.96
6	3	وَمَا	وَمَا	1.00	1.00	rec	100.62	100.96
6	4	كُنَّا	كُنَّا	1.00	1.00	rec	101.36	102.28
6	5	غَآئِبِينَ	غَائِبِينَ	1.00	1.00	rec	102.60	106.08
7	0	وَٱلْوَزْنُ	وَالْوَزْنُ	1.00	1.00	rec	107.32	108.20
7	1	يَوْمَئِذٍ	يَوْمَئِذٍ	1.00	1.00	rec	108.40	109.44
7	2	ٱلْحَقُّۚ	الْحَقُّ	1.00	0.95	rec	109.70	110.40
7	3	فَمَن	قفَمَنْ	0.75	0.99	rec	110.66	112.96
7	4	ثَقُلَتْ	ثَقُلَتْ	1.00	1.00	rec	113.08	113.86
7	5	مَوَٰزِينُهُۥ	مَوَازِينُهُ	0.88	1.00	rec	113.94	115.36
7	6	فَأُو۟لَٰٓئِكَ	فَأُولَـٰئِكَ	1.00	1.00	rec	115.92	118.34
7	7	هُمُ	هُمُ	1.00	1.00	rec	118.50	118.76
7	8	ٱلْمُفْلِحُونَ	الْمُفْلِحُونَ	1.00	1.00	rec	118.86	121.24
8	0	وَمَنْ	وَمَنْ	1.00	1.00	rec	122.48	123.00
8	1	خَفَّتْ	خَفَّتْ	1.00	1.00	rec	123.16	123.84
8	2	مَوَٰزِينُهُۥ	مَوَازِينُهُ	0.88	1.00	rec	123.90	125.26
8	3	فَأُو۟لَٰٓئِكَ	فَأُولَـٰئِكَ	1.00	1.00	rec	125.68	128.02
8	4	ٱلَّذِينَ	الَّذِينَ	1.00	1.00	rec	128.08	129.02
8	5	خَسِرُوٓا۟	خَسِرُوا	1.00	1.00	rec	129.24	129.86
8	6	أَنفُسَهُم	أَنْفُسَهُمْ	1.00	1.00	rec	130.38	132.38
8	7	بِمَا	بِمَا	1.00	1.00	rec	140.92	141.26
8	8	كَانُوا۟	كَانُوا	1.00	0.91	rec	141.62	142.20
8	9	بِـَٔايَٰتِنَا	بِآيَاتِنَا	1.00	1.00	rec	142.58	144.08
8	10	يَظْلِمُونَ	يَظْلِمُونَ	1.00	1.00	rec	144.60	146.68
9	0	وَلَقَدْ	وَلَقَدْ	1.00	1.00	rec	148.04	148.80
9	1	مَكَّنَّٰكُمْ	مَكَّنَّاكُمْ	1.00	1.00	rec	148.94	151.08
9	2	فِى	فِي	0.50	1.00	rec	151.20	151.32
9	3	ٱلْأَرْضِ	الْأَرْضِ	1.00	1.00	rec	151.36	152.04
9	4	وَجَعَلْنَا	وَجَعَلْنَا	1.00	1.00	rec	152.18	153.16
9	5	لَكُمْ	لَكُمْ	1.00	1.00	rec	153.52	154.16
9	6	فِيهَا	فِيهَا	1.00	1.00	rec	154.30	154.82
9	7	مَعَٰيِشَۗ	مَعَايِشَ	1.00	1.00	rec	155.34	156.40
9	8	قَلِيلًۭا	قَلِيلًا	1.00	1.00	rec	156.60	157.44
9	9	مَّا	مَا	1.00	1.00	rec	158.14	158.28
9	10	تَشْكُرُونَ	تَشْكُرُونَ	1.00	1.00	rec	158.94	161.02
10	0	وَلَقَدْ	وَلَقَدْ	1.00	1.00	rec	163.20	163.96
10	1	خَلَقْنَٰكُمْ	خَلَقْنَاكُمْ	1.00	1.00	rec	164.14	165.72
10	2	ثُمَّ	ثُمَّ	1.00	1.00	rec	165.90	166.82
10	3	صَوَّرْنَٰكُمْ	صَوَّرْنَاكُمْ	1.00	1.00	rec	167.02	168.56
10	4	ثُمَّ	ثُمَّ	1.00	0.99	rec	168.72	169.50
10	5	قُلْنَا	قُلْنَا	1.00	1.00	rec	169.70	170.24
10	6	لِلْمَلَٰٓئِكَةِ	لِلْمَلَائِكَةِ	1.00	1.00	rec	170.58	173.38
10	7	ٱسْجُدُوا۟	اسْجُدُوا	1.00	1.00	rec	173.44	174.08
10	8	لِءَادَمَ	لِآدَمَ	0.80	1.00	rec	174.38	175.40
10	9	فَسَجَدُوٓا۟	فَسَجَدُوا	1.00	1.00	rec	175.58	176.46
10	10	إِلَّآ	إِلَّا	1.00	1.00	rec	179.54	180.12
10	11	إِبْلِيسَ	إِبْلِيسَ	1.00	1.00	rec	180.80	181.78
10	12	لَمْ	لَمْ	1.00	1.00	rec	181.90	182.20
10	13	يَكُن	يَكُنْ	1.00	1.00	rec	182.28	183.36
10	14	مِّنَ	مِنَ	1.00	1.00	rec	183.42	183.66
10	15	ٱلسَّٰجِدِينَ	السَّاجِدِينَ	1.00	1.00	rec	183.70	185.96
11	0	قَالَ	قَالَ	1.00	1.00	rec	187.20	187.74
11	1	مَا	مَا	1.00	1.00	rec	187.90	188.02
11	2	مَنَعَكَ	مَنَعَكَ	1.00	1.00	rec	188.36	189.14
11	3	أَلَّا	أَلَّا	1.00	1.00	rec	189.32	189.88
11	4	تَسْجُدَ	تَسْجُدَ	1.00	1.00	rec	190.30	191.10
11	5	إِذْ	إِذْ	1.00	1.00	rec	191.28	191.62
11	6	أَمَرْتُكَۖ	أَمَرْتُكَ	1.00	1.00	rec	191.70	192.76
11	7	قَالَ	قَالَ	1.00	1.00	rec	193.80	194.30
11	8	أَنَا۠	أَنَا	1.00	1.00	rec	194.44	194.78
11	9	خَيْرٌۭ	خَيْرٌ	1.00	0.95	rec	195.00	195.52
11	10	مِّنْهُ	مِنْهُ	1.00	1.00	rec	196.26	196.76
11	11	خَلَقْتَنِى	خَلَقْتَنِي	0.83	1.00	rec	196.98	198.00
11	12	مِن	مِنْ	1.00	1.00	rec	198.32	199.06
11	13	نَّارٍۢ	نَادٍ	0.67	0.86	rec	199.10	199.66
11	14	وَخَلَقْتَهُۥ	وَخَلَقْتَهُ	0.86	0.97	rec	200.24	201.48
11	15	مِن	مِنْ	1.00	1.00	rec	202.02	202.64
11	16	طِينٍۢ	طِينٍ	1.00	0.99	rec	202.80	204.30
12	0	قَالَ	قَالَ	1.00	1.00	rec	205.84	206.42
12	1	فَٱهْبِطْ	فَاهْبِطْ	1.00	0.94	rec	206.64	207.44
12	2	مِنْهَا	مِنْهَا	1.00	1.00	rec	207.56	208.18
12	3	فَمَا	فَمَا	1.00	0.99	rec	208.58	208.94
12	4	يَكُونُ	يَكُونُ	1.00	1.00	rec	209.22	209.98
12	5	لَكَ	لَكَ	1.00	1.00	rec	210.12	210.44
12	6	أَن	أَنْ	1.00	1.00	rec	210.58	211.30
12	7	تَتَكَبَّرَ	تَتَكَبَّرَ	1.00	1.00	rec	211.42	212.62
12	8	فِيهَا	فِيهَا	1.00	1.00	rec	212.86	213.50
12	9	فَٱخْرُجْ	فَاخْرُجْ	1.00	1.00	rec	214.82	215.60
12	10	إِنَّكَ	إِنَّكَ	1.00	1.00	rec	215.74	217.60
12	11	مِنَ	مِنَ	1.00	0.96	rec	217.70	217.94
12	12	ٱلصَّٰغِرِينَ	الصَّاغِرِينَ	1.00	1.00	rec	218.00	220.56
13	0	قَالَ	قَالَ	1.00	1.00	rec	221.64	222.22
13	1	أَنظِرْنِىٓ	أَنْذِرْنِي	0.67	0.97	rec	222.38	223.88
13	2	إِلَىٰ	إِلَىٰ	1.00	1.00	rec	224.74	225.08
13	3	يَوْمِ	يَوْمِ	1.00	1.00	rec	225.40	225.86
13	4	يُبْعَثُونَ	يُبْعَثُونَ	1.00	1.00	rec	226.04	228.00
14	0	قَالَ	قَالَ	1.00	1.00	rec	228.58	229.16
14	1	إِنَّكَ	إِنَّكَ	1.00	1.00	rec	229.32	230.56
14	2	مِنَ	مِنَ	1.00	1.00	rec	230.68	230.94
14	3	ٱلْمُنظَرِينَ	الْمُنْظَرِينَ	1.00	1.00	rec	231.00	233.88
15	0	قَالَ	قَالَ	1.00	1.00	rec	235.10	235.60
15	1	فَبِمَآ	فَبِمَا	1.00	1.00	rec	235.82	236.40
15	2	أَغْوَيْتَنِى	أَغْوَيْتَنِي	0.86	0.96	rec	237.26	238.44
15	3	لَأَقْعُدَنَّ	لَأَقْعُدَنَّ	1.00	0.98	rec	238.76	240.62
15	4	لَهُمْ	لَهُمْ	1.00	1.00	rec	240.78	241.32
15	5	صِرَٰطَكَ	صِرَاطَكَ	1.00	1.00	rec	241.46	242.52
15	6	ٱلْمُسْتَقِيمَ	الْمُسْتَقِيمَ	1.00	0.99	rec	242.60	245.12
16	0	ثُمَّ	ثُمَّ	1.00	1.00	rec	246.38	247.26
16	1	لَءَاتِيَنَّهُم	لَآتِيَنَّهُمْ	0.88	0.99	rec	247.42	250.04
16	2	مِّنۢ	مِنْ	1.00	1.00	rec	250.10	250.80
16	3	بَيْنِ	بَيْنِ	1.00	1.00	rec	250.88	251.34
16	4	أَيْدِيهِمْ	أَيْدِيهِمْ	1.00	1.00	rec	251.48	252.58
16	5	وَمِنْ	وَمِنْ	1.00	1.00	rec	252.68	253.18
16	6	خَلْفِهِمْ	خَلْفِهِمْ	1.00	1.00	rec	253.36	254.32
16	7	وَعَنْ	وَعَنْ	1.00	1.00	rec	254.42	255.00
16	8	أَيْمَٰنِهِمْ	أَيْمَانِهِمْ	1.00	1.00	rec	255.12	256.70
16	9	وَعَن	وَعَنْ	1.00	1.00	rec	258.00	258.44
16	10	شَمَآئِلِهِمْۖ	شَمَائِلِهِمْ	1.00	1.00	rec	260.92	263.56
16	11	وَلَا	وَلَا	1.00	1.00	rec	263.66	264.00
16	12	تَجِدُ	تَجِدُ	1.00	1.00	rec	264.36	264.90
16	13	أَكْثَرَهُمْ	أَكْثَرَهُمْ	1.00	1.00	rec	265.06	266.24
16	14	شَٰكِرِينَ	شَاكِرِينَ	1.00	1.00	rec	266.38	268.52
17	0	قَالَ	قَالَ	1.00	1.00	rec	269.60	270.12
17	1	ٱخْرُجْ	اخْرُجْ	1.00	1.00	rec	270.20	270.80
17	2	مِنْهَا	مِنْهَا	1.00	1.00	rec	270.92	271.50
17	3	مَذْءُومًۭا	مَذْءُومًا	1.00	0.99	rec	271.84	272.86
17	4	مَّدْحُورًۭاۖ	مَدْحُورًا	1.00	1.00	rec	273.68	274.68
17	5	لَّمَن	لَمَنْ	1.00	1.00	rec	274.96	276.04
17	6	تَبِعَكَ	تَبِعَكَ	1.00	1.00	rec	276.18	276.98
17	7	مِنْهُمْ	مِنْهُمْ	1.00	1.00	rec	277.12	277.84
17	8	لَأَمْلَأَنَّ	لَأَمْلَأَنَّ	1.00	0.96	rec	277.94	279.48
17	9	جَهَنَّمَ	جَهَنَّمَ	1.00	1.00	rec	279.64	280.98
17	10	مِنكُمْ	مِنْكُمْ	1.00	0.99	rec	281.12	282.40
17	11	أَجْمَعِينَ	أَجْمَعِينَ	1.00	1.00	rec	282.52	284.60
18	0	وَيَٰٓـَٔادَمُ	وَيَا+أَعدَمُ	0.86	0.99	rec	286.32	287.76
18	1	ٱسْكُنْ	اسْكُنْ	1.00	1.00	rec	287.84	288.60
18	2	أَنتَ	أَنْتَ	1.00	1.00	rec	288.70	289.78
18	3	وَزَوْجُكَ	وَزَوْجُكَ	1.00	0.99	rec	289.92	291.00
18	4	ٱلْجَنَّةَ	الْجَنَّةَ	1.00	1.00	rec	291.06	292.90
18	5	فَكُلَا	فَكُلَا	1.00	1.00	rec	293.04	293.58
18	6	مِنْ	مِنْ	1.00	0.90	rec	293.96	294.26
18	7	حَيْثُ	حَيْثُ	1.00	1.00	rec	294.38	294.92
18	8	شِئْتُمَا	سِئْتُمَا	0.80	0.94	rec	295.12	295.88
18	9	وَلَا	وَلَا	1.00	1.00	rec	301.00	301.36
18	10	تَقْرَبَا	تَقْرَبَا	1.00	0.96	rec	301.72	302.50
18	11	هَٰذِهِ	هَـٰذِهِ	1.00	1.00	rec	302.86	303.58
18	12	ٱلشَّجَرَةَ	الشَّجَرَةَ	1.00	1.00	rec	303.66	304.68
18	13	فَتَكُونَا	فَتَكُونَا	1.00	1.00	rec	304.84	305.86
18	14	مِنَ	مِنَ	1.00	1.00	rec	306.20	306.46
18	15	ٱلظَّٰلِمِينَ	الظَّالِمِينَ	1.00	1.00	rec	306.52	308.86
19	0	فَوَسْوَسَ	فَوَسْوَسَ	1.00	1.00	rec	310.12	311.04
19	1	لَهُمَا	لَهُمَا	1.00	1.00	rec	311.16	311.66
19	2	ٱلشَّيْطَٰنُ	الشَّيْطَانُ	1.00	1.00	rec	311.70	312.88
19	3	لِيُبْدِىَ	لِيُبْدِيَ	0.80	1.00	rec	313.02	313.96
19	4	لَهُمَا	لَهُمَا	1.00	1.00	rec	314.08	314.68
19	5	مَا	مَا	1.00	1.00	rec	315.02	315.16
19	6	وُۥرِىَ	وُورِيَ	0.75	1.00	rec	315.50	316.26
19	7	عَنْهُمَا	عَنْهُمَا	1.00	0.95	rec	316.36	317.08
19	8	مِن	مِنْ	1.00	1.00	rec	317.40	318.18
19	9	سَوْءَٰتِهِمَا	سَوْآتِهِمَا	0.88	1.00	rec	318.30	319.90
19	10	وَقَالَ	وَقَالَ	1.00	1.00	rec	321.42	322.16
19	11	مَا	مَع	0.50	0.81	rec	322.32	322.46
19	12	نَهَىٰكُمَا	نَهَاكُمَا	0.86	0.98	rec	322.82	324.06
19	13	رَبُّكُمَا	رَبُّكُمَا	1.00	1.00	rec	324.48	325.48
19	14	عَنْ	عَنْ	1.00	1.00	rec	325.82	326.22
19	15	هَٰذِهِ	هَـٰذِهِ	1.00	1.00	rec	326.30	327.20
19	16	ٱلشَّجَرَةِ	الشَّجَرَةِ	1.00	0.99	rec	327.26	328.36
19	17	إِلَّآ	إِلَّا	1.00	1.00	rec	328.52	329.10
19	18	أَن	أَنْ	1.00	1.00	rec	329.42	329.96
19	19	تَكُونَا	تَكُونَا	1.00	0.95	rec	330.08	330.88
19	20	مَلَكَيْنِ	مَلَكَيْنِ	1.00	0.99	rec	331.24	332.34
19	21	أَوْ	أَوْ	1.00	1.00	rec	332.52	332.84
19	22	تَكُونَا	تَكُونَا	1.00	1.00	rec	332.96	333.78
19	23	مِنَ	مِنَ	1.00	1.00	rec	334.18	334.46
19	24	ٱلْخَٰلِدِينَ	الْخَالِدِينَ	1.00	1.00	rec	334.52	337.02
20	0	وَقَاسَمَهُمَآ	وَقَاسَمَهُمَا	1.00	1.00	rec	338.34	340.04
20	1	إِنِّى	إِنِّي	0.67	1.00	rec	340.50	341.40
20	2	لَكُمَا	لَكُمَا	1.00	1.00	rec	341.74	342.32
20	3	لَمِنَ	لَمِنَ	1.00	1.00	rec	342.66	343.18
20	4	ٱلنَّٰصِحِينَ	النَّاصِحِينَ	1.00	1.00	rec	343.24	346.54
21	0	فَدَلَّىٰهُمَا	فَدَلَّاهُمَا	0.88	0.96	rec	348.02	349.40
21	1	بِغُرُورٍۢۚ	بِغُرُورٍ	1.00	1.00	rec	349.82	351.68
21	2	فَلَمَّا	فَلَمَّا	1.00	1.00	rec	352.82	354.12
21	3	ذَاقَا	ذَاقَ	0.75	1.00	rec	354.48	355.10
21	4	ٱلشَّجَرَةَ	الشَّجَرَةَ	1.00	0.95	rec	355.22	356.20
21	5	بَدَتْ		0.00	0.00	spread	356.20	356.36
21	6	لَهُمَا	بَدَتْلَهُمَا	0.57	0.99	rec	356.36	357.48
21	7	سَوْءَٰتُهُمَا	سَوْآتُهُمَا	0.88	0.95	rec	357.86	359.48
21	8	وَطَفِقَا	وَطْفِقَا	1.00	0.99	rec	365.78	366.72
21	9	يَخْصِفَانِ	يَخْسِفَانِ	0.83	1.00	rec	367.14	368.50
21	10	عَلَيْهِمَا	عَلَيْهِمَا	1.00	1.00	rec	368.64	369.66
21	11	مِن	مِنْ	1.00	1.00	rec	370.06	370.94
21	12	وَرَقِ	وَرَقِ	1.00	1.00	rec	370.98	371.56
21	13	ٱلْجَنَّةِۖ	الْجَنَّةِ	1.00	1.00	rec	371.64	373.28
21	14	وَنَادَىٰهُمَا	وَنَادَعَهُمَا	0.78	0.99	rec	374.42	376.08
21	15	رَبُّهُمَآ	رَبُّهُمَا	1.00	1.00	rec	376.48	377.56
21	16	أَلَمْ	أَلَمْ	1.00	1.00	rec	377.94	378.50
21	17	أَنْهَكُمَا	أَنْهَكُمَا	1.00	1.00	rec	378.60	379.74
21	18	عَن	عَنْ	1.00	1.00	rec	380.12	380.78
21	19	تِلْكُمَا	تِلْكُمَا	1.00	1.00	rec	380.92	381.80
21	20	ٱلشَّجَرَةِ	الشَّجَرَةِ	1.00	1.00	rec	381.86	382.92
21	21	وَأَقُل	وَأَقُلْ	1.00	0.99	rec	383.08	383.86
21	22	لَّكُمَآ	لَكُمَا	1.00	1.00	rec	383.94	384.56
21	23	إِنَّ	إِنَّ	1.00	0.99	rec	388.04	388.92
21	24	ٱلشَّيْطَٰنَ	الشَّيْطَانَ	1.00	0.98	rec	388.98	390.20
21	25	لَكُمَا	لَكُمَا	1.00	0.97	rec	390.34	390.96
21	26	عَدُوٌّۭ	عَدُوٌّ	1.00	0.99	rec	391.24	391.96
21	27	مُّبِينٌۭ	مُبِينٌ	1.00	1.00	rec	392.92	394.48
22	0	قَالَا	قَالَا	1.00	1.00	rec	395.72	396.30
22	1	رَبَّنَا	رَبَّنَا	1.00	1.00	rec	396.62	397.32
22	2	ظَلَمْنَآ	ظَلَمْنَا	1.00	1.00	rec	397.66	398.44
22	3	أَنفُسَنَا	أَنْفُسَنَا	1.00	1.00	rec	399.34	400.92
22	4	وَإِن	وَإِنْ	1.00	1.00	rec	401.36	401.92
22	5	لَّمْ	لَمْ	1.00	1.00	rec	402.00	402.30
22	6	تَغْفِرْ	تَغْفِرْ	1.00	0.97	rec	402.44	403.18
22	7	لَنَا	لَنَا	1.00	1.00	rec	403.26	403.58
22	8	وَتَرْحَمْنَا	وَتَرْحَمْنَا	1.00	1.00	rec	403.96	405.18
22	9	لَنَكُونَنَّ	لَنَكُونَنَّ	1.00	1.00	rec	405.52	407.22
22	10	مِنَ	مِنَ	1.00	1.00	rec	407.36	407.60
22	11	ٱلْخَٰسِرِينَ	الْخَاسِرِينَ	1.00	1.00	rec	407.66	410.32
23	0	قَالَ	قَالَ	1.00	1.00	rec	411.78	412.26
23	1	ٱهْبِطُوا۟	اهْبِضُوا	0.83	0.94	rec	412.32	412.90
23	2	بَعْضُكُمْ	بَعْضُكُمْ	1.00	1.00	rec	413.18	414.18
23	3	لِبَعْضٍ	لِبَعْضٍ	1.00	1.00	rec	414.26	414.96
23	4	عَدُوٌّۭۖ	عَدُوٌّ	1.00	1.00	rec	415.32	416.08
23	5	وَلَكُمْ	وَلَكُمْ	1.00	1.00	rec	416.80	417.54
23	6	فِى	فِي	0.50	1.00	rec	417.68	417.80
23	7	ٱلْأَرْضِ	الْأَرْضِ	1.00	1.00	rec	417.84	418.58
23	8	مُسْتَقَرٌّۭ	مُسْتَقَرٌّ	1.00	1.00	rec	418.70	419.74
23	9	وَمَتَٰعٌ	وَمَتَاعٌ	1.00	1.00	rec	420.42	421.50
23	10	إِلَىٰ	إِلَىٰ	1.00	1.00	rec	421.92	422.24
23	11	حِينٍۢ	حِينٍ	1.00	1.00	rec	422.66	424.10
24	0	قَالَ	قَالَ	1.00	1.00	rec	425.60	426.18
24	1	فِيهَا	فِيهَا	1.00	0.95	rec	426.36	426.84
24	2	تَحْيَوْنَ	تَحْيَوْنَ	1.00	0.94	rec	427.38	428.38
24	3	وَفِيهَا	وَفِيهَا	1.00	1.00	rec	428.52	429.54
24	4	تَمُوتُونَ	تَمُوتُونَ	1.00	1.00	rec	430.08	431.36
24	5	وَمِنْهَا	وَمِنْهَا	1.00	0.98	rec	431.48	432.32
24	6	تُخْرَجُونَ	تُخْرَجُونَ	1.00	1.00	rec	432.78	434.60
25	0	يَٰبَنِىٓ	يَا+بَنِي	0.80	1.00	rec	435.66	436.38
25	1	ءَادَمَ	أَعَادَمَ	0.60	1.00	rec	436.84	437.70
25	2	قَدْ	قَدْ	1.00	1.00	rec	437.94	438.24
25	3	أَنزَلْنَا	أَنْزَلْنَا	1.00	0.98	rec	438.38	439.86
25	4	عَلَيْكُمْ	عَلَيْكُمْ	1.00	1.00	rec	440.26	441.22
25	5	لِبَاسًۭا	لِبَاسًا	1.00	0.98	rec	441.32	442.30
25	6	يُوَٰرِى	يُوَارِي	0.80	0.98	rec	442.96	443.72
25	7	سَوْءَٰتِكُمْ	السَّوْآتِكُمْ	0.62	0.97	rec	444.00	445.60
25	8	وَرِيشًۭاۖ	وَرِيشًا	1.00	1.00	rec	445.68	446.60
25	9	وَلِبَاسُ	وَلِبَاسُ	1.00	1.00	rec	447.76	448.62
25	10	ٱلتَّقْوَىٰ	التَّقَوَعَ	0.71	0.99	rec	448.70	449.68
25	11	ذَٰلِكَ	ذَٰلِكَ	1.00	1.00	rec	450.02	450.82
25	12	خَيْرٌۭۚ	حَيْرٌ	0.67	0.99	rec	451.06	452.30
25	13	ذَٰلِكَ	ذَٰلِكَ	1.00	1.00	rec	453.18	453.94
25	14	مِنْ	مِنْ	1.00	1.00	rec	454.08	454.40
25	15	ءَايَٰتِ	آيَاتِ	0.80	1.00	rec	454.48	455.40
25	16	ٱللَّهِ	اللَّهِ	1.00	1.00	rec	455.44	456.18
25	17	لَعَلَّهُمْ	لَعَلَّهُمْ	1.00	0.99	rec	456.34	457.38
25	18	يَذَّكَّرُونَ	يَذِّرْر+كَرُونَ	0.75	0.83	rec	457.50	460.08
26	0	يَٰبَنِىٓ	يَا+بَنِي	0.80	1.00	rec	461.16	461.88
26	1	ءَادَمَ	أَعْدَمَ	0.50	1.00	rec	462.46	463.28
26	2	لَا		0.00	0.39	forced	463.46	463.62
26	3	يَفْتِنَنَّكُمُ	حْتِنَنَّكُمُ	0.71	0.94	rec	464.32	466.18
26	4	ٱلشَّيْطَٰنُ	الشَّيْطَانُ	1.00	1.00	rec	466.28	467.58
26	5	كَمَآ	كَمَا	1.00	1.00	rec	467.88	468.26
26	6	أَخْرَجَ	أَخْرَجَ	1.00	1.00	rec	469.00	469.74
26	7	أَبَوَيْكُم	أَبَوَيْكُمْ	1.00	1.00	rec	469.88	471.64
26	8	مِّنَ	مِنَ	1.00	1.00	rec	471.70	471.98
26	9	ٱلْجَنَّةِ	الْجَنَّةِ	1.00	1.00	rec	472.02	473.88
26	10	يَنزِعُ	يَنْزِعُ	1.00	1.00	rec	480.56	481.60
26	11	عَنْهُمَا	عَنْهُمَا	1.00	0.99	rec	481.74	482.50
26	12	لِبَاسَهُمَا	لِبَاسَهُمَا	1.00	1.00	rec	482.86	484.16
26	13	لِيُرِيَهُمَا	لِيُرِيَهُ+مَعَ	0.86	0.99	rec	484.52	485.96
26	14	سَوْءَٰتِهِمَآۗ	سَوْآتِهِمَا	0.88	1.00	rec	486.20	487.78
26	15	إِنَّهُۥ	إِنَّهُ	0.75	1.00	rec	489.36	490.36
26	16	يَرَىٰكُمْ	يَرِاقٌ	0.50	0.92	rec	490.82	491.68
26	17	هُوَ	هُوَ	1.00	1.00	rec	492.16	492.46
26	18	وَقَبِيلُهُۥ	وَقَبِيلُهُ	0.86	1.00	rec	492.60	493.92
26	19	مِنْ	مِنْ	1.00	1.00	rec	494.32	494.62
26	20	حَيْثُ	حَيْثُ	1.00	1.00	rec	494.74	495.22
26	21	لَا	لَا	1.00	1.00	rec	495.34	495.46
26	22	تَرَوْنَهُمْۗ	تَرَوْنَهُمْ	1.00	0.98	rec	495.88	497.20
26	23	إِنَّا	إِنَّا	1.00	1.00	rec	497.94	498.92
26	24	جَعَلْنَا	جَعَلْنَا	1.00	1.00	rec	499.28	500.04
26	25	ٱلشَّيَٰطِينَ	الشَّيَاطِينَ	1.00	1.00	rec	500.08	501.66
26	26	أَوْلِيَآءَ	أَوْلِيَاءَ	1.00	1.00	rec	501.82	503.94
26	27	لِلَّذِينَ	لِلَّذِينَ	1.00	1.00	rec	504.06	505.00
26	28	لَا	لَا	1.00	1.00	rec	505.14	505.26
26	29	يُؤْمِنُونَ	يُؤْمِنُونَ	1.00	1.00	rec	505.60	507.54
27	0	وَإِذَا	وَإِذَا	1.00	1.00	rec	509.34	509.84
27	1	فَعَلُوا۟	فَعَلُوا	1.00	0.98	rec	510.24	510.78
27	2	فَٰحِشَةًۭ	فَاحِشَةً	1.00	1.00	rec	511.22	512.44
27	3	قَالُوا۟	قَالُوا	1.00	0.96	rec	513.40	514.02
27	4	وَجَدْنَا	وَجَدْنَا	1.00	1.00	rec	514.30	515.10
27	5	عَلَيْهَآ	عَلَيْهَا	1.00	1.00	rec	515.38	516.16
27	6	ءَابَآءَنَا	آبَاءَنَا	0.86	1.00	rec	516.68	519.00
27	7	وَٱللَّهُ	وَاللَّهُ	1.00	1.00	rec	519.38	520.18
27	8	أَمَرَنَا	أَمَرَنَا	1.00	1.00	rec	520.38	521.10
27	9	بِهَاۗ	بِهَا	1.00	1.00	rec	521.44	521.78
27	10	قُلْ	قُلْ	1.00	1.00	rec	523.08	523.38
27	11	إِنَّ	إِنَّ	1.00	1.00	rec	523.48	524.44
27	12	ٱللَّهَ	اللَّهَ	1.00	1.00	rec	524.50	525.26
27	13	لَا	لَا	1.00	1.00	rec	525.46	525.58
27	14	يَأْمُرُ	يَأْمُرُ	1.00	1.00	rec	526.00	526.80
27	15	بِٱلْفَحْشَآءِۖ	بِالْفَحْشَاءِ	1.00	1.00	rec	526.98	529.84
27	16	أَتَقُولُونَ	أَتَقُولُونَ	1.00	1.00	rec	530.60	532.00
27	17	عَلَى	عَلَى	1.00	1.00	rec	532.10	532.40
27	18	ٱللَّهِ	اللَّهِ	1.00	1.00	rec	532.44	533.32
27	19	مَا	مَا	1.00	1.00	rec	533.50	533.64
27	20	لَا	لَا	1.00	1.00	rec	533.92	534.04
27	21	تَعْلَمُونَ	تَعْلَمُونَ	1.00	1.00	rec	534.48	536.66
28	0	قُلْ	قُلْ	1.00	0.90	rec	537.78	538.10
28	1	أَمَرَ	أَمَرَ	1.00	1.00	rec	538.24	538.76
28	2	رَبِّى	رَبِّي	0.67	1.00	rec	538.90	539.42
28	3	بِٱلْقِسْطِۖ	بِالْقِسْطِ	1.00	1.00	rec	539.78	540.74
28	4	وَأَقِيمُوا۟	وَأَقِيمُوا	1.00	1.00	rec	540.92	541.96
28	5	وُجُوهَكُمْ	وُجُوهَكُمْ	1.00	1.00	rec	542.38	543.60
28	6	عِندَ	عِنْدَ	1.00	1.00	rec	543.70	544.54
28	7	كُلِّ	كُلِّ	1.00	1.00	rec	544.76	545.22
28	8	مَسْجِدٍۢ	مَسْجِدٍ	1.00	1.00	rec	545.36	546.14
28	9	وَٱدْعُوهُ	وَادْعُوهُ	1.00	1.00	rec	547.22	548.18
28	10	مُخْلِصِينَ	مُخْلِصِينَ	1.00	1.00	rec	548.34	549.62
28	11	لَهُ	لَهُ	1.00	1.00	rec	549.76	550.02
28	12	ٱلدِّينَۚ	الدِّينَ	1.00	1.00	rec	550.10	550.96
28	13	كَمَا	كَمَا	1.00	1.00	rec	551.20	551.58
28	14	بَدَأَكُمْ	بَدَأَكُمْ	1.00	1.00	rec	551.94	553.02
28	15	تَعُودُونَ	تَعُودُونَ	1.00	1.00	rec	553.16	555.60
28	16	فَرِيقًا	فَرِيقًا	1.00	1.00	rec	556.66	557.58
28	17	هَدَىٰ	هَدَىٰ	1.00	1.00	rec	558.02	558.46
28	18	وَفَرِيقًا	وَفَرِيقًا	1.00	1.00	rec	558.94	560.12
28	19	حَقَّ	حَقَّ	1.00	0.99	rec	560.60	561.12
28	20	عَلَيۡهِمِ	عَلَيْهِمِ	1.00	1.00	rec	561.28	562.24
28	21	اِ۬لضَّلَٰلَةُۚ	الضَّلَالَةِ	1.00	0.96	rec	562.32	563.62
28	22	إِنَّهُمُ	إِنَّهُمُ	1.00	1.00	rec	564.36	565.72
28	23	اُ۪تَّخَذُواْ	اتَّخَذُوا	1.00	0.97	rec	565.80	566.62
28	24	اُ۬لشَّيَٰطِينَ	الشَّيَاطِينَ	1.00	1.00	rec	566.68	568.12
28	25	أَوۡلِيَآءَ	أَوْلِيَاءَ	1.00	1.00	rec	568.28	570.92
28	26	مِن	مِنْ	1.00	1.00	rec	571.02	571.62
28	27	دُونِ	دُونِ	1.00	1.00	rec	571.74	572.30
28	28	اِ۬للَّهِ	اللَّهِ	1.00	0.97	rec	572.36	573.16
28	29	وَيَحۡسِبُونَ	وَيَحْسِبُونَ	1.00	1.00	rec	573.36	574.70
28	30	أَنَّهُم	أَنَّهُمْ	1.00	1.00	rec	574.84	576.44
28	31	مُّهۡتَدُونَ	مُهْتَدُونَ	1.00	1.00	rec	576.50	578.74
29	0	يَٰبَنِىٓ	يَا+بَنِي	0.80	1.00	rec	580.10	580.86
29	1	ءَادَمَ	أَعَادَمَ	0.60	0.99	rec	581.36	582.24
29	2	خُذُوا۟	خُذُوا	1.00	1.00	rec	582.48	582.88
29	3	زِينَتَكُمْ	زِينَتَكُمْ	1.00	1.00	rec	583.24	584.74
29	4	عِندَ	عِنْدَ	1.00	1.00	rec	584.84	585.92
29	5	كُلِّ	كُلِّ	1.00	1.00	rec	586.14	586.62
29	6	مَسْجِدٍۢ	مَسْجِدٍ	1.00	0.95	rec	586.78	587.52
29	7	وَكُلُوا۟	وَكُلُوا	1.00	0.99	rec	588.28	588.86
29	8	وَٱشْرَبُوا۟	وَاشْرَبُوا	1.00	1.00	rec	589.30	590.04
29	9	وَلَا	وَلَا	1.00	0.89	rec	590.32	590.66
29	10	تُسْرِفُوٓا۟ۚ	تُسْرِفُوا	1.00	0.99	rec	591.06	591.86
29	11	إِنَّهُۥ	إِنَّهُ	0.75	1.00	rec	593.12	594.48
29	12	لَا	لَا	1.00	0.98	rec	594.84	594.96
29	13	يُحِبُّ	يُحِبّ	1.00	0.99	rec	595.16	595.62
29	14	ٱلْمُسْرِفِينَ	بُ+الْمُسْرِفِينَ	0.89	0.99	rec	595.82	598.48
30	0	قُلْ	قُلْ	1.00	1.00	rec	599.70	600.06
30	1	مَنْ	مَنْ	1.00	1.00	rec	600.18	600.48
30	2	حَرَّمَ	حَرَّمَ	1.00	1.00	rec	600.70	601.38
30	3	زِينَةَ	زِينَةَ	1.00	0.93	rec	601.56	602.34
30	4	ٱللَّهِ	اللَّهِ	1.00	1.00	rec	602.40	603.24
30	5	ٱلَّتِىٓ	الَّتِي	0.75	1.00	rec	603.32	603.98
30	6	أَخْرَجَ	أَخْرَجْ	1.00	0.98	rec	604.72	605.40
30	7	لِعِبَادِهِۦ	لِعِبَادِهِ	0.86	1.00	rec	605.52	606.66
30	8	وَٱلطَّيِّبَٰتِ	وَالطَّيِّبَاتِ	1.00	1.00	rec	607.04	608.66
30	9	مِنَ	مِنَ	1.00	1.00	rec	608.78	609.04
30	10	ٱلرِّزْقِۚ	الرِّزْقِ	1.00	0.95	rec	609.08	610.00
30	11	قُلْ	قُلْ	1.00	1.00	rec	611.26	611.54
30	12	هِىَ	هِيَ	0.50	1.00	rec	611.64	611.90
30	13	لِلَّذِينَ	لِلَّذِينَ	1.00	1.00	rec	612.00	613.08
30	14	ءَامَنُوا۟	آمَنُوا	0.83	0.96	rec	613.24	614.00
30	15	فِى	فِي	0.50	1.00	rec	614.40	614.52
30	16	ٱلْحَيَوٰةِ	الْحَيَاةِ	0.86	1.00	rec	614.56	615.58
30	17	ٱلدُّنْيَا	الدُّنْيَا	1.00	1.00	rec	615.64	616.48
30	18	خَالِصَةًۭ	خَالِصَةً	1.00	1.00	rec	616.86	618.04
30	19	يَوْمَ	يَوْمَ	1.00	1.00	rec	618.68	619.20
30	20	ٱلْقِيَٰمَةِۗ	الْقِيَامَةِ	1.00	1.00	rec	619.26	620.68
30	21	كَذَٰلِكَ	كَذَٰلِكَ	1.00	1.00	rec	622.46	623.34
30	22	نُفَصِّلُ	نُفَصِّلُ	1.00	1.00	rec	623.44	624.30
30	23	ٱلْءَايَٰتِ	الْآيَاتِ	0.86	1.00	rec	624.36	625.58
30	24	لِقَوْمٍۢ	لِقَوْمٍ	1.00	1.00	rec	625.70	626.44
30	25	يَعْلَمُونَ	يَعْلَمُونَ	1.00	1.00	rec	627.30	629.40
31	0	قُلْ	قُلْ	1.00	1.00	rec	630.64	630.98
31	1	إِنَّمَا	إِنَّمَا	1.00	0.99	rec	631.06	632.38
31	2	حَرَّمَ	حَرَّمَ	1.00	1.00	rec	632.80	633.48
31	3	رَبِّىَ	رَبِّيَ	0.67	1.00	rec	633.62	634.24
31	4	ٱلْفَوَٰحِشَ	الْفَوَاحِسَ	0.86	1.00	rec	634.28	635.64
31	5	مَا	مَا	1.00	1.00	rec	635.82	635.94
31	6	ظَهَرَ	ظَهَرَ	1.00	1.00	rec	636.24	636.80
31	7	مِنْهَا	مِنْهَا	1.00	1.00	rec	636.94	637.46
31	8	وَمَا	وَمَا	1.00	1.00	rec	637.84	638.20
31	9	بَطَنَ	بَطَنَ	1.00	0.91	rec	638.52	639.06
31	10	وَٱلْإِثْمَ	وَالْإِثْمَ	1.00	1.00	rec	639.22	640.14
31	11	وَٱلْبَغْىَ	وَالْبَغْيَ	0.83	1.00	rec	640.30	641.26
31	12	بِغَيْرِ	بِغَيْرِ	1.00	1.00	rec	641.40	642.14
31	13	ٱلْحَقِّ	الْحَقِّ	1.00	0.99	rec	642.20	642.82
31	14	وَأَن	وَأَنْ	1.00	1.00	rec	647.56	648.58
31	15	تُشْرِكُوا۟	تُشْرِكُوا	1.00	1.00	rec	648.70	649.50
31	16	بِٱللَّهِ	بِاللَّهِ	1.00	0.96	rec	649.84	650.60
31	17	مَا	مَا	1.00	1.00	rec	650.76	650.90
31	18	لَمْ	لَمْ	1.00	1.00	rec	651.18	651.46
31	19	يُنَزِّلْ	يُنْزِلْ	1.00	1.00	rec	651.54	652.72
31	20	بِهِۦ	بِهِ	0.67	1.00	rec	652.80	653.14
31	21	سُلْطَٰنًۭا	سُلْطَانًا	1.00	1.00	rec	653.70	654.90
31	22	وَأَن	وَأَنْ	1.00	1.00	rec	656.02	657.12
31	23	تَقُولُوا۟	تَقُولُوا	1.00	1.00	rec	657.24	658.02
31	24	عَلَى	عَلَى	1.00	0.99	rec	658.36	658.60
31	25	ٱللَّهِ	اللَّهِ	1.00	1.00	rec	658.66	659.44
31	26	مَا	مَعَ	0.50	0.97	rec	659.60	659.90
31	27	لَا	لَا	1.00	1.00	rec	660.06	660.18
31	28	تَعْلَمُونَ	تَعْلَمُونَ	1.00	1.00	rec	660.58	662.50
32	0	وَلِكُلِّ	وَلِكُلِّ	1.00	1.00	rec	663.30	664.16
32	1	أُمَّةٍ	أُمَّةٍ	1.00	0.97	rec	664.30	665.66
32	2	أَجَلٌۭۖ	أَجَلٌ	1.00	1.00	rec	666.00	666.50
32	3	فَإِذَا	فَإِذَا	1.00	1.00	rec	667.22	667.88
32	4	جَآءَ	جَا	0.67	0.90	rec	668.30	668.44
32	5	أَجَلُهُمْ	أَجَلُوهُمْ	0.83	0.96	rec	669.24	670.28
32	6	لَا	لَا	1.00	0.99	rec	670.38	670.48
32	7	يَسْتَأْخِرُونَ	يَسْتَْ+ْخِرُونَ	0.88	0.86	rec	670.82	672.42
32	8	سَاعَةًۭۖ	سَاعَةً	1.00	1.00	rec	672.62	673.48
32	9	وَلَا	وَلَا	1.00	1.00	rec	674.38	674.72
32	10	يَسْتَقْدِمُونَ	يَسْتَقْدِمُونَ	1.00	1.00	rec	675.10	677.44
33	0	يَٰبَنِىٓ	يَا+بَنِي	0.80	1.00	rec	678.64	679.40
33	1	ءَادَمَ	أَعَدَمَ	0.50	0.92	rec	680.34	681.12
33	2	إِمَّا	إِمَّايَ	0.75	0.94	rec	681.26	682.74
33	3	يَأْتِيَنَّكُمْ	َأْتِيَنَّكُمْ	0.86	0.88	rec	682.94	684.66
33	4	رُسُلٌۭ	رُسُلٌ	1.00	1.00	rec	684.76	685.26
33	5	مِّنكُمْ	مِنْكُمْ	1.00	1.00	rec	685.90	687.02
33	6	يَقُصُّونَ	يَقُصُّونَ	1.00	1.00	rec	687.16	688.30
33	7	عَلَيْكُمْ	عَلَيْكُمْ	1.00	1.00	rec	688.42	689.44
33	8	ءَايَٰتِىۙ	آيَاتِي	0.67	1.00	rec	689.56	690.66
33	9	فَمَنِ	فَمَنِ	1.00	1.00	rec	691.92	692.38
33	10	ٱتَّقَىٰ	اتَّقَىٰ	1.00	1.00	rec	692.42	693.04
33	11	وَأَصْلَحَ	وَأَصْلَحَ	1.00	1.00	rec	693.48	694.44
33	12	فَلَا	فَلَا	1.00	0.96	rec	694.62	694.96
33	13	خَوْفٌ	خَوْفٌ	1.00	0.92	rec	695.32	695.84
33	14	عَلَيْهِمْ	عَلَيْهِمْ	1.00	1.00	rec	696.20	697.16
33	15	وَلَا	وَلَا	1.00	1.00	rec	697.26	697.58
33	16	هُمْ	هُمْ	1.00	1.00	rec	697.90	698.28
33	17	يَحْزَنُونَ	يَحْزَنُونَ	1.00	1.00	rec	698.40	700.48
34	0	وَٱلَّذِينَ	وَالَّذِينَ	1.00	1.00	rec	701.80	702.82
34	1	كَذَّبُوا۟	كَذَّبُوا	1.00	1.00	rec	703.04	703.78
34	2	بِـَٔايَٰتِنَا	بِآيَاتِنَا	1.00	1.00	rec	704.20	705.84
34	3	وَٱسْتَكْبَرُوا۟	وَاسْتَكْبَرُوا	1.00	1.00	rec	706.26	707.24
34	4	عَنْهَآ	عَنْهَا	1.00	1.00	rec	707.56	708.16
34	5	أُو۟لَٰٓئِكَ	أُولَـٰئِكَ	1.00	1.00	rec	708.94	711.04
34	6	أَصْحَٰبُ	أَصْحَابُ	1.00	1.00	rec	711.16	712.14
34	7	ٱلنَّارِۖ	النَّارِ	1.00	0.99	rec	712.22	713.46
34	8	هُمْ	هُمْ	1.00	1.00	rec	713.64	713.96
34	9	فِيهَا	فِيهَا	1.00	1.00	rec	714.14	714.70
34	10	خَٰلِدُونَ	خَالِدُونَ	1.00	1.00	rec	715.12	717.22
35	0	فَمَنْ	فَمَنْ	1.00	1.00	rec	719.20	719.78
35	1	أَظْلَمُ	أَظْلَمُ	1.00	1.00	rec	719.86	720.58
35	2	مِمَّنِ	مِمَّنِ	1.00	1.00	rec	720.78	722.04
35	3	ٱفْتَرَىٰ	افْتَرَى	0.83	0.82	rec	722.08	722.62
35	4	عَلَى	عَلَى	1.00	1.00	rec	723.06	723.30
35	5	ٱللَّهِ	اللَّهِ	1.00	1.00	rec	723.36	724.18
35	6	كَذِبًا	يبًا	0.50	0.85	rec	724.72	724.96
35	7	أَوْ	أَوْ	1.00	1.00	rec	725.28	725.50
35	8	كَذَّبَ	كَذَّبَ	1.00	1.00	rec	725.66	726.34
35	9	بِـَٔايَٰتِهِۦٓۚ	بِآيَاتِهِ	0.86	1.00	rec	726.48	727.98
35	10	أُو۟لَٰٓئِكَ	أُولَـٰئِكَ	1.00	1.00	rec	729.14	731.50
35	11	يَنَالُهُمْ	يَنْعَلُهُمْ	0.83	0.95	rec	731.60	732.86
35	12	نَصِيبُهُم	نَصِيبُهُمْ	1.00	1.00	rec	732.94	734.60
35	13	مِّنَ	مِنَ	1.00	1.00	rec	734.68	734.90
35	14	ٱلْكِتَٰبِۖ	الْكِتَابِ	1.00	1.00	rec	734.96	736.74
35	15	حَتَّىٰٓ	حَتَّىٰ	1.00	1.00	rec	738.08	738.56
35	16	إِذَا	إِذَا	1.00	1.00	rec	739.26	739.60
35	17	جَآءَتْهُمْ	جَاءَتْهُمْ	1.00	0.99	rec	739.88	742.18
35	18	رُسُلُنَا	رُسْلُنَا	1.00	1.00	rec	742.26	743.04
35	19	يَتَوَفَّوْنَهُمْ	يَتَوَفَّوْنَهُمْ	1.00	0.99	rec	743.38	745.26
35	20	قَالُوٓا۟	قَالُوا	1.00	0.99	rec	746.34	746.96
35	21	أَيْنَ	أَيْنَ	1.00	1.00	rec	747.36	747.92
35	22	مَا	مَا	1.00	1.00	rec	748.08	748.20
35	23	كُنتُمْ	كُنْتُمْ	1.00	1.00	rec	748.64	750.08
35	24	تَدْعُونَ	تَدْعُونَ	1.00	1.00	rec	750.22	751.28
35	25	مِن	مِنْ	1.00	1.00	rec	751.42	751.96
35	26	دُونِ	دُونِ	1.00	1.00	rec	752.08	752.70
35	27	ٱللَّهِۖ	اللَّهِ	1.00	1.00	rec	752.76	753.66
35	28	قَالُوا۟	قَالُوا	1.00	1.00	rec	753.92	754.52
35	29	ضَلُّوا۟	ضَلُّوا	1.00	1.00	rec	754.86	755.36
35	30	عَنَّا	عَنَّا	1.00	1.00	rec	755.68	756.54
35	31	وَشَهِدُوا۟	وَشَهِدُوا	1.00	1.00	rec	756.88	757.72
35	32	عَلَىٰٓ	عَلَىٰ	1.00	1.00	rec	758.00	758.36
35	33	أَنفُسِهِمْ	أَنْفُسِهِمْ	1.00	1.00	rec	758.84	760.82
35	34	أَنَّهُمْ	أَنَّهُمْ	1.00	1.00	rec	769.38	770.68
35	35	كَانُوا۟	كَانُوا	1.00	1.00	rec	770.86	771.58
35	36	كَٰفِرِينَ	كَيفِرِينَ	0.83	0.90	rec	772.08	774.10
36	0	قَالَ	قَالَ	1.00	1.00	rec	775.24	775.74
36	1	ٱدْخُلُوا۟	ادْخُلُوا	1.00	1.00	rec	775.82	776.44
36	2	فِىٓ	فِي	0.50	1.00	rec	776.82	776.98
36	3	أُمَمٍۢ	أُمَمٍ	1.00	1.00	rec	777.64	778.12
36	4	قَدْ	قَدْ	1.00	1.00	rec	778.88	779.16
36	5	خَلَتْ	خَلَتْ	1.00	1.00	rec	779.34	779.86
36	6	مِن	مِنْ	1.00	1.00	rec	779.98	780.74
36	7	قَبْلِكُم	قَبْلِكُمْ	1.00	1.00	rec	780.86	782.22
36	8	مِّنَ	مِنَ	1.00	1.00	rec	782.28	782.54
36	9	ٱلْجِنِّ	الْجِنِّ	1.00	0.97	rec	782.58	783.68
36	10	وَٱلْإِنسِ	وَالْإِنْسِ	1.00	0.97	rec	783.82	785.22
36	11	فِى	فِي	0.50	1.00	rec	785.36	785.48
36	12	ٱلنَّارِۖ	النَّارِ	1.00	0.92	rec	785.52	787.48
36	13	كُلَّمَا	كُلَّمَا	1.00	1.00	rec	788.64	789.24
36	14	دَخَلَتْ	دَخَلَتْ	1.00	1.00	rec	789.64	790.38
36	15	أُمَّةٌۭ	أُمَّةٌ	1.00	1.00	rec	790.44	791.70
36	16	لَّعَنَتْ	لَعَنَتْ	1.00	1.00	rec	792.04	792.80
36	17	أُخْتَهَاۖ	أُخْتَهَا	1.00	1.00	rec	792.88	793.66
36	18	حَتَّىٰٓ	حَتَّىٰ	1.00	1.00	rec	794.12	794.64
36	19	إِذَا	إِذًا	1.00	1.00	rec	795.48	795.80
36	20	ٱدَّارَكُوا۟	إِذًا+دَّارَكُوا	0.78	0.96	rec	802.24	803.58
36	21	فِيهَا	فِيهَا	1.00	1.00	rec	803.96	804.54
36	22	جَمِيعًۭا	جَمِيعًا	1.00	0.97	rec	804.92	805.84
36	23	قَالَتْ	قَالَتْ	1.00	1.00	rec	806.80	807.68
36	24	أُخْرَىٰهُمْ	أُخْرِيهُمْ	0.71	1.00	rec	807.74	808.86
36	25	لِأُولَىٰهُمْ	لِأُولَاهُمْ	0.88	0.99	rec	808.92	810.40
36	26	رَبَّنَا	رَبَّنَا	1.00	1.00	rec	815.16	815.76
36	27	هَٰٓؤُلَآءِ	هَـٰؤُلَاءِ	1.00	1.00	rec	816.10	818.14
36	28	أَضَلُّونَا	يَضَلُّونَا	0.83	1.00	rec	818.26	819.46
36	29	فَـَٔاتِهِمْ	فَآتِهِمْ	1.00	1.00	rec	819.86	821.08
36	30	عَذَابًۭا	عَذَابًا	1.00	1.00	rec	821.18	822.02
36	31	ضِعْفًۭا	ضِعٍ	0.50	0.94	rec	825.98	826.20
36	32	مِّنَ	فَمِّنَ	0.67	0.99	rec	826.46	827.82
36	33	ٱلنَّارِۖ	النَّارِ	1.00	0.90	rec	827.86	829.86
37	0	قَالَ	قَالَ	1.00	1.00	rec	830.78	831.36
37	1	لِكُلٍّۢ	لِكُلٍّ	1.00	1.00	rec	831.48	832.18
37	2	ضِعْفٌۭ	ضِعْفٌ	1.00	0.96	rec	833.20	833.76
37	3	وَلَٰكِن	وَلَـٰكِنْ	1.00	1.00	rec	834.54	835.62
37	4	لَّا	لَا	1.00	1.00	rec	835.68	835.82
37	5	تَعْلَمُونَ	تَعْلَمُونَ	1.00	1.00	rec	836.16	838.22
38	0	وَقَالَتْ	وَقَالَتْ	1.00	1.00	rec	839.44	840.46
38	1	أُولَىٰهُمْ	أُولَاعَهُمْ	0.71	0.94	rec	840.54	841.70
38	2	لِأُخْرَىٰهُمْ	لِأُخْرِاهُمْ	0.88	0.97	rec	841.78	843.08
38	3	فَمَا	فَمَا	1.00	1.00	rec	843.20	843.54
38	4	كَانَ	كَانَ	1.00	1.00	rec	843.88	844.38
38	5	لَكُمْ	لَكُمْ	1.00	1.00	rec	844.48	845.02
38	6	عَلَيْنَا	عَلَيْنَا	1.00	1.00	rec	845.12	845.84
38	7	مِن	مِنْ	1.00	1.00	rec	846.18	847.08
38	8	فَضْلٍۢ	فَضْلٍ	1.00	1.00	rec	847.20	847.72
38	9	فَذُوقُوا۟	فَذُوقُوا	1.00	1.00	rec	848.46	849.26
38	10	ٱلْعَذَابَ	الْعَذَابَ	1.00	1.00	rec	849.32	850.34
38	11	بِمَا	بِمَا	1.00	1.00	rec	850.46	850.82
38	12	كُنتُمْ	كُنْتُمْ	1.00	0.95	rec	851.16	852.46
38	13	تَكْسِبُونَ	حْسِبُونَ	0.67	0.93	rec	852.90	854.92
39	0	إِنَّ	إِنَّ	1.00	1.00	rec	855.88	856.88
39	1	ٱلَّذِينَ	الَّذِينَ	1.00	1.00	rec	856.94	857.84
39	2	كَذَّبُوا۟	كَذَّبُوا	1.00	1.00	rec	858.06	858.76
39	3	بِـَٔايَٰتِنَا	بِآيَاتِنَا	1.00	1.00	rec	859.14	860.62
39	4	وَٱسْتَكْبَرُوا۟	َوَ+اسْتَكْبَرُوا	1.00	0.94	rec	861.04	862.14
39	5	عَنْهَا	عَنْهَا	1.00	1.00	rec	862.50	863.12
39	6	لَا	لَا	1.00	1.00	rec	863.70	863.84
39	7	تُفَتَّحُ	تُفْتَحُ	1.00	1.00	rec	864.22	864.80
39	8	لَهُمْ	لَهُمْ	1.00	1.00	rec	864.94	865.46
39	9	أَبْوَٰبُ	أَبْوَابُ	1.00	0.94	rec	865.60	866.34
39	10	ٱلسَّمَآءِ	السَّمَاءِ	1.00	1.00	rec	866.40	868.72
39	11	وَلَا	وَلَا	1.00	1.00	rec	875.34	875.68
39	12	يَدْخُلُونَ	يَدْخُلُونَ	1.00	1.00	rec	875.98	877.10
39	13	ٱلْجَنَّةَ	الْجَنَّةَ	1.00	1.00	rec	877.16	878.58
39	14	حَتَّىٰ	حَتَّىٰ	1.00	0.93	rec	878.74	879.24
39	15	يَلِجَ	يَلِجَ	1.00	0.91	rec	879.58	880.10
39	16	ٱلْجَمَلُ	الْجَمَلُ	1.00	1.00	rec	880.18	880.94
39	17	فِى	فِي	0.50	1.00	rec	881.18	881.32
39	18	سَمِّ	سَمِّ	1.00	1.00	rec	881.60	882.48
39	19	ٱلْخِيَاطِۚ	الْخِيَاطِ	1.00	0.97	rec	882.56	884.40
39	20	وَكَذَٰلِكَ	وَكَذَٰلِكَ	1.00	1.00	rec	885.52	886.60
39	21	نَجْزِى	نَجْزِي	0.75	1.00	rec	886.70	887.24
39	22	ٱلْمُجْرِمِينَ	الْمُجْرِمِينَ	1.00	1.00	rec	887.30	889.54
40	0	لَهُم	لَهُمْ	1.00	1.00	rec	890.58	891.54
40	1	مِّن	مِنْ	1.00	1.00	rec	891.60	892.44
40	2	جَهَنَّمَ	جَهَنَّمَ	1.00	1.00	rec	892.54	893.94
40	3	مِهَادٌۭ	مِهَادٌُ	1.00	0.91	rec	894.08	895.30
40	4	وَمِن	وَمِنْ	1.00	1.00	rec	895.60	896.70
40	5	فَوْقِهِمْ	فَوْقِهِمْ	1.00	1.00	rec	896.82	897.92
40	6	غَوَاشٍۢۚ	غَوَاشٌ	1.00	1.00	rec	898.04	899.52
40	7	وَكَذَٰلِكَ	وَكَذَٰلِكَ	1.00	1.00	rec	900.28	901.58
40	8	نَجْزِى	نَجْزِي	0.75	1.00	rec	901.70	902.24
40	9	ٱلظَّٰلِمِينَ	الظَّالِمِينَ	1.00	0.98	rec	902.30	904.80
41	0	وَٱلَّذِينَ	وَالَّذِينَ	1.00	1.00	rec	905.74	906.68
41	1	ءَامَنُوا۟	آمَنُوا	0.83	1.00	rec	906.86	907.62
41	2	وَعَمِلُوا۟	وَعَمِلُوا	1.00	0.96	rec	907.92	908.60
41	3	ٱلصَّٰلِحَٰتِ	الصَّالِحَاتِ	1.00	1.00	rec	908.66	910.08
41	4	لَا	لَا	1.00	1.00	rec	910.22	910.32
41	5	نُكَلِّفُ	نُكَلِّفُ	1.00	1.00	rec	910.62	911.60
41	6	نَفْسًا	نَفْسًا	1.00	1.00	rec	911.80	912.26
41	7	إِلَّا	إِلَّا	1.00	1.00	rec	912.72	913.18
41	8	وُسْعَهَآ	وُسْعَهَا	1.00	0.97	rec	913.70	914.56
41	9	أُو۟لَٰٓئِكَ	أُولَـٰئِكَ	1.00	1.00	rec	916.08	918.54
41	10	أَصْحَٰبُ	أَصْحَابُ	1.00	1.00	rec	918.66	919.66
41	11	ٱلْجَنَّةِۖ	الْجَنَّةِ	1.00	1.00	rec	919.74	921.34
41	12	هُمْ	هُمْ	1.00	1.00	rec	921.54	921.90
41	13	فِيهَا	فِيهَا	1.00	1.00	rec	922.04	922.60
41	14	خَٰلِدُونَ	خَالِدُونَ	1.00	1.00	rec	923.04	925.24
42	0	وَنَزَعْنَا	وَنَزَعْنَا	1.00	1.00	rec	927.22	928.28
42	1	مَا	مَا	1.00	0.99	rec	928.76	928.90
42	2	فِى	فِي	0.50	1.00	rec	929.42	929.60
42	3	صُدُورِهِم	صُدُورِهِمْ	1.00	1.00	rec	929.92	931.80
42	4	مِّنْ	مِنْ	1.00	1.00	rec	931.88	932.22
42	5	غِلٍّۢ	غِلٍّ	1.00	0.99	rec	932.34	932.78
42	6	تَجْرِى	تَجْرِي	0.75	0.91	rec	933.62	934.20
42	7	مِن	مِنْ	1.00	1.00	rec	934.68	935.28
42	8	تَحْتِهِمُ	تَحْتِهِمِ	1.00	1.00	rec	935.42	936.34
42	9	ٱلْأَنْهَٰرُۖ	الْأَنْهَارِ	1.00	1.00	rec	936.42	938.50
42	10	وَقَالُوا۟	وَقَالُوا	1.00	1.00	rec	939.46	940.28
42	11	ٱلْحَمْدُ	الْحَمْدُ	1.00	0.98	rec	940.32	941.08
42	12	لِلَّهِ	لِلَّهِ	1.00	1.00	rec	941.24	942.14
42	13	ٱلَّذِى	الَّذِي	0.75	1.00	rec	942.20	942.76
42	14	هَدَىٰنَا	هَدَانَا	0.83	1.00	rec	943.02	943.82
42	15	لِهَٰذَا	لِهَـٰذَا	1.00	0.99	rec	944.14	944.92
42	16	وَمَا	وَمَا	1.00	1.00	rec	945.26	945.62
42	17	كُنَّا	كُنَّا	1.00	1.00	rec	946.00	947.06
42	18	لِنَهْتَدِىَ	لِنَهْتَدِيَ	0.83	1.00	rec	947.34	948.42
42	19	لَوْلَآ	لَوْلَا	1.00	1.00	rec	948.54	949.06
42	20	أَنْ	أَنْ	1.00	1.00	rec	949.58	949.90
42	21	هَدَىٰنَا	هَدَانَ	0.67	0.98	rec	950.00	950.96
42	22	ٱللَّهُۖ	اللَّهِ	1.00	0.96	rec	951.02	952.24
42	23	لَقَدْ	لَقَدْ	1.00	1.00	rec	953.46	953.98
42	24	جَآءَتْ	جَاءَتْ	1.00	1.00	rec	954.06	956.10
42	25	رُسُلُ	رُسُلُ	1.00	1.00	rec	956.20	956.66
42	26	رَبِّنَا	رَبِّنَا	1.00	1.00	rec	956.78	957.42
42	27	بِٱلْحَقِّۖ	بِالْحَقِّ	1.00	0.96	rec	957.90	958.64
42	28	وَنُودُوٓا۟	وَنُودُوا	1.00	0.95	rec	959.96	960.84
42	29	أَن	أَنْ	1.00	1.00	rec	961.40	962.16
42	30	تِلْكُمُ	تِلْكُمُ	1.00	1.00	rec	962.30	963.12
42	31	ٱلْجَنَّةُ	الْجَنَّةُ	1.00	0.98	rec	963.22	964.90
42	32	أُورِثْتُمُوهَا	أُورِدْتُمُوهَا	0.89	0.99	rec	965.12	966.76
42	33	بِمَا	بِمَا	1.00	1.00	rec	967.12	967.46
42	34	كُنتُمْ	كُنْتُمْ	1.00	1.00	rec	967.82	969.14
42	35	تَعْمَلُونَ	تَعْمَلُونَ	1.00	0.98	rec	969.28	971.34
43	0	وَنَادَىٰٓ	وَنَادَىٰ	1.00	1.00	rec	972.14	973.00
43	1	أَصْحَٰبُ	أَصْحَابُ	1.00	1.00	rec	973.90	974.84
43	2	ٱلْجَنَّةِ	الْجَنَّةِ	1.00	0.98	rec	974.92	976.58
43	3	أَصْحَٰبَ	أَصْحَابَ	1.00	1.00	rec	976.72	977.72
43	4	ٱلنَّارِ	النَّارِ	1.00	0.99	rec	977.80	978.98
43	5	أَن	أَنْ	1.00	1.00	rec	979.18	980.02
43	6	قَدْ	قَدْ	1.00	1.00	rec	980.14	980.44
43	7	وَجَدْنَا	وَجَدْنَا	1.00	1.00	rec	980.58	981.34
43	8	مَا	مَا	1.00	1.00	rec	981.68	981.82
43	9	وَعَدَنَا	وَعَدْنَا	1.00	0.99	rec	982.12	982.90
43	10	رَبُّنَا	رَبُّنَاح	0.80	0.95	rec	983.24	984.32
43	11	حَقًّۭا	قًا	0.67	0.91	rec	984.76	984.90
43	12	فَهَلْ	فَهَلْ	1.00	1.00	rec	985.90	986.46
43	13	وَجَدتُّم	وَجَدْتُمْ	1.00	1.00	rec	986.54	987.50
43	14	مَّا	مَا	1.00	1.00	rec	990.66	990.80
43	15	وَعَدَ	وَعَدَ	1.00	1.00	rec	991.22	991.80
43	16	رَبُّكُمْ	رَبُّكُمْ	1.00	1.00	rec	991.96	993.00
43	17	حَقًّۭاۖ	حَ+قَاَ	1.00	0.74	rec	993.16	994.40
43	18	قَالُوا۟	قَالُوا	1.00	0.96	rec	995.10	995.90
43	19	نَعَمْۚ	نَعَم	1.00	1.00	rec	996.26	996.72
43	20	فَأَذَّنَ	فَأَذَّنَ	1.00	0.97	rec	997.64	998.60
43	21	مُؤَذِّنٌۢ	مُؤَذِّنٌ	1.00	1.00	rec	998.74	999.60
43	22	بَيْنَهُمْ	بَيْنَهُمْ	1.00	1.00	rec	1000.44	1001.46
43	23	أَن	أَنْ	1.00	0.93	rec	1001.58	1001.86
43	24	لَّعْنَةُ	لَعْنَةُ	1.00	0.95	rec	1001.94	1002.68
43	25	ٱللَّهِ	اللَّهِ	1.00	1.00	rec	1002.76	1003.68
43	26	عَلَى	عَلَى	1.00	1.00	rec	1003.86	1004.16
43	27	ٱلظَّٰلِمِينَ	الظَّالِمِينَ	1.00	1.00	rec	1004.20	1006.62
44	0	ٱلَّذِينَ	الَّذِينَ	1.00	1.00	rec	1007.44	1008.38
44	1	يَصُدُّونَ	يَصُدُّونَ	1.00	1.00	rec	1008.50	1009.62
44	2	عَن	عَنْ	1.00	1.00	rec	1009.76	1010.66
44	3	سَبِيلِ	سَبِيلِ	1.00	1.00	rec	1010.78	1011.46
44	4	ٱللَّهِ	اللَّهِ	1.00	0.98	rec	1011.50	1012.20
44	5	وَيَبْغُونَهَا	وَيَبَغُونَهَا	1.00	0.98	rec	1012.34	1013.82
44	6	عِوَجًۭا	عِوَجًا	1.00	1.00	rec	1014.24	1014.82
44	7	وَهُم	وَهُمْ	1.00	1.00	rec	1019.70	1020.78
44	8	بِٱلْءَاخِرَةِ	بِالْآخِرَةِ	0.88	1.00	rec	1020.84	1022.38
44	9	كَٰفِرُونَ	كَافِرُونَ	1.00	1.00	rec	1022.62	1024.70
45	0	وَبَيْنَهُمَا	وَبَيْنَهُمْ+عَا	0.88	0.82	rec	1025.54	1026.92
45	1	حِجَابٌۭۚ	حِجَابٌ	1.00	0.98	rec	1027.34	1028.98
45	2	وَعَلَى	وَعَلَى	1.00	1.00	rec	1030.04	1030.50
45	3	ٱلْأَعْرَافِ	الْأَعْرَافِ	1.00	1.00	rec	1030.54	1031.92
45	4	رِجَالٌۭ	رِجَالٌ	1.00	1.00	rec	1032.04	1032.82
45	5	يَعْرِفُونَ	يَعْرِفُونَ	1.00	0.99	rec	1033.70	1034.80
45	6	كُلًّۢا	كُلًّا	1.00	1.00	rec	1035.00	1035.46
45	7	بِسِيمَىٰهُمْۚ	بِسِيمَاهُمْ	0.88	1.00	rec	1036.34	1038.14
45	8	وَنَادَوْا۟	وَنَعدَوْا	0.83	0.99	rec	1039.10	1040.16
45	9	أَصْحَٰبَ	أَصْحَابَ	1.00	1.00	rec	1040.32	1041.10
45	10	ٱلْجَنَّةِ	الْجَنَّةِ	1.00	0.97	rec	1041.16	1042.70
45	11	أَن	أَنْ	1.00	0.99	rec	1042.86	1043.72
45	12	سَلَٰمٌ	سَلَعَامٌ	0.80	0.91	rec	1043.84	1044.78
45	13	عَلَيْكُمْۚ	عَلَيْكُمْ	1.00	1.00	rec	1045.16	1046.44
45	14	لَمْ	لَمْ	1.00	1.00	rec	1046.52	1046.88
45	15	يَدْخُلُوهَا	يَدْخُلُوهَا	1.00	1.00	rec	1046.98	1048.16
45	16	وَهُمْ	وَهُمْ	1.00	1.00	rec	1048.58	1049.16
45	17	يَطْمَعُونَ	يَطْمَعُونَ	1.00	1.00	rec	1049.30	1051.22
46	0	وَإِذَا	وَإِذَا	1.00	1.00	rec	1052.74	1053.26
46	1	صُرِفَتْ	صُرِفَتْ	1.00	0.90	rec	1053.58	1054.32
46	2	أَبْصَٰرُهُمْ	أَبْصَارُهُمْ	1.00	1.00	rec	1054.42	1056.08
46	3	تِلْقَآءَ	تِلْقَىٰ	0.60	0.89	rec	1056.22	1056.82
46	4	أَصْحَٰبِ	أَصْحَابِ	1.00	1.00	rec	1057.42	1058.46
46	5	ٱلنَّارِ	النِّارِ	1.00	0.93	rec	1058.52	1059.92
46	6	قَالُوا۟	قَالُوا	1.00	1.00	rec	1060.14	1060.68
46	7	رَبَّنَا	رَبَّنَا	1.00	1.00	rec	1060.96	1061.62
46	8	لَا	لَا	1.00	1.00	rec	1061.94	1062.06
46	9	تَجْعَلْنَا	تَجْعَلْنَا	1.00	1.00	rec	1062.40	1063.36
46	10	مَعَ	مَعَ	1.00	1.00	rec	1063.76	1064.02
46	11	ٱلْقَوْمِ	الْقَوْمِ	1.00	1.00	rec	1064.08	1064.94
46	12	ٱلظَّٰلِمِينَ	الظَّالِمِينَ	1.00	1.00	rec	1065.00	1067.44
47	0	وَنَادَىٰٓ	وَنَادَىٰ	1.00	1.00	rec	1068.50	1069.36
47	1	أَصْحَٰبُ	أَصْحَابُ	1.00	1.00	rec	1070.02	1070.96
47	2	ٱلْأَعْرَافِ	الْأَعْرَافِ	1.00	1.00	rec	1071.04	1072.30
47	3	رِجَالًۭا	رِيَالًا	0.80	0.99	rec	1072.42	1073.14
47	4	يَعْرِفُونَهُم	يَعْرِفُونَهُمْ	1.00	1.00	rec	1073.78	1075.74
47	5	بِسِيمَىٰهُمْ	بِسِيمَاهُمْ	0.88	0.97	rec	1075.82	1077.60
47	6	قَالُوا۟	قَالُوا	1.00	1.00	rec	1078.36	1078.96
47	7	مَآ	مَا	1.00	1.00	rec	1079.28	1079.42
47	8	أَغْنَىٰ	أَغْنَىٰ	1.00	0.99	rec	1079.86	1080.42
47	9	عَنكُمْ	عَنْكُمْ	1.00	0.97	rec	1080.78	1082.16
47	10	جَمْعُكُمْ	جَمْعُكُمْ	1.00	1.00	rec	1082.28	1083.20
47	11	وَمَا	وَمَا	1.00	1.00	rec	1083.32	1083.68
47	12	كُنتُمْ	كُنْتُمْ	1.00	0.97	rec	1084.02	1085.36
47	13	تَسْتَكْبِرُونَ	تَسْتَكْبِرُونَ	1.00	1.00	rec	1085.48	1087.72
48	0	أَهَٰٓؤُلَآءِ	أَهَـٰؤُلَاءِ	1.00	1.00	rec	1088.64	1091.04
48	1	ٱلَّذِينَ	الَّذِينَ	1.00	0.97	rec	1091.08	1092.00
48	2	أَقْسَمْتُمْ	أَقْسَمْتُمْ	1.00	1.00	rec	1092.16	1093.56
48	3	لَا	لَا	1.00	1.00	rec	1093.64	1093.78
48	4	يَنَالُهُمُ	يَنَعلُهُمُ	0.83	0.94	rec	1094.12	1095.38
48	5	ٱللَّهُ	اللَّهُ	1.00	1.00	rec	1095.46	1096.32
48	6	بِرَحْمَةٍۚ	بِرَحْمَةٍ	1.00	1.00	rec	1096.50	1097.38
48	7	ٱدْخُلُوا۟	ادْخُلُوا	1.00	1.00	rec	1098.26	1098.96
48	8	ٱلْجَنَّةَ	الْجَنَّةَ	1.00	1.00	rec	1099.02	1101.00
48	9	لَا	لَا	1.00	1.00	rec	1101.16	1101.26
48	10	خَوْفٌ	خَوْفٌ	1.00	1.00	rec	1101.62	1102.14
48	11	عَلَيْكُمْ	عَلَيْكُمْ	1.00	1.00	rec	1102.50	1103.44
48	12	وَلَآ	وَلَا	1.00	1.00	rec	1103.58	1103.92
48	13	أَنتُمْ	أَنْتُمْ	1.00	1.00	rec	1104.44	1105.60
48	14	تَحْزَنُونَ	تَحْزَنُونَ	1.00	1.00	rec	1105.74	1107.82
49	0	وَنَادَىٰٓ	وَنَادَىٰ	1.00	1.00	rec	1108.90	1109.76
49	1	أَصْحَٰبُ	أَصْحَابُ	1.00	1.00	rec	1110.52	1111.50
49	2	ٱلنَّارِ	النِّارِ	1.00	0.97	rec	1111.58	1112.82
49	3	أَصْحَٰبَ	أَصْحَابَ	1.00	1.00	rec	1113.02	1113.82
49	4	ٱلْجَنَّةِ	الْجَنَّةِ	1.00	1.00	rec	1113.88	1115.28
49	5	أَنْ	أَنْ	1.00	1.00	rec	1115.46	1115.82
49	6	أَفِيضُوا۟	أَفِيضُوا	1.00	0.90	rec	1115.90	1116.78
49	7	عَلَيْنَا	عَلَيْنَا	1.00	1.00	rec	1117.10	1117.88
49	8	مِنَ	مِنَ	1.00	1.00	rec	1118.38	1118.64
49	9	ٱلْمَآءِ	الْمَاءِ	1.00	0.92	rec	1118.68	1120.88
49	10	أَوْ	أَنْ	0.50	1.00	rec	1121.98	1122.30
49	11	مِمَّا	يَوْمٍ+مَا	0.60	1.00	rec	1126.98	1128.36
49	12	رَزَقَكُمُ	رَزَقَكُمُ	1.00	1.00	rec	1128.60	1129.64
49	13	ٱللَّهُۚ	اللَّهُ	1.00	0.97	rec	1129.70	1130.94
49	14	قَالُوٓا۟	قَالُوا	1.00	1.00	rec	1131.78	1132.44
49	15	إِنَّ	إِنَّ	1.00	1.00	rec	1132.80	1133.60
49	16	ٱللَّهَ	اللَّهَ	1.00	0.92	rec	1133.66	1134.54
49	17	حَرَّمَهُمَا	حَرَّمَهُمَا	1.00	1.00	rec	1134.80	1135.94
49	18	عَلَى	عَلَى	1.00	1.00	rec	1136.26	1136.54
49	19	ٱلْكَٰفِرِينَ	الْكَافِرِينَ	1.00	0.95	rec	1136.58	1138.94
50	0	ٱلَّذِينَ	الَّذِينَ	1.00	1.00	rec	1140.12	1140.94
50	1	ٱتَّخَذُوا۟	اتَّخَذُوا	1.00	0.96	rec	1140.98	1141.80
50	2	دِينَهُمْ	دِينَهُمْ	1.00	1.00	rec	1142.10	1143.08
50	3	لَهْوًۭا	لَهْوًا	1.00	1.00	rec	1143.18	1143.72
50	4	وَلَعِبًۭا	وَلَعِبًا	1.00	1.00	rec	1144.50	1145.18
50	5	وَغَرَّتْهُمُ	وَغَرَّتْهُمُ	1.00	1.00	rec	1145.80	1146.98
50	6	ٱلْحَيَوٰةُ	الْحَيَاةُ	0.86	1.00	rec	1147.06	1148.30
50	7	ٱلدُّنْيَاۚ	الدُّنْيَا	1.00	0.99	rec	1148.36	1149.24
50	8	فَٱلْيَوْمَ	فَالْيَوْمَ	1.00	0.97	rec	1150.42	1151.36
50	9	نَنسَىٰهُمْ	نَنْسَعَهُمْ	0.71	0.96	rec	1151.54	1153.26
50	10	كَمَا	كَمَا	1.00	1.00	rec	1153.42	1153.74
50	11	نَسُوا۟	نَسُوا	1.00	0.99	rec	1154.04	1154.44
50	12	لِقَآءَ	لِقَاءَ	1.00	1.00	rec	1154.76	1156.98
50	13	يَوْمِهِمْ	يَوْمِهِمْ	1.00	1.00	rec	1157.12	1158.08
50	14	هَٰذَا	هَـٰذَا	1.00	1.00	rec	1158.16	1158.78
50	15	وَمَا	وَمَا	1.00	1.00	rec	1159.10	1159.48
50	16	كَانُوا۟	كَانُوا	1.00	0.98	rec	1159.82	1160.40
50	17	بِـَٔايَٰتِنَا	بِآيَاتِنَا	1.00	1.00	rec	1160.72	1162.30
50	18	يَجْحَدُونَ	يَجْحَدُونَ	1.00	1.00	rec	1162.70	1164.66
51	0	وَلَقَدْ	وَلَقَدْ	1.00	1.00	rec	1165.50	1166.22
51	1	جِئْنَٰهُم	جِئْنَاهُمْ	1.00	1.00	rec	1166.28	1167.80
51	2	بِكِتَٰبٍۢ	بِكِتَابٍ	1.00	1.00	rec	1167.86	1168.80
51	3	فَصَّلْنَٰهُ	فَصَّلْنَاهُ	1.00	0.96	rec	1169.44	1170.74
51	4	عَلَىٰ	عَلَىٰ	1.00	0.98	rec	1170.88	1171.24
51	5	عِلْمٍ	عِلْمٍ	1.00	1.00	rec	1171.48	1171.90
51	6	هُدًۭى	هُدًى	1.00	1.00	rec	1172.28	1172.60
51	7	وَرَحْمَةًۭ	وَرَحْمَةً	1.00	1.00	rec	1173.28	1174.10
51	8	لِّقَوْمٍۢ	لِقَوْمٍ	1.00	1.00	rec	1174.40	1175.14
51	9	يُؤْمِنُونَ	يُؤْمِنُونَ	1.00	1.00	rec	1176.02	1177.94
52	0	هَلْ	هَلْ	1.00	1.00	rec	1178.78	1179.12
52	1	يَنظُرُونَ	يَنْظُرُونَ	1.00	1.00	rec	1179.22	1180.88
52	2	إِلَّا	إِلَّا	1.00	0.94	rec	1181.02	1181.54
52	3	تَأْوِيلَهُۥۚ	تَأْوِيلَهُ	0.86	1.00	rec	1182.04	1183.06
52	4	يَوْمَ	يَوْمَ	1.00	1.00	rec	1184.12	1184.54
52	5	يَأْتِى	يَأْتِي	0.75	1.00	rec	1184.64	1185.16
52	6	تَأْوِيلُهُۥ	تَأْوِيلُهُ	0.86	1.00	rec	1185.58	1186.66
52	7	يَقُولُ	يَقُولُ	1.00	0.94	rec	1187.06	1187.78
52	8	ٱلَّذِينَ	الَّذِينَ	1.00	1.00	rec	1187.86	1188.74
52	9	نَسُوهُ	نَسُوهُ	1.00	1.00	rec	1188.84	1189.60
52	10	مِن	مِنْ	1.00	1.00	rec	1189.76	1190.40
52	11	قَبْلُ	قَبْلُ	1.00	0.98	rec	1190.54	1191.00
52	12	قَدْ	قَدْ	1.00	1.00	rec	1191.22	1191.52
52	13	جَآءَتْ	جَاءَتْ	1.00	1.00	rec	1191.60	1193.66
52	14	رُسُلُ	رُسُلُ	1.00	1.00	rec	1193.74	1194.20
52	15	رَبِّنَا	رَبِّنَا	1.00	1.00	rec	1194.32	1195.00
52	16	بِٱلْحَقِّ	بِالْحَقِّ	1.00	0.93	rec	1195.42	1196.06
52	17	فَهَل	فَهَلْ	1.00	0.97	rec	1197.72	1198.14
52	18	لَّنَا	لَنَا	1.00	1.00	rec	1198.20	1198.48
52	19	مِن	مِنْ	1.00	1.00	rec	1198.74	1199.48
52	20	شُفَعَآءَ	شُفَعَاءَ	1.00	1.00	rec	1199.56	1201.72
52	21	فَيَشْفَعُوا۟	فَيَشْفَعُو	0.86	0.97	rec	1201.86	1202.78
52	22	لَنَآ	لَنَا	1.00	1.00	rec	1203.06	1203.36
52	23	أَوْ	أَوْ	1.00	1.00	rec	1204.12	1204.46
52	24	نُرَدُّ	نُرَدََ	1.00	0.86	rec	1204.54	1204.96
52	25	فَنَعْمَلَ	فَنَعْمَلَ	1.00	1.00	rec	1207.46	1208.40
52	26	غَيْرَ	غَيْرَ	1.00	1.00	rec	1208.60	1209.04
52	27	ٱلَّذِى	الَّذِي	0.75	0.99	rec	1209.10	1209.62
52	28	كُنَّا	كُنَّا	1.00	1.00	rec	1210.00	1211.40
52	29	نَعْمَلُۚ	نَعْمَلْ	1.00	0.99	rec	1211.80	1212.68
52	30	قَدْ	قَدْ	1.00	1.00	rec	1213.54	1213.82
52	31	خَسِرُوٓا۟	خَسِرُوا	1.00	1.00	rec	1213.98	1214.58
52	32	أَنفُسَهُمْ	أَنْفُسَهُمْ	1.00	1.00	rec	1215.02	1216.54
52	33	وَضَلَّ	وَضَلَّ	1.00	1.00	rec	1216.66	1217.30
52	34	عَنْهُم	عَنْهُمْ	1.00	1.00	rec	1217.42	1218.54
52	35	مَّا	مَا	1.00	1.00	rec	1218.62	1218.74
52	36	كَانُوا۟	كَانُوا	1.00	1.00	rec	1219.14	1219.68
52	37	يَفْتَرُونَ	فْتَرُونَ	0.83	0.98	rec	1220.40	1222.18
53	0	إِنَّ	إِنَّ	1.00	1.00	rec	1223.42	1224.30
53	1	رَبَّكُمُ	رَبَّكُمُ	1.00	1.00	rec	1224.40	1225.28
53	2	ٱللَّهُ	اللَّهُ	1.00	1.00	rec	1225.36	1226.20
53	3	ٱلَّذِى	الَّذِي	0.75	1.00	rec	1226.26	1226.78
53	4	خَلَقَ	خَلَقَ	1.00	0.90	rec	1227.08	1227.56
53	5	ٱلسَّمَٰوَٰتِ	السَّمَاوَاتِ	1.00	1.00	rec	1227.62	1228.88
53	6	وَٱلْأَرْضَ	وَالْأَرْضَ	1.00	1.00	rec	1229.00	1229.86
53	7	فِى	فِي	0.50	1.00	rec	1230.08	1230.24
53	8	سِتَّةِ	سِتَّةِ	1.00	0.98	rec	1230.52	1231.22
53	9	أَيَّامٍۢ	أَيَّامٍ	1.00	1.00	rec	1231.38	1232.28
53	10	ثُمَّ	ثُمَّ	1.00	0.92	rec	1233.02	1233.86
53	11	ٱسْتَوَىٰ	اسْتَوَىٰ	1.00	1.00	rec	1233.92	1234.52
53	12	عَلَى	عَلَى	1.00	1.00	rec	1234.84	1235.12
53	13	ٱلْعَرْشِ	الْعَرْشِ	1.00	1.00	rec	1235.18	1235.96
53	14	يُغْشِى	يُغْشِي	0.75	1.00	rec	1237.02	1237.54
53	15	ٱلَّيْلَ	اللَّيْلَ	0.80	1.00	rec	1237.62	1238.40
53	16	ٱلنَّهَارَ	النَّهَارَ	1.00	1.00	rec	1238.46	1240.22
53	17	يَطْلُبُهُۥ	يَقْلُبُهُ	0.67	1.00	rec	1240.34	1241.32
53	18	حَثِيثًۭا	حَفِيثًا	0.80	0.94	rec	1241.72	1242.66
53	19	وَٱلشَّمْسَ	وَالشَّمْسَ	1.00	1.00	rec	1244.02	1244.76
53	20	وَٱلْقَمَرَ	وَالْقَمَرَ	1.00	0.99	rec	1244.86	1245.90
53	21	وَٱلنُّجُومَ	وَالنُّجُومَ	1.00	0.97	rec	1246.04	1247.72
53	22	مُسَخَّرَٰتٍۭ	مُسَخَّرَاتٍ	1.00	0.99	rec	1247.84	1249.34
53	23	بِأَمْرِهِۦٓۗ	بِأَمْرِهِ	0.83	0.95	rec	1250.28	1251.22
53	24	أَلَا	أَلَا	1.00	1.00	rec	1252.20	1252.54
53	25	لَهُ	لَهُ	1.00	1.00	rec	1252.90	1253.20
53	26	ٱلْخَلْقُ	الْخَلْقُ	1.00	0.97	rec	1253.28	1254.08
53	27	وَٱلْأَمْرُۗ	وَالْأَمْرُ	1.00	1.00	rec	1254.20	1255.10
53	28	تَبَارَكَ	تَبَارَكَ	1.00	1.00	rec	1255.32	1256.40
53	29	ٱللَّهُ	اللَّهُ	1.00	1.00	rec	1256.44	1257.24
53	30	رَبُّ	رَبُّ	1.00	0.99	rec	1257.38	1257.80
53	31	ٱلْعَٰلَمِينَ	الْعَالَمِينَ	1.00	1.00	rec	1257.88	1260.16
54	0	ٱدْعُوا۟	ادْعُوا	1.00	1.00	rec	1261.46	1261.98
54	1	رَبَّكُمْ	رَبَّكُمْ	1.00	1.00	rec	1262.22	1263.08
54	2	تَضَرُّعًۭا	تَضَرُّعًا	1.00	0.99	rec	1263.20	1264.14
54	3	وَخُفْيَةًۚ	وَخُفْيَةً	1.00	1.00	rec	1265.44	1266.36
54	4	إِنَّهُۥ	إِنَّهُ	0.75	1.00	rec	1267.20	1268.40
54	5	لَا	لَا	1.00	1.00	rec	1268.72	1268.84
54	6	يُحِبُّ	يُحِبُّ	1.00	0.94	rec	1269.08	1269.74
54	7	ٱلْمُعْتَدِينَ	الْمُعِْ+ْتَدِينِ	1.00	0.90	rec	1269.82	1272.22
55	0	وَلَا	وَلَا	1.00	1.00	rec	1273.20	1273.50
55	1	تُفْسِدُوا۟	تُفْسِدُوا	1.00	1.00	rec	1273.94	1274.70
55	2	فِى	فِي	0.50	1.00	rec	1275.10	1275.22
55	3	ٱلْأَرْضِ	الْأَرْضِ	1.00	1.00	rec	1275.28	1276.12
55	4	بَعْدَ	بَعْدَ	1.00	1.00	rec	1276.34	1276.78
55	5	إِصْلَٰحِهَا	إِصْلَاحِهَا	1.00	1.00	rec	1276.90	1278.12
55	6	وَٱدْعُوهُ	وَادْعُوهُ	1.00	1.00	rec	1278.52	1279.42
55	7	خَوْفًۭا	خَوْفًا	1.00	1.00	rec	1279.66	1280.28
55	8	وَطَمَعًاۚ	وَطَمَعًا	1.00	1.00	rec	1281.14	1282.02
55	9	إِنَّ	إِنَّ	1.00	0.88	rec	1283.44	1284.52
55	10	رَحْمَتَ	رَحْمَتَ	1.00	0.95	rec	1284.64	1285.42
55	11	ٱللَّهِ	اللَّهِ	1.00	0.99	rec	1285.46	1286.34
55	12	قَرِيبٌۭ	قَرِيبٌ	1.00	0.98	rec	1286.56	1287.26
55	13	مِّنَ	مِنَ	1.00	1.00	rec	1288.08	1288.34
55	14	ٱلْمُحْسِنِينَ	الْمُحُحِ+سنِينَ	0.89	0.78	rec	1288.38	1290.60
56	0	وَهُوَ	وَهُوَ	1.00	1.00	rec	1292.36	1292.68
56	1	ٱلَّذِى	الَّذِي	0.75	1.00	rec	1292.74	1293.26
56	2	يُرْسِلُ	يُرْسِلُ	1.00	1.00	rec	1293.66	1294.48
56	3	ٱلرِّيَٰحَ	الرِّيَاحَ	1.00	1.00	rec	1294.56	1295.58
56	4	بُشْرًۢا	نُشُرًا	0.75	1.00	rec	1295.72	1296.32
56	5	بَيْنَ	بَيْنَ	1.00	1.00	rec	1297.22	1297.74
56	6	يَدَىْ	يَدَيْ	0.67	1.00	rec	1297.86	1298.34
56	7	رَحْمَتِهِۦۖ	رَحْمَتِهِ	0.83	1.00	rec	1298.42	1299.34
56	8	حَتَّىٰٓ	حَتَّىٰ	1.00	1.00	rec	1300.42	1300.90
56	9	إِذَآ	إِذَا	1.00	1.00	rec	1301.64	1302.02
56	10	أَقَلَّتْ	أَقَلَّ	0.75	0.99	rec	1302.34	1303.00
56	11	سَحَابًۭا		0.00	0.42	forced	1303.26	1304.26
56	12	ثِقَالًۭا		0.00	0.49	forced	1304.84	1305.74
56	13	سُقْنَٰهُ		0.00	0.44	forced	1306.38	1307.46
56	14	لِبَلَدٍۢ	لِبَلَدٍ	1.00	1.00	rec	1307.62	1308.24
56	15	مَّيِّتٍۢ	مَيْتٍ	1.00	0.99	rec	1309.10	1309.64
56	16	فَأَنزَلْنَا	فَأَنْزَلْنَا	1.00	1.00	rec	1310.38	1312.08
56	17	بِهِ	بِهِ	1.00	1.00	rec	1312.44	1312.78
56	18	ٱلْمَآءَ	الْمَاءُ	1.00	0.93	rec	1312.84	1315.08
56	19	فَأَخْرَجْنَا	فَأَخْرَجْنَا	1.00	1.00	rec	1320.36	1321.62
56	20	بِهِۦ	بِهِ	0.67	1.00	rec	1321.92	1322.24
56	21	مِن	مِنْ	1.00	1.00	rec	1322.68	1323.28
56	22	كُلِّ	كُلِّ	1.00	1.00	rec	1323.44	1323.88
56	23	ٱلثَّمَرَٰتِۚ	الثَّمَرَاتِ	1.00	0.98	rec	1323.94	1325.80
56	24	كَذَٰلِكَ	كَذَٰلِكَ	1.00	1.00	rec	1326.72	1327.66
56	25	نُخْرِجُ	نُخْرِجُ	1.00	0.98	rec	1327.78	1328.44
56	26	ٱلْمَوْتَىٰ	الْمَوْتَىٰ	1.00	0.98	rec	1328.50	1329.38
56	27	لَعَلَّكُمْ	لَعَلَّكُمْ	1.00	0.97	rec	1329.70	1330.88
56	28	تَذَكَّرُونَ	تَذَّكَّرُونَ	1.00	1.00	rec	1331.02	1333.32
57	0	وَٱلْبَلَدُ	وَالْبَلَدُ	1.00	1.00	rec	1334.30	1335.24
57	1	ٱلطَّيِّبُ	الطَّيِّبُ	1.00	1.00	rec	1335.32	1336.34
57	2	يَخْرُجُ	يَخْرُجُ	1.00	1.00	rec	1336.58	1337.36
57	3	نَبَاتُهُۥ	نَبَعتُهُ	0.67	0.92	rec	1337.54	1338.72
57	4	بِإِذْنِ	بِإِذْنِ	1.00	1.00	rec	1339.14	1339.84
57	5	رَبِّهِۦۖ	رَبِ+بِهِ	0.50	0.85	rec	1339.98	1340.72
57	6	وَٱلَّذِى	وَالَّذِي	0.80	1.00	rec	1341.50	1342.14
57	7	خَبُثَ	خَبُثَ	1.00	0.98	rec	1342.50	1343.16
57	8	لَا	لَا	1.00	1.00	rec	1343.32	1343.44
57	9	يَخْرُجُ	يَخْرُجُ	1.00	1.00	rec	1343.86	1344.62
57	10	إِلَّا	إِلَّا	1.00	1.00	rec	1344.80	1345.32
57	11	نَكِدًۭاۚ	نَكْدًا	1.00	0.95	rec	1345.78	1346.42
57	12	كَذَٰلِكَ	كَذَٰلِكَ	1.00	1.00	rec	1347.62	1348.58
57	13	نُصَرِّفُ	مُصَرِّفُ	0.75	1.00	rec	1348.72	1349.70
57	14	ٱلْءَايَٰتِ	الْآيَاتِ	0.86	1.00	rec	1349.80	1351.04
57	15	لِقَوْمٍۢ	لِقَوْمٍ	1.00	1.00	rec	1351.18	1351.96
57	16	يَشْكُرُونَ	يَشْكُرُونَ	1.00	1.00	rec	1352.96	1355.32
58	0	لَقَدْ	لَقَدْ	1.00	0.92	rec	1356.50	1357.04
58	1	أَرْسَلْنَا	أَرْسَلْنَا	1.00	1.00	rec	1357.18	1358.04
58	2	نُوحًا	نُوحًا	1.00	1.00	rec	1358.36	1358.92
58	3	إِلَىٰ	إِلَىٰ	1.00	1.00	rec	1359.26	1359.60
58	4	قَوْمِهِۦ	قَوْمِهِ	0.80	1.00	rec	1360.00	1360.66
58	5	فَقَالَ	فَقَالَ	1.00	0.96	rec	1361.68	1362.30
58	6	يَٰقَوْمِ	يَا+قَوْمِ	1.00	1.00	rec	1362.40	1363.50
58	7	ٱعْبُدُوا۟	اعْبُدُوا	1.00	1.00	rec	1363.58	1364.22
58	8	ٱللَّهَ	اللَّهَ	1.00	1.00	rec	1364.28	1365.14
58	9	مَا	مَا	1.00	1.00	rec	1365.32	1365.46
58	10	لَكُم	لَكُمْ	1.00	1.00	rec	1365.80	1366.88
58	11	مِّنْ	مِنْ	1.00	1.00	rec	1366.94	1367.22
58	12	إِلَٰهٍ	إِلَـٰهٍ	1.00	1.00	rec	1367.30	1368.14
58	13	غَيْرُهُۥٓ	غَيْرُهُ	0.80	1.00	rec	1368.54	1369.26
58	14	إِنِّىٓ	إِنِّيَ	0.67	1.00	rec	1369.84	1370.86
58	15	أَخَافُ	أَخَافُ	1.00	0.95	rec	1371.06	1371.98
58	16	عَلَيْكُمْ	عَلَيْكُمْ	1.00	1.00	rec	1372.12	1373.40
58	17	عَذَابَ	عَذَابَ	1.00	1.00	rec	1378.24	1378.92
58	18	يَوْمٍ	يَوْمٍ	1.00	1.00	rec	1379.06	1379.70
58	19	عَظِيمٍۢ	عَظِيمٍ	1.00	1.00	rec	1380.14	1381.64
59	0	قَالَ	قَالَ	1.00	1.00	rec	1382.74	1383.26
59	1	ٱلْمَلَأُ	الْمَلَأُ	1.00	1.00	rec	1383.32	1383.96
59	2	مِن	مِنْ	1.00	1.00	rec	1384.12	1385.00
59	3	قَوْمِهِۦٓ	قَوْمِهِ	0.80	1.00	rec	1385.12	1385.92
59	4	إِنَّا	إِنَّا	1.00	1.00	rec	1386.38	1387.32
59	5	لَنَرَىٰكَ	لَنَرِيكَ	0.67	1.00	rec	1387.66	1388.56
59	6	فِى	فِي	0.50	1.00	rec	1388.76	1388.90
59	7	ضَلَٰلٍۢ	ضَلَالٍ	1.00	1.00	rec	1389.14	1389.88
59	8	مُّبِينٍۢ	مُبِينٍ	1.00	1.00	rec	1390.64	1392.22
60	0	قَالَ	قَالَ	1.00	1.00	rec	1393.46	1393.92
60	1	يَٰقَوْمِ	يَا+قَوْمِ	1.00	1.00	rec	1394.04	1395.24
60	2	لَيْسَ	لَيْسَ	1.00	1.00	rec	1395.42	1396.02
60	3	بِى	بِي	0.50	1.00	rec	1396.22	1396.38
60	4	ضَلَٰلَةٌۭ	ضَلَالَةٌ	1.00	1.00	rec	1396.78	1397.86
60	5	وَلَٰكِنِّى	وَلَـٰكِنِّي	0.83	1.00	rec	1398.56	1400.22
60	6	رَسُولٌۭ	رَسُولٌ	1.00	1.00	rec	1400.56	1401.50
60	7	مِّن	مِنْ	1.00	1.00	rec	1402.18	1402.44
60	8	رَّبِّ	رَبِّ	1.00	1.00	rec	1402.54	1402.98
60	9	ٱلْعَٰلَمِينَ	الْعَالَمِينَ	1.00	0.95	rec	1403.04	1405.28
61	0	أُبَلِّغُكُمْ	أبْلِغُكُمْ	1.00	0.99	rec	1406.20	1407.44
61	1	رِسَٰلَٰتِ	رِسَالَاتِ	1.00	1.00	rec	1407.52	1408.86
61	2	رَبِّى	رَبِّي	0.67	1.00	rec	1408.98	1409.44
61	3	وَأَنصَحُ	وَأَنْصَحُ	1.00	1.00	rec	1409.72	1411.24
61	4	لَكُمْ	لَكُمْ	1.00	0.99	rec	1411.38	1411.90
61	5	وَأَعْلَمُ	وَأَعْلَمُ	1.00	1.00	rec	1412.02	1412.92
61	6	مِنَ	مِنَ	1.00	1.00	rec	1413.08	1413.34
61	7	ٱللَّهِ	اللَّهِ	1.00	1.00	rec	1413.40	1414.10
61	8	مَا	مَا	1.00	1.00	rec	1414.26	1414.40
61	9	لَا	لَا	1.00	1.00	rec	1414.70	1414.82
61	10	تَعْلَمُونَ	تَعْلَمُونَ	1.00	1.00	rec	1415.32	1417.16
62	0	أَوَعَجِبْتُمْ	أَوَعَجِبْتُمْ	1.00	0.99	rec	1418.22	1419.58
62	1	أَن	أَنْ	1.00	1.00	rec	1419.70	1420.54
62	2	جَآءَكُمْ	جَاءَكُمْ	1.00	1.00	rec	1420.66	1422.84
62	3	ذِكْرٌۭ	ذِكْرٌ	1.00	1.00	rec	1422.98	1423.44
62	4	مِّن	مِنْ	1.00	0.99	rec	1424.44	1424.68
62	5	رَّبِّكُمْ	رَبِّكُمْ	1.00	1.00	rec	1424.76	1425.74
62	6	عَلَىٰ	عَلَىٰ	1.00	1.00	rec	1425.84	1426.18
62	7	رَجُلٍۢ	رَجُلٍ	1.00	1.00	rec	1426.48	1427.00
62	8	مِّنكُمْ	مِنْكُمْ	1.00	1.00	rec	1427.66	1428.88
62	9	لِيُنذِرَكُمْ	لِيُنْذِرَكُمْ	1.00	1.00	rec	1428.96	1430.54
62	10	وَلِتَتَّقُوا۟	وَلِتَتَّقُوا	1.00	0.95	rec	1433.58	1434.72
62	11	وَلَعَلَّكُمْ	وَلَعَلَّكُمْ	1.00	1.00	rec	1434.98	1436.34
62	12	تُرْحَمُونَ	تُرْحَمُونَ	1.00	1.00	rec	1436.48	1438.46
63	0	فَكَذَّبُوهُ	فَكَذَّبُوهُ	1.00	0.95	rec	1439.06	1440.28
63	1	فَأَنجَيْنَٰهُ	فَأَنْجَيْنَاهُ	1.00	0.94	rec	1440.50	1442.62
63	2	وَٱلَّذِينَ	وَالَّذِينَ	1.00	1.00	rec	1442.74	1443.78
63	3	مَعَهُۥ	مَعَهُ	0.75	1.00	rec	1443.92	1444.52
63	4	فِى	فِي	0.50	0.92	rec	1445.02	1445.12
63	5	ٱلْفُلْكِ	الْفُلْكِ	1.00	1.00	rec	1445.18	1446.06
63	6	وَأَغْرَقْنَا	وَأَغْرَقْنَا	1.00	1.00	rec	1446.22	1447.38
63	7	ٱلَّذِينَ	الَّذِينَ	1.00	1.00	rec	1447.42	1448.24
63	8	كَذَّبُوا۟	كَذَّبُوا	1.00	1.00	rec	1448.46	1449.14
63	9	بِـَٔايَٰتِنَآۚ	بِآيَاتِنَا	1.00	1.00	rec	1449.48	1451.00
63	10	إِنَّهُمْ	إِنَّهُمْ	1.00	0.95	rec	1451.44	1452.70
63	11	كَانُوا۟	كَانُوا	1.00	1.00	rec	1452.92	1453.52
63	12	قَوْمًا	قَوْمًا	1.00	1.00	rec	1453.90	1454.46
63	13	عَمِينَ	عَمِينَ	1.00	1.00	rec	1454.84	1456.18
64	0	وَإِلَىٰ	وَإِلَىٰ	1.00	1.00	rec	1457.50	1457.96
64	1	عَادٍ	عَادٍ	1.00	1.00	rec	1458.18	1458.72
64	2	أَخَاهُمْ	أَخَاهُمْ	1.00	1.00	rec	1459.00	1460.16
64	3	هُودًۭاۗ	هُودًا	1.00	1.00	rec	1460.28	1460.86
64	4	قَالَ	قَالَ	1.00	1.00	rec	1462.12	1462.58
64	5	يَٰقَوْمِ	يَا+قَوْمِ	1.00	0.93	rec	1462.70	1463.72
64	6	ٱعْبُدُوا۟	اعْبُدُوا	1.00	1.00	rec	1463.80	1464.40
64	7	ٱللَّهَ	اللَّهَ	1.00	1.00	rec	1464.46	1465.28
64	8	مَا	مَعَ	0.50	1.00	rec	1465.44	1465.70
64	9	لَكُم	لَكُمْ	1.00	1.00	rec	1465.82	1466.84
64	10	مِّنْ	مِنْ	1.00	1.00	rec	1466.90	1467.22
64	11	إِلَٰهٍ	إِلَـٰهٍ	1.00	1.00	rec	1467.28	1468.04
64	12	غَيْرُهُۥٓۚ	غَيْرُهُ	0.80	1.00	rec	1468.42	1469.02
64	13	أَفَلَا	أَفَلَا	1.00	1.00	rec	1469.94	1470.48
64	14	تَتَّقُونَ	تَتَّقُونَ	1.00	1.00	rec	1470.94	1472.96
65	0	قَالَ	قَالَ	1.00	1.00	rec	1473.74	1474.34
65	1	ٱلْمَلَأُ	الْمَلَأُ	1.00	1.00	rec	1474.40	1475.10
65	2	ٱلَّذِينَ	الَّذِينَ	1.00	1.00	rec	1475.18	1476.20
65	3	كَفَرُوا۟	كَفَرُوا	1.00	1.00	rec	1476.38	1476.94
65	4	مِن	مِنْ	1.00	1.00	rec	1477.34	1478.26
65	5	قَوْمِهِۦٓ	قَوْمِهِ	0.80	1.00	rec	1478.38	1479.22
65	6	إِنَّا	إِنَّا	1.00	1.00	rec	1479.92	1480.78
65	7	لَنَرَىٰكَ	لَنَرِيكَ	0.67	0.99	rec	1481.12	1482.04
65	8	فِى	فِي	0.50	1.00	rec	1482.20	1482.36
65	9	سَفَاهَةٍۢ	سَفَاهَةٍ	1.00	1.00	rec	1482.66	1483.82
65	10	وَإِنَّا	وَإِنَّا	1.00	1.00	rec	1484.54	1485.64
65	11	لَنَظُنُّكَ	لَنَظُنُّكَ	1.00	1.00	rec	1485.96	1487.58
65	12	مِنَ	مِنَ	1.00	1.00	rec	1487.70	1487.96
65	13	ٱلْكَٰذِبِينَ	الْكَاذِبِينَ	1.00	1.00	rec	1488.02	1490.46
66	0	قَالَ	قَالَ	1.00	1.00	rec	1491.48	1492.02
66	1	يَٰقَوْمِ	يَا+قَوْمِ	1.00	1.00	rec	1492.16	1493.16
66	2	لَيْسَ	لَيْسَ	1.00	1.00	rec	1493.30	1493.84
66	3	بِى	بِي	0.50	1.00	rec	1493.98	1494.10
66	4	سَفَاهَةٌۭ	سَفَاهَةٌ	1.00	1.00	rec	1494.38	1495.46
66	5	وَلَٰكِنِّى	وَلَـٰكِنِّي	0.83	1.00	rec	1496.26	1497.80
66	6	رَسُولٌۭ	رَسُولٌ	1.00	1.00	rec	1498.08	1498.92
66	7	مِّن	مِنْ	1.00	1.00	rec	1499.54	1499.78
66	8	رَّبِّ	رَبِّ	1.00	0.98	rec	1499.88	1500.32
66	9	ٱلْعَٰلَمِينَ	الْعَالَمِينَ	1.00	1.00	rec	1500.38	1502.58
67	0	أُبَلِّغُكُمْ	أُبْلِغُكُمْ	1.00	0.99	rec	1503.40	1504.76
67	1	رِسَٰلَٰتِ	رِسَالَاتِ	1.00	1.00	rec	1504.86	1506.22
67	2	رَبِّى	رَبِّي	0.67	1.00	rec	1506.36	1506.86
67	3	وَأَنَا۠	وَأَنَا	1.00	0.91	rec	1507.24	1507.76
67	4	لَكُمْ	لَكُمْ	1.00	1.00	rec	1507.88	1508.52
67	5	نَاصِحٌ	نَاصِحٌ	1.00	0.99	rec	1508.62	1509.48
67	6	أَمِينٌ	أَمِينٌ	1.00	1.00	rec	1510.00	1511.48
68	0	أَوَعَجِبْتُمْ	أَوَعَجِبْتُمْ	1.00	1.00	rec	1512.68	1514.06
68	1	أَن	أَنْ	1.00	1.00	rec	1514.18	1515.02
68	2	جَآءَكُمْ	جَاءَكُمْ	1.00	1.00	rec	1515.10	1517.54
68	3	ذِكْرٌۭ	ذِكْرٌ	1.00	1.00	rec	1517.68	1518.16
68	4	مِّن	مِنْ	1.00	1.00	rec	1519.18	1519.40
68	5	رَّبِّكُمْ	رَبِّكُمْ	1.00	1.00	rec	1519.50	1520.42
68	6	عَلَىٰ	عَلَىٰ	1.00	0.96	rec	1520.52	1520.86
68	7	رَجُلٍۢ	رَجُلٍ	1.00	1.00	rec	1521.10	1521.54
68	8	مِّنكُمْ	مِنْكُمْ	1.00	1.00	rec	1522.32	1523.60
68	9	لِيُنذِرَكُمْۚ	لِيُنْذِرَكُمْ	1.00	1.00	rec	1523.68	1525.44
68	10	وَٱذْكُرُوٓا۟	وَاذْكُرُواهُ	0.88	0.92	rec	1526.90	1527.80
68	11	إِذْ	إِذْ	1.00	1.00	rec	1528.42	1528.72
68	12	جَعَلَكُمْ	جَعَلَكُمْ	1.00	1.00	rec	1528.80	1529.72
68	13	خُلَفَآءَ	خُلَفَاءَ	1.00	1.00	rec	1529.86	1531.96
68	14	مِنۢ	مِنْ	1.00	1.00	rec	1532.06	1532.96
68	15	بَعْدِ	بَعْدِ	1.00	1.00	rec	1533.02	1533.48
68	16	قَوْمِ	قَوْمِ	1.00	1.00	rec	1533.72	1534.16
68	17	نُوحٍۢ	نُوحٍ	1.00	1.00	rec	1534.30	1534.80
68	18	وَزَادَكُمْ	وَزَعدَكُمْ	0.83	0.97	rec	1535.62	1537.00
68	19	فِى	فِي	0.50	1.00	rec	1537.12	1537.24
68	20	ٱلْخَلْقِ	الْخَلْقِ	1.00	1.00	rec	1537.28	1538.14
68	21	بَصْۜطَةًۭۖ	سْطَةً	0.50	0.87	rec	1538.70	1539.14
68	22	فَٱذْكُرُوٓا۟	فَاذْكُرُوا	1.00	1.00	rec	1540.78	1541.38
68	23	ءَالَآءَ	آلَاءَ	0.80	0.97	rec	1541.88	1544.26
68	24	ٱللَّهِ	اللَّهِ	1.00	0.98	rec	1544.30	1545.20
68	25	لَعَلَّكُمْ	لَعَلَّكُمْ	1.00	1.00	rec	1545.34	1546.42
68	26	تُفْلِحُونَ	تُفْلِحُونَ	1.00	1.00	rec	1546.56	1548.64
69	0	قَالُوٓا۟	قَالُوا	1.00	1.00	rec	1549.80	1550.44
69	1	أَجِئْتَنَا	أَجْر+تَنَعَالِ	0.62	0.76	rec	1551.22	1552.76
69	2	لِنَعْبُدَ	نَعْبُدَ	0.80	0.99	rec	1552.92	1553.60
69	3	ٱللَّهَ	اللَّهَ	1.00	1.00	rec	1553.66	1554.46
69	4	وَحْدَهُۥ	وَحْدَهُ	0.80	1.00	rec	1554.60	1555.30
69	5	وَنَذَرَ	وَنَذَرَ	1.00	1.00	rec	1555.60	1556.32
69	6	مَا	مَا	1.00	1.00	rec	1556.44	1556.58
69	7	كَانَ	كَانَ	1.00	0.93	rec	1556.98	1557.48
69	8	يَعْبُدُ	ْبُدُ	0.50	0.88	rec	1557.94	1558.32
69	9	ءَابَآؤُنَاۖ	آبَاؤُنَا	0.86	1.00	rec	1558.50	1560.82
69	10	فَأْتِنَا	فَأْتِنَا	1.00	1.00	rec	1561.98	1562.74
69	11	بِمَا	بِمَا	1.00	1.00	rec	1563.02	1563.40
69	12	تَعِدُنَآ	تَعِدُنَا	1.00	1.00	rec	1563.82	1564.66
69	13	إِن	إِنْ	1.00	1.00	rec	1565.10	1565.76
69	14	كُنتَ	كُنْتَ	1.00	1.00	rec	1565.92	1567.02
69	15	مِنَ	مِنَ	1.00	1.00	rec	1567.14	1567.38
69	16	ٱلصَّٰدِقِينَ	الصَّادِقِينَ	1.00	1.00	rec	1567.42	1570.02
70	0	قَالَ	قَالَ	1.00	1.00	rec	1571.18	1571.70
70	1	قَدْ	قَدْ	1.00	1.00	rec	1571.92	1572.18
70	2	وَقَعَ	وَقَعَ	1.00	1.00	rec	1572.30	1572.84
70	3	عَلَيْكُم	عَلَيْكُمْ	1.00	1.00	rec	1572.98	1574.56
70	4	مِّن	مِنْ	1.00	1.00	rec	1574.62	1574.84
70	5	رَّبِّكُمْ	رَبِّكُمْ	1.00	1.00	rec	1574.92	1575.82
70	6	رِجْسٌۭ	رِجْسٌ	1.00	1.00	rec	1575.90	1576.42
70	7	وَغَضَبٌۖ	وَغَضَبٌ	1.00	1.00	rec	1577.46	1578.18
70	8	أَتُجَٰدِلُونَنِى	أَتُجَادِلُونَنِي	0.90	1.00	rec	1579.52	1581.52
70	9	فِىٓ	فِي	0.50	1.00	rec	1581.98	1582.12
70	10	أَسْمَآءٍۢ	أَسْمَاءٍ	1.00	1.00	rec	1582.56	1584.70
70	11	سَمَّيْتُمُوهَآ	سَمَّيْتُمُوهَا	1.00	0.99	rec	1585.42	1587.54
70	12	أَنتُمْ	أَنْتُمْ	1.00	1.00	rec	1588.04	1589.26
70	13	وَءَابَآؤُكُم	وَآبَاؤُكُمْ	0.88	1.00	rec	1589.36	1592.52
70	14	مَّا	مَا	1.00	1.00	rec	1601.32	1601.46
70	15	نَزَّلَ	نَزَّلَ	1.00	1.00	rec	1601.82	1602.44
70	16	ٱللَّهُ	اللَّهُ	1.00	1.00	rec	1602.50	1603.42
70	17	بِهَا	بِهَا	1.00	1.00	rec	1603.58	1603.96
70	18	مِن	مِنْ	1.00	1.00	rec	1604.34	1604.98
70	19	سُلْطَٰنٍۢۚ	سُلْطَانٍ	1.00	1.00	rec	1605.10	1607.18
70	20	فَٱنتَظِرُوٓا۟	فَانْتَظِرُوا	1.00	1.00	rec	1608.00	1609.56
70	21	إِنِّى	إِنِّي	0.67	1.00	rec	1610.10	1611.12
70	22	مَعَكُم	مَعَكُمْ	1.00	1.00	rec	1611.66	1613.02
70	23	مِّنَ	مِنَ	1.00	1.00	rec	1613.08	1613.32
70	24	ٱلْمُنتَظِرِينَ	الْمُنْتَظِرِينَ	1.00	1.00	rec	1613.38	1616.68
71	0	فَأَنجَيْنَٰهُ	فَأَنْجَيْنَاعهُ	0.89	0.98	rec	1618.66	1620.62
71	1	وَٱلَّذِينَ	وَالَّذِينَ	1.00	1.00	rec	1620.74	1621.64
71	2	مَعَهُۥ	مَعَهُ	0.75	1.00	rec	1621.76	1622.30
71	3	بِرَحْمَةٍۢ	بِرَحْمَةٍ	1.00	1.00	rec	1622.70	1623.64
71	4	مِّنَّا	مِنَّا	1.00	0.92	rec	1624.28	1625.12
71	5	وَقَطَعْنَا	وَقَطَعْنَا	1.00	1.00	rec	1626.34	1627.34
71	6	دَابِرَ	دَابِرَ	1.00	1.00	rec	1627.66	1628.32
71	7	ٱلَّذِينَ	الَّذِينَ	1.00	1.00	rec	1628.38	1629.24
71	8	كَذَّبُوا۟	كَذَّبُوا	1.00	1.00	rec	1629.46	1630.18
71	9	بِـَٔايَٰتِنَاۖ	بِآيَاتِنَا	1.00	1.00	rec	1630.38	1631.86
71	10	وَمَا	وَمَا	1.00	1.00	rec	1632.18	1632.58
71	11	كَانُوا۟	كَانُوا	1.00	1.00	rec	1632.96	1633.48
71	12	مُؤْمِنِينَ	مُؤْمِنِينَ	1.00	1.00	rec	1633.96	1635.96
72	0	وَإِلَىٰ	وَإِلَىٰ	1.00	0.99	rec	1637.08	1637.58
72	1	ثَمُودَ	ثَمُودَ	1.00	1.00	rec	1637.88	1638.58
72	2	أَخَاهُمْ	أَخَاهُمْ	1.00	1.00	rec	1638.72	1639.82
72	3	صَٰلِحًۭاۗ	صَالِحًا	1.00	1.00	rec	1639.98	1640.86
72	4	قَالَ	قَالَ	1.00	1.00	rec	1642.18	1642.66
72	5	يَٰقَوْمِ	يَا+قَوْمِ	1.00	1.00	rec	1642.78	1644.00
72	6	ٱعْبُدُوا۟	اعْبُدُوا	1.00	1.00	rec	1644.10	1644.78
72	7	ٱللَّهَ	اللَّهَ	1.00	0.98	rec	1644.84	1645.74
72	8	مَا	مَعَ	0.50	1.00	rec	1645.94	1646.28
72	9	لَكُم	لَكُمْ	1.00	1.00	rec	1646.42	1647.60
72	10	مِّنْ	مِنْ	1.00	1.00	rec	1647.66	1647.94
72	11	إِلَٰهٍ	إِلَـٰهٍ	1.00	1.00	rec	1648.04	1648.86
72	12	غَيْرُهُۥۖ	غَيْرُهُ	0.80	1.00	rec	1649.26	1649.94
72	13	قَدْ	قَدْ	1.00	1.00	rec	1650.86	1651.20
72	14	جَآءَتْكُم	جَاءَتْكُمْ	1.00	1.00	rec	1651.30	1654.40
72	15	بَيِّنَةٌۭ	بَيِّنَةٌ	1.00	1.00	rec	1654.48	1655.44
72	16	مِّن	مِنْ	1.00	1.00	rec	1656.24	1656.46
72	17	رَّبِّكُمْۖ	رَبِّكُمْ	1.00	1.00	rec	1656.56	1657.58
72	18	هَٰذِهِۦ	هَـٰذِهِ	0.80	1.00	rec	1658.56	1659.26
72	19	نَاقَةُ	نَاقَةُ	1.00	0.95	rec	1659.56	1660.36
72	20	ٱللَّهِ	اللَّهِ	1.00	1.00	rec	1660.44	1661.36
72	21	لَكُمْ	لَكُمْ	1.00	1.00	rec	1661.50	1662.06
72	22	ءَايَةًۭۖ	آيَةً	0.75	1.00	rec	1662.18	1662.94
72	23	فَذَرُوهَا	فَذَرُوهَا	1.00	1.00	rec	1663.64	1664.60
72	24	تَأْكُلْ	تَأْكُلْ	1.00	1.00	rec	1667.52	1668.36
72	25	فِىٓ	فِي	0.50	1.00	rec	1668.54	1668.68
72	26	أَرْضِ	أَرْضِ	1.00	0.91	rec	1669.22	1669.72
72	27	ٱللَّهِۖ	اللَّهِ	1.00	0.99	rec	1669.78	1670.54
72	28	وَلَا	وَلَا	1.00	1.00	rec	1670.68	1670.98
72	29	تَمَسُّوهَا	تَمَسُّوهَا	1.00	1.00	rec	1671.28	1672.44
72	30	بِسُوٓءٍۢ	بِسُوءٍ	1.00	1.00	rec	1672.86	1674.98
72	31	فَيَأْخُذَكُمْ	فَيَعٍ+أْخُذَكُمْ	0.88	0.89	rec	1682.84	1684.38
72	32	عَذَابٌ	عَذَابٌ	1.00	1.00	rec	1684.46	1685.18
72	33	أَلِيمٌۭ	أَلِيمٌ	1.00	1.00	rec	1685.58	1686.96
73	0	وَٱذْكُرُوٓا۟	وَاذْكُرُوا	1.00	0.99	rec	1687.94	1688.62
73	1	إِذْ	إِذْ	1.00	0.99	rec	1689.52	1689.80
73	2	جَعَلَكُمْ	جَعَلَكُمْ	1.00	1.00	rec	1689.88	1690.84
73	3	خُلَفَآءَ	خُلَفَاءَ	1.00	1.00	rec	1690.98	1693.00
73	4	مِنۢ	مِنْ	1.00	1.00	rec	1693.16	1694.42
73	5	بَعْدِ	بَعْدِ	1.00	1.00	rec	1694.48	1694.90
73	6	عَادٍۢ	عَادٍ	1.00	1.00	rec	1695.06	1696.04
73	7	وَبَوَّأَكُمْ	وَبَوَّعَكُمْ	0.83	0.97	rec	1697.06	1698.46
73	8	فِى	فِي	0.50	0.97	rec	1698.56	1698.68
73	9	ٱلْأَرْضِ	الْأَرْضِ	1.00	1.00	rec	1698.72	1699.44
73	10	تَتَّخِذُونَ	تَتَّخِذُونَ	1.00	1.00	rec	1699.62	1700.90
73	11	مِن	مِنْ	1.00	1.00	rec	1701.02	1701.56
73	12	سُهُولِهَا	سُهُولِهَا	1.00	1.00	rec	1701.66	1702.78
73	13	قُصُورًۭا	قُصُورًا	1.00	1.00	rec	1703.18	1704.10
73	14	وَتَنْحِتُونَ	وَتَنْحِتُونَ	1.00	1.00	rec	1704.70	1706.06
73	15	ٱلْجِبَالَ	الْجِبَالَ	1.00	0.98	rec	1706.10	1707.20
73	16	بُيُوتًۭاۖ	بُيُوتًا	1.00	1.00	rec	1707.32	1708.28
73	17	فَٱذْكُرُوٓا۟	فَاذْكُرُوا	1.00	0.99	rec	1709.84	1710.46
73	18	ءَالَآءَ	آلَاءَ	0.80	1.00	rec	1710.98	1713.22
73	19	ٱللَّهِ	اللَّهِ	1.00	1.00	rec	1713.26	1714.12
73	20	وَلَا	وَلَا	1.00	1.00	rec	1714.30	1714.60
73	21	تَعْثَوْا۟	تَعْ+سَوْفِ	0.60	0.83	rec	1714.96	1716.02
73	22	فِى		0.00	0.00	spread	1716.02	1716.10
73	23	ٱلْأَرْضِ	الْأَرْضِ	1.00	0.98	rec	1716.10	1716.90
73	24	مُفْسِدِينَ	سدِين	0.67	0.81	rec	1717.52	1719.08
74	0	قَالَ	قَالَ	1.00	1.00	rec	1720.30	1720.82
74	1	ٱلْمَلَأُ	الْمَلَأُ	1.00	1.00	rec	1720.88	1721.50
74	2	ٱلَّذِينَ	الَّذِينَ	1.00	1.00	rec	1721.56	1722.42
74	3	ٱسْتَكْبَرُوا۟	اسْتَكْبَرُوا	1.00	1.00	rec	1722.46	1723.32
74	4	مِن	مِنْ	1.00	1.00	rec	1723.68	1724.30
74	5	قَوْمِهِۦ	قَوْمِهِ	0.80	1.00	rec	1724.44	1725.08
74	6	لِلَّذِينَ	لِلَّذِين	1.00	0.97	rec	1725.46	1726.36
74	7	ٱسْتُضْعِفُوا۟	تُضْعِفُوا	0.75	1.00	rec	1726.78	1727.60
74	8	لِمَنْ	لِمَنْ	1.00	1.00	rec	1727.90	1728.40
74	9	ءَامَنَ	آمَنَ	0.75	0.98	rec	1728.48	1729.16
74	10	مِنْهُمْ	مِنْهُمْ	1.00	1.00	rec	1729.28	1729.98
74	11	أَتَعْلَمُونَ	أَتَعْلَمُونَ	1.00	1.00	rec	1730.08	1731.28
74	12	أَنَّ	أَنَّ	1.00	1.00	rec	1731.40	1732.12
74	13	صَٰلِحًۭا	صَالِحًا	1.00	1.00	rec	1732.34	1733.22
74	14	مُّرْسَلٌۭ	مُرْسَلٌمر	0.67	0.93	rec	1733.84	1735.58
74	15	مِّن		0.00	0.01	forced	1735.64	1735.84
74	16	رَّبِّهِۦۚ	بِهِ	0.50	1.00	rec	1736.08	1736.38
74	17	قَالُوٓا۟	قَالُوا	1.00	1.00	rec	1737.46	1738.08
74	18	إِنَّا	إِنَّا	1.00	1.00	rec	1738.32	1739.16
74	19	بِمَآ	بِمَا	1.00	1.00	rec	1739.56	1739.96
74	20	أُرْسِلَ	أُرْسِلَ	1.00	1.00	rec	1740.28	1740.92
74	21	بِهِۦ	بِهِ	0.67	1.00	rec	1741.06	1741.42
74	22	مُؤْمِنُونَ	مُؤْمِنُونَ	1.00	1.00	rec	1741.94	1743.62
75	0	قَالَ	قَالَ	1.00	1.00	rec	1745.04	1745.40
75	1	ٱلَّذِينَ	الَّذِينَ	1.00	0.98	rec	1745.46	1746.28
75	2	ٱسْتَكْبَرُوٓا۟	اسْتَكْبَرُوا	1.00	0.99	rec	1746.34	1747.26
75	3	إِنَّا	إِنَّهَا	0.75	0.87	rec	1747.82	1748.72
75	4	بِٱلَّذِىٓ	بِالَّذِي	0.80	1.00	rec	1748.98	1749.66
75	5	ءَامَنتُم	أَعمَنْتُمْ	0.67	0.93	rec	1750.16	1752.06
75	6	بِهِۦ	بِهِ	0.67	1.00	rec	1752.12	1752.42
75	7	كَٰفِرُونَ	كَافِرُونَ	1.00	1.00	rec	1752.96	1755.00
76	0	فَعَقَرُوا۟	فَعَقَرُوا	1.00	1.00	rec	1755.96	1756.70
76	1	ٱلنَّاقَةَ	النَّاقَةَ	1.00	1.00	rec	1756.74	1758.38
76	2	وَعَتَوْا۟	وَعَتَوْا	1.00	1.00	rec	1758.52	1759.30
76	3	عَنْ	عَنْ	1.00	1.00	rec	1759.38	1759.70
76	4	أَمْرِ	أَمْرِ	1.00	1.00	rec	1759.80	1760.24
76	5	رَبِّهِمْ	رَبِّهِمْ	1.00	0.97	rec	1760.38	1761.42
76	6	وَقَالُوا۟	وَقَالُوا	1.00	1.00	rec	1765.06	1765.90
76	7	يَٰصَٰلِحُ	يَا+صَالِحُ	1.00	0.94	rec	1766.20	1767.46
76	8	ٱئْتِنَا	ئْتِنَا	0.80	0.84	rec	1767.78	1768.24
76	9	بِمَا	بِمَا	1.00	1.00	rec	1768.58	1768.92
76	10	تَعِدُنَآ	تَعِدُنَا	1.00	1.00	rec	1769.30	1770.10
76	11	إِن	إِنْ	1.00	1.00	rec	1770.42	1771.12
76	12	كُنتَ	كُنْتَ	1.00	1.00	rec	1771.24	1772.34
76	13	مِنَ	مِنَ	1.00	1.00	rec	1772.46	1772.72
76	14	ٱلْمُرْسَلِينَ	الْمُرْسَلِينَ	1.00	1.00	rec	1772.78	1775.16
77	0	فَأَخَذَتْهُمُ	فَأَخَذَتْهُمُ	1.00	1.00	rec	1776.12	1777.46
77	1	ٱلرَّجْفَةُ	الرَّجْفَةُ	1.00	0.94	rec	1777.54	1778.56
77	2	فَأَصْبَحُوا۟	فَأَصْبَحُوا	1.00	0.99	rec	1778.76	1779.76
77	3	فِى	فِي	0.50	1.00	rec	1780.18	1780.32
77	4	دَارِهِمْ	دَارِهِمْ	1.00	0.94	rec	1780.60	1781.56
77	5	جَٰثِمِينَ	يَاثِمِينَ	0.83	0.99	rec	1781.68	1783.80
78	0	فَتَوَلَّىٰ	فَتَوَلَّىٰ	1.00	0.99	rec	1784.92	1785.78
78	1	عَنْهُمْ	عَنْهُمْ	1.00	1.00	rec	1786.08	1786.82
78	2	وَقَالَ	وَقَالَ	1.00	1.00	rec	1786.94	1787.70
78	3	يَٰقَوْمِ	يَا+قَوْمِ	1.00	1.00	rec	1787.82	1788.82
78	4	لَقَدْ	لَقَدْ	1.00	1.00	rec	1788.98	1789.56
78	5	أَبْلَغْتُكُمْ	أَبْلَغَ+ْتُكُمْ	1.00	0.93	rec	1789.70	1791.10
78	6	رِسَالَةَ	رِسَالَةَ	1.00	0.95	rec	1791.16	1792.10
78	7	رَبِّى	رَبِّي	0.67	1.00	rec	1792.22	1792.70
78	8	وَنَصَحْتُ	وَنَصَحْتُ	1.00	0.99	rec	1793.04	1793.90
78	9	لَكُمْ	لَكُمْ	1.00	1.00	rec	1794.04	1794.72
78	10	وَلَٰكِن	وَلَـٰكِنْ	1.00	1.00	rec	1797.62	1798.70
78	11	لَّا	لَا	1.00	1.00	rec	1798.78	1798.90
78	12	تُحِبُّونَ	تُحِبُّونَ	1.00	1.00	rec	1799.30	1800.42
78	13	ٱلنَّٰصِحِينَ	النَّاصِحِينَ	1.00	1.00	rec	1800.48	1803.56
79	0	وَلُوطًا	وَلُوطًا	1.00	1.00	rec	1804.38	1805.28
79	1	إِذْ	إِذْ	1.00	1.00	rec	1805.64	1805.94
79	2	قَالَ	قَالَ	1.00	1.00	rec	1806.06	1806.64
79	3	لِقَوْمِهِۦٓ	لِقَوْمِهِ	0.83	1.00	rec	1806.78	1807.80
79	4	أَتَأْتُونَ	أَتَى+تُونَ	0.83	0.82	rec	1808.26	1809.46
79	5	ٱلْفَٰحِشَةَ	الْفَاحِشَةَ	1.00	1.00	rec	1809.52	1811.04
79	6	مَا	مَا	1.00	0.97	rec	1811.20	1811.34
79	7	سَبَقَكُم	سَبَقَكُمْ	1.00	1.00	rec	1811.68	1813.32
79	8	بِهَا	بِهَا	1.00	1.00	rec	1813.40	1813.70
79	9	مِنْ	مِنْ	1.00	1.00	rec	1814.14	1814.44
79	10	أَحَدٍۢ	أَحَدٍ	1.00	0.96	rec	1814.52	1815.04
79	11	مِّنَ	مِنَ	1.00	1.00	rec	1815.76	1816.02
79	12	ٱلْعَٰلَمِينَ	الْعَالَمِينَ	1.00	1.00	rec	1816.06	1818.40
80	0	إِنَّكُمْ	آيِنَّكُمْ	0.80	0.99	rec	1819.80	1821.84
80	1	لَتَأْتُونَ	لَتَأْتُونَ	1.00	1.00	rec	1821.92	1823.08
80	2	ٱلرِّجَالَ	الرِّجَالَ	1.00	1.00	rec	1823.14	1824.04
80	3	شَهْوَةًۭ	شَهْوَةً	1.00	1.00	rec	1824.22	1824.94
80	4	مِّن	مِنْ	1.00	1.00	rec	1825.72	1826.44
80	5	دُونِ	دُونِ	1.00	1.00	rec	1826.54	1827.00
80	6	ٱلنِّسَآءِۚ	النِّسَاءِ	1.00	1.00	rec	1827.06	1829.70
80	7	بَلْ	بَلْ	1.00	1.00	rec	1830.56	1830.84
80	8	أَنتُمْ	أَنْتُمْ	1.00	1.00	rec	1830.94	1831.98
80	9	قَوْمٌۭ	قَوْمٌ	1.00	1.00	rec	1832.16	1832.68
80	10	مُّسْرِفُونَ	مُسْرِفُونَ	1.00	1.00	rec	1833.52	1835.68
81	0	وَمَا	وَمَا	1.00	1.00	rec	1836.42	1836.74
81	1	كَانَ	كَانَ	1.00	1.00	rec	1837.16	1837.70
81	2	جَوَابَ	جَوَابَ	1.00	1.00	rec	1837.86	1838.58
81	3	قَوْمِهِۦٓ	قَوْمِهِ	0.80	1.00	rec	1838.80	1839.56
81	4	إِلَّآ	إِلَّا	1.00	1.00	rec	1840.06	1840.64
81	5	أَن	أَنْ	1.00	1.00	rec	1840.96	1841.64
81	6	قَالُوٓا۟	قَالُوا	1.00	1.00	rec	1841.76	1842.40
81	7	أَخْرِجُوهُم	أَخْرِجُوهُمْ	1.00	1.00	rec	1843.04	1844.62
81	8	مِّن	مِنْ	1.00	1.00	rec	1844.68	1845.26
81	9	قَرْيَتِكُمْۖ	قَرْيَتِكُمْ	1.00	1.00	rec	1845.38	1846.62
81	10	إِنَّهُمْ	إِنَّهُمْ	1.00	1.00	rec	1846.72	1847.88
81	11	أُنَاسٌۭ	أُنَاسٌ	1.00	0.96	rec	1847.98	1848.74
81	12	يَتَطَهَّرُونَ	يَتَطَهَّرُونَ	1.00	0.97	rec	1849.50	1851.78
82	0	فَأَنجَيْنَٰهُ	فَأَنْجَيْنَاهُ	1.00	0.96	rec	1852.68	1854.76
82	1	وَأَهْلَهُۥٓ	وَأَهْلَهُ	0.83	1.00	rec	1854.92	1855.72
82	2	إِلَّا	إِلَّا	1.00	1.00	rec	1856.44	1856.90
82	3	ٱمْرَأَتَهُۥ	امْرَأَتَهُ	0.86	1.00	rec	1856.94	1857.96
82	4	كَانَتْ	كَانَتْ	1.00	1.00	rec	1858.42	1859.18
82	5	مِنَ	مِنَ	1.00	0.98	rec	1859.26	1859.50
82	6	ٱلْغَٰبِرِينَ	الْغَابِرِينَ	1.00	1.00	rec	1859.56	1861.90
83	0	وَأَمْطَرْنَا	وَأَمْطَرْنَا	1.00	1.00	rec	1863.58	1864.78
83	1	عَلَيْهِم	عَلَيْهِمْ	1.00	1.00	rec	1865.10	1867.04
83	2	مَّطَرًۭاۖ	مَطَرًا	1.00	0.95	rec	1867.10	1867.66
83	3	فَٱنظُرْ	فَانْظُرْ	1.00	1.00	rec	1869.18	1870.30
83	4	كَيْفَ	كَيْفَ	1.00	1.00	rec	1870.44	1870.96
83	5	كَانَ	كَانَ	1.00	1.00	rec	1871.14	1871.66
83	6	عَٰقِبَةُ	عَاقِبَةُ	1.00	1.00	rec	1871.82	1872.88
83	7	ٱلْمُجْرِمِينَ	الْمُجْرِمِينَ	1.00	1.00	rec	1872.96	1875.24
84	0	وَإِلَىٰ	وَإِلَىٰ	1.00	1.00	rec	1876.28	1876.82
84	1	مَدْيَنَ	مَدْيَنَ	1.00	1.00	rec	1877.22	1877.92
84	2	أَخَاهُمْ	أَخَاهُمْ	1.00	1.00	rec	1878.06	1879.14
84	3	شُعَيْبًۭاۗ	شُعَيْبًا	1.00	1.00	rec	1879.26	1880.00
84	4	قَالَ	قَالَ	1.00	1.00	rec	1880.82	1881.36
84	5	يَٰقَوْمِ	يَا+قَوْمِ	1.00	1.00	rec	1881.50	1882.46
84	6	ٱعْبُدُوا۟	اعْبُدُوا	1.00	1.00	rec	1882.54	1883.14
84	7	ٱللَّهَ	اللَّهَ	1.00	0.97	rec	1883.18	1883.96
84	8	مَا	مَا	1.00	1.00	rec	1884.12	1884.24
84	9	لَكُم	لَكُمْ	1.00	1.00	rec	1884.50	1885.44
84	10	مِّنْ	مِنْ	1.00	1.00	rec	1885.50	1885.76
84	11	إِلَٰهٍ	إِلَـٰهٍ	1.00	1.00	rec	1885.84	1886.62
84	12	غَيْرُهُۥۖ	غَيْرُهُ	0.80	1.00	rec	1887.08	1887.64
84	13	قَدْ	قَدْ	1.00	1.00	rec	1888.40	1888.70
84	14	جَآءَتْكُم	جَاءَتْكُمْ	1.00	1.00	rec	1888.80	1892.16
84	15	بَيِّنَةٌۭ	بَيِّنَةٌ	1.00	1.00	rec	1892.26	1893.20
84	16	مِّن	مِنْ	1.00	1.00	rec	1894.36	1894.60
84	17	رَّبِّكُمْۖ	رَبِّكُمْ	1.00	1.00	rec	1894.68	1895.68
84	18	فَأَوْفُوا۟	فَأَوْفُوا	1.00	0.99	rec	1896.50	1897.20
84	19	ٱلْكَيْلَ	الْكَيْلَ	1.00	1.00	rec	1897.26	1897.96
84	20	وَٱلْمِيزَانَ	وَالْمِيزَانَ	1.00	1.00	rec	1898.06	1899.44
84	21	وَلَا	وَلَا	1.00	1.00	rec	1899.58	1899.90
84	22	تَبْخَسُوا۟	تَبْخَسُوا	1.00	1.00	rec	1900.18	1900.98
84	23	ٱلنَّاسَ	النَّاسَ	1.00	0.99	rec	1901.02	1902.46
84	24	أَشْيَآءَهُمْ	أَشْيَاءَهُمْ	1.00	1.00	rec	1902.58	1905.02
84	25	وَلَا	وَلَا	1.00	1.00	rec	1905.14	1905.44
84	26	تُفْسِدُوا۟	تُفْسِدُوا	1.00	1.00	rec	1905.78	1906.44
84	27	فِى	فِي	0.50	1.00	rec	1906.90	1907.00
84	28	ٱلْأَرْضِ	الْأَرْضِ	1.00	0.95	rec	1907.04	1907.66
84	29	بَعْدَ	بَعْدَ	1.00	1.00	rec	1911.84	1912.32
84	30	إِصْلَٰحِهَاۚ	إِصْلَاحِ+هَا	1.00	0.99	rec	1912.46	1913.68
84	31	ذَٰلِكُمْ	ذَٰلِكُمْ	1.00	1.00	rec	1914.06	1915.10
84	32	خَيْرٌۭ	خَيْرٌ	1.00	1.00	rec	1915.30	1915.82
84	33	لَّكُمْ	لَكُمْ	1.00	1.00	rec	1916.10	1916.70
84	34	إِن	إِنْ	1.00	1.00	rec	1916.82	1917.66
84	35	كُنتُم	كُنْتُمْ	1.00	1.00	rec	1917.78	1919.56
84	36	مُّؤْمِنِينَ	مُؤْمِنِينَ	1.00	1.00	rec	1919.62	1921.64
85	0	وَلَا	وَلَا	1.00	1.00	rec	1923.30	1923.62
85	1	تَقْعُدُوا۟	تَقْعُدُوا	1.00	0.97	rec	1923.98	1924.74
85	2	بِكُلِّ	بِكُلِّ	1.00	1.00	rec	1925.08	1925.88
85	3	صِرَٰطٍۢ	صِرَاطٍ	1.00	1.00	rec	1926.10	1926.80
85	4	تُوعِدُونَ	تُوعِدُونَ	1.00	0.99	rec	1927.54	1928.62
85	5	وَتَصُدُّونَ	وَتَصُدُّونَ	1.00	1.00	rec	1928.76	1930.12
85	6	عَن	عَنْ	1.00	1.00	rec	1930.26	1930.94
85	7	سَبِيلِ	سَبِيلِ	1.00	1.00	rec	1931.06	1931.76
85	8	ٱللَّهِ	اللَّهِ	1.00	1.00	rec	1931.82	1932.58
85	9	مَنْ	مَنْ	1.00	1.00	rec	1932.76	1933.08
85	10	ءَامَنَ	آمَنَ	0.75	1.00	rec	1933.18	1933.94
85	11	بِهِۦ	بِهِ	0.67	1.00	rec	1934.10	1934.42
85	12	وَتَبْغُونَهَا	وَتَبَغُونَهَا	1.00	1.00	rec	1934.80	1936.38
85	13	عِوَجًۭاۚ	عِوَجًا	1.00	1.00	rec	1936.68	1937.26
85	14	وَٱذْكُرُوٓا۟	وَاذْكُرُوهُ	0.86	1.00	rec	1938.36	1939.30
85	15	إِذْ	إِذْ	1.00	1.00	rec	1939.66	1939.94
85	16	كُنتُمْ	كُنْتُمْ	1.00	1.00	rec	1940.12	1941.42
85	17	قَلِيلًۭا	قَلِيلًا	1.00	1.00	rec	1941.58	1942.42
85	18	فَكَثَّرَكُمْۖ	فَكَثَّرَكُمْ	1.00	1.00	rec	1943.12	1944.56
85	19	وَٱنظُرُوا۟	وَانْظُرُوا	1.00	1.00	rec	1945.34	1946.38
85	20	كَيْفَ	كَيْفَ	1.00	1.00	rec	1946.78	1947.22
85	21	كَانَ	كَانَ	1.00	1.00	rec	1947.42	1948.04
85	22	عَٰقِبَةُ	عَاقِبَةُ	1.00	1.00	rec	1948.20	1949.26
85	23	ٱلْمُفْسِدِينَ	الْمُفْسِدِينَ	1.00	0.99	rec	1949.32	1951.64
86	0	وَإِن	وَإِنْ	1.00	1.00	rec	1953.04	1954.06
86	1	كَانَ	كَانَ	1.00	1.00	rec	1954.20	1954.66
86	2	طَآئِفَةٌۭ	ضَائِفَةٌ	0.80	0.97	rec	1954.90	1957.36
86	3	مِّنكُمْ	مِنْكُمْ	1.00	1.00	rec	1958.10	1959.06
86	4	ءَامَنُوا۟	آمَنُوا	0.83	1.00	rec	1959.18	1959.86
86	5	بِٱلَّذِىٓ	بِالَّذِي	0.80	1.00	rec	1960.16	1960.88
86	6	أُرْسِلْتُ	أُرْسِلْتُ	1.00	1.00	rec	1961.24	1962.16
86	7	بِهِۦ	بِهِ	0.67	1.00	rec	1962.28	1962.62
86	8	وَطَآئِفَةٌۭ	وَطَائِفَةٌ	1.00	0.96	rec	1962.94	1965.52
86	9	لَّمْ	لَمْ	1.00	1.00	rec	1965.86	1966.18
86	10	يُؤْمِنُوا۟	يُؤْمِنُوا	1.00	1.00	rec	1966.28	1966.98
86	11	فَٱصْبِرُوا۟	فَاصْبِرُوا	1.00	1.00	rec	1967.32	1968.08
86	12	حَتَّىٰ	حَتَّىٰ	1.00	1.00	rec	1970.36	1970.86
86	13	يَحْكُمَ	يَحْكُمَ	1.00	1.00	rec	1971.30	1971.92
86	14	ٱللَّهُ	اللَّهُ	1.00	1.00	rec	1972.00	1972.70
86	15	بَيْنَنَاۚ	بَيْنَنَا	1.00	1.00	rec	1972.86	1973.56
86	16	وَهُوَ	وَهُوَ	1.00	1.00	rec	1973.92	1974.32
86	17	خَيْرُ	خَيْرُ	1.00	1.00	rec	1974.52	1975.02
86	18	ٱلْحَٰكِمِينَ	الْحَاكِمِينَ	1.00	1.00	rec	1975.08	1977.96
87	0	قَالَ	قَالَ	1.00	1.00	rec	1979.56	1980.00
87	1	ٱلْمَلَأُ	الْمَلَأُ	1.00	1.00	rec	1980.06	1980.62
87	2	ٱلَّذِينَ	الَّذِينَ	1.00	1.00	rec	1980.70	1981.48
87	3	ٱسْتَكْبَرُوا۟	اسْتَكْبَرُوا	1.00	1.00	rec	1981.54	1982.42
87	4	مِن	مِنْ	1.00	1.00	rec	1982.74	1983.28
87	5	قَوْمِهِۦ	قَوْمِهِ	0.80	1.00	rec	1983.38	1984.00
87	6	لَنُخْرِجَنَّكَ	لَنُخْرِجَنَّكَ	1.00	1.00	rec	1984.38	1986.08
87	7	يَٰشُعَيْبُ	يَا+شُعَيْبُ	1.00	1.00	rec	1986.20	1987.44
87	8	وَٱلَّذِينَ	وَالَّذِينَ	1.00	1.00	rec	1987.54	1988.38
87	9	ءَامَنُوا۟	آمَنُوا	0.83	1.00	rec	1988.52	1989.20
87	10	مَعَكَ	مَعَكَ	1.00	1.00	rec	1989.46	1990.06
87	11	مِن	مِنْ	1.00	1.00	rec	1990.20	1990.74
87	12	قَرْيَتِنَآ	قَرْيَتِنَا	1.00	1.00	rec	1990.84	1991.84
87	13	أَوْ	أَوْ	1.00	1.00	rec	1992.18	1992.52
87	14	لَتَعُودُنَّ	لَتَعُودُنَّ	1.00	1.00	rec	1992.60	1994.22
87	15	فِى	فِي	0.50	1.00	rec	1994.44	1994.58
87	16	مِلَّتِنَاۚ	مِلَّتِنَا	1.00	1.00	rec	1994.94	1995.96
87	17	قَالَ	قَالَ	1.00	1.00	rec	1997.28	1997.72
87	18	أَوَلَوْ	أَوَلَوْ	1.00	1.00	rec	1997.82	1998.48
87	19	كُنَّا	كُنَّا	1.00	1.00	rec	1998.62	1999.40
87	20	كَٰرِهِينَ	كَارِهِينَ	1.00	1.00	rec	1999.78	2001.22
88	0	قَدِ	قَدِ	1.00	1.00	rec	2001.90	2002.12
88	1	ٱفْتَرَيْنَا	افْتَرَيْنَا	1.00	1.00	rec	2002.16	2003.08
88	2	عَلَى	عَلَى	1.00	1.00	rec	2003.38	2003.66
88	3	ٱللَّهِ	اللَّهِ	1.00	1.00	rec	2003.70	2004.56
88	4	كَذِبًا	كَذِبًا	1.00	1.00	rec	2004.74	2005.26
88	5	إِنْ	إِنْ	1.00	0.96	rec	2005.54	2005.82
88	6	عُدْنَا	عُدْنَا	1.00	1.00	rec	2005.92	2006.42
88	7	فِى	فِي	0.50	1.00	rec	2006.80	2006.94
88	8	مِلَّتِكُم	مِلَّتِكُمْ	1.00	1.00	rec	2007.24	2008.86
88	9	بَعْدَ	بَعْدَ	1.00	1.00	rec	2008.94	2009.30
88	10	إِذْ	إِذْ	1.00	1.00	rec	2009.42	2009.68
88	11	نَجَّىٰنَا	نَجَّانَ	0.67	1.00	rec	2009.76	2010.66
88	12	ٱللَّهُ	اللَّهِ	1.00	0.96	rec	2010.72	2011.28
88	13	مِنْهَاۚ	مِنْهَا	1.00	1.00	rec	2011.54	2012.02
88	14	وَمَا	وَمَا	1.00	1.00	rec	2013.12	2013.44
88	15	يَكُونُ	يَكُونُ	1.00	1.00	rec	2013.62	2014.22
88	16	لَنَآ	لَنَا	1.00	1.00	rec	2014.38	2014.72
88	17	أَن	أَنْ	1.00	1.00	rec	2014.96	2015.64
88	18	نَّعُودَ	نَعُودَ	1.00	1.00	rec	2015.70	2016.30
88	19	فِيهَآ	فِيهَا	1.00	1.00	rec	2016.48	2016.96
88	20	إِلَّآ	إِلَّا	1.00	1.00	rec	2017.44	2017.92
88	21	أَن	أَنْ	1.00	0.98	rec	2018.30	2018.72
88	22	يَشَآءَ	يَشَاءَ	1.00	1.00	rec	2018.78	2020.40
88	23	ٱللَّهُ	اللَّهُ	1.00	1.00	rec	2020.44	2021.16
88	24	رَبُّنَاۚ	رَبُّنَا	1.00	0.99	rec	2021.28	2021.92
88	25	وَسِعَ	وَسِعَ	1.00	1.00	rec	2023.00	2023.56
88	26	رَبُّنَا	رَبُّنَا	1.00	1.00	rec	2023.68	2024.30
88	27	كُلَّ	كُلَّ	1.00	0.93	rec	2024.72	2025.12
88	28	شَىْءٍ	شَيْءٍ	0.67	1.00	rec	2025.32	2025.84
88	29	عِلْمًاۚ	عِلْمًا	1.00	1.00	rec	2026.20	2026.70
88	30	عَلَى	عَلَى	1.00	1.00	rec	2027.66	2027.94
88	31	ٱللَّهِ	اللَّهِ	1.00	1.00	rec	2027.98	2028.80
88	32	تَوَكَّلْنَاۚ	تَوَكَّلْنَا	1.00	1.00	rec	2029.00	2030.20
88	33	رَبَّنَا	رَبَّنَا	1.00	1.00	rec	2031.10	2031.58
88	34	ٱفْتَحْ	افْتَحْ	1.00	0.99	rec	2031.60	2032.14
88	35	بَيْنَنَا	بَيْنَنَا	1.00	1.00	rec	2032.22	2032.94
88	36	وَبَيْنَ	وَبَيْنَ	1.00	1.00	rec	2033.22	2033.84
88	37	قَوْمِنَا	قَوْمِنَا	1.00	1.00	rec	2034.02	2034.70
88	38	بِٱلْحَقِّ	بِالْحَقِّ	1.00	0.99	rec	2035.06	2035.94
88	39	وَأَنتَ	وَأَنْتَ	1.00	1.00	rec	2036.06	2037.22
88	40	خَيْرُ	خَيْرُ	1.00	1.00	rec	2037.40	2038.02
88	41	ٱلْفَٰتِحِينَ	الْفَاتِحِ	0.75	1.00	rec	2038.08	2039.26
89	0	وَقَالَ	نوَقَالَ	0.80	0.98	rec	2040.16	2041.62
89	1	ٱلْمَلَأُ	الْمَلَأُ	1.00	0.96	rec	2041.68	2042.20
89	2	ٱلَّذِينَ	الَّذِينَ	1.00	0.96	rec	2042.26	2042.92
89	3	كَفَرُوا۟	كَفَرُوا	1.00	1.00	rec	2043.10	2043.60
89	4	مِن	مِنْ	1.00	1.00	rec	2043.84	2044.42
89	5	قَوْمِهِۦ	قَوْمِهِ	0.80	1.00	rec	2044.54	2045.14
89	6	لَئِنِ	لَئِنِ	1.00	1.00	rec	2045.48	2045.90
89	7	ٱتَّبَعْتُمْ	اتَّبَعْتُمْ	1.00	1.00	rec	2045.96	2046.92
89	8	شُعَيْبًا	شُعَيْبًا	1.00	1.00	rec	2047.04	2047.72
89	9	إِنَّكُمْ	إِنَّكُمْ	1.00	1.00	rec	2048.00	2049.16
89	10	إِذًۭا	إِذًا	1.00	1.00	rec	2049.24	2049.50
89	11	لَّخَٰسِرُونَ	لَخَاسِرُونَ	1.00	1.00	rec	2049.72	2051.54
90	0	فَأَخَذَتْهُمُ	فَأَخَذَتْهُمُ	1.00	0.97	rec	2052.26	2053.38
90	1	ٱلرَّجْفَةُ	الرَّجْفَةُ	1.00	1.00	rec	2053.46	2054.52
90	2	فَأَصْبَحُوا۟	فَأَصْبَحُوا	1.00	1.00	rec	2054.72	2055.54
90	3	فِى	فِي	0.50	1.00	rec	2055.92	2056.08
90	4	دَارِهِمْ	دَارِهِمْ	1.00	1.00	rec	2056.36	2057.30
90	5	جَٰثِمِينَ	جَاثِمِينَ	1.00	0.93	rec	2057.52	2059.18
91	0	ٱلَّذِينَ	الَّذِينَ	1.00	1.00	rec	2060.06	2060.80
91	1	كَذَّبُوا۟	كَذَّبُوا	1.00	0.96	rec	2060.98	2061.58
91	2	شُعَيْبًۭا	شُعَيْبًا	1.00	1.00	rec	2061.90	2062.58
91	3	كَأَن	كَأَنْ	1.00	1.00	rec	2063.30	2063.82
91	4	لَّمْ	لَمْ	1.00	1.00	rec	2063.90	2064.18
91	5	يَغْنَوْا۟	يَغْنَوْا	1.00	1.00	rec	2064.30	2065.02
91	6	فِيهَاۚ	فِيهَا	1.00	1.00	rec	2065.22	2065.88
91	7	ٱلَّذِينَ	الَّذِينَ	1.00	0.99	rec	2066.80	2067.48
91	8	كَذَّبُوا۟	كَذَّبُوا	1.00	0.96	rec	2067.64	2068.28
91	9	شُعَيْبًۭا	شُعَيْبًا	1.00	1.00	rec	2068.52	2069.22
91	10	كَانُوا۟	كَانُوا	1.00	0.95	rec	2069.94	2070.46
91	11	هُمُ	هُمُ	1.00	1.00	rec	2070.80	2071.06
91	12	ٱلْخَٰسِرِينَ	الْخَاسِرِينَ	1.00	1.00	rec	2071.14	2073.26
92	0	فَتَوَلَّىٰ	فَتَوَلَّىٰ	1.00	0.97	rec	2074.56	2075.42
92	1	عَنْهُمْ	عَنْهُمْ	1.00	1.00	rec	2075.80	2076.52
92	2	وَقَالَ	وَقَالَ	1.00	1.00	rec	2076.62	2077.36
92	3	يَٰقَوْمِ	يَا+قَوْمِ	1.00	1.00	rec	2077.46	2078.42
92	4	لَقَدْ	لَقَدْ	1.00	1.00	rec	2078.58	2079.08
92	5	أَبْلَغْتُكُمْ	أَبْلَغْتُكُمْ	1.00	0.98	rec	2079.20	2080.42
92	6	رِسَٰلَٰتِ	رِسَالَاتِ	1.00	0.96	rec	2080.50	2081.76
92	7	رَبِّى	رَبِّي	0.67	1.00	rec	2081.86	2082.30
92	8	وَنَصَحْتُ	وَنَصَحْتُ	1.00	1.00	rec	2082.66	2083.54
92	9	لَكُمْۖ	لَكُمْ	1.00	1.00	rec	2083.66	2084.32
92	10	فَكَيْفَ	فَكَيْفَ	1.00	1.00	rec	2085.02	2085.68
92	11	ءَاسَىٰ	آعسَىٰ	0.60	0.93	rec	2085.82	2086.38
92	12	عَلَىٰ	عَلَىٰ	1.00	1.00	rec	2086.64	2086.98
92	13	قَوْمٍۢ	قَوْمٍ	1.00	0.94	rec	2087.18	2087.54
92	14	كَٰفِرِينَ		0.00	0.14	forced	2088.28	2089.10
93	0	وَمَآ	وَمَا	1.00	1.00	rec	2092.30	2092.60
93	1	أَرْسَلْنَا	أَرْسَلْنَا	1.00	1.00	rec	2092.94	2093.72
93	2	فِى	فِي	0.50	1.00	rec	2094.04	2094.18
93	3	قَرْيَةٍۢ	قَرْيَةٍ	1.00	1.00	rec	2094.38	2094.96
93	4	مِّن	مِنْ	1.00	1.00	rec	2095.62	2096.24
93	5	نَّبِىٍّ	نَبِيٍّ	0.67	1.00	rec	2096.30	2096.92
93	6	إِلَّآ	إِلَّا	1.00	1.00	rec	2097.24	2097.74
93	7	أَخَذْنَآ	أَخَذْنَا	1.00	1.00	rec	2098.02	2098.80
93	8	أَهْلَهَا	أَهْلَهَا	1.00	1.00	rec	2099.16	2099.78
93	9	بِٱلْبَأْسَآءِ	بِالْبَأْسَاءِ	1.00	0.96	rec	2100.26	2102.40
93	10	وَٱلضَّرَّآءِ	وَالضَّرَّاءِ	1.00	0.99	rec	2102.52	2104.78
93	11	لَعَلَّهُمْ	لَعَلَّهُمْ	1.00	1.00	rec	2113.70	2114.56
93	12	يَضَّرَّعُونَ	يَضَرَّعُونَ	1.00	1.00	rec	2114.66	2116.24
94	0	ثُمَّ	ثُمَّ	1.00	0.87	rec	2116.82	2117.46
94	1	بَدَّلْنَا	بَدَّلْنَا	1.00	1.00	rec	2117.58	2118.34
94	2	مَكَانَ	مَكَانَ	1.00	1.00	rec	2118.64	2119.32
94	3	ٱلسَّيِّئَةِ	السَّيِّئَةِ	1.00	0.99	rec	2119.38	2120.40
94	4	ٱلْحَسَنَةَ	الْحَسَنَةِ	1.00	1.00	rec	2120.46	2121.58
94	5	حَتَّىٰ	حَتَّىٰ	1.00	1.00	rec	2121.74	2122.24
94	6	عَفَوا۟	عَهَوَ	0.50	0.84	rec	2122.56	2123.26
94	7	وَّقَالُوا۟	وَقَالُوا	1.00	0.97	rec	2123.62	2124.30
94	8	قَدْ	قَدْ	1.00	1.00	rec	2124.60	2124.84
94	9	مَسَّ	مَسَّ	1.00	0.97	rec	2124.94	2125.34
94	10	ءَابَآءَنَا	آبَاءَ	0.57	1.00	rec	2125.50	2127.50
94	11	ٱلضَّرَّآءُ		0.00	0.18	forced	2127.60	2128.56
94	12	وَٱلسَّرَّآءُ		0.00	0.12	forced	2130.20	2132.20
94	13	فَأَخَذْنَٰهُم	فَأَخَذْنَاهُمْ	1.00	1.00	rec	2132.70	2134.32
94	14	بَغْتَةًۭ	مَغْتَةٍ	0.75	0.94	rec	2134.38	2135.06
94	15	وَهُمْ	وَهُمْ	1.00	1.00	rec	2135.50	2135.94
94	16	لَا	لَايفُْْ	0.50	0.68	rec	2136.04	2136.74
94	17	يَشْعُرُونَ	عُرُونَ	0.67	0.99	rec	2136.80	2137.98
95	0	وَلَوْ	وَلَوْ	1.00	1.00	rec	2138.64	2139.08
95	1	أَنَّ	أَنَّ	1.00	1.00	rec	2139.16	2139.80
95	2	أَهْلَ	أَهْلَ	1.00	1.00	rec	2139.92	2140.26
95	3	ٱلْقُرَىٰٓ	الْقُدِىٰ	0.83	0.94	rec	2140.32	2140.92
95	4	ءَامَنُوا۟	آمَنُوا	0.83	1.00	rec	2141.22	2141.92
95	5	وَٱتَّقَوْا۟	وَاتَّقَوْا	1.00	0.98	rec	2142.08	2142.92
95	6	لَفَتَحْنَا	لَفَتَحْنَا	1.00	0.97	rec	2143.06	2143.96
95	7	عَلَيْهِم	عَلَيْهِمْ	1.00	1.00	rec	2144.22	2145.16
95	8	بَرَكَٰتٍۢ	بَرَكَاتٍ	1.00	1.00	rec	2148.20	2149.16
95	9	مِّنَ	مِنَ	1.00	1.00	rec	2149.54	2149.74
95	10	ٱلسَّمَآءِ	السَّمَاءِ	1.00	0.94	rec	2149.78	2151.74
95	11	وَٱلْأَرْضِ	وَالْأَرْضِ	1.00	0.99	rec	2151.88	2152.60
95	12	وَلَٰكِن	وَلَـٰكِنْ	1.00	1.00	rec	2153.18	2154.66
95	13	كَذَّبُوا۟	كَذَّبُوا	1.00	0.99	rec	2154.80	2155.54
95	14	فَأَخَذْنَٰهُم	فَأَخَذْنَاهُمْ	1.00	1.00	rec	2155.90	2157.72
95	15	بِمَا	بِمَا	1.00	1.00	rec	2157.78	2158.12
95	16	كَانُوا۟	كَانُوا	1.00	1.00	rec	2158.46	2159.08
95	17	يَكْسِبُونَ	يَكْسِبُونَ	1.00	1.00	rec	2159.42	2161.00
96	0	أَفَأَمِنَ	أَفَأَمِنَ	1.00	1.00	rec	2161.50	2162.40
96	1	أَهْلُ	أَهْلُ	1.00	1.00	rec	2162.54	2162.94
96	2	ٱلْقُرَىٰٓ	الْقُدْىٰ	0.83	0.89	rec	2163.04	2163.66
96	3	أَن	أَنْ	1.00	1.00	rec	2163.96	2164.74
96	4	يَأْتِيَهُم	يَأْتِيَهُمْ	1.00	1.00	rec	2164.76	2166.26
96	5	بَأْسُنَا	بَأْسُنَا	1.00	1.00	rec	2166.32	2167.10
96	6	بَيَٰتًۭا	بَيَاتًا	1.00	0.99	rec	2167.38	2168.26
96	7	وَهُمْ	وَهُمْ	1.00	1.00	rec	2168.98	2169.50
96	8	نَآئِمُونَ	نَائِمُونَ	1.00	1.00	rec	2169.60	2172.26
97	0	أَوَأَمِنَ	أَوَأَمِنَ	1.00	1.00	rec	2173.16	2173.96
97	1	أَهْلُ	أَهْلُ	1.00	1.00	rec	2174.10	2174.46
97	2	ٱلْقُرَىٰٓ	الْقُرِىٰ	1.00	0.82	rec	2174.52	2175.18
97	3	أَن	أَنْ	1.00	1.00	rec	2175.62	2176.52
97	4	يَأْتِيَهُم	يَأْتِيَهُمْ	1.00	1.00	rec	2176.54	2178.04
97	5	بَأْسُنَا	بَأْسُنَا	1.00	1.00	rec	2178.10	2178.78
97	6	ضُحًۭى	وحًى	0.67	0.96	rec	2179.16	2179.42
97	7	وَهُمْ	وَهُمْ	1.00	1.00	rec	2180.04	2180.52
97	8	يَلْعَبُونَ	يَلْعَبُونَ	1.00	1.00	rec	2180.58	2182.10
98	0	أَفَأَمِنُوا۟	أَفَأَمِنُوا	1.00	1.00	rec	2182.72	2183.60
98	1	مَكْرَ	مَكْرَ	1.00	1.00	rec	2184.06	2184.50
98	2	ٱللَّهِۚ	اللَّهِ	1.00	1.00	rec	2184.56	2185.62
98	3	فَلَا	فَلَا	1.00	1.00	rec	2186.22	2186.52
98	4	يَأْمَنُ	يَأْمَنُ	1.00	1.00	rec	2186.78	2187.32
98	5	مَكْرَ	مَكْرَ	1.00	1.00	rec	2187.46	2187.88
98	6	ٱللَّهِ	اللَّهِ	1.00	1.00	rec	2187.94	2188.66
98	7	إِلَّا	إِلَّا	1.00	1.00	rec	2188.80	2189.24
98	8	ٱلْقَوْمُ	الْقَوْمُ	1.00	1.00	rec	2189.28	2189.90
98	9	ٱلْخَٰسِرُونَ	الْخَاسِرُونَ	1.00	1.00	rec	2189.98	2192.18
99	0	أَوَلَمْ	أَوَلَمْ	1.00	1.00	rec	2192.76	2193.32
99	1	يَهْدِ	يَهْدِ	1.00	1.00	rec	2193.40	2193.74
99	2	لِلَّذِينَ	لِلَّذِينَ	1.00	0.95	rec	2193.84	2194.64
99	3	يَرِثُونَ	يَرِثُونَ	1.00	1.00	rec	2194.72	2195.56
99	4	ٱلْأَرْضَ	الْأَرْضَ	1.00	1.00	rec	2195.62	2196.26
99	5	مِنۢ	مِنْ	1.00	1.00	rec	2196.38	2196.90
99	6	بَعْدِ	بَعْدِ	1.00	1.00	rec	2196.98	2197.38
99	7	أَهْلِهَآ	أَهْلِهَا	1.00	1.00	rec	2197.50	2198.12
99	8	أَن	أَنْ	1.00	0.98	rec	2198.58	2198.84
99	9	لَّوْ	لَوْ	1.00	1.00	rec	2198.92	2199.18
99	10	نَشَآءُ	نَشَاءُ	1.00	1.00	rec	2199.26	2200.76
99	11	أَصَبْنَٰهُم	وَصَبْنَعَهُمْ	0.71	0.99	rec	2200.88	2202.28
99	12	بِذُنُوبِهِمْۚ	بِذُنُوبِهِمْ	1.00	0.93	rec	2202.34	2203.74
99	13	وَنَطْبَعُ	وَنَطْبَعُ	1.00	0.97	rec	2204.30	2205.12
99	14	عَلَىٰ	عَلَىٰ	1.00	1.00	rec	2205.30	2205.64
99	15	قُلُوبِهِمْ	قُلُوبِهِمْ	1.00	1.00	rec	2205.96	2207.00
99	16	فَهُمْ	فَهُمْ	1.00	1.00	rec	2207.12	2207.60
99	17	لَا	لَا	1.00	1.00	rec	2207.68	2207.80
99	18	يَسْمَعُونَ	يَسْمَعُونَ	1.00	1.00	rec	2208.16	2209.76
100	0	تِلْكَ	تِلْكَ	1.00	0.98	rec	2210.42	2210.82
100	1	ٱلْقُرَىٰ	الْقُدِى	0.67	0.89	rec	2210.86	2211.38
100	2	نَقُصُّ	نَقُصُّ	1.00	0.93	rec	2211.62	2212.26
100	3	عَلَيْكَ	عَلَيْكَ	1.00	1.00	rec	2212.38	2212.98
100	4	مِنْ	مِنْ	1.00	0.80	rec	2213.22	2213.36
100	5	أَنۢبَآئِهَاۚ	أَنْبَائِهَا	1.00	0.98	rec	2213.42	2216.02
100	6	وَلَقَدْ	وَلَقَدْ	1.00	1.00	rec	2216.84	2217.38
100	7	جَآءَتْهُمْ	جَاءَتْهُمْ	1.00	1.00	rec	2217.46	2219.56
100	8	رُسُلُهُم	رُسْلُهُمْ	1.00	1.00	rec	2219.64	2220.80
100	9	بِٱلْبَيِّنَٰتِ	بِالْبَيِّنَاتِ	1.00	1.00	rec	2220.86	2222.78
100	10	فَمَا	فَمَا	1.00	1.00	rec	2223.26	2223.58
100	11	كَانُوا۟	كَانُوا	1.00	0.91	rec	2223.92	2224.38
100	12	لِيُؤْمِنُوا۟	لِيُؤْمِنُوا	1.00	1.00	rec	2224.66	2225.46
100	13	بِمَا	بِمَا	1.00	1.00	rec	2225.68	2226.00
100	14	كَذَّبُوا۟	كَذَّبُوا	1.00	0.93	rec	2226.26	2226.88
100	15	مِن	مِنْ	1.00	1.00	rec	2227.12	2227.68
100	16	قَبْلُۚ	قَبْلُ	1.00	1.00	rec	2227.80	2228.24
100	17	كَذَٰلِكَ	كَذَٰلِكَ	1.00	1.00	rec	2228.74	2229.70
100	18	يَطْبَعُ	يَطْبَعُ	1.00	1.00	rec	2229.82	2230.52
100	19	ٱللَّهُ	اللَّهُ	1.00	1.00	rec	2230.60	2231.30
100	20	عَلَىٰ	عَلَىٰ	1.00	1.00	rec	2231.46	2231.76
100	21	قُلُوبِ	قُلُوبِ	1.00	1.00	rec	2232.04	2232.66
100	22	ٱلْكَٰفِرِينَ	الْكَافِرِينَ	1.00	0.97	rec	2232.72	2234.74
101	0	وَمَا	وَمَا	1.00	0.97	rec	2235.54	2235.86
101	1	وَجَدْنَا	وَجَدْنَا	1.00	1.00	rec	2236.06	2236.78
101	2	لِأَكْثَرِهِم	لِأَكْثَرِهِمْ	1.00	1.00	rec	2237.10	2238.62
101	3	مِّنْ	مِنْ	1.00	1.00	rec	2238.68	2238.98
101	4	عَهْدٍۢۖ	عَهْدٍ	1.00	1.00	rec	2239.06	2239.56
101	5	وَإِن	وَإِنْ	1.00	0.97	rec	2240.28	2240.86
101	6	وَجَدْنَآ	وَجَدْنَا	1.00	1.00	rec	2240.90	2241.70
101	7	أَكْثَرَهُمْ	أَكْثَرَهُمْ	1.00	0.99	rec	2242.14	2243.12
101	8	لَفَٰسِقِينَ	لَفَاسِقِينَ	1.00	1.00	rec	2243.22	2245.34
102	0	ثُمَّ	ثُمَّ	1.00	1.00	rec	2246.44	2247.30
102	1	بَعَثْنَا	بَعَثْنَا	1.00	1.00	rec	2247.44	2248.12
102	2	مِنۢ	مِنْ	1.00	1.00	rec	2248.48	2249.22
102	3	بَعْدِهِم	بَعْدِهِمْ	1.00	1.00	rec	2249.30	2250.26
102	4	مُّوسَىٰ	مُوسَىٰ	1.00	1.00	rec	2250.32	2250.84
102	5	بِـَٔايَٰتِنَآ	بِآيَاتِنَا	1.00	1.00	rec	2251.12	2252.36
102	6	إِلَىٰ	إِلَىٰ	1.00	1.00	rec	2252.70	2253.00
102	7	فِرْعَوْنَ	فِرْعَوْنَ	1.00	0.99	rec	2253.30	2254.14
102	8	وَمَلَإِي۟هِۦ	وَمَلَئِهِ	0.57	1.00	rec	2254.24	2255.14
102	9	فَظَلَمُوا۟	فَظَلَمُوا	1.00	1.00	rec	2255.56	2256.30
102	10	بِهَاۖ	بِهَا	1.00	1.00	rec	2256.64	2256.98
102	11	فَٱنظُرْ	فَانْظُرْ	1.00	1.00	rec	2259.78	2260.76
102	12	كَيْفَ	كَيْفَ	1.00	1.00	rec	2260.90	2261.26
102	13	كَانَ	كَانَ	1.00	1.00	rec	2261.44	2261.94
102	14	عَٰقِبَةُ	عَاقِبَةُ	1.00	1.00	rec	2262.06	2263.00
102	15	ٱلْمُفْسِدِينَ	الْمُفْسِدِينَ	1.00	1.00	rec	2263.08	2264.76
103	0	وَقَالَ	وَقَالَ	1.00	1.00	rec	2265.54	2266.16
103	1	مُوسَىٰ	مُوسَىٰ	1.00	1.00	rec	2266.28	2266.80
103	2	يَٰفِرْعَوْنُ	يَا+فِرْعَوْنُ	1.00	1.00	rec	2267.14	2268.50
103	3	إِنِّى	إِنِّي	0.67	1.00	rec	2268.62	2269.70
103	4	رَسُولٌۭ	رَسُولٌ	1.00	1.00	rec	2270.02	2270.76
103	5	مِّن	مِنْ	1.00	1.00	rec	2271.48	2271.68
103	6	رَّبِّ	رَبِّ	1.00	0.91	rec	2271.74	2272.14
103	7	ٱلْعَٰلَمِينَ	الْعَالَمِينَ	1.00	1.00	rec	2272.20	2273.90
104	0	حَقِيقٌ	حَقِيقٌ	1.00	1.00	rec	2274.66	2275.36
104	1	عَلَىٰٓ	عَلَىٰ	1.00	1.00	rec	2275.70	2276.02
104	2	أَن	أَنْ	1.00	1.00	rec	2276.46	2276.76
104	3	لَّآ	لَا	1.00	0.96	rec	2276.84	2276.98
104	4	أَقُولَ	أَقُولَ	1.00	1.00	rec	2277.46	2278.18
104	5	عَلَى	عَلَى	1.00	1.00	rec	2278.32	2278.58
104	6	ٱللَّهِ	اللَّهِ	1.00	1.00	rec	2278.62	2279.40
104	7	إِلَّا	إِلَّا	1.00	1.00	rec	2279.56	2280.02
104	8	ٱلْحَقَّۚ	الْحَقُ	1.00	0.99	rec	2280.06	2280.56
104	9	قَدْ		0.00	0.00	forced	2280.82	2281.50
104	10	جِئْتُكُم	قَدِّئْتُكُمْ	0.67	0.99	rec	2281.64	2283.06
104	11	بِبَيِّنَةٍۢ	بِبَيِّنَةٍ	1.00	1.00	rec	2283.12	2284.20
104	12	مِّن	مِنْ	1.00	1.00	rec	2285.04	2285.24
104	13	رَّبِّكُمْ	رَبِّكُمْ	1.00	0.99	rec	2285.32	2286.46
104	14	فَأَرْسِلْ	فَأَرْسِلْ	1.00	1.00	rec	2286.58	2287.40
104	15	مَعِىَ	مَعِي	0.67	0.98	rec	2287.46	2287.78
104	16	بَنِىٓ	بَنِي	0.67	1.00	rec	2288.04	2288.36
104	17	إِسْرَٰٓءِيلَ	إِسْرَائِيلَ	0.86	0.99	rec	2288.70	2291.68
105	0	قَالَ	قَالَ	1.00	1.00	rec	2292.40	2292.80
105	1	إِن	إِنْ	1.00	1.00	rec	2292.90	2293.36
105	2	كُنتَ	كُنْتَ	1.00	1.00	rec	2293.50	2294.60
105	3	جِئْتَ	جِئْتَ	1.00	1.00	rec	2294.74	2295.16
105	4	بِـَٔايَةٍۢ	بِأَعْيَةٍ	0.80	0.91	rec	2295.28	2296.14
105	5	فَأْتِ	فَأْتِ	1.00	1.00	rec	2296.90	2297.32
105	6	بِهَآ	بِهَاِنَّ	0.75	0.96	rec	2297.46	2298.94
105	7	إِن		0.00	0.00	forced	2298.94	2299.16
105	8	كُنتَ	كُنْتَ	1.00	1.00	rec	2299.24	2300.16
105	9	مِنَ	مِنَ	1.00	1.00	rec	2300.26	2300.50
105	10	ٱلصَّٰدِقِينَ	الصَّادِقِينَ	1.00	0.98	rec	2300.54	2302.50
106	0	فَأَلْقَىٰ	فَأَلْقَىٰ	1.00	1.00	rec	2303.66	2304.40
106	1	عَصَاهُ	عَصَاهُ	1.00	1.00	rec	2304.72	2305.52
106	2	فَإِذَا	فَإِذَا	1.00	1.00	rec	2305.76	2306.32
106	3	هِىَ	هِيَ	0.50	1.00	rec	2306.54	2306.80
106	4	ثُعْبَانٌۭ	ثُعْبَانٌ	1.00	1.00	rec	2306.98	2307.88
106	5	مُّبِينٌۭ	مُبِينٌ	1.00	1.00	rec	2308.58	2309.86
107	0	وَنَزَعَ	وَنَزَعَ	1.00	0.98	rec	2310.50	2311.12
107	1	يَدَهُۥ	يَدَهُ	0.75	1.00	rec	2311.20	2311.68
107	2	فَإِذَا	فَإِذَا	1.00	1.00	rec	2312.08	2312.66
107	3	هِىَ	هِيَ	0.50	1.00	rec	2312.94	2313.20
107	4	بَيْضَآءُ	بَيْضَاءُ	1.00	1.00	rec	2313.36	2315.38
107	5	لِلنَّٰظِرِينَ	لِلنَّاظِرِينَ	1.00	1.00	rec	2315.50	2318.02
108	0	قَالَ	قَالَ	1.00	1.00	rec	2318.76	2319.16
108	1	ٱلْمَلَأُ	الْمَلَأُ	1.00	1.00	rec	2319.22	2319.90
108	2	مِن	مِنْ	1.00	1.00	rec	2320.06	2320.68
108	3	قَوْمِ	قَوْمِ	1.00	1.00	rec	2320.82	2321.36
108	4	فِرْعَوْنَ	فِرْعَوْنَ	1.00	1.00	rec	2321.52	2322.24
108	5	إِنَّ	إِنَّ	1.00	1.00	rec	2322.34	2323.02
108	6	هَٰذَا	هَـٰذَا	1.00	0.95	rec	2323.20	2323.76
108	7	لَسَٰحِرٌ	لَسَاحِرٌ	1.00	1.00	rec	2324.06	2325.14
108	8	عَلِيمٌۭ	عَلِيمٌ	1.00	1.00	rec	2325.52	2326.70
109	0	يُرِيدُ	يُرِيدُ	1.00	1.00	rec	2327.44	2328.20
109	1	أَن	أَنْ	1.00	1.00	rec	2328.40	2329.28
109	2	يُخْرِجَكُم	يُخْرِجَكُمْ	1.00	0.99	rec	2329.34	2331.14
109	3	مِّنْ	مِنْ	1.00	1.00	rec	2331.18	2331.50
109	4	أَرْضِكُمْۖ	أَرْضِكُمْ	1.00	1.00	rec	2331.58	2332.60
109	5	فَمَاذَا	فَمَع+لَا	0.60	0.83	rec	2332.72	2333.64
109	6	تَأْمُرُونَ	تَأْمُرُونَ	1.00	1.00	rec	2334.04	2335.98
110	0	قَالُوٓا۟	قَالُوا	1.00	1.00	rec	2336.82	2337.46
110	1	أَرْجِهْ	أَرْدِئْهُ	0.60	0.98	rec	2337.98	2338.80
110	2	وَأَخَاهُ	وَأَخَاهُ	1.00	1.00	rec	2338.96	2340.00
110	3	وَأَرْسِلْ	وَأَرْسِلْ	1.00	1.00	rec	2340.16	2341.10
110	4	فِى	فِي	0.50	1.00	rec	2341.20	2341.30
110	5	ٱلْمَدَآئِنِ	الْمَدَائِنِ	1.00	1.00	rec	2341.34	2343.34
110	6	حَٰشِرِينَ	حَاشِرٌ	0.67	0.94	rec	2343.52	2344.32
111	0	يَأْتُوكَ	يَأْتُوكَ	1.00	1.00	rec	2345.98	2346.72
111	1	بِكُلِّ	بِكُلِّ	1.00	1.00	rec	2346.82	2347.38
111	2	سَٰحِرٍ	سَاحٍ+دٍ	0.75	0.77	rec	2347.54	2348.22
111	3	عَلِيمٍۢ	عَلِيمٍ	1.00	1.00	rec	2348.50	2349.96
112	0	وَجَآءَ	وَجَاءَ	1.00	1.00	rec	2350.60	2352.80
112	1	ٱلسَّحَرَةُ	السَّحَرَةُ	1.00	1.00	rec	2352.84	2353.78
112	2	فِرْعَوْنَ	فِرْعَوْنَ	1.00	0.99	rec	2353.94	2355.40
112	3	قَالُوٓا۟	قَالُوا	1.00	1.00	rec	2355.96	2356.56
112	4	إِنَّ	أَعيِنَّ	0.50	0.94	rec	2357.04	2358.14
112	5	لَنَا	لَنَا	1.00	1.00	rec	2358.30	2358.60
112	6	لَأَجْرًا	لَأَجْرًا	1.00	1.00	rec	2358.90	2359.56
112	7	إِن	إِنْ	1.00	1.00	rec	2359.88	2360.44
112	8	كُنَّا	كُنَّا	1.00	0.99	rec	2360.58	2361.56
112	9	نَحْنُ	نَحْنُ	1.00	1.00	rec	2361.94	2362.42
112	10	ٱلْغَٰلِبِينَ	الْغَالِبِينَ	1.00	1.00	rec	2362.52	2364.62
113	0	قَالَ	قَالَ	1.00	1.00	rec	2365.22	2365.70
113	1	نَعَمْ	نَعَمْ	1.00	1.00	rec	2365.84	2366.28
113	2	وَإِنَّكُمْ	وَإِنَّكُمْ	1.00	1.00	rec	2366.38	2367.84
113	3	لَمِنَ	لَمِنَ	1.00	1.00	rec	2367.94	2368.40
113	4	ٱلْمُقَرَّبِينَ	الْمُقَرَّبِينَ	1.00	1.00	rec	2368.46	2371.00
114	0	قَالُوا۟	قَالُوا	1.00	1.00	rec	2371.62	2372.24
114	1	يَٰمُوسَىٰٓ	يَا+مُوسَىٰ	1.00	1.00	rec	2372.50	2373.52
114	2	إِمَّآ	إِمَّا	1.00	1.00	rec	2373.92	2374.74
114	3	أَن	أَنْ	1.00	1.00	rec	2375.20	2375.80
114	4	تُلْقِىَ	تُلْقِيَ	0.75	1.00	rec	2375.94	2376.72
114	5	وَإِمَّآ	وَإِمَّا	1.00	0.95	rec	2376.86	2377.86
114	6	أَن	أَنْ	1.00	1.00	rec	2378.24	2379.02
114	7	نَّكُونَ	نَكُونَ	1.00	1.00	rec	2379.08	2379.78
114	8	نَحْنُ	نَحْنُ	1.00	1.00	rec	2379.90	2380.30
114	9	ٱلْمُلْقِينَ	الْمُلْقِينَ	1.00	1.00	rec	2380.38	2382.20
115	0	قَالَ	قَالَ	1.00	1.00	rec	2382.98	2383.62
115	1	أَلْقُوا۟ۖ	أَلْقُو	0.80	1.00	rec	2383.78	2384.34
115	2	فَلَمَّآ	فَلَمَّا	1.00	1.00	rec	2385.46	2386.40
115	3	أَلْقَوْا۟	أَلْقَوْا	1.00	0.95	rec	2387.08	2387.78
115	4	سَحَرُوٓا۟	سَحَرُوا	1.00	1.00	rec	2387.98	2388.54
115	5	أَعْيُنَ	أَعْيُنَ	1.00	1.00	rec	2389.12	2389.66
115	6	ٱلنَّاسِ	النَّاسِ	1.00	1.00	rec	2389.70	2390.88
115	7	وَٱسْتَرْهَبُوهُمْ	وَاسْتَرْهَبُوهُمْ	1.00	0.97	rec	2390.98	2392.74
115	8	وَجَآءُو	وَجَاءُوا	0.83	1.00	rec	2398.16	2399.78
115	9	بِسِحْرٍ	بِسِحْرٍ	1.00	1.00	rec	2400.24	2400.90
115	10	عَظِيمٍۢ	عَظِيمٍ	1.00	1.00	rec	2401.26	2402.20
116	0	وَأَوْحَيْنَآ	وَأَوْحَيْنَا	1.00	0.96	rec	2402.94	2404.04
116	1	إِلَىٰ	إِلَىٰ	1.00	1.00	rec	2404.40	2404.70
116	2	مُوسَىٰٓ	مُوسَىٰ	1.00	0.97	rec	2404.96	2405.76
116	3	أَنْ	أَنْ	1.00	0.99	rec	2406.28	2406.60
116	4	أَلْقِ	أَلْقِ	1.00	1.00	rec	2406.70	2407.26
116	5	عَصَاكَۖ	عَصَاكَ	1.00	1.00	rec	2407.42	2409.06
116	6	فَإِذَا	فَإِذَا	1.00	1.00	rec	2412.40	2412.98
116	7	هِىَ	هِيَ	0.50	1.00	rec	2413.34	2413.66
116	8	تَلْقَفُ	تَلَقَّفُ	1.00	1.00	rec	2413.84	2414.70
116	9	مَا	مَا	1.00	1.00	rec	2414.86	2415.00
116	10	يَأْفِكُونَ	يَأْفِكُونَ	1.00	1.00	rec	2415.42	2417.18
117	0	فَوَقَعَ	فَوَقَعَ	1.00	1.00	rec	2417.74	2418.38
117	1	ٱلْحَقُّ	الْحَقُّ	1.00	1.00	rec	2418.46	2419.18
117	2	وَبَطَلَ	وَبَطَلَ	1.00	1.00	rec	2419.28	2419.96
117	3	مَا	مَا	1.00	0.81	rec	2420.08	2420.22
117	4	كَانُوا۟	كَانُوا	1.00	0.90	rec	2420.54	2421.18
117	5	يَعْمَلُونَ	يَعْمَلُونَ	1.00	1.00	rec	2421.78	2423.30
118	0	فَغُلِبُوا۟	فَغُلِبُوا	1.00	1.00	rec	2424.96	2425.60
118	1	هُنَالِكَ	هُنَالِكَ	1.00	1.00	rec	2425.82	2426.70
118	2	وَٱنقَلَبُوا۟	وَانْقَلَبُوا	1.00	1.00	rec	2426.80	2428.24
118	3	صَٰغِرِينَ	صَاغِرِينَ	1.00	0.98	rec	2428.56	2430.16
119	0	وَأُلْقِىَ	وَأُلْقِيَ	0.80	0.98	rec	2430.68	2431.40
119	1	ٱلسَّحَرَةُ	السَّحَرَةُ	1.00	1.00	rec	2431.46	2432.34
119	2	سَٰجِدِينَ	سَاجِدِينَ	1.00	1.00	rec	2432.50	2434.48
120	0	قَالُوٓا۟	قَالُوا	1.00	1.00	rec	2434.96	2435.52
120	1	ءَامَنَّا	آمَنَّا	0.80	1.00	rec	2435.92	2436.98
120	2	بِرَبِّ	بِرَبِّ	1.00	1.00	rec	2437.32	2437.84
120	3	ٱلْعَٰلَمِينَ	الْعَالَمِينَ	1.00	1.00	rec	2437.90	2439.26
121	0	رَبِّ	رَبِّ	1.00	1.00	rec	2439.40	2439.76
121	1	مُوسَىٰ	مُوسَىٰ	1.00	1.00	rec	2439.90	2440.48
121	2	وَهَٰرُونَ	وَهَارُونَ	1.00	1.00	rec	2440.84	2442.64
122	0	قَالَ	قَالَ	1.00	1.00	rec	2443.34	2443.86
122	1	فِرْعَوْنُ	فِرْعَوْنُ	1.00	1.00	rec	2444.04	2444.94
122	2	ءَامَنتُم	آعمَنْتُمْ	0.67	0.89	rec	2445.18	2448.04
122	3	بِهِۦ	بِهِ	0.67	1.00	rec	2448.12	2448.44
122	4	قَبْلَ	قَبْلَ	1.00	1.00	rec	2448.86	2449.36
122	5	أَنْ	أَنْ	1.00	1.00	rec	2449.54	2449.88
122	6	ءَاذَنَ	أعذَنَ	0.50	0.91	rec	2449.96	2450.70
122	7	لَكُمْۖ	لَكُمْ	1.00	1.00	rec	2450.84	2451.50
122	8	إِنَّ	إِنَّ	1.00	1.00	rec	2452.48	2453.34
122	9	هَٰذَا	هَـٰذَا	1.00	1.00	rec	2453.48	2454.16
122	10	لَمَكْرٌۭ	لَمَكْرٌ	1.00	1.00	rec	2454.46	2455.14
122	11	مَّكَرْتُمُوهُ	مَكَرْتُمُوهُ	1.00	1.00	rec	2455.78	2457.00
122	12	فِى	فِي	0.50	1.00	rec	2457.18	2457.30
122	13	ٱلْمَدِينَةِ	الْمَدِينَةِ	1.00	1.00	rec	2457.34	2458.50
122	14	لِتُخْرِجُوا۟	لِتُخْرِجُوا	1.00	0.99	rec	2458.66	2459.64
122	15	مِنْهَآ	مِنْهَا	1.00	0.96	rec	2459.96	2460.44
122	16	أَهْلَهَاۖ	أَهْلَهَا	1.00	1.00	rec	2460.78	2461.38
122	17	فَسَوْفَ	فَسَوْفَ	1.00	1.00	rec	2461.76	2462.50
122	18	تَعْلَمُونَ	تَعْلَمُونَ	1.00	1.00	rec	2462.66	2464.38
123	0	لَأُقَطِّعَنَّ	لَأُقَطِّعَنَّ	1.00	1.00	rec	2465.04	2466.70
123	1	أَيْدِيَكُمْ	أَيْدِيَكُمْ	1.00	1.00	rec	2466.84	2467.84
123	2	وَأَرْجُلَكُم	وَأَرْجُلَكُمْ	1.00	1.00	rec	2467.92	2469.62
123	3	مِّنْ	مِنْ	1.00	1.00	rec	2469.68	2470.00
123	4	خِلَٰفٍۢ	خِلَافٍ	1.00	1.00	rec	2470.12	2471.02
123	5	ثُمَّ	ثُمَّ	1.00	1.00	rec	2471.50	2472.42
123	6	لَأُصَلِّبَنَّكُمْ	لَأُصَلِّبَنَّكُمْ	1.00	1.00	rec	2472.54	2474.66
123	7	أَجْمَعِينَ	أَجْمَعِينَ	1.00	1.00	rec	2474.76	2476.44
124	0	قَالُوٓا۟	قَالُوا	1.00	0.95	rec	2478.44	2479.04
124	1	إِنَّآ	إِنَّا	1.00	0.98	rec	2479.32	2480.02
124	2	إِلَىٰ	إِلَىٰ	1.00	1.00	rec	2480.32	2480.64
124	3	رَبِّنَا	رَبِّنَا	1.00	1.00	rec	2480.84	2481.50
124	4	مُنقَلِبُونَ	مُنْقَلِبُونَ	1.00	1.00	rec	2481.82	2484.06
125	0	وَمَا	وَمَا	1.00	1.00	rec	2484.94	2485.26
125	1	تَنقِمُ	تَنْقِمُ	1.00	1.00	rec	2485.60	2486.74
125	2	مِنَّآ	مِنَّا	1.00	1.00	rec	2486.94	2487.48
125	3	إِلَّآ	إِلَّا	1.00	0.99	rec	2487.76	2488.28
125	4	أَنْ	أَنْ	1.00	1.00	rec	2488.52	2488.82
125	5	ءَامَنَّا	آمَنَّا	0.80	1.00	rec	2488.90	2490.06
125	6	بِـَٔايَٰتِ	بِآيَاتِ	1.00	1.00	rec	2490.30	2491.24
125	7	رَبِّنَا	رَبِّ	0.50	1.00	rec	2491.36	2491.72
125	8	لَمَّا	َعْلَمَّا	0.75	0.86	rec	2491.86	2492.80
125	9	جَآءَتْنَاۚ	جَاءَتْنَا	1.00	1.00	rec	2493.16	2495.42
125	10	رَبَّنَآ	رَبَّنَا	1.00	1.00	rec	2496.28	2496.82
125	11	أَفْرِغْ	أَفْرِغْ	1.00	0.99	rec	2497.10	2497.76
125	12	عَلَيْنَا	عَلَيْنَا	1.00	0.98	rec	2497.82	2498.56
125	13	صَبْرًۭا	صَبْرًا	1.00	1.00	rec	2498.98	2499.44
125	14	وَتَوَفَّنَا	وَتَوَفَّنَا	1.00	1.00	rec	2500.24	2501.26
125	15	مُسْلِمِينَ		0.00	0.21	forced	2501.70	2503.24
126	0	وَقَالَ	وَقَالَ	1.00	1.00	rec	2504.00	2504.60
126	1	ٱلْمَلَأُ	الْمَلَأُ	1.00	1.00	rec	2504.64	2505.20
126	2	مِن	مِنْ	1.00	0.99	rec	2505.32	2505.92
126	3	قَوْمِ	قَوْمِ	1.00	1.00	rec	2506.06	2506.48
126	4	فِرْعَوْنَ	فِرْعَوْنَ	1.00	1.00	rec	2506.66	2507.38
126	5	أَتَذَرُ	أَتَذَرُ	1.00	1.00	rec	2507.50	2508.12
126	6	مُوسَىٰ	مُوسَىٰ	1.00	1.00	rec	2508.26	2508.78
126	7	وَقَوْمَهُۥ	وَقَوْمَهُ	0.83	1.00	rec	2509.12	2509.96
126	8	لِيُفْسِدُوا۟	لِيُفْسِدُوا	1.00	1.00	rec	2514.22	2514.98
126	9	فِى	فِي	0.50	1.00	rec	2515.26	2515.38
126	10	ٱلْأَرْضِ	الْأَرْضِ	1.00	0.93	rec	2515.42	2516.14
126	11	وَيَذَرَكَ	وَيَذَرَكَ	1.00	0.99	rec	2516.30	2517.28
126	12	وَءَالِهَتَكَۚ	وَآلِهَتَكَ	0.86	1.00	rec	2517.42	2518.86
126	13	قَالَ	قَالَ	1.00	1.00	rec	2519.42	2519.76
126	14	سَنُقَتِّلُ	سَنُقَدِّلُ	0.80	0.98	rec	2519.88	2520.80
126	15	أَبْنَآءَهُمْ	أَبْنَاءَهُمْ	1.00	1.00	rec	2520.94	2523.06
126	16	وَنَسْتَحْىِۦ	وَنَسْتَحْيِي	0.86	1.00	rec	2523.18	2524.20
126	17	نِسَآءَهُمْ	نِسَاءَهُمْ	1.00	1.00	rec	2524.58	2526.94
126	18	وَإِنَّا	وَإِنَّ	0.75	1.00	rec	2527.54	2528.58
126	19	فَوْقَهُمْ	َفَوْقَهُمْ	1.00	0.94	rec	2528.80	2530.22
126	20	قَٰهِرُونَ	قَاهِرُونَ	1.00	0.98	rec	2530.38	2532.32
127	0	قَالَ	قَالَ	1.00	1.00	rec	2532.94	2533.34
127	1	مُوسَىٰ	مُوسَىٰ	1.00	1.00	rec	2533.46	2533.94
127	2	لِقَوْمِهِ	لِقَوْمِهِ	1.00	1.00	rec	2534.28	2535.08
127	3	ٱسْتَعِينُوا۟	اسْتَعِينُوا	1.00	0.89	rec	2535.12	2535.98
127	4	بِٱللَّهِ	بِاللَّهِ	1.00	1.00	rec	2536.32	2537.18
127	5	وَٱصْبِرُوٓا۟ۖ	وَاصْبِرُوا	1.00	1.00	rec	2537.38	2538.10
127	6	إِنَّ	إِنَّ	1.00	1.00	rec	2538.86	2539.64
127	7	ٱلْأَرْضَ	الْأَرْضَ	1.00	1.00	rec	2539.68	2540.34
127	8	لِلَّهِ	لِلَّهِ	1.00	1.00	rec	2540.44	2541.22
127	9	يُورِثُهَا	يُرِثُهَا	0.83	1.00	rec	2541.32	2542.14
127	10	مَن	مَنْ	1.00	1.00	rec	2542.54	2542.84
127	11	يَشَآءُ	يَشَاءُ	1.00	1.00	rec	2542.90	2544.76
127	12	مِنْ	مِنَ	1.00	0.65	rec	2544.90	2545.32
127	13	عِبَادِهِۦۖ	وَادِهِ	0.50	0.86	rec	2545.64	2546.30
127	14	وَٱلْعَٰقِبَةُ	وَالْعَاقِبَةُ	1.00	0.98	rec	2547.62	2548.82
127	15	لِلْمُتَّقِينَ	لِلْمُتَّقِينَ	1.00	1.00	rec	2548.98	2551.32
128	0	قَالُوٓا۟	قَالُوا	1.00	1.00	rec	2552.02	2552.56
128	1	أُوذِينَا	أُوذِينَا	1.00	1.00	rec	2552.88	2553.70
128	2	مِن	مِنْ	1.00	1.00	rec	2553.96	2554.38
128	3	قَبْلِ	قَبْلِ	1.00	1.00	rec	2554.50	2554.92
128	4	أَن	أَنْ	1.00	1.00	rec	2555.06	2555.72
128	5	تَأْتِيَنَا	تَأْتِيَنَا	1.00	1.00	rec	2555.82	2556.60
128	6	وَمِنۢ	وَمِنْ	1.00	1.00	rec	2556.84	2557.50
128	7	بَعْدِ	بَعْدِ	1.00	1.00	rec	2557.58	2557.98
128	8	مَا	مَا	1.00	1.00	rec	2558.12	2558.24
128	9	جِئْتَنَاۚ	جِئْتَنَا	1.00	1.00	rec	2558.48	2559.12
128	10	قَالَ	قَالَ	1.00	1.00	rec	2560.06	2560.52
128	11	عَسَىٰ	عَسَىٰ	1.00	0.99	rec	2560.64	2561.00
128	12	رَبُّكُمْ	رَبُّكُمْ	1.00	1.00	rec	2561.22	2562.08
128	13	أَن	أَنْ	1.00	1.00	rec	2562.18	2562.74
128	14	يُهْلِكَ	يُهْلِكَ	1.00	1.00	rec	2562.80	2563.42
128	15	عَدُوَّكُمْ	عَدُوَّكُمْ	1.00	1.00	rec	2563.52	2564.48
128	16	وَيَسْتَخْلِفَكُمْ	وَيَسْتَخْلِفَكُمْ	1.00	1.00	rec	2564.58	2566.18
128	17	فِى	فِي	0.50	1.00	rec	2566.28	2566.38
128	18	ٱلْأَرْضِ	الْأَرْضِ	1.00	0.95	rec	2566.42	2567.12
128	19	فَيَنظُرَ	فَيَنْظُرَ	1.00	1.00	rec	2567.32	2568.42
128	20	كَيْفَ	كَيْفَ	1.00	1.00	rec	2568.64	2569.26
128	21	تَعْمَلُونَ	تَعْمَلُونَ	1.00	1.00	rec	2569.44	2570.92
129	0	وَلَقَدْ	وَلَقَدْ	1.00	1.00	rec	2571.76	2572.38
129	1	أَخَذْنَآ	أَخَذْنَا	1.00	1.00	rec	2572.46	2573.12
129	2	ءَالَ	آلَ	0.67	1.00	rec	2573.52	2573.94
129	3	فِرْعَوْنَ	فِرْعَوْنَ	1.00	1.00	rec	2574.08	2575.00
129	4	بِٱلسِّنِينَ	بِالسِّنِينَ	1.00	1.00	rec	2575.12	2576.14
129	5	وَنَقْصٍۢ	وَنَقْصٍ	1.00	1.00	rec	2576.24	2577.00
129	6	مِّنَ	مِنَ	1.00	1.00	rec	2577.46	2577.68
129	7	ٱلثَّمَرَٰتِ	الثَّمَرَاتِ	1.00	0.98	rec	2577.72	2578.74
129	8	لَعَلَّهُمْ	لَعَلَّهُمْ	1.00	1.00	rec	2578.84	2579.78
129	9	يَذَّكَّرُونَ	يَذَّكَّرُونَ	1.00	1.00	rec	2579.86	2581.52
130	0	فَإِذَا	فَإِذَا	1.00	1.00	rec	2582.46	2582.92
130	1	جَآءَتْهُمُ	جَاءَتْهُمُ	1.00	1.00	rec	2583.14	2584.90
130	2	ٱلْحَسَنَةُ	الْحَسَنَةُ	1.00	1.00	rec	2584.98	2585.90
130	3	قَالُوا۟	قَالُوا	1.00	1.00	rec	2586.08	2586.58
130	4	لَنَا	لَنَا	1.00	1.00	rec	2586.80	2587.10
130	5	هَٰذِهِۦۖ	هَـٰذِهِ	0.80	1.00	rec	2587.32	2588.08
130	6	وَإِن	وَإِنْ	1.00	1.00	rec	2588.70	2589.38
130	7	تُصِبْهُمْ	تُصِبْهُمْ	1.00	1.00	rec	2589.48	2590.38
130	8	سَيِّئَةٌۭ	سَيِّئَةٌ	1.00	1.00	rec	2590.48	2591.46
130	9	يَطَّيَّرُوا۟	يَطَّيَّرُوا	1.00	0.99	rec	2592.24	2593.18
130	10	بِمُوسَىٰ	بِمُوسَىٰ	1.00	0.99	rec	2593.38	2594.08
130	11	وَمَن	وَمَنْ	1.00	1.00	rec	2594.42	2595.16
130	12	مَّعَهُۥٓۗ	مَعَهُ	0.75	1.00	rec	2595.22	2595.62
130	13	أَلَآ	أَلَا	1.00	1.00	rec	2596.42	2596.70
130	14	إِنَّمَا	إِنَّمَا	1.00	0.99	rec	2596.94	2597.70
130	15	طَٰٓئِرُهُمْ	ضَائِرُهُمْ	0.83	1.00	rec	2598.02	2600.42
130	16	عِندَ	عِنْدَ	1.00	1.00	rec	2600.50	2601.36
130	17	ٱللَّهِ	اللَّهِ	1.00	1.00	rec	2601.40	2602.04
130	18	وَلَٰكِنَّ	وَلَـٰكِنَّ	1.00	1.00	rec	2602.68	2604.00
130	19	أَكْثَرَهُمْ	أَكْثَرَهُمْ	1.00	1.00	rec	2604.12	2605.00
130	20	لَا	لَا	1.00	1.00	rec	2605.08	2605.20
130	21	يَعْلَمُونَ	يَعْلَمُ	0.67	0.93	rec	2605.56	2606.08
131	0	وَقَالُوا۟	وَقَالُوا	1.00	1.00	rec	2607.88	2608.54
131	1	مَهْمَا	مَهْمَا	1.00	1.00	rec	2608.72	2609.12
131	2	تَأْتِنَا	تَأْتِنَا	1.00	1.00	rec	2609.38	2609.94
131	3	بِهِۦ	بِهِ	0.67	1.00	rec	2610.16	2610.42
131	4	مِنْ	مِنْ	1.00	1.00	rec	2610.74	2610.96
131	5	ءَايَةٍۢ	آيَةٍ	0.75	1.00	rec	2611.02	2611.56
131	6	لِّتَسْحَرَنَا	لِتَسْحَرَنَا	1.00	1.00	rec	2611.78	2612.84
131	7	بِهَا	بِهَا	1.00	1.00	rec	2613.06	2613.36
131	8	فَمَا	فَمَا	1.00	1.00	rec	2613.66	2614.00
131	9	نَحْنُ	نَحْنُ	1.00	1.00	rec	2614.22	2614.56
131	10	لَكَ	لَكَ	1.00	1.00	rec	2614.68	2614.98
131	11	بِمُؤْمِنِينَ	بِمُؤْمِنِينَ	1.00	1.00	rec	2615.08	2617.02
132	0	فَأَرْسَلْنَا	فَأَرْسَلْنَا	1.00	1.00	rec	2617.84	2618.92
132	1	عَلَيْهِمُ	عَلَيْهِمِ	1.00	1.00	rec	2619.16	2619.92
132	2	ٱلطُّوفَانَ	الطُّوفَانَ	1.00	0.99	rec	2619.98	2621.12
132	3	وَٱلْجَرَادَ	وَالْجَرَادَ	1.00	1.00	rec	2621.24	2622.36
132	4	وَٱلْقُمَّلَ	وَالْقُمَّلَ	1.00	0.90	rec	2622.44	2623.72
132	5	وَٱلضَّفَادِعَ	وَالضَّفَادِعَ	1.00	1.00	rec	2623.82	2625.18
132	6	وَٱلدَّمَ	وَالدَّمَ	1.00	0.93	rec	2625.30	2625.94
132	7	ءَايَٰتٍۢ	آيَاتٍ	0.80	1.00	rec	2626.10	2627.04
132	8	مُّفَصَّلَٰتٍۢ	مُفَصَّلَاتٍ	1.00	1.00	rec	2627.68	2629.22
132	9	فَٱسْتَكْبَرُوا۟	فَاسْتَكْبَرُوا	1.00	1.00	rec	2629.90	2630.68
132	10	وَكَانُوا۟	وَكَانُوا	1.00	0.96	rec	2630.86	2631.72
132	11	قَوْمًۭا	قَوْمًا	1.00	0.93	rec	2632.06	2632.44
132	12	مُّجْرِمِينَ	مُجْرِمِينَ	1.00	1.00	rec	2633.04	2634.64
133	0	وَلَمَّا	وَلَمَّا	1.00	0.99	rec	2636.30	2637.04
133	1	وَقَعَ	وَقَعَ	1.00	1.00	rec	2637.30	2637.78
133	2	عَلَيْهِمُ	عَلَيْهِ+مِنْ	0.83	1.00	rec	2637.88	2638.80
133	3	ٱلرِّجْزُ	رِجْزٍ	0.60	1.00	rec	2638.88	2639.44
133	4	قَالُوا۟	قَالُوا	1.00	1.00	rec	2640.08	2640.50
133	5	يَٰمُوسَى	يَا+مُوسَى	1.00	0.99	rec	2640.64	2641.42
133	6	ٱدْعُ	ادْعُ	1.00	1.00	rec	2641.48	2641.76
133	7	لَنَا	لَنَا	1.00	1.00	rec	2641.88	2642.16
133	8	رَبَّكَ	رَبَّكَ	1.00	1.00	rec	2642.42	2643.04
133	9	بِمَا	بِمَا	1.00	1.00	rec	2643.14	2643.46
133	10	عَهِدَ	عَهِدَ	1.00	1.00	rec	2643.62	2644.08
133	11	عِندَكَۖ	عِنْدَكَ	1.00	1.00	rec	2644.20	2645.38
133	12	لَئِن	لَئِنْ	1.00	1.00	rec	2645.88	2646.56
133	13	كَشَفْتَ	كَشَفْتَ	1.00	1.00	rec	2646.66	2647.28
133	14	عَنَّا	عَنَّا	1.00	0.94	rec	2647.38	2648.32
133	15	ٱلرِّجْزَ	الرِّجْزَ	1.00	1.00	rec	2648.36	2649.08
133	16	لَنُؤْمِنَنَّ	لَنُؤْمِنَنَّ	1.00	0.96	rec	2649.20	2650.58
133	17	لَكَ	لَكَ	1.00	1.00	rec	2650.70	2650.98
133	18	وَلَنُرْسِلَنَّ	وَلَنُرْسِلَنَّ	1.00	1.00	rec	2651.08	2652.64
133	19	مَعَكَ	مَعَكَ	1.00	1.00	rec	2652.76	2653.26
133	20	بَنِىٓ	بَنِي	0.67	1.00	rec	2653.36	2653.70
133	21	إِسْرَٰٓءِيلَ	إِسْرَاءٌ	0.71	0.85	rec	2654.24	2656.20
134	0	فَلَمَّا	فَلَمَّا	1.00	0.97	rec	2657.88	2658.86
134	1	كَشَفْنَا	كَشَفْنَا	1.00	1.00	rec	2659.20	2659.94
134	2	عَنْهُمُ	عَنْهُمُ	1.00	1.00	rec	2660.20	2660.78
134	3	ٱلرِّجْزَ	الرِّجْزَ	1.00	0.99	rec	2660.84	2661.56
134	4	إِلَىٰٓ	إِلَىٰ	1.00	1.00	rec	2661.72	2662.08
134	5	أَجَلٍ	أَجَلٍ	1.00	1.00	rec	2662.36	2662.84
134	6	هُم	هُمْ	1.00	0.96	rec	2663.10	2663.74
134	7	بَٰلِغُوهُ	بَالِغُوهُ	1.00	1.00	rec	2663.82	2664.98
134	8	إِذَا	إِذَا	1.00	1.00	rec	2665.16	2665.48
134	9	هُمْ	هُمْ	1.00	1.00	rec	2665.76	2666.02
134	10	يَنكُثُونَ	يَنْكُثُونَ	1.00	1.00	rec	2666.14	2668.34
135	0	فَٱنتَقَمْنَا	فَانْتَقَمْنَا	1.00	1.00	rec	2669.02	2670.90
135	1	مِنْهُمْ	مِنْهُمْ	1.00	1.00	rec	2671.24	2671.80
135	2	فَأَغْرَقْنَٰهُمْ	فَأَغْرَقْنَاهُمْ	1.00	1.00	rec	2671.94	2673.58
135	3	فِى	فِي	0.50	1.00	rec	2673.70	2673.80
135	4	ٱلْيَمِّ	الْيَمِّ	1.00	0.91	rec	2673.82	2674.94
135	5	بِأَنَّهُمْ	بِأَنَّهُمْ	1.00	1.00	rec	2675.08	2676.24
135	6	كَذَّبُوا۟	كَذَّبُوا	1.00	1.00	rec	2676.38	2677.04
135	7	بِـَٔايَٰتِنَا	بِآيَاتِنَا	1.00	1.00	rec	2677.30	2678.62
135	8	وَكَانُوا۟	وَكَانُوا	1.00	1.00	rec	2678.86	2679.58
135	9	عَنْهَا	عَنْهَا	1.00	1.00	rec	2679.86	2680.32
135	10	غَٰفِلِينَ	غَافِلِينَ	1.00	1.00	rec	2680.76	2682.32
136	0	وَأَوْرَثْنَا	وَأَوْرَثْنَا	1.00	1.00	rec	2683.50	2684.28
136	1	ٱلْقَوْمَ	الْقَوْمَ	1.00	1.00	rec	2684.32	2684.86
136	2	ٱلَّذِينَ	الَّذِينَ	1.00	1.00	rec	2684.92	2685.56
136	3	كَانُوا۟	كَانُوا	1.00	0.99	rec	2685.74	2686.26
136	4	يُسْتَضْعَفُونَ	يُسْرَ+تَضْعَفُونَ	0.89	0.81	rec	2686.46	2687.72
136	5	مَشَٰرِقَ	مَسَارِقَ	0.80	0.90	rec	2687.84	2688.74
136	6	ٱلْأَرْضِ	الْأَرْضِ	1.00	1.00	rec	2688.80	2689.46
136	7	وَمَغَٰرِبَهَا	مَغَارِبَهَا	0.88	0.96	rec	2689.84	2690.82
136	8	ٱلَّتِى	الَّتِي	0.75	1.00	rec	2690.86	2691.42
136	9	بَٰرَكْنَا	بَارَكْنَا	1.00	1.00	rec	2691.78	2692.58
136	10	فِيهَاۖ	فِيهَا	1.00	1.00	rec	2692.92	2693.46
136	11	وَتَمَّتْ	وَتَمَّتْ	1.00	1.00	rec	2694.62	2695.84
136	12	كَلِمَتُ	كَلِمَتُ	1.00	1.00	rec	2695.92	2696.56
136	13	رَبِّكَ	رَبِّكَ	1.00	1.00	rec	2696.68	2697.24
136	14	ٱلْحُسْنَىٰ	الْحُسْنَىٰ	1.00	1.00	rec	2697.30	2697.98
136	15	عَلَىٰ	عَلَىٰ	1.00	1.00	rec	2698.26	2698.58
136	16	بَنِىٓ	بَنِي	0.67	1.00	rec	2698.88	2699.20
136	17	إِسْرَٰٓءِيلَ	إِسْرَائِيلَ	0.86	1.00	rec	2699.56	2701.68
137	0	بِمَا	بِمَا	1.00	1.00	rec	2701.78	2702.12
137	1	صَبَرُوا۟ۖ	صَبَرُوا	1.00	0.97	rec	2702.38	2702.92
137	2	وَدَمَّرْنَا	وَدَمَّرْنَا	1.00	1.00	rec	2703.88	2705.54
137	3	مَا	مَا	1.00	1.00	rec	2705.86	2705.98
137	4	كَانَ	كَانَ	1.00	1.00	rec	2706.30	2706.80
137	5	يَصْنَعُ	يَصْنَعُ	1.00	1.00	rec	2706.92	2707.58
137	6	فِرْعَوْنُ	فِرْعَوْنُ	1.00	0.95	rec	2707.76	2708.58
137	7	وَقَوْمُهُۥ	وَقَوْمُهُ	0.83	1.00	rec	2708.70	2709.62
137	8	وَمَا	وَمَا	1.00	1.00	rec	2709.90	2710.24
137	9	كَانُوا۟	كَانُوا	1.00	1.00	rec	2710.58	2711.10
137	10	يَعْرِشُونَ	يَعْرِشُونَ	1.00	1.00	rec	2711.46	2713.28
138	0	وَجَٰوَزْنَا	وَجَاوَزْنَا	1.00	1.00	rec	2713.90	2714.96
138	1	بِبَنِىٓ	بِبَنِي	0.75	1.00	rec	2715.36	2715.92
138	2	إِسْرَٰٓءِيلَ	إِسْرَائِيلَ	0.86	1.00	rec	2716.40	2718.68
138	3	ٱلْبَحْرَ	الْبَحْرَ	1.00	1.00	rec	2718.74	2719.48
138	4	فَأَتَوْا۟	فَأَتَوْا	1.00	1.00	rec	2719.68	2720.40
138	5	عَلَىٰ	عَلَىٰ	1.00	1.00	rec	2720.50	2720.84
138	6	قَوْمٍۢ	قَوْمٍ	1.00	1.00	rec	2721.12	2721.58
138	7	يَعْكُفُونَ	يَعْكُفُونَ	1.00	1.00	rec	2722.28	2723.28
138	8	عَلَىٰٓ	عَلَىٰ	1.00	1.00	rec	2723.42	2723.76
138	9	أَصْنَامٍۢ	أَصْنَامٍ	1.00	1.00	rec	2724.02	2725.10
138	10	لَّهُمْۚ	لَهُمْ	1.00	1.00	rec	2725.32	2725.92
138	11	قَالُوا۟	قَالُوا	1.00	0.99	rec	2727.10	2727.62
138	12	يَٰمُوسَى	يَا+مُوسَى	1.00	0.95	rec	2727.82	2728.68
138	13	ٱجْعَل	اجْعَلْ	1.00	0.96	rec	2728.74	2729.24
138	14	لَّنَآ	لَنَا	1.00	1.00	rec	2729.30	2729.62
138	15	إِلَٰهًۭا	إِلَـٰهًا	1.00	0.99	rec	2729.86	2730.52
138	16	كَمَا	كَمَا	1.00	1.00	rec	2731.08	2731.36
138	17	لَهُمْ	لَهُمْ	1.00	1.00	rec	2731.58	2732.00
138	18	ءَالِهَةٌۭۚ	لِهَةٌ	0.60	0.90	rec	2732.58	2733.00
138	19	قَالَ	طَالَ	0.67	0.97	rec	2733.74	2734.42
138	20	إِنَّكُمْ	لَّكُمْ	0.50	0.89	rec	2735.02	2735.46
138	21	قَوْمٌۭ	قَوْمٌ	1.00	1.00	rec	2735.60	2735.96
138	22	تَجْهَلُونَ	تَجْهَلُو	0.83	0.94	rec	2736.66	2737.36
139	0	إِنَّ	إِنَّ	1.00	1.00	rec	2738.76	2739.38
139	1	هَٰٓؤُلَآءِ	هَـٰؤُلَاءِ	1.00	1.00	rec	2739.50	2741.54
139	2	مُتَبَّرٌۭ	مُتَبَّرٌ	1.00	1.00	rec	2741.66	2742.42
139	3	مَّا		0.00	0.00	forced	2742.42	2743.02
139	4	هُمْ	مَعَهُمْ	0.50	1.00	rec	2743.02	2743.94
139	5	فِيهِ	فِيهِ	1.00	1.00	rec	2744.10	2744.78
139	6	وَبَٰطِلٌۭ	وَبَاطِلٌ	1.00	1.00	rec	2745.28	2746.16
139	7	مَّا	مَا	1.00	1.00	rec	2746.72	2746.86
139	8	كَانُوا۟	كَانُوا	1.00	0.96	rec	2747.20	2747.80
139	9	يَعْمَلُونَ	يَعْمَلُونَ	1.00	1.00	rec	2748.10	2749.70
140	0	قَالَ	قَالَ	1.00	1.00	rec	2750.32	2750.76
140	1	أَغَيْرَ	أَغَيْرَ	1.00	1.00	rec	2750.86	2751.50
140	2	ٱللَّهِ	اللَّهِ	1.00	0.92	rec	2751.56	2752.42
140	3	أَبْغِيكُمْ	أَبْغِيكُمْ	1.00	0.94	rec	2752.58	2753.66
140	4	إِلَٰهًۭا	إِلَـٰهًا	1.00	1.00	rec	2753.76	2754.44
140	5	وَهُوَ	وَهُوَ	1.00	1.00	rec	2755.06	2755.46
140	6	فَضَّلَكُمْ	فَضَّلَكُمْ	1.00	1.00	rec	2755.62	2756.64
140	7	عَلَى	عَلَى	1.00	1.00	rec	2756.70	2756.94
140	8	ٱلْعَٰلَمِينَ	الْعَالَمِينَ	1.00	1.00	rec	2756.98	2758.56
141	0	وَإِذْ	وَإِذْ	1.00	1.00	rec	2759.14	2759.60
141	1	أَنجَيْنَٰكُم	أَنْجَيْنَاكُمْ	1.00	1.00	rec	2759.66	2761.40
141	2	مِّنْ	مِنْ	1.00	1.00	rec	2761.46	2761.72
141	3	ءَالِ	آلِ	0.67	1.00	rec	2761.82	2762.20
141	4	فِرْعَوْنَ	فِرْعَوْنَ	1.00	1.00	rec	2762.34	2763.10
141	5	يَسُومُونَكُمْ	يَسُومُونَكُمْ	1.00	1.00	rec	2763.20	2764.76
141	6	سُوٓءَ	سُوءَ	1.00	1.00	rec	2764.92	2766.72
141	7	ٱلْعَذَابِۖ	الْعَذَابِ	1.00	1.00	rec	2766.78	2768.12
141	8	يُقَتِّلُونَ	يُقَتِّلُونَ	1.00	1.00	rec	2769.86	2770.86
141	9	أَبْنَآءَكُمْ	أَبْنَاءَكُمْ	1.00	1.00	rec	2771.00	2773.26
141	10	وَيَسْتَحْيُونَ	وَيَسْتَحْيُونَ	1.00	1.00	rec	2773.34	2774.50
141	11	نِسَآءَكُمْۚ	نِسَاءَكُمْ	1.00	1.00	rec	2774.60	2776.64
141	12	وَفِى	وَفِي	0.67	1.00	rec	2776.74	2777.14
141	13	ذَٰلِكُم	ذَٰلِكُم	1.00	0.97	rec	2777.36	2778.02
141	14	بَلَآءٌۭ	اءٌ	0.50	0.79	rec	2779.08	2780.16
141	15	مِّن	مِنْ	1.00	0.94	rec	2780.64	2780.84
141	16	رَّبِّكُمْ	رَبِّكُمْ	1.00	0.98	rec	2780.90	2781.78
141	17	عَظِيمٌۭ	عَظِيمٌ	1.00	0.97	rec	2781.86	2782.62
142	0	وَوَٰعَدْنَا	وَوَعَدْنَا	0.86	1.00	rec	2783.88	2784.72
142	1	مُوسَىٰ	مُوسَىٰ	1.00	1.00	rec	2784.96	2785.48
142	2	ثَلَٰثِينَ	ثَلَاثِينَ	1.00	1.00	rec	2785.84	2787.00
142	3	لَيْلَةًۭ	لَيْلَةً	1.00	1.00	rec	2787.12	2787.76
142	4	وَأَتْمَمْنَٰهَا	وَأَتْمَمْنَاهَا	1.00	0.99	rec	2788.38	2789.70
142	5	بِعَشْرٍۢ	بِعَشْرٍ	1.00	1.00	rec	2790.14	2790.74
142	6	فَتَمَّ	فَتَمَّ	1.00	1.00	rec	2791.26	2792.16
142	7	مِيقَٰتُ	مِيقَاتُ	1.00	1.00	rec	2792.28	2793.16
142	8	رَبِّهِۦٓ	رَبِّهِ	0.75	0.98	rec	2793.28	2793.88
142	9	أَرْبَعِينَ	أَرْبَعِينَ	1.00	1.00	rec	2794.44	2795.50
142	10	لَيْلَةًۭۚ	لَيْلَةً	1.00	1.00	rec	2795.64	2796.20
142	11	وَقَالَ	وَقَالَ	1.00	1.00	rec	2797.34	2797.88
142	12	مُوسَىٰ	مُوسَىٰ	1.00	1.00	rec	2798.00	2798.50
142	13	لِأَخِيهِ	لِأَخِيهِ	1.00	1.00	rec	2798.86	2799.84
142	14	هَٰرُونَ	هَارُونَ	1.00	1.00	rec	2800.00	2800.80
142	15	ٱخْلُفْنِى	اخْلُفْنِي	0.83	1.00	rec	2800.84	2801.56
142	16	فِى	فِي	0.50	1.00	rec	2801.92	2802.06
142	17	قَوْمِى	قَوْمِي	0.75	1.00	rec	2802.38	2802.86
142	18	وَأَصْلِحْ	وَأَصْلِحْ	1.00	1.00	rec	2803.12	2803.92
142	19	وَلَا	وَلَا	1.00	0.95	rec	2803.98	2804.26
142	20	تَتَّبِعْ	تَتَّبِعْ	1.00	1.00	rec	2804.52	2805.34
142	21	سَبِيلَ	سَبِيلَ	1.00	1.00	rec	2805.44	2806.16
142	22	ٱلْمُفْسِدِينَ	الْمُفْسِدِينَ	1.00	1.00	rec	2806.22	2808.26
143	0	وَلَمَّا	وَلَمَّا	1.00	1.00	rec	2809.00	2810.08
143	1	جَآءَ	جَاءَ	1.00	1.00	rec	2810.36	2811.78
143	2	مُوسَىٰ	مُوسَىٰ	1.00	1.00	rec	2811.90	2812.50
143	3	لِمِيقَٰتِنَا	لِمِيقَاتِنَا	1.00	1.00	rec	2812.80	2814.12
143	4	وَكَلَّمَهُۥ	وَكَلَّمَهُ	0.83	0.97	rec	2814.34	2815.46
143	5	رَبُّهُۥ	رَبُّهُ	0.75	1.00	rec	2815.80	2816.40
143	6	قَالَ	قَالَ	1.00	1.00	rec	2820.24	2820.82
143	7	رَبِّ	رَبِّ	1.00	1.00	rec	2820.94	2821.28
143	8	أَرِنِىٓ	عَرْنِي	0.50	0.96	rec	2821.48	2822.00
143	9	أَنظُرْ	أَنْظُرْ	1.00	1.00	rec	2822.66	2823.78
143	10	إِلَيْكَۚ	إِلَيْكَ	1.00	1.00	rec	2823.86	2825.08
143	11	قَالَ	قَالَ	1.00	1.00	rec	2826.12	2826.62
143	12	لَن	لَنْ	1.00	1.00	rec	2826.74	2827.58
143	13	تَرَىٰنِى	تَرِانِي	0.67	0.96	rec	2827.72	2828.46
143	14	وَلَٰكِنِ	وَلَـٰكِنِ	1.00	1.00	rec	2828.70	2829.60
143	15	ٱنظُرْ	انْظُرْ	1.00	1.00	rec	2829.66	2830.66
143	16	إِلَى	إِلَى	1.00	1.00	rec	2830.78	2831.00
143	17	ٱلْجَبَلِ	الْجَبَلِ	1.00	1.00	rec	2831.04	2831.70
143	18	فَإِنِ	فَإِنِ	1.00	1.00	rec	2832.40	2832.76
143	19	ٱسْتَقَرَّ	اسْتَقَرَّ	1.00	1.00	rec	2832.80	2833.56
143	20	مَكَانَهُۥ	مَكَانَهُ	0.83	1.00	rec	2833.70	2834.72
143	21	فَسَوْفَ	فَسَوْفَ	1.00	1.00	rec	2835.04	2835.86
143	22	تَرَىٰنِىۚ	تَرِانِي	0.67	0.93	rec	2836.02	2836.76
143	23	فَلَمَّا	فَلَمَّا	1.00	1.00	rec	2837.64	2838.94
143	24	تَجَلَّىٰ	تَجَلَّىٰ	1.00	1.00	rec	2839.36	2840.08
143	25	رَبُّهُۥ	رَبُّهُ	0.75	1.00	rec	2840.40	2841.08
143	26	لِلْجَبَلِ	لِلْجَبَلِ	1.00	0.97	rec	2841.46	2842.34
143	27	جَعَلَهُۥ	جَعَلَهُدَ	0.80	0.98	rec	2842.50	2843.70
143	28	دَكًّۭا	كَّا	0.67	0.84	rec	2844.12	2844.26
143	29	وَخَرَّ	وَخَرَّ	1.00	1.00	rec	2845.28	2845.90
143	30	مُوسَىٰ	مُوسَىٰ	1.00	1.00	rec	2846.02	2846.64
143	31	صَعِقًۭاۚ	صَعِقًا	1.00	0.99	rec	2847.00	2847.66
143	32	فَلَمَّآ	فَلَمَّا	1.00	1.00	rec	2848.76	2849.94
143	33	أَفَاقَ	أَفَاقَ	1.00	1.00	rec	2850.54	2851.42
143	34	قَالَ	قَالَ	1.00	1.00	rec	2851.60	2852.16
143	35	سُبْحَٰنَكَ	سُبْحَانَكَ	1.00	1.00	rec	2852.34	2853.64
143	36	تُبْتُ	تُبْتُ	1.00	1.00	rec	2853.84	2854.34
143	37	إِلَيْكَ	إِلَيْكَ	1.00	1.00	rec	2854.52	2855.14
143	38	وَأَنَا۠	وَأَنَا	1.00	1.00	rec	2855.24	2855.72
143	39	أَوَّلُ	أَوَّلُ	1.00	1.00	rec	2855.86	2856.50
143	40	ٱلْمُؤْمِنِينَ	الْمُؤْمِنِينَ	1.00	1.00	rec	2856.58	2858.44
144	0	قَالَ	قَالَ	1.00	0.98	rec	2859.14	2859.48
144	1	يَٰمُوسَىٰٓ	يَا+مُوسَىٰ	1.00	1.00	rec	2859.58	2860.52
144	2	إِنِّى	إِنِّيَ	0.67	0.93	rec	2861.04	2861.86
144	3	ٱصْطَفَيْتُكَ	اصْطَفَيْتُكَ	1.00	0.95	rec	2861.88	2863.18
144	4	عَلَى	عَلَى	1.00	1.00	rec	2863.32	2863.62
144	5	ٱلنَّاسِ	النِّاسِ	1.00	0.96	rec	2863.66	2865.06
144	6	بِرِسَٰلَٰتِى	بِرِسَالَاتِي	0.88	0.97	rec	2865.18	2866.68
144	7	وَبِكَلَٰمِى	وَبِكَلَامٍ	0.86	0.96	rec	2867.28	2868.32
144	8	فَخُذْ	فَخُذْ	1.00	1.00	rec	2869.34	2869.94
144	9	مَآ	مَا	1.00	1.00	rec	2870.02	2870.14
144	10	ءَاتَيْتُكَ	آتَيْتُكَ	0.83	1.00	rec	2870.62	2871.62
144	11	وَكُن	وَكُنْ	1.00	1.00	rec	2871.74	2872.98
144	12	مِّنَ	مِنَ	1.00	1.00	rec	2873.04	2873.26
144	13	ٱلشَّٰكِرِينَ	الشَّاكِرِينَ	1.00	1.00	rec	2873.30	2875.32
145	0	وَكَتَبْنَا	وَكَتَبْنَاَ	1.00	0.87	rec	2875.94	2876.96
145	1	لَهُۥ	لَهُ	0.67	1.00	rec	2877.06	2877.34
145	2	فِى	فِي	0.50	0.94	rec	2877.66	2877.76
145	3	ٱلْأَلْوَاحِ	الْأَلْوَاحِ	1.00	1.00	rec	2877.82	2878.66
145	4	مِن	مِنْ	1.00	0.98	rec	2878.82	2879.42
145	5	كُلِّ	كُلِّ	1.00	1.00	rec	2879.54	2879.90
145	6	شَىْءٍۢ	شَيْءٍ	0.67	0.97	rec	2880.06	2880.48
145	7	مَّوْعِظَةًۭ	مَوْعِظَةً	1.00	1.00	rec	2880.98	2881.94
145	8	وَتَفْصِيلًۭا	وَتَفْصِيلًا	1.00	1.00	rec	2882.40	2883.64
145	9	لِّكُلِّ	لِكُلِّ	1.00	1.00	rec	2883.86	2884.50
145	10	شَىْءٍۢ	شَيْءٍ	0.67	1.00	rec	2884.70	2885.62
145	11	فَخُذْهَا	فَخُذْهَا	1.00	1.00	rec	2886.64	2887.34
145	12	بِقُوَّةٍۢ	بِقُوَّةٍ	1.00	0.99	rec	2887.84	2888.86
145	13	وَأْمُرْ	وَأْمُرْ	1.00	1.00	rec	2889.44	2890.00
145	14	قَوْمَكَ	قَوْمَكَ	1.00	1.00	rec	2890.14	2890.80
145	15	يَأْخُذُوا۟	يَأْخُذُوا	1.00	0.99	rec	2890.94	2891.68
145	16	بِأَحْسَنِهَاۚ	بِأَحْسَنِهَا	1.00	1.00	rec	2891.98	2893.08
145	17	سَأُو۟رِيكُمْ	سَأُرِيكُمْ	0.86	1.00	rec	2894.36	2895.50
145	18	دَارَ	دَعرَ	0.67	0.99	rec	2895.62	2896.14
145	19	ٱلْفَٰسِقِينَ	الْفَاسِقِينَ	1.00	1.00	rec	2896.20	2898.28
146	0	سَأَصْرِفُ	سَأَصْرِبُ	0.80	1.00	rec	2898.90	2899.80
146	1	عَنْ	عَنْ	1.00	1.00	rec	2899.96	2900.24
146	2	ءَايَٰتِىَ	آيَاتِيَ	0.67	1.00	rec	2900.32	2901.40
146	3	ٱلَّذِينَ	الَّذِينَ	1.00	1.00	rec	2901.46	2902.14
146	4	يَتَكَبَّرُونَ	يَتَكَبَّرُونَ	1.00	0.95	rec	2902.22	2903.50
146	5	فِى	فِي	0.50	1.00	rec	2903.62	2903.72
146	6	ٱلْأَرْضِ	الْأَرْضِ	1.00	1.00	rec	2903.78	2904.44
146	7	بِغَيْرِ	بِغَيْرِ	1.00	0.99	rec	2904.56	2905.22
146	8	ٱلْحَقِّ	الْحَقِّ	1.00	0.87	rec	2905.28	2905.74
146	9	وَإِن	قٌوَإِنْ	0.75	0.93	rec	2906.06	2907.34
146	10	يَرَوْا۟	يَرَوْا	1.00	0.90	rec	2907.38	2907.74
146	11	كُلَّ	كُلَّ	1.00	1.00	rec	2907.88	2908.22
146	12	ءَايَةٍۢ	آيَةٍ	0.75	0.99	rec	2908.38	2909.08
146	13	لَّا	لَا	1.00	1.00	rec	2909.32	2909.46
146	14	يُؤْمِنُوا۟	يُؤْمِنُوا	1.00	0.94	rec	2909.68	2910.26
146	15	بِهَا	بِهَا	1.00	0.98	rec	2910.50	2910.84
146	16	وَإِن	وَإِنْ	1.00	0.99	rec	2911.74	2912.56
146	17	يَرَوْا۟	يَرَوْا	1.00	0.95	rec	2912.60	2913.00
146	18	سَبِيلَ	سَبِيلَ	1.00	0.98	rec	2913.16	2913.68
146	19	ٱلرُّشْدِ	الرُّشْدِ	1.00	0.97	rec	2913.72	2914.28
146	20	لَا	لَا	1.00	0.88	rec	2914.42	2914.54
146	21	يَتَّخِذُوهُ	يَتَخِذُوهَُبِيلًا	0.60	0.74	rec	2914.82	2916.86
146	22	سَبِيلًۭا		0.00	0.00	forced	2917.30	2917.76
146	23	وَإِن	إِنْ	0.67	0.92	rec	2917.84	2918.54
146	24	يَرَوْا۟	يَرَوْا	1.00	0.98	rec	2918.58	2918.98
146	25	سَبِيلَ	سَبِيلَ	1.00	1.00	rec	2919.14	2919.80
146	26	ٱلْغَىِّ	الْغَيِّ	0.75	0.99	rec	2919.86	2920.54
146	27	يَتَّخِذُوهُ	يَتَّخِذُوهُ	1.00	0.97	rec	2920.66	2921.86
146	28	سَبِيلًۭاۚ	سَبِيلًا	1.00	1.00	rec	2922.02	2922.90
146	29	ذَٰلِكَ	ذَٰلِكَ	1.00	0.99	rec	2923.68	2924.20
146	30	بِأَنَّهُمْ	بِأَنَّهُمْ	1.00	1.00	rec	2924.30	2925.48
146	31	كَذَّبُوا۟	كَذَّبُوا	1.00	0.97	rec	2925.62	2926.24
146	32	بِـَٔايَٰتِنَا	بِآيَاتِنَا	1.00	1.00	rec	2926.48	2927.70
146	33	وَكَانُوا۟	وَكَانُوا	1.00	1.00	rec	2927.98	2928.70
146	34	عَنْهَا	عَنْهَا	1.00	1.00	rec	2928.92	2929.38
146	35	غَٰفِلِينَ	غَافِرٌ+نَ	0.67	0.70	rec	2929.80	2931.44
147	0	وَٱلَّذِينَ	وَالَّذِينَ	1.00	0.99	rec	2932.24	2932.92
147	1	كَذَّبُوا۟	كَذَّبُوا	1.00	1.00	rec	2933.08	2933.64
147	2	بِـَٔايَٰتِنَا	بِآيَاتِنَا	1.00	1.00	rec	2933.84	2935.00
147	3	وَلِقَآءِ	وَلِقَاءِ	1.00	0.93	rec	2935.22	2937.38
147	4	ٱلْءَاخِرَةِ	الْآخِرَةِ	0.86	1.00	rec	2937.42	2938.50
147	5	حَبِطَتْ	حَبِضَتْ	0.75	0.98	rec	2938.64	2939.30
147	6	أَعْمَٰلُهُمْۚ	أَعْمَالُهُمْ	1.00	1.00	rec	2939.36	2940.70
147	7	هَلْ	هَلْ	1.00	1.00	rec	2941.42	2941.64
147	8	يُجْزَوْنَ	يُجْزَوْنَ	1.00	1.00	rec	2941.70	2942.40
147	9	إِلَّا	إِلَّا	1.00	0.99	rec	2942.50	2942.92
147	10	مَا	مَا	1.00	1.00	rec	2943.24	2943.38
147	11	كَانُوا۟	كَانُوا	1.00	1.00	rec	2943.74	2944.42
147	12	يَعْمَلُونَ	يَعْمَلُونَ	1.00	1.00	rec	2944.76	2946.30
148	0	وَٱتَّخَذَ	وَاتَّخَذَ	1.00	1.00	rec	2947.02	2947.82
148	1	قَوْمُ	قَوْمُ	1.00	1.00	rec	2948.00	2948.34
148	2	مُوسَىٰ	مُوسَىٰ	1.00	1.00	rec	2948.48	2948.98
148	3	مِنۢ	مِنْ	1.00	1.00	rec	2949.32	2950.02
148	4	بَعْدِهِۦ	بَعْدِهِ	0.80	1.00	rec	2950.10	2950.76
148	5	مِنْ	مِنْ	1.00	1.00	rec	2951.14	2951.40
148	6	حُلِيِّهِمْ	حُلِيِّهِمْ	1.00	1.00	rec	2951.54	2952.72
148	7	عِجْلًۭا	عِجْلًا	1.00	1.00	rec	2952.84	2953.30
148	8	جَسَدًۭا	جَسَدًا	1.00	1.00	rec	2953.88	2954.42
148	9	لَّهُۥ	لَهُ	0.67	1.00	rec	2954.72	2955.02
148	10	خُوَارٌۚ	خُوَارٌ	1.00	1.00	rec	2955.42	2956.30
148	11	أَلَمْ	أَلَمْ	1.00	1.00	rec	2957.20	2957.52
148	12	يَرَوْا۟	يَرَوْا	1.00	1.00	rec	2957.56	2957.86
148	13	أَنَّهُۥ	أَنَّهُ	0.75	1.00	rec	2957.92	2958.88
148	14	لَا	لَا	1.00	1.00	rec	2959.30	2959.42
148	15	يُكَلِّمُهُمْ	يُكَلِّمُوهُمْ	0.86	0.98	rec	2959.92	2961.20
148	16	وَلَا	وَلَا	1.00	0.99	rec	2961.30	2961.56
148	17	يَهْدِيهِمْ	يَه+َهْدِيهِمْ	0.86	0.79	rec	2961.82	2962.94
148	18	سَبِيلًاۘ	سَبِيلًا	1.00	1.00	rec	2963.06	2963.76
148	19	ٱتَّخَذُوهُ	اتَّخَذُوهُ	1.00	1.00	rec	2964.82	2965.86
148	20	وَكَانُوا۟	وَكَانُوا	1.00	0.99	rec	2965.96	2966.78
148	21	ظَٰلِمِينَ	ظَالِمِينَ	1.00	1.00	rec	2967.12	2968.74
149	0	وَلَمَّا	وَلَمَّا	1.00	0.97	rec	2970.20	2971.38
149	1	سُقِطَ	سُقِطَ	1.00	1.00	rec	2971.76	2972.32
149	2	فِىٓ	فِي	0.50	1.00	rec	2972.50	2972.62
149	3	أَيْدِيهِمْ	أَيْدِيهِمْ	1.00	1.00	rec	2973.10	2973.98
149	4	وَرَأَوْا۟	وَرَأَوْا	1.00	1.00	rec	2974.06	2974.64
149	5	أَنَّهُمْ	أَنَّهُمْ	1.00	1.00	rec	2974.74	2975.84
149	6	قَدْ	قَدْ	1.00	0.95	rec	2975.98	2976.22
149	7	ضَلُّوا۟	ضَلُّوا	1.00	0.98	rec	2976.30	2976.78
149	8	قَالُوا۟	قَالُوا	1.00	0.97	rec	2977.08	2977.52
149	9	لَئِن		0.00	0.21	forced	2977.72	2978.08
149	10	لَّمْ	لَمْ	1.00	1.00	rec	2978.24	2978.52
149	11	يَرْحَمْنَا	يَرْحَمْنَا	1.00	1.00	rec	2978.62	2979.42
149	12	رَبُّنَا	رَبُّنَا	1.00	1.00	rec	2979.66	2980.22
149	13	وَيَغْفِرْ	وَيَغْفِي	0.80	0.97	rec	2980.46	2981.08
149	14	لَنَا	لَنَا	1.00	1.00	rec	2981.28	2981.56
149	15	لَنَكُونَنَّ	لَنَكُونَنَّ	1.00	1.00	rec	2981.76	2983.24
149	16	مِنَ	مِنَ	1.00	0.96	rec	2983.34	2983.56
149	17	ٱلْخَٰسِرِينَ	خَاسِرِينَ	0.75	0.94	rec	2983.84	2985.60
150	0	وَلَمَّا	وَلَمَّا	1.00	1.00	rec	2986.30	2987.80
150	1	رَجَعَ	رَجَعَ	1.00	1.00	rec	2988.16	2988.62
150	2	مُوسَىٰٓ	مُوسَىٰ	1.00	1.00	rec	2988.76	2989.36
150	3	إِلَىٰ	إِلَىٰ	1.00	1.00	rec	2989.72	2990.04
150	4	قَوْمِهِۦ	قَوْمِهِ	0.80	1.00	rec	2990.34	2991.04
150	5	غَضْبَٰنَ	غَضْبَانَ	1.00	1.00	rec	2991.34	2992.18
150	6	أَسِفًۭا	أَسْبًا	0.75	0.93	rec	2992.30	2992.92
150	7	قَالَ	قَالَ	1.00	1.00	rec	2993.70	2994.28
150	8	بِئْسَمَا	بِئْسَ+مَا	1.00	1.00	rec	2994.44	2995.14
150	9	خَلَفْتُمُونِى	خَلَفْتُمُونِيَ	0.88	0.94	rec	2995.44	2997.16
150	10	مِنۢ		0.00	0.00	forced	2997.44	2997.62
150	11	بَعْدِىٓۖ	بَعْدِي	0.75	1.00	rec	2997.76	2998.22
150	12	أَعَجِلْتُمْ	أَعَجِلْتُمْ	1.00	1.00	rec	2999.20	3000.20
150	13	أَمْرَ	عَمْرَ	0.67	0.70	rec	3000.46	3000.76
150	14	رَبِّكُمْۖ	رَبِّكُمْ	1.00	1.00	rec	3000.86	3001.86
150	15	وَأَلْقَى	وَأَلْقَى	1.00	1.00	rec	3002.56	3003.26
150	16	ٱلْأَلْوَاحَ	الْأَلْوَاحَ	1.00	0.95	rec	3003.32	3004.38
150	17	وَأَخَذَ	وَأَخَذَ	1.00	1.00	rec	3004.52	3005.24
150	18	بِرَأْسِ	بِرَأْْ	0.75	0.86	rec	3005.40	3005.92
150	19	أَخِيهِ	أَخِيهِ	1.00	1.00	rec	3006.18	3006.88
150	20	يَجُرُّهُۥٓ	يَجُرُّهُ	0.80	0.99	rec	3007.02	3007.88
150	21	إِلَيْهِۚ	إِلَيْهِ	1.00	1.00	rec	3008.40	3009.46
150	22	قَالَ	قَالَ	1.00	1.00	rec	3010.22	3010.54
150	23	ٱبْنَ	ابْنَ	1.00	1.00	rec	3010.58	3010.86
150	24	أُمَّ	أُمَّ	1.00	0.96	rec	3010.98	3011.54
150	25	إِنَّ	إِنَّ	1.00	0.98	rec	3011.66	3012.30
150	26	ٱلْقَوْمَ	الْقَوْمَ	1.00	1.00	rec	3012.36	3013.14
150	27	ٱسْتَضْعَفُونِى	اسْتَضْعَفُونِي	0.89	0.96	rec	3013.20	3014.58
150	28	وَكَادُوا۟	وَكَادُوهُ	0.83	0.93	rec	3014.88	3015.94
150	29	يَقْتُلُونَنِى	يَقْتُلُونَنِي	0.88	1.00	rec	3016.20	3017.78
150	30	فَلَا	فَلَا	1.00	1.00	rec	3018.74	3019.02
150	31	تُشْمِتْ	تُشْمِتْ	1.00	1.00	rec	3019.32	3019.96
150	32	بِىَ	بِيَ	0.50	1.00	rec	3020.04	3020.28
150	33	ٱلْأَعْدَآءَ	الْأَعْدَاءَ	1.00	1.00	rec	3020.34	3022.22
150	34	وَلَا	وَلَا	1.00	1.00	rec	3022.34	3022.66
150	35	تَجْعَلْنِى	تَجْعَلْنِي	0.83	1.00	rec	3023.00	3023.80
150	36	مَعَ	مَعَ	1.00	1.00	rec	3024.14	3024.40
150	37	ٱلْقَوْمِ	الْقَوْمِ	1.00	1.00	rec	3024.46	3025.24
150	38	ٱلظَّٰلِمِينَ	الظَّالِمِينَ	1.00	1.00	rec	3025.30	3027.16
151	0	قَالَ	قَالَ	1.00	1.00	rec	3027.84	3028.38
151	1	رَبِّ	رَبِّ	1.00	1.00	rec	3028.50	3028.86
151	2	ٱغْفِرْ	اغْفِرْ	1.00	0.98	rec	3028.92	3029.48
151	3	لِى	لِي	0.50	1.00	rec	3029.58	3029.68
151	4	وَلِأَخِى	وَلِأَخِي	0.80	1.00	rec	3030.10	3030.90
151	5	وَأَدْخِلْنَا	وَأَدْخِلْنَا	1.00	1.00	rec	3031.18	3032.26
151	6	فِى	فِي	0.50	1.00	rec	3032.60	3032.76
151	7	رَحْمَتِكَۖ	رَحْمَتِكَ	1.00	0.95	rec	3032.90	3033.78
151	8	وَأَنتَ	وَأَنْتَ	1.00	1.00	rec	3033.90	3035.12
151	9	أَرْحَمُ	أَرْحَمُ	1.00	1.00	rec	3035.22	3035.82
151	10	ٱلرَّٰحِمِينَ	الرَّاحِمِينَ	1.00	0.99	rec	3035.90	3037.94
152	0	إِنَّ	إِنَّ	1.00	0.99	rec	3039.02	3039.70
152	1	ٱلَّذِينَ	الَّذِينَ	1.00	0.97	rec	3039.76	3040.48
152	2	ٱتَّخَذُوا۟	اتَّخَذُوا	1.00	0.99	rec	3040.52	3041.28
152	3	ٱلْعِجْلَ	الْعِجْلَ	1.00	1.00	rec	3041.34	3042.02
152	4	سَيَنَالُهُمْ	سَيَنَعَالُهُمْ	0.88	0.97	rec	3042.20	3043.64
152	5	غَضَبٌۭ	غَضَبٌ	1.00	1.00	rec	3043.74	3044.20
152	6	مِّن	مِنْ	1.00	1.00	rec	3044.72	3044.94
152	7	رَّبِّهِمْ	رَبِّهِمْ	1.00	1.00	rec	3045.00	3045.80
152	8	وَذِلَّةٌۭ	وَذِلَّةٌ	1.00	1.00	rec	3045.88	3046.74
152	9	فِى	فِي	0.50	1.00	rec	3047.28	3047.40
152	10	ٱلْحَيَوٰةِ	الْحَيَاةِ	0.86	0.99	rec	3047.42	3048.34
152	11	ٱلدُّنْيَاۚ	الدُّنْيَا	1.00	1.00	rec	3048.40	3049.20
152	12	وَكَذَٰلِكَ	وَكَذَٰلِكَ	1.00	1.00	rec	3050.06	3051.14
152	13	نَجْزِى	نَجْزِي	0.75	1.00	rec	3051.28	3051.80
152	14	ٱلْمُفْتَرِينَ	الْمُفْتَرِينَ	1.00	0.97	rec	3051.84	3053.74
153	0	وَٱلَّذِينَ	وَالَّذِينَ	1.00	1.00	rec	3054.52	3055.32
153	1	عَمِلُوا۟	عَمِلُوا	1.00	1.00	rec	3055.42	3055.86
153	2	ٱلسَّيِّـَٔاتِ	السَّيِّئَاتِ	0.86	0.99	rec	3055.92	3057.16
153	3	ثُمَّ	ثُمَّ	1.00	1.00	rec	3057.34	3057.96
153	4	تَابُوا۟	تَابُوا	1.00	0.92	rec	3058.16	3058.74
153	5	مِنۢ	مِنْ	1.00	1.00	rec	3059.06	3059.78
153	6	بَعْدِهَا	بَعْدِهَا	1.00	1.00	rec	3059.84	3060.48
153	7	وَءَامَنُوٓا۟	وَآمَنُوا	0.86	0.97	rec	3060.78	3061.70
153	8	إِنَّ	إِنَّ	1.00	1.00	rec	3062.48	3063.24
153	9	رَبَّكَ	رَبَّكَ	1.00	1.00	rec	3063.36	3064.02
153	10	مِنۢ	مِنْ	1.00	1.00	rec	3064.14	3064.90
153	11	بَعْدِهَا	بَعْدِهَا	1.00	1.00	rec	3064.96	3065.64
153	12	لَغَفُورٌۭ	لَغَفُورٌ	1.00	1.00	rec	3066.04	3067.04
153	13	رَّحِيمٌۭ	رَحِيمٌ	1.00	1.00	rec	3067.26	3068.34
154	0	وَلَمَّا	وَلَمَّا	1.00	1.00	rec	3068.82	3069.88
154	1	سَكَتَ	سَكَتَ	1.00	1.00	rec	3070.26	3070.80
154	2	عَن	عَنْ	1.00	1.00	rec	3070.92	3071.28
154	3	مُّوسَى	مُوسَى	1.00	1.00	rec	3071.36	3071.88
154	4	ٱلْغَضَبُ	الْغَضَبُ	1.00	1.00	rec	3071.94	3072.58
154	5	أَخَذَ	أَخَذَ	1.00	0.94	rec	3072.76	3073.22
154	6	ٱلْأَلْوَاحَۖ	الْأَلْوَاحِ	1.00	0.96	rec	3073.28	3074.80
154	7	وَفِى	وَفِي	0.67	1.00	rec	3077.22	3077.64
154	8	نُسْخَتِهَا	نُسْخَتِهَا	1.00	1.00	rec	3077.84	3078.80
154	9	هُدًۭى	هُدًى	1.00	1.00	rec	3079.16	3079.48
154	10	وَرَحْمَةٌۭ	وَرَحْمَةٌ	1.00	1.00	rec	3079.90	3080.78
154	11	لِّلَّذِينَ	لِلَّذِينَ	1.00	1.00	rec	3081.06	3081.98
154	12	هُمْ	هُمْ	1.00	1.00	rec	3082.12	3082.38
154	13	لِرَبِّهِمْ	لِرَبِّهِمْ	1.00	1.00	rec	3082.44	3083.54
154	14	يَرْهَبُونَ	يَرْهَبُونَ	1.00	1.00	rec	3083.72	3085.54
155	0	وَٱخْتَارَ	وَاخْتَارَ	1.00	1.00	rec	3086.30	3087.04
155	1	مُوسَىٰ	مُوسَىٰ	1.00	1.00	rec	3087.16	3087.68
155	2	قَوْمَهُۥ	قَوْمَهُ	0.80	1.00	rec	3088.04	3088.72
155	3	سَبْعِينَ	سَبْعِينَ	1.00	1.00	rec	3089.06	3089.90
155	4	رَجُلًۭا	رَجُلًا	1.00	1.00	rec	3090.02	3090.48
155	5	لِّمِيقَٰتِنَاۖ	لِمِيقَاتِنَا	1.00	1.00	rec	3090.76	3092.10
155	6	فَلَمَّآ	فَلَمَّا	1.00	1.00	rec	3093.30	3094.18
155	7	أَخَذَتْهُمُ	أَخَذَتْهُمُ	1.00	1.00	rec	3094.78	3095.88
155	8	ٱلرَّجْفَةُ	الرَّجْفَةُ	1.00	0.97	rec	3095.96	3096.86
155	9	قَالَ	قَالَ	1.00	1.00	rec	3097.08	3097.62
155	10	رَبِّ	رَبِّ	1.00	1.00	rec	3097.74	3098.12
155	11	لَوْ	لَوْ	1.00	1.00	rec	3098.26	3098.54
155	12	شِئْتَ	شِئْتَ	1.00	1.00	rec	3098.70	3099.18
155	13	أَهْلَكْتَهُم	أَهْلَكْتَهُمْ	1.00	1.00	rec	3099.30	3100.56
155	14	مِّن	مِنْ	1.00	1.00	rec	3100.62	3101.20
155	15	قَبْلُ	قَبْلُ	1.00	1.00	rec	3101.32	3101.78
155	16	وَإِيَّٰىَۖ		0.00	0.05	forced	3101.82	3104.04
155	17	أَتُهْلِكُنَا	أَتُهْلِكُنَا	1.00	1.00	rec	3104.46	3105.46
155	18	بِمَا	بِمَا	1.00	1.00	rec	3105.82	3106.14
155	19	فَعَلَ	فَعَلَ	1.00	1.00	rec	3106.50	3106.94
155	20	ٱلسُّفَهَآءُ	السُّفَهَاءُ	1.00	0.92	rec	3107.00	3108.88
155	21	مِنَّآۖ	مِنَّا	1.00	0.97	rec	3109.02	3109.64
155	22	إِنْ	إِنْ	1.00	1.00	rec	3110.66	3110.92
155	23	هِىَ	هِيَ	0.50	0.86	rec	3111.00	3111.24
155	24	إِلَّا	إِلَّا	1.00	0.91	rec	3111.34	3111.70
155	25	فِتْنَتُكَ	فِتْنَتُكَ	1.00	0.99	rec	3111.98	3112.84
155	26	تُضِلُّ	تُضِلُّ	1.00	1.00	rec	3112.96	3113.54
155	27	بِهَا	بِهَا	1.00	1.00	rec	3113.72	3114.06
155	28	مَن	مَنْ	1.00	1.00	rec	3114.34	3115.02
155	29	تَشَآءُ	تَشَاءُ	1.00	1.00	rec	3122.70	3124.38
155	30	وَتَهْدِى	وَتَهْدِي	0.80	1.00	rec	3124.48	3125.18
155	31	مَن	مَنْ	1.00	1.00	rec	3125.52	3126.10
155	32	تَشَآءُۖ	تَشَاءُ	1.00	1.00	rec	3126.20	3127.96
155	33	أَنتَ	أَنْتَ	1.00	1.00	rec	3128.74	3129.50
155	34	وَلِيُّنَا	وَلِيُّنَا	1.00	1.00	rec	3129.60	3130.48
155	35	فَٱغْفِرْ	فَاغْفِلْ	0.80	0.93	rec	3130.84	3131.60
155	36	لَنَا	لَنَا	1.00	1.00	rec	3131.66	3132.00
155	37	وَٱرْحَمْنَاۖ	وَارْحَمْنَا	1.00	1.00	rec	3132.36	3133.28
155	38	وَأَنتَ	وَأَنْتَ	1.00	1.00	rec	3133.54	3134.62
155	39	خَيْرُ	خَيْرُ	1.00	1.00	rec	3134.82	3135.40
155	40	ٱلْغَٰفِرِينَ	الْغَافِرِينَ	1.00	0.95	rec	3135.48	3137.28
156	0	وَٱكْتُبْ	وَاكْتُبْ	1.00	1.00	rec	3138.46	3138.84
156	1	لَنَا	لَنَا	1.00	1.00	rec	3138.88	3139.14
156	2	فِى	فِي	0.50	1.00	rec	3139.44	3139.58
156	3	هَٰذِهِ	هَـ+عاذِهِ	0.80	0.92	rec	3139.78	3140.54
156	4	ٱلدُّنْيَا	الدُّنْيَا	1.00	1.00	rec	3140.60	3141.24
156	5	حَسَنَةًۭ	حَسَنَةً	1.00	1.00	rec	3141.50	3142.30
156	6	وَفِى	وَفِي	0.67	1.00	rec	3143.20	3143.58
156	7	ٱلْءَاخِرَةِ	الْآخِرَةِ	0.86	1.00	rec	3143.62	3144.82
156	8	إِنَّا	إِنَّا	1.00	1.00	rec	3145.64	3146.64
156	9	هُدْنَآ	هُدْنَا	1.00	1.00	rec	3147.00	3147.56
156	10	إِلَيْكَۚ	إِلَيْكَ	1.00	0.95	rec	3148.16	3149.28
156	11	قَالَ	قَالَ	1.00	1.00	rec	3150.08	3150.46
156	12	عَذَابِىٓ	عَذَابِي	0.80	1.00	rec	3150.60	3151.34
156	13	أُصِيبُ	أُصِيبُ	1.00	1.00	rec	3151.74	3152.44
156	14	بِهِۦ	بِهِ	0.67	1.00	rec	3152.58	3152.88
156	15	مَنْ	مَنْ	1.00	1.00	rec	3153.16	3153.44
156	16	أَشَآءُۖ	أَشَاءُ	1.00	1.00	rec	3153.50	3155.14
156	17	وَرَحْمَتِى	وَرَحْمَتِي	0.83	1.00	rec	3155.24	3156.06
156	18	وَسِعَتْ	وَسِعَتْ	1.00	1.00	rec	3156.36	3157.12
156	19	كُلَّ	كُلَّ	1.00	1.00	rec	3157.20	3157.60
156	20	شَىْءٍۢۚ	شَيْءٍ	0.67	0.99	rec	3157.82	3158.84
156	21	فَسَأَكْتُبُهَا	فَسَأَكْتُبُهَا	1.00	1.00	rec	3162.98	3164.24
156	22	لِلَّذِينَ	لِلَّذِينَ	1.00	1.00	rec	3164.56	3165.44
156	23	يَتَّقُونَ	يَتَّقُونَ	1.00	1.00	rec	3165.52	3166.56
156	24	وَيُؤْتُونَ	وَيُؤْتُونَ	1.00	1.00	rec	3166.66	3167.64
156	25	ٱلزَّكَوٰةَ	الزَّكَعَاةَ	0.86	0.99	rec	3167.70	3168.74
156	26	وَٱلَّذِينَ	وَالَّذِينَ	1.00	0.96	rec	3168.82	3169.68
156	27	هُم	هُمْ	1.00	1.00	rec	3169.82	3170.40
156	28	بِـَٔايَٰتِنَا	بِآيَاتِنَا	1.00	1.00	rec	3170.46	3172.00
156	29	يُؤْمِنُونَ	يُؤْمِنُونَ	1.00	1.00	rec	3172.40	3174.12
157	0	ٱلَّذِينَ	الَّذِينَ	1.00	0.99	rec	3176.20	3176.96
157	1	يَتَّبِعُونَ	يَتَّبِعُونَ	1.00	0.99	rec	3177.04	3178.18
157	2	ٱلرَّسُولَ	الرَّسُولَ	1.00	1.00	rec	3178.24	3179.26
157	3	ٱلنَّبِىَّ	النَّبِيَّ	0.80	1.00	rec	3179.32	3180.34
157	4	ٱلْأُمِّىَّ	الْأُمِّيَ	0.80	0.97	rec	3180.38	3181.62
157	5	ٱلَّذِى	الَّذِي	0.75	1.00	rec	3181.66	3182.18
157	6	يَجِدُونَهُۥ	يَجِدُونَهُ	0.86	1.00	rec	3182.34	3183.34
157	7	مَكْتُوبًا	مَكْتُوبًا	1.00	1.00	rec	3183.60	3184.36
157	8	عِندَهُمْ	عِنْدَهُمْ	1.00	1.00	rec	3184.60	3185.86
157	9	فِى	فِي	0.50	1.00	rec	3185.96	3186.06
157	10	ٱلتَّوْرَىٰةِ	التَّوْرَيةِ	0.75	0.88	rec	3186.10	3187.10
157	11	وَٱلْإِنجِيلِ	وَالْإِنْجِيلَ	1.00	0.99	rec	3187.22	3189.26
157	12	يَأْمُرُهُم	يَأْمُرْهُمْ	1.00	1.00	rec	3190.36	3191.64
157	13	بِٱلْمَعْرُوفِ	بِالْمَعْرُوفِ	1.00	0.97	rec	3191.70	3192.86
157	14	وَيَنْهَىٰهُمْ	وَيَنْهَاهُمْ	0.88	1.00	rec	3193.00	3194.24
157	15	عَنِ	عَنِ	1.00	1.00	rec	3194.34	3194.56
157	16	ٱلْمُنكَرِ	الْمُنْكَرِ	1.00	1.00	rec	3194.62	3195.82
157	17	وَيُحِلُّ	وَيُحِلُّ	1.00	1.00	rec	3195.96	3196.72
157	18	لَهُمُ	لَهُمُ	1.00	1.00	rec	3196.82	3197.22
157	19	ٱلطَّيِّبَٰتِ	الطِّيرُ+َاتٍ	0.86	0.74	rec	3197.28	3198.98
157	20	وَيُحَرِّمُ	وَيُحَرِّمُ	1.00	1.00	rec	3202.42	3203.34
157	21	عَلَيْهِمُ	عَلَيْهِمِ	1.00	1.00	rec	3203.48	3204.22
157	22	ٱلْخَبَٰٓئِثَ	الْخَبَائِثَ	1.00	0.97	rec	3204.28	3206.42
157	23	وَيَضَعُ	وَيَضَعُ	1.00	1.00	rec	3206.52	3207.16
157	24	عَنْهُمْ	عَنْهُمْ	1.00	1.00	rec	3207.32	3207.94
157	25	إِصْرَهُمْ	إِصْرَهُمْ	1.00	1.00	rec	3211.36	3212.12
157	26	وَٱلْأَغْلَٰلَ	وَالْأَغْلَىٰعَلَى	0.73	0.96	rec	3212.22	3213.54
157	27	ٱلَّتِى	الَّتِي	0.75	1.00	rec	3213.58	3214.12
157	28	كَانَتْ	كَانَتْ	1.00	1.00	rec	3214.44	3215.20
157	29	عَلَيْهِمْۚ	عَلَيْهِمْ	1.00	1.00	rec	3215.26	3216.14
157	30	فَٱلَّذِينَ	فَالَّذِينَ	1.00	1.00	rec	3216.98	3217.68
157	31	ءَامَنُوا۟	ععمَنُوا	0.67	0.97	rec	3217.80	3218.42
157	32	بِهِۦ	بِهِ	0.67	1.00	rec	3218.60	3218.86
157	33	وَعَزَّرُوهُ	وَعَزَّرُوهُ	1.00	0.97	rec	3219.10	3220.18
157	34	وَنَصَرُوهُ	وَنَصَرُوهُ	1.00	1.00	rec	3220.30	3221.30
157	35	وَٱتَّبَعُوا۟	وَاتَّبَعُوا	1.00	1.00	rec	3221.42	3222.18
157	36	ٱلنُّورَ	النُّورَ	1.00	1.00	rec	3222.22	3223.40
157	37	ٱلَّذِىٓ	الَّذِي	0.75	1.00	rec	3223.46	3223.98
157	38	أُنزِلَ	أُنْزِلَ	1.00	0.99	rec	3224.28	3225.24
157	39	مَعَهُۥٓۙ	مَعَهُ	0.75	1.00	rec	3225.38	3225.86
157	40	أُو۟لَٰٓئِكَ	أُولَـٰئِكَ	1.00	0.98	rec	3226.54	3228.98
157	41	هُمُ	هُمُ	1.00	1.00	rec	3229.14	3229.38
157	42	ٱلْمُفْلِحُونَ	الْمُفْلِحُونَ	1.00	1.00	rec	3229.46	3231.40
158	0	قُلْ	قُلْ	1.00	1.00	rec	3232.62	3232.90
158	1	يَٰٓأَيُّهَا	يَا+أَيُّهَا	1.00	0.98	rec	3233.04	3234.16
158	2	ٱلنَّاسُ	النَّاسُ	1.00	1.00	rec	3234.22	3235.40
158	3	إِنِّى	إِنِّي	0.67	1.00	rec	3235.52	3236.30
158	4	رَسُولُ	رَسُولُ	1.00	1.00	rec	3236.62	3237.32
158	5	ٱللَّهِ	اللَّهِ	1.00	1.00	rec	3237.40	3238.26
158	6	إِلَيْكُمْ	إِلَيْكُمْ	1.00	1.00	rec	3238.40	3239.16
158	7	جَمِيعًا	جَمِيعًا	1.00	1.00	rec	3239.28	3240.02
158	8	ٱلَّذِى	الَّذِي	0.75	1.00	rec	3240.24	3240.72
158	9	لَهُۥ	لَهُ	0.67	1.00	rec	3240.94	3241.22
158	10	مُلْكُ	مُلْكُ	1.00	1.00	rec	3241.52	3241.94
158	11	ٱلسَّمَٰوَٰتِ	السَّمَاوَاتِ	1.00	0.99	rec	3242.00	3243.42
158	12	وَٱلْأَرْضِۖ	الْأَرْضِ	0.83	0.97	rec	3243.72	3244.14
158	13	لَآ	لَا	1.00	1.00	rec	3244.96	3245.06
158	14	إِلَٰهَ	إِلَـٰهَ	1.00	1.00	rec	3245.72	3246.28
158	15	إِلَّا	إِلَّا	1.00	1.00	rec	3246.38	3246.80
158	16	هُوَ		0.00	0.00	forced	3247.06	3247.26
158	17	يُحْىِۦ	وَيُحْيِي	0.60	1.00	rec	3247.26	3247.82
158	18	وَيُمِيتُۖ	وَيُمِيتُ	1.00	1.00	rec	3248.32	3249.64
158	19	فَـَٔامِنُوا۟	فَآمِنُوا	1.00	1.00	rec	3250.30	3250.94
158	20	بِٱللَّهِ	بِاللَّهِ	1.00	1.00	rec	3251.08	3251.70
158	21	وَرَسُولِهِ	وَرَسُولِهِ	1.00	1.00	rec	3251.78	3252.68
158	22	ٱلنَّبِىِّ	النَّبِيِّ	0.80	1.00	rec	3252.74	3253.94
158	23	ٱلْأُمِّىِّ	الْأُمِّيِّ	0.80	1.00	rec	3254.02	3255.38
158	24	ٱلَّذِى	الَّذِي	0.75	1.00	rec	3255.44	3256.00
158	25	يُؤْمِنُ	يُؤْمِنُ	1.00	1.00	rec	3256.24	3256.78
158	26	بِٱللَّهِ	بِاللَّهِ	1.00	0.98	rec	3256.92	3257.60
158	27	وَكَلِمَٰتِهِۦ	وَكَلِمَاتِهِ	0.88	1.00	rec	3257.70	3259.06
158	28	وَٱتَّبِعُوهُ	وَاتَّبِعُوهُ	1.00	0.97	rec	3259.70	3260.70
158	29	لَعَلَّكُمْ	لَعَلَّكُمْ	1.00	0.93	rec	3260.82	3261.86
158	30	تَهْتَدُونَ	تَهْتَدُونَ	1.00	1.00	rec	3261.98	3263.54
159	0	وَمِن	وَمِنْ	1.00	1.00	rec	3264.24	3264.94
159	1	قَوْمِ	قَوْمِ	1.00	1.00	rec	3265.06	3265.42
159	2	مُوسَىٰٓ	مُوسَىٰ	1.00	0.98	rec	3265.56	3266.10
159	3	أُمَّةٌۭ	أُمَّةٌ	1.00	1.00	rec	3266.46	3267.34
159	4	يَهْدُونَ	يَهْدُونَ	1.00	1.00	rec	3267.96	3268.72
159	5	بِٱلْحَقِّ	بِالْحَقِّ	1.00	1.00	rec	3268.82	3269.60
159	6	وَبِهِۦ	وَبِهِ	0.75	1.00	rec	3269.70	3270.24
159	7	يَعْدِلُونَ	يَعْدِلُونَ	1.00	1.00	rec	3270.62	3272.18
160	0	وَقَطَّعْنَٰهُمُ	وَقَطَّعْنَاهُمُ	1.00	0.98	rec	3273.28	3274.66
160	1	ٱثْنَتَىْ	اذْنَتَيْ	0.60	0.96	rec	3274.74	3275.58
160	2	عَشْرَةَ	عَشْرَةَ	1.00	1.00	rec	3275.68	3276.46
160	3	أَسْبَاطًا	أَسْبَاضًا	0.83	0.98	rec	3276.58	3277.62
160	4	أُمَمًۭاۚ	أُمَمًا	1.00	1.00	rec	3277.88	3278.38
160	5	وَأَوْحَيْنَآ	وَأَوْحَيْنَا	1.00	1.00	rec	3279.62	3280.48
160	6	إِلَىٰ	إِلَىٰ	1.00	1.00	rec	3281.02	3281.30
160	7	مُوسَىٰٓ	مُوسَىٰ	1.00	1.00	rec	3281.48	3281.98
160	8	إِذِ	إِذِ	1.00	1.00	rec	3282.36	3282.62
160	9	ٱسْتَسْقَىٰهُ	اسْتَسْقَاهُ	0.88	1.00	rec	3282.68	3283.82
160	10	قَوْمُهُۥٓ	قَوْمُهُ	0.80	1.00	rec	3284.04	3284.78
160	11	أَنِ	أَنِ	1.00	1.00	rec	3285.34	3285.60
160	12	ٱضْرِب	اضْرِبْ	1.00	1.00	rec	3285.66	3286.24
160	13	بِّعَصَاكَ	بِعَصَاكَ	1.00	1.00	rec	3286.30	3287.60
160	14	ٱلْحَجَرَۖ	الْحَجَرَ	1.00	0.98	rec	3287.66	3288.56
160	15	فَٱنۢبَجَسَتْ	فَانْبَجَسَتْ	1.00	0.99	rec	3289.58	3291.44
160	16	مِنْهُ	مِنْهُ	1.00	1.00	rec	3291.50	3291.82
160	17	ٱثْنَتَا	اثْنَتَا	1.00	0.92	rec	3291.90	3292.52
160	18	عَشْرَةَ	عَشْرَةَ	1.00	0.97	rec	3292.84	3293.62
160	19	عَيْنًۭاۖ	عِيْنًا	1.00	0.92	rec	3293.74	3294.20
160	20	قَدْ	قَدْ	1.00	1.00	rec	3295.12	3295.36
160	21	عَلِمَ	عَلِمَ	1.00	1.00	rec	3295.48	3295.92
160	22	كُلُّ	كُلُّ	1.00	1.00	rec	3296.14	3296.50
160	23	أُنَاسٍۢ	أُنَاسٍ	1.00	1.00	rec	3296.64	3297.30
160	24	مَّشْرَبَهُمْۚ	مَشْرَبَهُمْ	1.00	1.00	rec	3298.02	3299.20
160	25	وَظَلَّلْنَا	وَظَلَّلْنَا	1.00	1.00	rec	3299.80	3300.88
160	26	عَلَيْهِمُ	عَلَيْهِمِ	1.00	1.00	rec	3301.18	3301.98
160	27	ٱلْغَمَٰمَ	الْغَمَامَ	1.00	0.99	rec	3302.04	3303.10
160	28	وَأَنزَلْنَا	وَأَنْزَلْنَا	1.00	0.97	rec	3303.22	3304.54
160	29	عَلَيْهِمُ	عَلَيْهِ	0.80	1.00	rec	3304.82	3305.52
160	30	ٱلْمَنَّ	مِلْمَنَّ	0.75	1.00	rec	3305.64	3307.08
160	31	وَٱلسَّلْوَىٰۖ	وَالسَّلْوَىٰ	1.00	0.95	rec	3307.16	3307.98
160	32	كُلُوا۟	كُلُوا	1.00	0.99	rec	3309.04	3309.30
160	33	مِن	مِنْ	1.00	1.00	rec	3309.58	3310.10
160	34	طَيِّبَٰتِ	طَيِبَاتٍ	1.00	0.98	rec	3310.20	3310.96
160	35	مَا	مَا	1.00	1.00	rec	3311.10	3311.22
160	36	رَزَقْنَٰكُمْۚ	رَزَقْنَاكُمْ	1.00	1.00	rec	3311.44	3312.80
160	37	وَمَا	وَمَا	1.00	1.00	rec	3313.42	3313.70
160	38	ظَلَمُونَا	ظَلَمُونَا	1.00	1.00	rec	3313.90	3314.72
160	39	وَلَٰكِن	وَلَـٰكِنْ	1.00	1.00	rec	3314.92	3316.24
160	40	كَانُوٓا۟	كَانُوا	1.00	1.00	rec	3316.38	3316.94
160	41	أَنفُسَهُمْ	أَنْفُسَهُمْ	1.00	1.00	rec	3317.56	3318.92
160	42	يَظْلِمُونَ	يَظْلِمُونَ	1.00	0.99	rec	3319.02	3320.56
161	0	وَإِذْ	وَإِذْ	1.00	1.00	rec	3321.32	3321.66
161	1	قِيلَ	قِيلَ	1.00	1.00	rec	3321.78	3322.06
161	2	لَهُمُ	لَهُمُ	1.00	1.00	rec	3322.16	3322.54
161	3	ٱسْكُنُوا۟	اسْكُنُوا	1.00	1.00	rec	3322.62	3323.08
161	4	هَٰذِهِ	هَـٰذِهِ	1.00	1.00	rec	3323.30	3324.02
161	5	ٱلْقَرْيَةَ	الْقَرْيَةَ	1.00	0.99	rec	3324.08	3325.08
161	6	وَكُلُوا۟	وَكُلُوا	1.00	1.00	rec	3325.18	3325.72
161	7	مِنْهَا	مِنْهَا	1.00	1.00	rec	3325.98	3326.42
161	8	حَيْثُ	حَيْثُ	1.00	1.00	rec	3326.74	3327.16
161	9	شِئْتُمْ	سِئْتُمْ	0.75	1.00	rec	3327.30	3327.90
161	10	وَقُولُوا۟	وَقُولُوا	1.00	1.00	rec	3328.68	3329.38
161	11	حِطَّةٌۭ	حِطَّةٌ	1.00	0.97	rec	3329.64	3330.28
161	12	وَٱدْخُلُوا۟	وَادْخُلُوا	1.00	1.00	rec	3330.76	3331.46
161	13	ٱلْبَابَ	الْبَعبَ	0.80	0.99	rec	3331.52	3332.20
161	14	سُجَّدًۭا	سُجَّدًا	1.00	0.97	rec	3332.38	3332.98
161	15	نَّغْفِرْ	نَرْفٍ	0.50	0.93	rec	3333.62	3334.14
161	16	لَكُمْ	لَكُمْ	1.00	1.00	rec	3334.42	3334.86
161	17	خَطِيٓـَٰٔتِكُمْۚ	خَطَا+يَعَكُمْ	0.57	0.92	rec	3334.98	3336.54
161	18	سَنَزِيدُ	سَنَزِيدُ	1.00	1.00	rec	3337.12	3338.24
161	19	ٱلْمُحْسِنِينَ	الْمُحْسِنِينَ	1.00	1.00	rec	3338.30	3340.04
162	0	فَبَدَّلَ	فَبَدَّلَ	1.00	1.00	rec	3340.58	3341.26
162	1	ٱلَّذِينَ	الَّذِينَ	1.00	1.00	rec	3341.32	3342.12
162	2	ظَلَمُوا۟	ظَلَمُوا	1.00	0.99	rec	3342.22	3342.74
162	3	مِنْهُمْ	مِنْهُمْ	1.00	1.00	rec	3343.02	3343.58
162	4	قَوْلًا	قَوْلًا	1.00	1.00	rec	3343.74	3344.24
162	5	غَيْرَ	غَيْرَ	1.00	1.00	rec	3344.58	3344.98
162	6	ٱلَّذِى	الَّذِي	0.75	1.00	rec	3345.04	3345.50
162	7	قِيلَ	قِيلَ	1.00	1.00	rec	3345.84	3346.42
162	8	لَهُمْ	لَهُمْ	1.00	1.00	rec	3346.54	3347.14
162	9	فَأَرْسَلْنَا	فَأَرْسَلْنَا	1.00	1.00	rec	3347.76	3348.76
162	10	عَلَيْهِمْ	عَلَيْهِمْ	1.00	1.00	rec	3349.06	3349.80
162	11	رِجْزًۭا	رِجْزًا	1.00	1.00	rec	3349.86	3350.34
162	12	مِّنَ	مِنَ	1.00	1.00	rec	3350.84	3351.08
162	13	ٱلسَّمَآءِ	السَّمَاءِ	1.00	0.91	rec	3351.12	3352.86
162	14	بِمَا	بِمَا	1.00	1.00	rec	3353.02	3353.36
162	15	كَانُوا۟	كَانُوا	1.00	0.97	rec	3353.68	3354.16
162	16	يَظْلِمُونَ	يَظْلِمُوَ	0.83	1.00	rec	3354.54	3355.42
163	0	وَسْـَٔلْهُمْ	وَاسْأَلْهُمْ	0.71	1.00	rec	3356.60	3357.46
163	1	عَنِ	عَنِ	1.00	1.00	rec	3357.52	3357.76
163	2	ٱلْقَرْيَةِ	الْقَرْيَةِ	1.00	0.97	rec	3357.80	3358.64
163	3	ٱلَّتِى	الَّتِي	0.75	0.98	rec	3358.78	3359.16
163	4	كَانَتْ	كَانَتْ	1.00	1.00	rec	3359.42	3360.04
163	5	حَاضِرَةَ	حَاضِرَةً	1.00	1.00	rec	3360.14	3361.12
163	6	ٱلْبَحْرِ	الْبَحْرِ	1.00	0.97	rec	3361.30	3361.80
163	7	إِذْ	إِذْ	1.00	1.00	rec	3366.18	3366.50
163	8	يَعْدُونَ	يَعْدُونَ	1.00	1.00	rec	3366.58	3367.32
163	9	فِى	فِي	0.50	1.00	rec	3367.44	3367.54
163	10	ٱلسَّبْتِ	السَّبْتِ	1.00	1.00	rec	3367.58	3368.30
163	11	إِذْ	لِذْ	0.50	0.87	rec	3369.00	3369.20
163	12	تَأْتِيهِمْ	تَأْتِيهِمْ	1.00	1.00	rec	3369.28	3370.28
163	13	حِيتَانُهُمْ	حِيتَانُهُمْ	1.00	1.00	rec	3370.40	3371.76
163	14	يَوْمَ	يَوْمَ	1.00	1.00	rec	3371.84	3372.18
163	15	سَبْتِهِمْ	سَبْتِهِمْ	1.00	1.00	rec	3372.34	3373.32
163	16	شُرَّعًۭا	شُرَّعًا	1.00	0.89	rec	3373.48	3374.22
163	17	وَيَوْمَ	وَيَوْمَ	1.00	1.00	rec	3375.30	3375.80
163	18	لَا	لَا	1.00	1.00	rec	3375.92	3376.04
163	19	يَسْبِتُونَۙ	يَسْبِتُونَ	1.00	1.00	rec	3376.28	3377.42
163	20	لَا	لَا	1.00	1.00	rec	3377.54	3377.66
163	21	تَأْتِيهِمْۚ	تَأْتِيهِمْ	1.00	1.00	rec	3378.04	3379.30
163	22	كَذَٰلِكَ	كَذَٰلِكَ	1.00	1.00	rec	3379.92	3380.80
163	23	نَبْلُوهُم	نَبْلُوهُمْ	1.00	0.99	rec	3380.90	3382.26
163	24	بِمَا	بِمَا	1.00	1.00	rec	3382.32	3382.64
163	25	كَانُوا۟	كَانُوا	1.00	0.95	rec	3383.00	3383.54
163	26	يَفْسُقُونَ	يَفْسُقُونَ	1.00	1.00	rec	3383.86	3385.86
164	0	وَإِذْ	وَإِذْ	1.00	0.98	rec	3386.76	3387.10
164	1	قَالَتْ	قَالَتْ	1.00	1.00	rec	3387.20	3387.84
164	2	أُمَّةٌۭ	أُمَّةٌ	1.00	1.00	rec	3387.90	3388.82
164	3	مِّنْهُمْ	مِنْهُمْ	1.00	1.00	rec	3389.40	3390.04
164	4	لِمَ	لِمَ	1.00	1.00	rec	3390.14	3390.40
164	5	تَعِظُونَ	تَعِظُونَ	1.00	1.00	rec	3390.58	3391.44
164	6	قَوْمًاۙ	قَوْمًا	1.00	1.00	rec	3391.64	3392.12
164	7	ٱللَّهُ	اللَّهُ	1.00	1.00	rec	3392.32	3392.98
164	8	مُهْلِكُهُمْ	مُهْلِكُهُمْ	1.00	1.00	rec	3393.10	3394.12
164	9	أَوْ	أَوْ	1.00	1.00	rec	3394.22	3394.40
164	10	مُعَذِّبُهُمْ	مُعَذِّبُهُمْ	1.00	1.00	rec	3394.46	3395.64
164	11	عَذَابًۭا	عَذَابًا	1.00	1.00	rec	3395.72	3396.40
164	12	شَدِيدًۭاۖ	شَدِيدًا	1.00	1.00	rec	3396.96	3397.66
164	13	قَالُوا۟	قَالُوا	1.00	1.00	rec	3398.70	3399.20
164	14	مَعْذِرَةً	مَعْذِرَةٌ	1.00	0.96	rec	3399.48	3400.24
164	15	إِلَىٰ	إِلَىٰ	1.00	1.00	rec	3400.64	3400.88
164	16	رَبِّكُمْ	رَبِّكُمْ	1.00	1.00	rec	3401.08	3401.80
164	17	وَلَعَلَّهُمْ	وَلَعَلَّهُمْ	1.00	1.00	rec	3401.88	3403.00
164	18	يَتَّقُونَ	يَتَّقُونَ	1.00	1.00	rec	3403.06	3403.92
165	0	فَلَمَّا	فَلَمَّا	1.00	1.00	rec	3405.58	3406.48
165	1	نَسُوا۟	نَسُوا	1.00	1.00	rec	3406.74	3407.12
165	2	مَا	مَا	1.00	1.00	rec	3407.38	3407.50
165	3	ذُكِّرُوا۟	ذُكِّرُوا	1.00	1.00	rec	3407.78	3408.40
165	4	بِهِۦٓ	بِهِ	0.67	1.00	rec	3408.70	3408.96
165	5	أَنجَيْنَا	أَنْجَيْنَا	1.00	1.00	rec	3413.68	3414.82
165	6	ٱلَّذِينَ	الَّذِينَ	1.00	1.00	rec	3414.86	3415.72
165	7	يَنْهَوْنَ	يَنْهَوْنَ	1.00	0.93	rec	3415.84	3416.62
165	8	عَنِ	عَنِ	1.00	1.00	rec	3416.72	3416.96
165	9	ٱلسُّوٓءِ	السُّورِ	0.80	0.97	rec	3417.02	3418.76
165	10	وَأَخَذْنَا	وَأَخَذْنَا	1.00	1.00	rec	3419.30	3420.04
165	11	ٱلَّذِينَ	الَّذِينَ	1.00	1.00	rec	3420.08	3420.84
165	12	ظَلَمُوا۟	ظَلَمُوا	1.00	1.00	rec	3420.98	3421.46
165	13	بِعَذَابٍۭ	بِعَذَابٍ	1.00	0.99	rec	3421.70	3422.54
165	14	بَـِٔيسٍۭ	بَئِيسٍ	0.75	1.00	rec	3422.98	3423.72
165	15	بِمَا	بِمَا	1.00	1.00	rec	3424.24	3424.58
165	16	كَانُوا۟	كَانُوا	1.00	1.00	rec	3424.94	3425.44
165	17	يَفْسُقُونَ	يَفْسُقُونَ	1.00	1.00	rec	3425.88	3427.56
166	0	فَلَمَّا	فَلَمَّا	1.00	1.00	rec	3428.14	3429.02
166	1	عَتَوْا۟	عَتَوْا	1.00	1.00	rec	3429.22	3429.68
166	2	عَن	عَنْ	1.00	0.99	rec	3429.74	3430.10
166	3	مَّا		0.00	0.00	spread	3430.10	3430.16
166	4	نُهُوا۟	مَانُهُوا	0.67	0.96	rec	3430.16	3430.82
166	5	عَنْهُ	عَنْهُ	1.00	1.00	rec	3431.02	3431.42
166	6	قُلْنَا	قُلْنَا	1.00	1.00	rec	3431.60	3432.08
166	7	لَهُمْ	لَهُمْ	1.00	1.00	rec	3432.44	3432.92
166	8	كُونُوا۟	كُونُوا	1.00	1.00	rec	3434.94	3435.46
166	9	قِرَدَةً	قِرَدَةً	1.00	1.00	rec	3435.80	3436.48
166	10	خَٰسِـِٔينَ	خَاسِئِينَ	0.83	1.00	rec	3436.80	3438.56
167	0	وَإِذْ		0.00	0.00	forced	3438.90	3439.10
167	1	تَأَذَّنَ	وَإِذتَأَذَّنَ	0.57	0.95	rec	3439.26	3440.30
167	2	رَبُّكَ	رَبُّكَ	1.00	1.00	rec	3440.42	3441.04
167	3	لَيَبْعَثَنَّ	لَيَبْعَثَنَّ	1.00	0.94	rec	3441.16	3442.60
167	4	عَلَيْهِمْ	عَلَيْهِمْ	1.00	1.00	rec	3442.72	3443.50
167	5	إِلَىٰ	إِلَىٰ	1.00	1.00	rec	3443.58	3443.92
167	6	يَوْمِ	يَوْمِ	1.00	1.00	rec	3444.20	3444.60
167	7	ٱلْقِيَٰمَةِ	الْقِيَامَةِ	1.00	1.00	rec	3444.66	3445.82
167	8	مَن	مَنْ	1.00	0.94	rec	3445.94	3446.28
167	9	يَسُومُهُمْ	يَسُومُهُمْ	1.00	1.00	rec	3446.32	3447.36
167	10	سُوٓءَ	سُوءَ	1.00	1.00	rec	3447.50	3449.06
167	11	ٱلْعَذَابِۗ	الْعَذَابِ	1.00	1.00	rec	3449.12	3450.32
167	12	إِنَّ	إِنَّ	1.00	1.00	rec	3450.98	3451.90
167	13	رَبَّكَ	رَبَّكَ	1.00	1.00	rec	3452.02	3452.58
167	14	لَسَرِيعُ	لَسَرِيعُ	1.00	1.00	rec	3452.66	3453.36
167	15	ٱلْعِقَابِۖ	الْعِقَابِ	1.00	1.00	rec	3453.44	3454.44
167	16	وَإِنَّهُۥ	وَإِنَّهُ	0.80	0.98	rec	3454.54	3455.76
167	17	لَغَفُورٌۭ	لَغَفُورٌ	1.00	1.00	rec	3456.10	3457.18
167	18	رَّحِيمٌۭ	رَحِيمٌ	1.00	0.99	rec	3457.42	3458.02
168	0	وَقَطَّعْنَٰهُمْ	وَقَطَّعْنَاهُمْ	1.00	1.00	rec	3459.94	3461.30
168	1	فِى	فِي	0.50	1.00	rec	3461.38	3461.48
168	2	ٱلْأَرْضِ	الْأَرْضِ	1.00	1.00	rec	3461.54	3462.08
168	3	أُمَمًۭاۖ	أُمَمًا	1.00	1.00	rec	3462.18	3462.62
168	4	مِّنْهُمُ	مِنْهُمْ	1.00	1.00	rec	3463.16	3463.68
168	5	ٱلصَّٰلِحُونَ	صَالِحُونَ	0.75	1.00	rec	3463.94	3464.86
168	6	وَمِنْهُمْ	وَمِنْهُمْ	1.00	0.96	rec	3464.98	3465.78
168	7	دُونَ	دُونَ	1.00	1.00	rec	3465.86	3466.22
168	8	ذَٰلِكَۖ	ذَٰلِكَ	1.00	1.00	rec	3466.34	3467.02
168	9	وَبَلَوْنَٰهُم	وَبَلَوْنَاهُمْ	1.00	1.00	rec	3467.72	3469.06
168	10	بِٱلْحَسَنَٰتِ	بِالْحَسَنَاتِ	1.00	0.99	rec	3469.10	3470.24
168	11	وَٱلسَّيِّـَٔاتِ	وَالسَّيِّئَاتِ	0.88	1.00	rec	3470.32	3471.56
168	12	لَعَلَّهُمْ	لَعَلَّهُمْ	1.00	1.00	rec	3471.64	3472.52
168	13	يَرْجِعُونَ	يَرْجِعُونَ	1.00	0.98	rec	3472.60	3473.94
169	0	فَخَلَفَ	فَخَلَفَ	1.00	1.00	rec	3474.54	3475.16
169	1	مِنۢ	مِنْ	1.00	1.00	rec	3475.28	3475.92
169	2	بَعْدِهِمْ	بَعْدِهِمْ	1.00	1.00	rec	3476.00	3476.72
169	3	خَلْفٌۭ	خَلْفٌ	1.00	1.00	rec	3476.84	3477.36
169	4	وَرِثُوا۟	وَرِثُوا	1.00	1.00	rec	3477.78	3478.36
169	5	ٱلْكِتَٰبَ	الْكِتَابَ	1.00	1.00	rec	3478.40	3479.44
169	6	يَأْخُذُونَ	يَأْخُذُونَ	1.00	1.00	rec	3479.56	3480.62
169	7	عَرَضَ	عَرَضَ	1.00	0.98	rec	3480.74	3481.22
169	8	هَٰذَا	هَـٰذَا	1.00	0.99	rec	3481.34	3481.94
169	9	ٱلْأَدْنَىٰ	الْأَدْنَىٰ	1.00	0.98	rec	3481.98	3482.74
169	10	وَيَقُولُونَ	وَيَقُولُونَ	1.00	1.00	rec	3482.98	3484.18
169	11	سَيُغْفَرُ	سَيُغْفَرُ	1.00	1.00	rec	3484.36	3485.30
169	12	لَنَا	لَنَى	0.67	0.93	rec	3485.46	3485.78
169	13	وَإِن	وَإِنْ	1.00	1.00	rec	3487.00	3487.84
169	14	يَأْتِهِمْ	يَأْتِهِمْ	1.00	1.00	rec	3487.88	3488.66
169	15	عَرَضٌۭ	عَرَضٌ	1.00	1.00	rec	3488.76	3489.22
169	16	مِّثْلُهُۥ	مِثْلُهُ	0.80	1.00	rec	3489.64	3490.28
169	17	يَأْخُذُوهُۚ	يَأْخُذُوهُ	1.00	0.94	rec	3490.70	3492.24
169	18	أَلَمْ	أَلَمْ	1.00	1.00	rec	3492.82	3493.24
169	19	يُؤْخَذْ	يُؤْخَذْ	1.00	1.00	rec	3493.32	3493.94
169	20	عَلَيْهِم	عَلَيْهِمْ	1.00	1.00	rec	3494.00	3494.94
169	21	مِّيثَٰقُ	مِيثَعَقُوا	0.57	0.93	rec	3495.00	3496.00
169	22	ٱلْكِتَٰبِ	الْكِتَابِ	1.00	1.00	rec	3496.04	3496.90
169	23	أَن	أَنلَا	0.50	0.90	rec	3497.06	3497.50
169	24	لَّا		0.00	0.00	forced	3497.50	3497.68
169	25	يَقُولُوا۟	يَقُولُوا	1.00	1.00	rec	3497.70	3498.38
169	26	عَلَى	عَلَى	1.00	1.00	rec	3498.58	3498.82
169	27	ٱللَّهِ	اللَّهِ	1.00	1.00	rec	3498.86	3499.64
169	28	إِلَّا	إِلَّا	1.00	1.00	rec	3499.80	3500.24
169	29	ٱلْحَقَّ	الْحَقَّ	1.00	1.00	rec	3500.26	3500.90
169	30	وَدَرَسُوا۟	وَادْرَسُوهَا	0.75	0.98	rec	3501.02	3502.20
169	31	مَا		0.00	0.00	forced	3502.20	3502.38
169	32	فِيهِۗ	فِيهِ	1.00	1.00	rec	3502.50	3503.32
169	33	وَٱلدَّارُ	وَالدَّرُ	0.83	0.94	rec	3504.02	3504.56
169	34	ٱلْءَاخِرَةُ	الْآخِرَةُ	0.86	1.00	rec	3504.62	3505.58
169	35	خَيْرٌۭ	خَيْرٌ	1.00	1.00	rec	3505.74	3506.20
169	36	لِّلَّذِينَ	لِلَّذِينَ	1.00	1.00	rec	3506.42	3507.18
169	37	يَتَّقُونَۗ	يَتَّقُونَ	1.00	1.00	rec	3507.26	3508.14
169	38	أَفَلَا	أَفَلَا	1.00	1.00	rec	3508.24	3508.76
169	39	تَعْقِلُونَ	يَعْقِلُونَ	0.83	0.95	rec	3509.24	3509.96
170	0	وَٱلَّذِينَ	وَالَّذِينَ	1.00	1.00	rec	3512.60	3513.38
170	1	يُمَسِّكُونَ	يُمَسِّكُونَ	1.00	1.00	rec	3513.46	3514.50
170	2	بِٱلْكِتَٰبِ	بِالْكِتَابِ	1.00	1.00	rec	3514.62	3515.84
170	3	وَأَقَامُوا۟	وَأَقَامُوا	1.00	0.99	rec	3515.96	3517.04
170	4	ٱلصَّلَوٰةَ	الصَّلَاةِ	0.86	0.99	rec	3517.08	3518.22
170	5	إِنَّا	إِنَّا	1.00	0.94	rec	3518.84	3519.98
170	6	لَا	لَا	1.00	1.00	rec	3520.40	3520.50
170	7	نُضِيعُ	نُضِيعُ	1.00	1.00	rec	3520.90	3521.64
170	8	أَجْرَ	أَجْرَ	1.00	0.97	rec	3521.82	3522.28
170	9	ٱلْمُصْلِحِينَ	الْمُصْلِحِينَ	1.00	1.00	rec	3522.34	3525.04
171	0	وَإِذْ	وَإِذْ	1.00	1.00	rec	3527.06	3527.42
171	1	نَتَقْنَا	نَتَقْنَا	1.00	0.99	rec	3527.48	3528.08
171	2	ٱلْجَبَلَ	الْجَبَلَ	1.00	0.99	rec	3528.12	3528.80
171	3	فَوْقَهُمْ	فَوْقَهُمْ	1.00	1.00	rec	3528.98	3529.82
171	4	كَأَنَّهُۥ	كَأَنَّهُ	0.80	1.00	rec	3529.96	3531.10
171	5	ظُلَّةٌۭ	ظُلَّةٌ	1.00	0.90	rec	3531.48	3532.20
171	6	وَظَنُّوٓا۟	وَظَنُّوا	1.00	1.00	rec	3533.16	3534.40
171	7	أَنَّهُۥ	أَنَّهُ	0.75	1.00	rec	3535.12	3536.04
171	8	وَاقِعٌۢ	وَاقِعٌ	1.00	1.00	rec	3536.42	3537.22
171	9	بِهِمْ	بِهِمْ	1.00	1.00	rec	3538.06	3538.60
171	10	خُذُوا۟	خُذُوا	1.00	1.00	rec	3540.12	3540.46
171	11	مَآ	مَا	1.00	1.00	rec	3540.76	3540.88
171	12	ءَاتَيْنَٰكُم	آتَيْنَاكُمْ	0.88	1.00	rec	3541.60	3543.66
171	13	بِقُوَّةٍۢ	بِقُوَّةٍ	1.00	1.00	rec	3543.72	3544.64
171	14	وَٱذْكُرُوا۟	وَاذْكُرُوا	1.00	1.00	rec	3545.30	3545.92
171	15	مَا	مَا	1.00	1.00	rec	3546.22	3546.32
171	16	فِيهِ	فِيهِ	1.00	1.00	rec	3546.62	3547.14
171	17	لَعَلَّكُمْ	لَعَلَّكُمْ	1.00	1.00	rec	3547.30	3548.38
171	18	تَتَّقُونَ	تَتَّقُونَ	1.00	1.00	rec	3548.50	3550.52
172	0	وَإِذْ	وَإِذْ	1.00	1.00	rec	3552.42	3552.84
172	1	أَخَذَ	أَخَذَ	1.00	0.99	rec	3552.90	3553.38
172	2	رَبُّكَ	رَبُّكَ	1.00	1.00	rec	3553.50	3554.12
172	3	مِنۢ	مِنْ	1.00	1.00	rec	3554.26	3554.86
172	4	بَنِىٓ	بَنِي	0.67	1.00	rec	3554.92	3555.26
172	5	ءَادَمَ	أَعْدَمَ	0.50	0.90	rec	3555.98	3556.64
172	6	مِن	مِنْ	1.00	1.00	rec	3556.80	3557.40
172	7	ظُهُورِهِمْ	ظُهُورِهِمْ	1.00	1.00	rec	3557.48	3558.62
172	8	ذُرِّيَّتَهُمْ	ذُرِّيَّاتِهِمْ	0.86	0.98	rec	3558.72	3560.36
172	9	وَأَشْهَدَهُمْ	وَأَشْهَدَهُمْ	1.00	1.00	rec	3560.48	3561.82
172	10	عَلَىٰٓ	عَلَىٰ	1.00	0.97	rec	3561.90	3562.26
172	11	أَنفُسِهِمْ	أَنْفُسِهِمْ	1.00	1.00	rec	3562.82	3564.42
172	12	أَلَسْتُ	أَلَسْتُ	1.00	1.00	rec	3564.50	3565.22
172	13	بِرَبِّكُمْۖ	بِرَبِّكُمْ	1.00	1.00	rec	3565.38	3566.66
172	14	قَالُوا۟	قَالُوا	1.00	0.97	rec	3567.98	3568.56
172	15	بَلَىٰۛ	بَلَىٰ	1.00	0.95	rec	3569.08	3569.42
172	16	شَهِدْنَآۛ	شَهِدْنَا	1.00	1.00	rec	3569.82	3570.70
172	17	أَن	أَنْ	1.00	1.00	rec	3572.30	3573.00
172	18	تَقُولُوا۟	يَقُولُوا	0.83	0.99	rec	3573.06	3573.82
172	19	يَوْمَ	يَوْمَ	1.00	1.00	rec	3574.18	3574.60
172	20	ٱلْقِيَٰمَةِ	الْقِيَامَةِ	1.00	1.00	rec	3574.66	3575.86
172	21	إِنَّا	إِنَّا	1.00	1.00	rec	3576.02	3576.74
172	22	كُنَّا	كُنَّا	1.00	0.99	rec	3577.10	3577.90
172	23	عَنْ	عَنْ	1.00	1.00	rec	3578.20	3578.54
172	24	هَٰذَا	هَـٰذَا	1.00	1.00	rec	3578.62	3579.26
172	25	غَٰفِلِينَ	غَافِلِينَ	1.00	1.00	rec	3579.54	3581.32
173	0	أَوْ	أَوْ	1.00	1.00	rec	3582.80	3583.02
173	1	تَقُولُوٓا۟	يَقُولُوا	0.83	0.99	rec	3583.10	3583.82
173	2	إِنَّمَآ	إِنَّمَا	1.00	1.00	rec	3584.18	3585.22
173	3	أَشْرَكَ	أَشْرَكَ	1.00	1.00	rec	3585.74	3586.48
173	4	ءَابَآؤُنَا	آبَاؤُنَا	0.86	1.00	rec	3586.66	3588.74
173	5	مِن	مِنْ	1.00	1.00	rec	3589.00	3589.56
173	6	قَبْلُ	قَبْلُ	1.00	1.00	rec	3589.68	3590.16
173	7	وَكُنَّا	وَكُنَّا	1.00	1.00	rec	3590.28	3591.30
173	8	ذُرِّيَّةًۭ	ذُرِّيَّةً	1.00	0.97	rec	3591.66	3592.66
173	9	مِّنۢ	مِنْ	1.00	1.00	rec	3593.32	3594.04
173	10	بَعْدِهِمْۖ	بَعْدِهِمْ	1.00	1.00	rec	3594.12	3595.22
173	11	أَفَتُهْلِكُنَا	أَفَتُهْلِكُنَا	1.00	1.00	rec	3601.80	3603.28
173	12	بِمَا	بِمَا	1.00	0.97	rec	3603.60	3603.94
173	13	فَعَلَ	فَعَلَ	1.00	1.00	rec	3604.28	3604.80
173	14	ٱلْمُبْطِلُونَ	الْمُبْطِلُونَ	1.00	1.00	rec	3604.86	3607.56
174	0	وَكَذَٰلِكَ	وَكَذَٰلِكَ	1.00	1.00	rec	3609.24	3610.32
174	1	نُفَصِّلُ	نُفَصِّلُ	1.00	0.99	rec	3610.42	3611.28
174	2	ٱلْءَايَٰتِ	الْآيَاتِ	0.86	1.00	rec	3611.34	3612.60
174	3	وَلَعَلَّهُمْ	وَلَعَلَّهُمْ	1.00	1.00	rec	3612.70	3614.00
174	4	يَرْجِعُونَ	يَرْدِعُونَ	0.83	1.00	rec	3614.22	3616.32
175	0	وَٱتْلُ	وَاتْلُ	1.00	1.00	rec	3617.56	3618.02
175	1	عَلَيْهِمْ	عَلَيْهِمْ	1.00	0.98	rec	3618.20	3619.18
175	2	نَبَأَ	نَبَأَ	1.00	1.00	rec	3619.26	3619.74
175	3	ٱلَّذِىٓ	الَّذِي	0.75	1.00	rec	3619.82	3620.38
175	4	ءَاتَيْنَٰهُ	آتَيْنَاهُ	0.86	1.00	rec	3620.84	3622.16
175	5	ءَايَٰتِنَا	آيَاتِنَا	0.86	1.00	rec	3622.34	3623.68
175	6	فَٱنسَلَخَ	فَانْسَلَخَ	1.00	1.00	rec	3624.04	3625.48
175	7	مِنْهَا	مِنْهَا	1.00	1.00	rec	3625.64	3626.18
175	8	فَأَتْبَعَهُ	فَأَتْبَعَهُ	1.00	1.00	rec	3630.60	3631.68
175	9	ٱلشَّيْطَٰنُ	الشَّيْطَانُ	1.00	1.00	rec	3631.76	3632.92
175	10	فَكَانَ	فَكَانَ	1.00	1.00	rec	3633.18	3634.02
175	11	مِنَ	مِنَ	1.00	1.00	rec	3634.14	3634.40
175	12	ٱلْغَاوِينَ	الْغَاوِينَ	1.00	1.00	rec	3634.46	3636.56
176	0	وَلَوْ	وَلَوْ	1.00	1.00	rec	3638.72	3639.12
176	1	شِئْنَا	شِئْنَا	1.00	1.00	rec	3639.28	3639.74
176	2	لَرَفَعْنَٰهُ	لَرَفَعْنَاهُ	1.00	1.00	rec	3640.12	3641.44
176	3	بِهَا	بِهَا	1.00	0.95	rec	3641.58	3641.90
176	4	وَلَٰكِنَّهُۥٓ	وَلَـٰكِنَّهُ	0.86	0.98	rec	3642.24	3643.96
176	5	أَخْلَدَ	أَخْلَدْ	1.00	0.99	rec	3644.62	3645.28
176	6	إِلَى	إِلَى	1.00	1.00	rec	3645.42	3645.68
176	7	ٱلْأَرْضِ	الْأَرْضِ	1.00	0.99	rec	3645.72	3646.28
176	8	وَٱتَّبَعَ	وَاتَّبَعَ	1.00	1.00	rec	3652.12	3652.96
176	9	هَوَىٰهُۚ	هَوَاهُ	0.80	0.98	rec	3653.12	3654.02
176	10	فَمَثَلُهُۥ	فَمَثَلُهُ	0.83	1.00	rec	3654.96	3655.90
176	11	كَمَثَلِ	كَمَثَلِ	1.00	1.00	rec	3656.32	3657.00
176	12	ٱلْكَلْبِ	الْكَلْبِ	1.00	0.99	rec	3657.06	3657.98
176	13	إِن	إِنْ	1.00	1.00	rec	3658.14	3658.58
176	14	تَحْمِلْ	تَحْمِلْ	1.00	1.00	rec	3658.72	3659.42
176	15	عَلَيْهِ	عَلَيْهِ	1.00	1.00	rec	3659.48	3660.12
176	16	يَلْهَثْ	يَلْهَثْ	1.00	0.93	rec	3660.26	3660.94
176	17	أَوْ	أَوْ	1.00	1.00	rec	3661.02	3661.24
176	18	تَتْرُكْهُ	تَتْرُكْهُ	1.00	1.00	rec	3661.38	3662.14
176	19	يَلْهَثۚ	يَلْهَثْ	1.00	0.99	rec	3662.36	3663.16
176	20	ذَّٰلِكَ	ذَٰلِكَ	1.00	1.00	rec	3664.00	3664.74
176	21	مَثَلُ	مَثَلُ	1.00	1.00	rec	3664.84	3665.30
176	22	ٱلْقَوْمِ	الْقَوْمِ	1.00	1.00	rec	3665.38	3666.12
176	23	ٱلَّذِينَ	الَّذِينَ	1.00	1.00	rec	3666.18	3666.96
176	24	كَذَّبُوا۟	كَذَّبُوا	1.00	0.98	rec	3667.14	3667.82
176	25	بِـَٔايَٰتِنَاۚ	بِآيَاتِنَا	1.00	1.00	rec	3668.08	3669.60
176	26	فَٱقْصُصِ	فَقَصُصِ	0.80	0.99	rec	3670.72	3671.58
176	27	ٱلْقَصَصَ	الْقَصَصَ	1.00	1.00	rec	3671.68	3672.56
176	28	لَعَلَّهُمْ	لَعَلَّهُمْ	1.00	1.00	rec	3672.68	3673.78
176	29	يَتَفَكَّرُونَ	يَتْفَى+كَرُونَ	0.88	0.96	rec	3673.86	3676.76
177	0	سَآءَ	سَاءَ	1.00	1.00	rec	3677.92	3679.24
177	1	مَثَلًا	مَثَلًا	1.00	1.00	rec	3679.36	3679.88
177	2	ٱلْقَوْمُ	الْقَوْمُ	1.00	1.00	rec	3680.10	3680.82
177	3	ٱلَّذِينَ	الَّذِينَ	1.00	1.00	rec	3680.90	3681.66
177	4	كَذَّبُوا۟	كَذَّبُوا	1.00	1.00	rec	3681.84	3682.54
177	5	بِـَٔايَٰتِنَا	بِآيَاتِنَا	1.00	1.00	rec	3682.82	3684.24
177	6	وَأَنفُسَهُمْ	وَأَنْفُسَهُمْ	1.00	1.00	rec	3684.52	3686.38
177	7	كَانُوا۟	كَانُوا	1.00	1.00	rec	3686.58	3687.22
177	8	يَظْلِمُونَ	يَظْلِمُونَ	1.00	1.00	rec	3687.66	3689.80
178	0	مَن	مَنْ	1.00	1.00	rec	3691.06	3691.98
178	1	يَهْدِ	يَهْدِ	1.00	1.00	rec	3692.04	3692.48
178	2	ٱللَّهُ	اللَّهُ	1.00	1.00	rec	3692.54	3693.28
178	3	فَهُوَ	فَهْوَ	1.00	1.00	rec	3693.48	3693.90
178	4	ٱلْمُهْتَدِىۖ	الْمُهْتَدِي	0.86	1.00	rec	3693.96	3695.08
178	5	وَمَن	وَمَنْ	1.00	1.00	rec	3696.08	3697.10
178	6	يُضْلِلْ	يُضْلِلْ	1.00	1.00	rec	3697.16	3697.86
178	7	فَأُو۟لَٰٓئِكَ	فَأُولَـٰئِكَ	1.00	1.00	rec	3697.98	3699.98
178	8	هُمُ	هُمُ	1.00	1.00	rec	3700.14	3700.42
178	9	ٱلْخَٰسِرُونَ	الْخَاسِرُونَ	1.00	1.00	rec	3700.52	3703.00
179	0	وَلَقَدْ	وَلَقَدْ	1.00	1.00	rec	3704.02	3704.72
179	1	ذَرَأْنَا	ذَرَأْنَا	1.00	1.00	rec	3704.80	3705.54
179	2	لِجَهَنَّمَ	لِجَهَنَّمَ	1.00	1.00	rec	3705.86	3707.18
179	3	كَثِيرًۭا	كَثِيرًا	1.00	1.00	rec	3707.40	3708.20
179	4	مِّنَ	مِنَ	1.00	1.00	rec	3708.76	3709.00
179	5	ٱلْجِنِّ	الْجِنِّ	1.00	1.00	rec	3709.06	3710.16
179	6	وَٱلْإِنسِۖ	وَالْإِنْسِ	1.00	1.00	rec	3710.30	3711.82
179	7	لَهُمْ	لَهُمْ	1.00	0.99	rec	3712.46	3712.90
179	8	قُلُوبٌۭ	قُلُوبٌ	1.00	1.00	rec	3713.04	3713.70
179	9	لَّا	لَا	1.00	1.00	rec	3714.06	3714.18
179	10	يَفْقَهُونَ	يَفْقَهُونَ	1.00	1.00	rec	3714.48	3715.66
179	11	بِهَا	بِهَا	1.00	1.00	rec	3715.82	3716.18
179	12	وَلَهُمْ	وَلَهُمْ	1.00	1.00	rec	3716.62	3717.40
179	13	أَعْيُنٌۭ	أَعْيُنٌ	1.00	1.00	rec	3717.52	3718.20
179	14	لَّا	لَا	1.00	1.00	rec	3718.48	3718.62
179	15	يُبْصِرُونَ	يُبْصِرُونَ	1.00	1.00	rec	3718.90	3720.16
179	16	بِهَا	بِهَا	1.00	1.00	rec	3720.30	3720.64
179	17	وَلَهُمْ	وَلَهُمْ	1.00	1.00	rec	3721.04	3721.82
179	18	ءَاذَانٌۭ	آذَانٌ	0.80	1.00	rec	3721.92	3723.44
179	19	لَّا	لَا	1.00	1.00	rec	3726.70	3726.84
179	20	يَسْمَعُونَ	يَسْمَعُونَ	1.00	1.00	rec	3727.20	3728.58
179	21	بِهَآۚ	بِهَا	1.00	1.00	rec	3728.72	3729.08
179	22	أُو۟لَٰٓئِكَ	أُولَـٰئِكَ	1.00	1.00	rec	3730.22	3732.92
179	23	كَٱلْأَنْعَٰمِ	كَالْأَنْعَامِ	1.00	1.00	rec	3733.10	3734.44
179	24	بَلْ	بَلْ	1.00	1.00	rec	3734.62	3734.96
179	25	هُمْ	هُمْ	1.00	1.00	rec	3735.04	3735.34
179	26	أَضَلُّۚ	أَضَلُّ	1.00	0.99	rec	3735.44	3736.14
179	27	أُو۟لَٰٓئِكَ	أُولَـٰئِكَ	1.00	1.00	rec	3736.92	3739.48
179	28	هُمُ	هُمُ	1.00	0.95	rec	3739.60	3739.88
179	29	ٱلْغَٰفِلُونَ	الْغَافِلُونَ	1.00	1.00	rec	3739.98	3742.46
180	0	وَلِلَّهِ	وَلِلَّهِ	1.00	1.00	rec	3743.36	3744.40
180	1	ٱلْأَسْمَآءُ	الْأَسْمَاءُ	1.00	1.00	rec	3744.48	3747.20
180	2	ٱلْحُسْنَىٰ	الْحُسْنَىٰ	1.00	0.96	rec	3747.26	3748.02
180	3	فَٱدْعُوهُ	فَادْعُوهُ	1.00	1.00	rec	3748.40	3749.28
180	4	بِهَاۖ	بِهَا	1.00	1.00	rec	3749.44	3749.76
180	5	وَذَرُوا۟	وَذَرُوا	1.00	0.97	rec	3750.10	3750.64
180	6	ٱلَّذِينَ	الَّذِينَ	1.00	1.00	rec	3750.70	3751.58
180	7	يُلْحِدُونَ	يُلْحِدُونَ	1.00	1.00	rec	3751.70	3752.84
180	8	فِىٓ	فِي	0.50	1.00	rec	3753.04	3753.20
180	9	أَسْمَٰٓئِهِۦۚ	أَسْمَائِهِ	0.86	1.00	rec	3753.54	3755.86
180	10	سَيُجْزَوْنَ	سَيُجْزَوْنَ	1.00	1.00	rec	3763.54	3764.74
180	11	مَا	مَا	1.00	1.00	rec	3764.90	3765.02
180	12	كَانُوا۟	كَانُوا	1.00	1.00	rec	3765.36	3765.88
180	13	يَعْمَلُونَ	يَعْمَلُونَ	1.00	1.00	rec	3766.24	3767.80
181	0	وَمِمَّنْ	وَمِمَّنْ	1.00	0.99	rec	3768.94	3770.18
181	1	خَلَقْنَآ	خَلَقْنَا	1.00	1.00	rec	3770.32	3771.10
181	2	أُمَّةٌۭ	أُمَّةٌ	1.00	1.00	rec	3771.50	3772.46
181	3	يَهْدُونَ	يَهْدُونَ	1.00	1.00	rec	3773.12	3773.94
181	4	بِٱلْحَقِّ	بِالْحَقِّ	1.00	1.00	rec	3774.06	3774.90
181	5	وَبِهِۦ	وَبِهِ	0.75	1.00	rec	3775.02	3775.54
181	6	يَعْدِلُونَ	يَعْدِلُونَ	1.00	1.00	rec	3775.94	3777.74
182	0	وَٱلَّذِينَ	وَالَّذِينَ	1.00	1.00	rec	3778.84	3779.66
182	1	كَذَّبُوا۟	كَذَّبُوا	1.00	1.00	rec	3779.84	3780.44
182	2	بِـَٔايَٰتِنَا	بِآيَاتٍ+ا	0.86	0.41	rec	3780.70	3782.10
182	3	سَنَسْتَدْرِجُهُم	سَنَسْتَدْرِجُهُمْ	1.00	1.00	rec	3782.62	3784.46
182	4	مِّنْ	مِنْ	1.00	1.00	rec	3784.52	3784.80
182	5	حَيْثُ	حَيْثُ	1.00	1.00	rec	3784.92	3785.40
182	6	لَا	لَا	1.00	1.00	rec	3785.54	3785.66
182	7	يَعْلَمُونَ	يَعْلَمُونَ	1.00	1.00	rec	3785.96	3787.92
183	0	وَأُمْلِى	وَأُمْلِي	0.80	1.00	rec	3788.80	3789.50
183	1	لَهُمْۚ	لَهُمْ	1.00	1.00	rec	3789.82	3790.40
183	2	إِنَّ	إِنَّ	1.00	1.00	rec	3791.14	3792.18
183	3	كَيْدِى	كَيْدِي	0.75	0.99	rec	3792.38	3793.04
183	4	مَتِينٌ	مَتِينٌ	1.00	1.00	rec	3793.34	3794.88
184	0	أَوَلَمْ	أَوَلَمْ	1.00	1.00	rec	3796.66	3797.36
184	1	يَتَفَكَّرُوا۟ۗ	يَتَفَتْ+كَرُوا	0.88	0.85	rec	3797.44	3798.68
184	2	مَا	مَا	1.00	1.00	rec	3799.02	3799.14
184	3	بِصَاحِبِهِم	بِصَاحِبِهِمْ	1.00	1.00	rec	3799.46	3801.68
184	4	مِّن	مِنْ	1.00	1.00	rec	3801.76	3802.54
184	5	جِنَّةٍۚ	جِنَّةٍ	1.00	1.00	rec	3802.66	3804.36
184	6	إِنْ	إِنْ	1.00	1.00	rec	3805.18	3805.52
184	7	هُوَ	هُوَ	1.00	1.00	rec	3805.60	3805.84
184	8	إِلَّا	إِلَّا	1.00	1.00	rec	3805.98	3806.42
184	9	نَذِيرٌۭ	نَذِيرٌ	1.00	1.00	rec	3806.72	3807.38
184	10	مُّبِينٌ	مُبِينٌ	1.00	1.00	rec	3808.28	3809.72
185	0	أَوَلَمْ	أَوَلَمْ	1.00	1.00	rec	3810.92	3811.64
185	1	يَنظُرُوا۟	يَنْظُرُوا	1.00	1.00	rec	3811.72	3812.98
185	2	فِى	فِي	0.50	1.00	rec	3813.34	3813.48
185	3	مَلَكُوتِ	مَلَكُوتِ	1.00	1.00	rec	3813.80	3814.78
185	4	ٱلسَّمَٰوَٰتِ	السَّمَاوَاتِ	1.00	1.00	rec	3814.84	3816.18
185	5	وَٱلْأَرْضِ	وَالْأَرْضِ	1.00	0.95	rec	3816.30	3817.10
185	6	وَمَا	وَمَا	1.00	1.00	rec	3817.22	3817.56
185	7	خَلَقَ	خَلَقَ	1.00	0.91	rec	3817.84	3818.34
185	8	ٱللَّهُ	اللَّهُ	1.00	1.00	rec	3818.40	3819.10
185	9	مِن	مِنْ	1.00	1.00	rec	3819.26	3820.10
185	10	شَىْءٍۢ	شَيْءٍ	0.67	1.00	rec	3820.22	3820.82
185	11	وَأَنْ	وَأَنْ	1.00	1.00	rec	3821.58	3822.18
185	12	عَسَىٰٓ	عَسَىٰ	1.00	0.97	rec	3822.26	3822.68
185	13	أَن	أَنْ	1.00	1.00	rec	3823.22	3823.98
185	14	يَكُونَ	يَكُونَ	1.00	1.00	rec	3824.02	3824.80
185	15	قَدِ	قَدِ	1.00	1.00	rec	3824.98	3825.26
185	16	ٱقْتَرَبَ	اقْتَرَبَ	1.00	1.00	rec	3825.32	3826.16
185	17	أَجَلُهُمْۖ	أَجَلُهُمْ	1.00	1.00	rec	3826.32	3827.44
185	18	فَبِأَىِّ	فَبِأَيِّ	0.75	1.00	rec	3828.22	3829.16
185	19	حَدِيثٍۭ	حَدِيثٍ	1.00	1.00	rec	3829.34	3830.28
185	20	بَعْدَهُۥ	بَعْدَهُ	0.80	1.00	rec	3831.26	3832.02
185	21	يُؤْمِنُونَ	يُؤْمِنُونَ	1.00	0.97	rec	3832.42	3835.16
186	0	مَن	مَنْ	1.00	1.00	rec	3836.38	3837.14
186	1	يُضْلِلِ	يُضْلِلِ	1.00	1.00	rec	3837.20	3837.80
186	2	ٱللَّهُ	اللَّهُ	1.00	1.00	rec	3837.84	3838.48
186	3	فَلَا	فَلَا	1.00	1.00	rec	3838.70	3839.00
186	4	هَادِىَ	هَادِيَ	0.75	1.00	rec	3839.32	3840.20
186	5	لَهُۥۚ	لَهُ	0.67	1.00	rec	3840.32	3840.56
186	6	وَيَذَرُهُمْ	وَيَذَرُهُمْ	1.00	1.00	rec	3841.22	3842.34
186	7	فِى	فِي	0.50	1.00	rec	3842.48	3842.66
186	8	طُغْيَٰنِهِمْ	طُغْيَانِهِمْ	1.00	1.00	rec	3842.94	3844.44
186	9	يَعْمَهُونَ	يَعْمَهُونَ	1.00	1.00	rec	3844.56	3846.64
187	0	يَسْـَٔلُونَكَ	يَسْأَلُونَكَ	0.86	1.00	rec	3847.58	3848.90
187	1	عَنِ	عَنِ	1.00	0.99	rec	3849.00	3849.26
187	2	ٱلسَّاعَةِ	السَّاعَةِ	1.00	0.99	rec	3849.32	3850.40
187	3	أَيَّانَ	أَيَّانَ	1.00	0.93	rec	3850.58	3851.54
187	4	مُرْسَىٰهَاۖ	مُرْسَاهَا	0.86	0.95	rec	3851.70	3852.74
187	5	قُلْ	قُلْ	1.00	1.00	rec	3853.84	3854.18
187	6	إِنَّمَا	إِنَّمَا	1.00	1.00	rec	3854.26	3855.32
187	7	عِلْمُهَا	عِلْمُهَا	1.00	1.00	rec	3855.72	3856.50
187	8	عِندَ	عِنْدَ	1.00	1.00	rec	3856.96	3857.88
187	9	رَبِّىۖ	رَبِّي	0.67	1.00	rec	3858.02	3858.52
187	10	لَا	لَا	1.00	1.00	rec	3859.64	3859.76
187	11	يُجَلِّيهَا	يُجَلِّيهَا	1.00	1.00	rec	3860.04	3861.20
187	12	لِوَقْتِهَآ	لِوَقْتِهَا	1.00	1.00	rec	3861.54	3862.70
187	13	إِلَّا	إِلَّا	1.00	1.00	rec	3863.30	3863.82
187	14	هُوَۚ	هُوَ	1.00	1.00	rec	3864.20	3864.68
187	15	ثَقُلَتْ	فَقُلَتْ	0.75	0.95	rec	3865.36	3866.06
187	16	فِى	فِي	0.50	1.00	rec	3866.14	3866.22
187	17	ٱلسَّمَٰوَٰتِ	السَّمَاوَاتِ	1.00	1.00	rec	3866.26	3867.62
187	18	وَٱلْأَرْضِۚ	وَالْأَرْضِ	1.00	1.00	rec	3867.72	3868.62
187	19	لَا	لَا	1.00	1.00	rec	3868.78	3868.90
187	20	تَأْتِيكُمْ	تَأْتِيكُمْ	1.00	1.00	rec	3869.26	3870.48
187	21	إِلَّا	إِلَّا	1.00	1.00	rec	3870.58	3871.10
187	22	بَغْتَةًۭۗ	بَغْتَةً	1.00	0.99	rec	3871.48	3872.22
187	23	يَسْـَٔلُونَكَ	يَسْأَلُونَكَ	0.86	1.00	rec	3872.96	3874.20
187	24	كَأَنَّكَ	كَأَنَّكَ	1.00	1.00	rec	3874.38	3875.78
187	25	حَفِىٌّ	حَفِيٌّ	0.67	0.98	rec	3875.92	3876.68
187	26	عَنْهَاۖ	عَنْهَا	1.00	1.00	rec	3877.06	3877.64
187	27	قُلْ	قُلْ	1.00	1.00	rec	3878.76	3879.06
187	28	إِنَّمَا	إِنَّمَا	1.00	1.00	rec	3879.12	3880.16
187	29	عِلْمُهَا	عِلْمُهَا	1.00	1.00	rec	3880.60	3881.32
187	30	عِندَ	عِنْدَ	1.00	1.00	rec	3881.66	3882.64
187	31	ٱللَّهِ	اللَّهِ	1.00	1.00	rec	3882.70	3883.50
187	32	وَلَٰكِنَّ	وَلَـٰكِنَّ	1.00	1.00	rec	3883.66	3885.20
187	33	أَكْثَرَ	أَكْثَرَ	1.00	1.00	rec	3885.32	3886.00
187	34	ٱلنَّاسِ	النَّاسِ	1.00	0.94	rec	3886.04	3887.52
187	35	لَا	لَا	1.00	1.00	rec	3887.68	3887.80
187	36	يَعْلَمُونَ	يَعْلَمُونَ	1.00	1.00	rec	3888.16	3890.12
188	0	قُل	قُلْ	1.00	1.00	rec	3891.76	3892.10
188	1	لَّآ	لَا	1.00	1.00	rec	3892.24	3892.36
188	2	أَمْلِكُ	أَمْلِكُ	1.00	1.00	rec	3892.70	3893.46
188	3	لِنَفْسِى	لِنَفْسِي	0.80	1.00	rec	3893.62	3894.40
188	4	نَفْعًۭا	نَفْعًا	1.00	1.00	rec	3894.76	3895.34
188	5	وَلَا	وَلَا	1.00	1.00	rec	3896.04	3896.40
188	6	ضَرًّا	ضَرًّا	1.00	1.00	rec	3896.74	3897.20
188	7	إِلَّا	إِلَّا	1.00	1.00	rec	3897.58	3898.06
188	8	مَا	مَا	1.00	1.00	rec	3898.34	3898.48
188	9	شَآءَ	شَاءَ	1.00	1.00	rec	3898.82	3900.72
188	10	ٱللَّهُۚ	اللَّهُ	1.00	0.99	rec	3900.78	3902.02
188	11	وَلَوْ	وَلَوْ	1.00	1.00	rec	3902.70	3903.18
188	12	كُنتُ	كُنْتُ	1.00	1.00	rec	3903.32	3904.18
188	13	أَعْلَمُ	أَعْلَمُ	1.00	1.00	rec	3904.34	3905.06
188	14	ٱلْغَيْبَ	الْغَيْبَ	1.00	1.00	rec	3905.18	3906.14
188	15	لَٱسْتَكْثَرْتُ	لَاسْتَكْثَرْتُ	1.00	1.00	rec	3906.30	3907.48
188	16	مِنَ	مِنَ	1.00	1.00	rec	3907.64	3907.92
188	17	ٱلْخَيْرِ	الْخَيْرِ	1.00	0.96	rec	3907.98	3908.80
188	18	وَمَا	وَمَا	1.00	1.00	rec	3908.96	3909.32
188	19	مَسَّنِىَ	مَسَّنِيَ	0.75	1.00	rec	3909.68	3910.56
188	20	ٱلسُّوٓءُۚ	السُّوءُ	1.00	0.97	rec	3910.60	3912.72
188	21	إِنْ	إِنْ	1.00	1.00	rec	3913.42	3913.64
188	22	أَنَا۠	أَنَا	1.00	1.00	rec	3913.70	3913.98
188	23	إِلَّا	إِلَّا	1.00	1.00	rec	3914.08	3914.58
188	24	نَذِيرٌۭ	نَذِيرٌ	1.00	1.00	rec	3914.90	3915.68
188	25	وَبَشِيرٌۭ	وَبَشِيرٌ	1.00	1.00	rec	3916.26	3917.28
188	26	لِّقَوْمٍۢ	لِقَوْمٍ	1.00	1.00	rec	3917.62	3918.44
188	27	يُؤْمِنُونَ	يُؤْمِنُونَ	1.00	1.00	rec	3919.22	3921.02
189	0	هُوَ	هُوَ	1.00	1.00	rec	3922.84	3923.08
189	1	ٱلَّذِى	الَّذِي	0.75	1.00	rec	3923.12	3923.56
189	2	خَلَقَكُم	خَلَقَكُمْ	1.00	1.00	rec	3923.78	3925.20
189	3	مِّن	مِنْ	1.00	1.00	rec	3925.24	3925.80
189	4	نَّفْسٍۢ	نَفْسٍ	1.00	0.94	rec	3925.84	3926.32
189	5	وَٰحِدَةٍۢ	وَاحِدَةٍ	1.00	1.00	rec	3926.90	3927.90
189	6	وَجَعَلَ	وَجَعَلَ	1.00	1.00	rec	3928.40	3929.06
189	7	مِنْهَا	مِنْهَا	1.00	1.00	rec	3929.20	3929.70
189	8	زَوْجَهَا	زَوْجَهَا	1.00	1.00	rec	3930.06	3930.74
189	9	لِيَسْكُنَ	لِيَسْكُنَ	1.00	1.00	rec	3931.10	3931.98
189	10	إِلَيْهَاۖ	إِلَيْهَا	1.00	1.00	rec	3932.14	3932.88
189	11	فَلَمَّا	فَلَمَّا	1.00	1.00	rec	3934.12	3935.02
189	12	تَغَشَّىٰهَا	تَغَشَّاهَا	0.86	1.00	rec	3935.40	3936.64
189	13	حَمَلَتْ	حَمَلَتْ	1.00	1.00	rec	3937.02	3937.68
189	14	حَمْلًا	حَمْلًا	1.00	1.00	rec	3937.78	3938.24
189	15	خَفِيفًۭا	خَثِيفًا	0.80	0.98	rec	3938.56	3939.36
189	16	فَمَرَّتْ	فَمَرَّتْ	1.00	1.00	rec	3940.04	3940.92
189	17	بِهِۦۖ	بِهِ	0.67	1.00	rec	3941.00	3941.24
189	18	فَلَمَّآ	فَلَمَّا	1.00	1.00	rec	3942.14	3943.32
189	19	أَثْقَلَت	أَثْقَلَتْ	1.00	0.99	rec	3943.82	3944.62
189	20	دَّعَوَا	دَعَوَ	0.75	1.00	rec	3944.70	3945.18
189	21	ٱللَّهَ	اللَّهَ	1.00	1.00	rec	3945.24	3945.96
189	22	رَبَّهُمَا	رَبَّهُمَا	1.00	1.00	rec	3946.10	3946.98
189	23	لَئِنْ	لَئِنْ	1.00	0.99	rec	3947.26	3947.80
189	24	ءَاتَيْتَنَا	آتَيْتَنَا	0.86	1.00	rec	3947.90	3948.96
189	25	صَٰلِحًۭا	صَالِحًا	1.00	1.00	rec	3949.24	3950.00
189	26	لَّنَكُونَنَّ	لَنَكُونَنَّ	1.00	1.00	rec	3950.28	3951.88
189	27	مِنَ	مِنَ	1.00	1.00	rec	3951.98	3952.20
189	28	ٱلشَّٰكِرِينَ	الشَّاكِرِينَ	1.00	1.00	rec	3952.26	3954.42
190	0	فَلَمَّآ	فَلَمَّا	1.00	1.00	rec	3955.36	3956.28
190	1	ءَاتَىٰهُمَا	آتَاهُمَا	0.75	1.00	rec	3956.66	3957.92
190	2	صَٰلِحًۭا	صَالِحًا	1.00	1.00	rec	3958.24	3959.12
190	3	جَعَلَا	جَعَلَا	1.00	0.92	rec	3959.80	3960.34
190	4	لَهُۥ	لَهُ	0.67	1.00	rec	3960.76	3961.08
190	5	شُرَكَآءَ	شُرَكَاءَ	1.00	1.00	rec	3961.52	3963.48
190	6	فِيمَآ	فِيمَا	1.00	1.00	rec	3963.70	3964.32
190	7	ءَاتَىٰهُمَاۚ	آتَاهُمَا	0.75	1.00	rec	3964.76	3966.12
190	8	فَتَعَٰلَى	فَتَعَالَى	1.00	1.00	rec	3967.12	3968.22
190	9	ٱللَّهُ	اللَّهُ	1.00	1.00	rec	3968.26	3969.04
190	10	عَمَّا	عَمَّا	1.00	0.99	rec	3969.22	3970.10
190	11	يُشْرِكُونَ	يُشْرِكُونَ	1.00	1.00	rec	3970.62	3972.62
191	0	أَيُشْرِكُونَ	أَيُشْرِكُونَ	1.00	1.00	rec	3973.70	3975.08
191	1	مَا	مَعَ	0.50	0.91	rec	3975.26	3975.64
191	2	لَا	لَا	1.00	1.00	rec	3975.80	3975.92
191	3	يَخْلُقُ	يَخْلُقُ	1.00	1.00	rec	3976.28	3977.12
191	4	شَيْـًۭٔا	شَيْئًا	0.75	0.93	rec	3977.40	3978.00
191	5	وَهُمْ	وَهُمْ	1.00	1.00	rec	3978.80	3979.30
191	6	يُخْلَقُونَ	يُخْلَقُونَ	1.00	1.00	rec	3979.44	3981.22
192	0	وَلَا	وَلَا	1.00	1.00	rec	3981.94	3982.24
192	1	يَسْتَطِيعُونَ	يَسْتَطِيعُونَ	1.00	1.00	rec	3982.56	3984.24
192	2	لَهُمْ	لَهُمْ	1.00	0.98	rec	3984.38	3985.04
192	3	نَصْرًۭا	نَصْرًا	1.00	1.00	rec	3985.12	3985.64
192	4	وَلَآ	وَلَا	1.00	1.00	rec	3986.32	3986.68
192	5	أَنفُسَهُمْ	أَنْفُسَهُمْ	1.00	1.00	rec	3987.24	3989.08
192	6	يَنصُرُونَ	يَنْصُرُونَ	1.00	0.98	rec	3989.18	3991.54
193	0	وَإِن	وَإِنْ	1.00	1.00	rec	3992.46	3993.34
193	1	تَدْعُوهُمْ	تَدْعُوهُمْ	1.00	1.00	rec	3993.46	3994.68
193	2	إِلَى	إِلَى	1.00	1.00	rec	3994.78	3995.08
193	3	ٱلْهُدَىٰ	الْهُدَىٰ	1.00	1.00	rec	3995.12	3995.70
193	4	لَا	َلَا	1.00	0.86	rec	3996.02	3996.22
193	5	يَتَّبِعُوكُمْۚ	يَتَّبِعُوكُمْ	1.00	1.00	rec	3996.60	3998.26
193	6	سَوَآءٌ	سَوَاءٌ	1.00	1.00	rec	3998.94	4000.92
193	7	عَلَيْكُمْ	عَلَيْكُمْ	1.00	0.95	rec	4001.24	4002.24
193	8	أَدَعَوْتُمُوهُمْ	أَدَعَوْتُمُوهُمْ	1.00	1.00	rec	4002.34	4004.28
193	9	أَمْ	أَمْ	1.00	1.00	rec	4004.40	4004.68
193	10	أَنتُمْ	أَنْتُمْ	1.00	1.00	rec	4004.76	4005.84
193	11	صَٰمِتُونَ	صَامِتُونَ	1.00	1.00	rec	4005.96	4008.26
194	0	إِنَّ	إِنَّ	1.00	1.00	rec	4008.88	4009.58
194	1	ٱلَّذِينَ	الَّذِينَ	1.00	1.00	rec	4009.64	4010.48
194	2	تَدْعُونَ	تَدْعُونَ	1.00	1.00	rec	4010.68	4011.52
194	3	مِن	مِنْ	1.00	1.00	rec	4011.68	4012.12
194	4	دُونِ	دُونِ	1.00	1.00	rec	4012.24	4012.82
194	5	ٱللَّهِ	اللَّهِ	1.00	1.00	rec	4012.88	4013.64
194	6	عِبَادٌ	عِبَعادٌ	0.80	0.90	rec	4013.86	4014.72
194	7	أَمْثَالُكُمْۖ	أَمْثَالُكُمْ	1.00	1.00	rec	4015.04	4016.66
194	8	فَٱدْعُوهُمْ	فَادْعُوهُمْ	1.00	1.00	rec	4016.78	4017.94
194	9	فَلْيَسْتَجِيبُوا۟	فَلْيَسْتَجِيبُوا	1.00	0.98	rec	4018.08	4019.44
194	10	لَكُمْ	لَكُمْ	1.00	1.00	rec	4019.74	4020.38
194	11	إِن	إِنْ	1.00	1.00	rec	4020.48	4021.12
194	12	كُنتُمْ	كُنْتُمْ	1.00	1.00	rec	4021.24	4022.36
194	13	صَٰدِقِينَ	صَادِقِينَ	1.00	1.00	rec	4022.48	4024.56
195	0	أَلَهُمْ	أَلَهُمْ	1.00	1.00	rec	4025.80	4026.44
195	1	أَرْجُلٌۭ	أَرْجُلٌ	1.00	1.00	rec	4026.54	4027.24
195	2	يَمْشُونَ	يَمْشُونَ	1.00	1.00	rec	4027.98	4028.80
195	3	بِهَآۖ	بِهَا	1.00	1.00	rec	4028.96	4029.30
195	4	أَمْ	أَمْ	1.00	1.00	rec	4029.76	4030.00
195	5	لَهُمْ	لَهُمْ	1.00	1.00	rec	4030.08	4030.56
195	6	أَيْدٍۢ	أَيِّدٍ	1.00	0.97	rec	4030.70	4031.34
195	7	يَبْطِشُونَ	يَبْطِشُونَ	1.00	1.00	rec	4031.86	4033.00
195	8	بِهَآۖ	بِهَا	1.00	1.00	rec	4033.16	4033.54
195	9	أَمْ	أَمْ	1.00	1.00	rec	4034.06	4034.30
195	10	لَهُمْ	لَهُمْ	1.00	0.99	rec	4034.40	4034.88
195	11	أَعْيُنٌۭ	أَعْيُنٌ	1.00	1.00	rec	4035.04	4035.76
195	12	يُبْصِرُونَ	يُبْصِرُونَ	1.00	1.00	rec	4036.30	4037.54
195	13	بِهَآۖ	بِهَا	1.00	1.00	rec	4037.70	4038.06
195	14	أَمْ	أَمْ	1.00	1.00	rec	4038.80	4039.06
195	15	لَهُمْ	لَهُمْ	1.00	1.00	rec	4039.12	4039.62
195	16	ءَاذَانٌۭ	آذَانٌ	0.80	0.98	rec	4039.72	4041.14
195	17	يَسْمَعُونَ	يَسْمَعُونَ	1.00	0.99	rec	4044.88	4046.16
195	18	بِهَاۗ	بِهَا	1.00	1.00	rec	4046.28	4046.60
195	19	قُلِ	قُلُوا	0.50	0.99	rec	4047.74	4047.98
195	20	ٱدْعُوا۟	ادْعُوا	1.00	1.00	rec	4048.02	4048.42
195	21	شُرَكَآءَكُمْ	شُرَكَاءَكُمْ	1.00	1.00	rec	4048.72	4051.08
195	22	ثُمَّ	ثُمَّ	1.00	1.00	rec	4051.22	4051.94
195	23	كِيدُونِ	كِي+دُونِي	0.83	1.00	rec	4052.14	4053.06
195	24	فَلَا	فَلَا	1.00	1.00	rec	4053.36	4053.72
195	25	تُنظِرُونِ	تُنْظِرُونِ	1.00	1.00	rec	4054.10	4056.42
196	0	إِنَّ	إِنَّ	1.00	1.00	rec	4057.44	4058.34
196	1	وَلِۦِّىَ	وَلِيِّيَ	0.75	1.00	rec	4058.48	4059.44
196	2	ٱللَّهُ	اللَّهُ	1.00	1.00	rec	4059.50	4060.46
196	3	ٱلَّذِى	الَّذِي	0.75	1.00	rec	4060.52	4061.12
196	4	نَزَّلَ	نَزَّلَ	1.00	1.00	rec	4061.48	4062.16
196	5	ٱلْكِتَٰبَۖ	الْكِتَابَ	1.00	1.00	rec	4062.22	4063.36
196	6	وَهُوَ	وَهْوَ	1.00	0.93	rec	4063.50	4063.96
196	7	يَتَوَلَّى	يَتَوَلَّى	1.00	1.00	rec	4064.10	4065.04
196	8	ٱلصَّٰلِحِينَ	الصَّالِحِينَ	1.00	1.00	rec	4065.08	4067.30
197	0	وَٱلَّذِينَ	وَالَّذِينَ	1.00	1.00	rec	4068.22	4069.24
197	1	تَدْعُونَ	تَدْعُونَ	1.00	1.00	rec	4069.44	4070.36
197	2	مِن	مِنْ	1.00	0.99	rec	4070.50	4070.98
197	3	دُونِهِۦ	دُونِهِ	0.80	1.00	rec	4071.10	4071.92
197	4	لَا	لَا	1.00	1.00	rec	4072.28	4072.42
197	5	يَسْتَطِيعُونَ	يَسْتَطِيعُونَ	1.00	1.00	rec	4072.74	4074.48
197	6	نَصْرَكُمْ	نَصْرَكُمْ	1.00	1.00	rec	4074.60	4075.46
197	7	وَلَآ	وَلَا	1.00	0.96	rec	4075.58	4075.92
197	8	أَنفُسَهُمْ	أَنْفُسَهُمْ	1.00	1.00	rec	4076.28	4077.90
197	9	يَنصُرُونَ	يَنْصُرُونَ	1.00	1.00	rec	4078.00	4080.38
198	0	وَإِن	وَإِنْ	1.00	1.00	rec	4081.54	4082.48
198	1	تَدْعُوهُمْ	تَدْعُوهُمْ	1.00	1.00	rec	4082.62	4083.72
198	2	إِلَى	إِلَى	1.00	1.00	rec	4083.80	4084.06
198	3	ٱلْهُدَىٰ	الْهُدَىٰ	1.00	1.00	rec	4084.12	4084.66
198	4	لَا	لَا	1.00	1.00	rec	4084.96	4085.08
198	5	يَسْمَعُوا۟ۖ	يَسْمَعُونَ	0.83	0.99	rec	4085.34	4086.34
198	6	وَتَرَىٰهُمْ	وَتَلِاهُمْ	0.71	0.97	rec	4087.02	4087.90
198	7	يَنظُرُونَ	يَنْظُرُونَ	1.00	1.00	rec	4088.00	4089.30
198	8	إِلَيْكَ	إِلَيْكَ	1.00	1.00	rec	4089.44	4090.10
198	9	وَهُمْ	وَهُمْ	1.00	1.00	rec	4090.22	4090.68
198	10	لَا	لَا	1.00	1.00	rec	4090.76	4090.88
198	11	يُبْصِرُونَ	يُبْصِرُونَ	1.00	1.00	rec	4091.16	4092.98
199	0	خُذِ	خُذِ	1.00	1.00	rec	4093.90	4094.16
199	1	ٱلْعَفْوَ	الْعَفْوَ	1.00	1.00	rec	4094.22	4094.92
199	2	وَأْمُرْ	وَأْمُرْ	1.00	1.00	rec	4095.04	4095.74
199	3	بِٱلْعُرْفِ	بِالْعُرْفِ	1.00	0.95	rec	4095.82	4096.68
199	4	وَأَعْرِضْ	وَأَعْرِضْ	1.00	1.00	rec	4096.82	4097.82
199	5	عَنِ	عَنِ	1.00	1.00	rec	4097.90	4098.20
199	6	ٱلْجَٰهِلِينَ	الْجَاهِلِينَ	1.00	0.99	rec	4098.26	4100.24
200	0	وَإِمَّا	وَإِمَّا	1.00	1.00	rec	4101.38	4102.38
200	1	يَنزَغَنَّكَ	يَنْزَغَنَّكَ	1.00	0.95	rec	4102.70	4104.48
200	2	مِنَ	مِنَ	1.00	1.00	rec	4104.58	4104.80
200	3	ٱلشَّيْطَٰنِ	الشَّيْطَانِ	1.00	1.00	rec	4104.84	4105.92
200	4	نَزْغٌۭ	نَزْغٌ	1.00	0.99	rec	4106.04	4106.50
200	5	فَٱسْتَعِذْ	فَاسْتَعِذْ	1.00	1.00	rec	4107.22	4108.14
200	6	بِٱللَّهِۚ	بِاللَّهِ	1.00	0.96	rec	4108.20	4109.40
200	7	إِنَّهُۥ	إِنَّهُ	0.75	1.00	rec	4112.16	4113.22
200	8	سَمِيعٌ	سَمِيعٌ	1.00	1.00	rec	4113.54	4114.28
200	9	عَلِيمٌ	عَلِيمٌ	1.00	1.00	rec	4114.66	4116.02
201	0	إِنَّ	إِنَّ	1.00	1.00	rec	4117.02	4117.80
201	1	ٱلَّذِينَ	الَّذِينَ	1.00	0.95	rec	4117.84	4118.68
201	2	ٱتَّقَوْا۟	اتَّقَوْا	1.00	1.00	rec	4118.74	4119.46
201	3	إِذَا	إِذَا	1.00	1.00	rec	4119.62	4119.96
201	4	مَسَّهُمْ	مَسَّهُمْ	1.00	1.00	rec	4120.30	4121.24
201	5	طَٰٓئِفٌۭ		0.00	0.20	forced	4121.40	4122.00
201	6	مِّنَ	مِنَ	1.00	0.97	rec	4122.64	4122.86
201	7	ٱلشَّيْطَٰنِ	الشَّيْطَانِ	1.00	1.00	rec	4122.92	4124.10
201	8	تَذَكَّرُوا۟	تَذَكَّرُوا	1.00	1.00	rec	4124.30	4125.24
201	9	فَإِذَا	فَإِذَا	1.00	1.00	rec	4125.54	4126.10
201	10	هُم	هُمْ	1.00	1.00	rec	4126.42	4127.06
201	11	مُّبْصِرُونَ	مُبْصِرُونَ	1.00	1.00	rec	4127.14	4128.88
202	0	وَإِخْوَٰنُهُمْ	وَإِخْوَانُهُمْ	1.00	1.00	rec	4129.78	4131.38
202	1	يَمُدُّونَهُمْ	يَمُدُّونَهُمْ	1.00	0.99	rec	4131.48	4132.90
202	2	فِى	فِي	0.50	1.00	rec	4133.02	4133.12
202	3	ٱلْغَىِّ	الْغَيِّ	0.75	0.99	rec	4133.16	4133.94
202	4	ثُمَّ	ثُمَّ	1.00	1.00	rec	4134.14	4134.98
202	5	لَا	لَا	1.00	1.00	rec	4135.12	4135.24
202	6	يُقْصِرُونَ	يُقْصِرُونَ	1.00	1.00	rec	4135.50	4137.34
203	0	وَإِذَا	وَإِذَا	1.00	1.00	rec	4138.48	4139.00
203	1	لَمْ	لَمْ	1.00	1.00	rec	4139.28	4139.56
203	2	تَأْتِهِم	تَأْتِهِمْ	1.00	1.00	rec	4139.70	4141.02
203	3	بِـَٔايَةٍۢ	بِآيَةٍ	1.00	1.00	rec	4141.08	4141.98
203	4	قَالُوا۟	قَالُوا	1.00	0.92	rec	4142.60	4143.20
203	5	لَوْلَا	لَوْلَا	1.00	1.00	rec	4143.46	4143.88
203	6	ٱجْتَبَيْتَهَاۚ	اجْتَبَيْتَهَا	1.00	0.99	rec	4143.92	4145.24
203	7	قُلْ	قُلْ	1.00	1.00	rec	4146.34	4146.60
203	8	إِنَّمَآ	إِنَّمَا	1.00	1.00	rec	4146.70	4147.62
203	9	أَتَّبِعُ	أَتَّبِعُ	1.00	1.00	rec	4148.02	4148.80
203	10	مَا	مَا	1.00	0.99	rec	4148.98	4149.12
203	11	يُوحَىٰٓ	يُوحَىٰ	1.00	1.00	rec	4149.36	4149.92
203	12	إِلَىَّ	إِلَيَّ	0.67	1.00	rec	4150.36	4150.96
203	13	مِن	مِنْ	1.00	1.00	rec	4151.06	4151.30
203	14	رَّبِّىۚ	رَبِّي	0.67	1.00	rec	4151.38	4151.88
203	15	هَٰذَا	هَـٰذَا	1.00	1.00	rec	4153.06	4153.52
203	16	بَصَآئِرُ	بَصَائِرُ	1.00	1.00	rec	4153.78	4155.84
203	17	مِن	مِنْ	1.00	1.00	rec	4155.98	4156.24
203	18	رَّبِّكُمْ	رَبِّكُمْ	1.00	0.99	rec	4156.32	4157.16
203	19	وَهُدًۭى	وَهُدًى	1.00	1.00	rec	4157.26	4157.76
203	20	وَرَحْمَةٌۭ	وَرَحْمَةٌ	1.00	1.00	rec	4158.38	4159.26
203	21	لِّقَوْمٍۢ	لِقَوْمٍ	1.00	1.00	rec	4159.52	4160.26
203	22	يُؤْمِنُونَ	يُؤْمِنُونَ	1.00	1.00	rec	4161.18	4162.94
204	0	وَإِذَا	وَإِذَا	1.00	1.00	rec	4164.54	4165.04
204	1	قُرِئَ	قُلِئَ	0.67	0.95	rec	4165.46	4165.92
204	2	ٱلْقُرْءَانُ	الْقُرْآنُ	0.86	1.00	rec	4166.00	4167.28
204	3	فَٱسْتَمِعُوا۟	فَاسْتَمِعُوا	1.00	1.00	rec	4167.48	4168.42
204	4	لَهُۥ	لَهُ	0.67	1.00	rec	4168.74	4169.04
204	5	وَأَنصِتُوا۟	وَأَنْصِتُوا	1.00	0.95	rec	4169.38	4170.94
204	6	لَعَلَّكُمْ	لَعَلَّكُمْ	1.00	1.00	rec	4171.28	4172.48
204	7	تُرْحَمُونَ	تُرْحَمُونَ	1.00	1.00	rec	4172.62	4174.48
205	0	وَٱذْكُر	وَاذْكُرْ	1.00	1.00	rec	4175.46	4176.04
205	1	رَّبَّكَ	رَبَّكَ	1.00	0.95	rec	4176.12	4176.78
205	2	فِى	فِي	0.50	1.00	rec	4177.00	4177.14
205	3	نَفْسِكَ	نَفْسِكَ	1.00	0.97	rec	4177.52	4178.24
205	4	تَضَرُّعًۭا	تَضَرُّعًا	1.00	0.94	rec	4178.46	4179.46
205	5	وَخِيفَةًۭ	وَخِيفَةً	1.00	1.00	rec	4180.12	4181.18
205	6	وَدُونَ	وَدُونَ	1.00	1.00	rec	4181.86	4182.56
205	7	ٱلْجَهْرِ	الْجَهْرِ	1.00	0.93	rec	4182.62	4183.30
205	8	مِنَ	مِنَ	1.00	1.00	rec	4183.46	4183.70
205	9	ٱلْقَوْلِ	الْقَوْلِ	1.00	1.00	rec	4183.76	4184.54
205	10	بِٱلْغُدُوِّ	بِالْغُدُومِّ	0.86	0.88	rec	4184.70	4185.82
205	11	وَٱلْءَاصَالِ	وَالْآصَالِ	0.88	1.00	rec	4186.00	4188.22
205	12	وَلَا	وَلَا	1.00	1.00	rec	4188.98	4189.26
205	13	تَكُن	تَكُنْ	1.00	1.00	rec	4189.58	4190.50
205	14	مِّنَ	مِنَ	1.00	1.00	rec	4190.54	4190.78
205	15	ٱلْغَٰفِلِينَ	الْغَافِلِينَ	1.00	1.00	rec	4190.84	4193.06
206	0	إِنَّ	إِنَّ	1.00	0.96	rec	4193.84	4194.76
206	1	ٱلَّذِينَ	الَّذِينَ	1.00	1.00	rec	4194.82	4195.64
206	2	عِندَ	عِنْدَ	1.00	1.00	rec	4195.78	4196.62
206	3	رَبِّكَ	رَبِّكَ	1.00	0.94	rec	4196.74	4197.52
206	4	لَا	لَا	1.00	1.00	rec	4197.68	4197.80
206	5	يَسْتَكْبِرُونَ	يَسْتَكْبِرُونَ	1.00	1.00	rec	4198.20	4199.66
206	6	عَنْ	عَنْ	1.00	1.00	rec	4199.78	4200.16
206	7	عِبَادَتِهِۦ	عِبَادَتِهِ	0.86	1.00	rec	4200.24	4201.48
206	8	وَيُسَبِّحُونَهُۥ	وَيُسَبِّحُونَهُ	0.89	1.00	rec	4201.88	4203.70
206	9	وَلَهُۥ	وَلَهُ	0.75	1.00	rec	4204.02	4204.54
206	10	يَسْجُدُونَ۩	يَسْجُدُونَ	1.00	1.00	rec	4205.02	4207.80

# recognised but not in the text (repeats are listed in the json)
extra			فَأُولَـٰئِكَ		1.00		133.74	136.08
extra			الَّذِينَ		1.00		136.14	137.12
extra			خَسِرُوا		1.00		137.32	137.96
extra			أَنْفُسَهُمْ		1.00		138.70	140.84
extra			فَسَجَدُوا		0.92		178.04	178.82
extra			أَيْمَانِهِمْ		1.00		258.50	259.86
extra			وَعَنْ		1.00		259.96	260.80
extra			فَكُلَا		1.00		297.60	298.20
extra			مِنْ		1.00		298.58	298.88
extra			حَيْثُسِ		0.99		299.02	299.96
extra			ئْتُمَا		0.99		300.24	300.68
extra			وَطَثِقَا		0.97		359.82	360.74
extra			يَخْسِفَانِ		0.98		361.08	362.32
extra			عَلَيْهِمَا		1.00		362.48	363.58
extra			وَأَقُلْ		1.00		385.96	386.76
extra			لَكُمَا		1.00		386.84	387.50
extra			لَعَيَف		0.75		463.46	464.14
extra			كَمَا		0.96		475.28	475.62
extra			أَخْرَجَ		1.00		476.26	476.94
extra			أَبَوَيْكُمْ		0.94		477.06	478.58
extra			مِنَ		1.00		478.64	478.88
extra			الْجَنَّةِ		0.99		478.92	480.40
extra			وَالْبَغْيَ		1.00		644.72	645.70
extra			بِغَيْنِ		0.90		645.84	646.56
extra			الْحَقِ		0.96		646.62	647.14
extra			قِّ		0.79		647.30	647.40
extra			قَالُوا		0.95		762.38	763.02
extra			ضَلُّوا		1.00		763.34	763.90
extra			عَنَّا		1.00		764.28	765.12
extra			وَشَهِدُوا		1.00		765.48	766.38
extra			عَلَىٰ		1.00		766.76	767.12
extra			أَنْفُسِهِمْ		1.00		767.46	769.30
extra			دَارَكُ		1.00		796.10	796.88
extra			فِيهَا		0.89		797.30	797.86
extra			جَمِيعًا		1.00		798.24	799.18
extra			حَتَّىٰ		0.98		801.04	801.52
extra			قَالَتْ		1.00		811.72	812.50
extra			أُخْرِعْهُمْ		0.90		812.58	813.64
extra			لِأُولَاهُمْ		0.98		813.74	815.04
extra			فَآتِهِمْ		1.00		823.10	824.36
extra			عَذَابًا		1.00		824.46	825.24
extra			لَا		1.00		869.92	870.04
extra			تُفْتَحُ		1.00		870.42	871.06
extra			لَهُمْ		1.00		871.24	871.82
extra			أَبْوَابُ		1.00		871.92	872.86
extra			السَّمَاءِ		0.98		872.92	875.20
extra			فَهَلْ		1.00		988.64	989.10
extra			وَجَدْتُمْ		1.00		989.16	990.60
extra			وَيَبْغُونَهَا		1.00		1016.34	1017.88
extra			عِوَجًا		1.00		1018.32	1018.96
extra			أَفِيضُوا		0.94		1122.36	1123.20
extra			عَلَيْنَا		1.00		1123.60	1124.34
extra			مِنَ		1.00		1124.74	1125.02
extra			الْمَاءِ		1.00		1125.08	1126.86
extra			دَ		0.85		1205.14	1205.22
extra			أَوْ		1.00		1206.32	1206.56
extra			نُرَدُّ		1.00		1206.62	1207.26
extra			السَّحَا		0.98		1303.10	1303.68
extra			بَانْثِقَالًاسُقْنَاهُ		0.96		1304.10	1307.46
extra			فَأَنْزَلْنَا		1.00		1315.68	1317.42
extra			بِهِ		1.00		1317.82	1318.12
extra			الْمَاءَ		1.00		1318.20	1320.18
extra			إِنِّيَ		0.99		1374.42	1375.82
extra			أَخَافُ		1.00		1376.00	1376.90
extra			عَلَيْكُمْ		1.00		1377.04	1378.14
extra			لِيُنْذِرَكُمْ		1.00		1431.66	1433.46
extra			سَمَّيْتُمُوهَا		0.99		1593.88	1596.08
extra			أَنْتُمْ		1.00		1596.58	1597.74
extra			وَآبَاؤُكُمْ		1.00		1597.86	1601.26
extra			فَذَرُوهَا		1.00		1665.96	1666.98
extra			فَيَأْخُذَكُمْ		1.00		1675.64	1677.10
extra			وَلَا		1.00		1678.06	1678.36
extra			تَمَسُّوهَا		0.98		1678.60	1679.70
extra			بِسُوءٍ		1.00		1680.10	1681.78
extra			وَعَتَوْا		0.99		1762.38	1763.06
extra			عَنْ		1.00		1763.18	1763.50
extra			أَمْرِ		1.00		1763.58	1763.98
extra			رَبِّهِمْ		1.00		1764.12	1764.98
extra			وَنَصَحْتُ		1.00		1795.88	1796.80
extra			لَكُمْ		1.00		1796.94	1797.50
extra			وَلَا		1.00		1908.86	1909.18
extra			تُفْسِدُوا		1.00		1909.64	1910.38
extra			فِي		0.81		1910.76	1910.86
extra			الْأَرْضِ		1.00		1910.92	1911.68
extra			فَاصْبِرُوا		1.00		1969.34	1970.06
extra			كَيفٍ		0.88		2088.28	2088.98
extra			إِلَّا		1.00		2105.74	2106.30
extra			أَخَذْنَا		1.00		2106.62	2107.42
extra			أَهْلَهَا		1.00		2107.84	2108.46
extra			بِالْبَأْسَاءِ		0.98		2108.86	2111.26
extra			وَالضَّرَّاءِ		0.98		2111.36	2113.58
extra			نَضَّرُ		0.97		2127.60	2128.14
extra			ط		0.93		2128.46	2128.48
extra			سَرا		0.80		2130.30	2130.76
extra			لَفَتَحْنَا		1.00		2145.82	2146.62
extra			عَلَيْهِمْ		1.00		2146.88	2148.12
extra			فَظَلَمُوا		0.98		2258.06	2258.78
extra			بِهَا		1.00		2259.04	2259.36
extra			سَحَرُوا		0.96		2393.48	2394.04
extra			أَعْيُنَ		1.00		2394.56	2395.12
extra			النَّاسِ		1.00		2395.20	2396.36
extra			وَاسْتَرْهَبُوهُمْ		0.97		2396.48	2398.08
extra			عَنْ		0.91		2410.14	2410.48
extra			أَلْقِ		1.00		2410.56	2411.08
extra			عَصَاكَ		1.00		2411.22	2412.20
extra			مُسْرَى		0.71		2501.70	2502.12
extra			م		1.00		2502.28	2502.30
extra			أَتَذَرُ		1.00		2511.36	2511.94
extra			مُوسَىٰ		1.00		2512.06	2512.54
extra			وَقَوْمَهُ		0.98		2512.84	2513.84
extra			وَكَلَّمَهُ		0.99		2817.80	2818.82
extra			رَبُّهُ		1.00		2819.10	2819.76
extra			إِنْ		1.00		2977.96	2978.18
extra			أَخَذَ		1.00		3075.58	3076.06
extra			الْأَلْوَاحَ		1.00		3076.14	3077.10
extra			ي		1.00		3102.44	3102.46
extra			تَشَىٰ		1.00		3115.12	3115.50
extra			إِنْ		1.00		3117.88	3118.12
extra			هِيَ		1.00		3118.20	3118.46
extra			إِلَّا		1.00		3118.54	3119.00
extra			فِتْنَتُكَ		1.00		3119.40	3120.36
extra			تُضِلُّ		1.00		3120.54	3121.12
extra			بِهَا		1.00		3121.28	3121.60
extra			مَنْ		1.00		3121.96	3122.60
extra			وَرَحْمَتِي		1.00		3159.78	3160.52
extra			وَسِعَتْ		1.00		3160.72	3161.40
extra			كُلَّ		1.00		3161.46	3161.78
extra			شَيْءٍ		0.99		3161.96	3162.36
extra			وَيُحِلُّ		1.00		3199.96	3200.54
extra			لَهُمْ		0.96		3200.64	3201.00
extra			ضَيِّبَاتِي		0.88		3201.32	3202.24
extra			صْرَهُمْ		0.99		3208.18	3208.88
extra			وَيَضَعُ		0.93		3209.86	3210.50
extra			عَنْهُمْ		1.00		3210.62	3211.26
extra			الَّتِي		1.00		3362.88	3363.30
extra			كَانَتْ		1.00		3363.56	3364.28
extra			حَاضِرَةَ		1.00		3364.36	3365.32
extra			الْبَحْرِ		0.93		3365.36	3365.98
extra			فَلَمَّا		1.00		3409.98	3410.90
extra			نَسُوا		0.98		3411.16	3411.52
extra			مَا		1.00		3411.80	3411.92
extra			ذُكِّرُوا		0.92		3412.20	3412.78
extra			بِهِ		1.00		3413.02	3413.34
extra			قُلْ		1.00		3433.60	3433.86
extra			نَعَلَهُمْ		0.93		3433.94	3434.82
extra			وَكُنَّا		1.00		3596.74	3597.86
extra			ذُرِّيَّةً		1.00		3598.30	3599.24
extra			مِنْ		1.00		3599.96	3600.66
extra			بَعْدِهِمْ		1.00		3600.74	3601.68
extra			فَانْسَلَخَ		0.99		3628.00	3629.48
extra			مِنْهَا		1.00		3629.62	3630.20
extra			وَلَـٰكِنَّهُ		1.00		3647.70	3649.42
extra			أَخْلَدْ		1.00		3650.06	3650.76
extra			إِلَى		1.00		3650.92	3651.18
extra			الْأَرْضِ		0.99		3651.22	3652.00
extra			وَلَهُمْ		1.00		3724.54	3725.24
extra			آذَانٌ		1.00		3725.36	3726.36
extra			وَذَرُوا		1.00		3757.00	3757.48
extra			الَّذِينَ		1.00		3757.54	3758.54
extra			يُلْحِدُونَ		1.00		3758.68	3759.90
extra			فِي		1.00		3760.14	3760.30
extra			أَسْمَائِهِ		1.00		3760.78	3763.16
extra			أَمْ		1.00		4042.60	4042.78
extra			لَهُمْ		1.00		4042.86	4043.28
extra			آذَانٌ		1.00		4043.36	4044.22
extra			فَاسْتَعِذْ		1.00		4110.32	4111.14
extra			بِاللَّهِ		1.00		4111.20	4112.02
extra			ضَيْفٌ		0.96		4121.40	4122.00
