group	word	mushaf	heard	sim	prob	how	t0	t1
isti	0	أَعُوذُ		0.00	0.00	spread	0.00	0.20
isti	1	بِٱللَّهِ		0.00	0.00	spread	0.20	0.40
isti	2	مِنَ		0.00	0.00	spread	0.40	0.60
isti	3	ٱلشَّيْطَٰنِ		0.00	0.00	spread	0.60	0.80
isti	4	ٱلرَّجِيمِ		0.00	0.00	spread	0.80	1.00
header	0	بِسۡمِ	بِسْمِ	1.00	1.00	rec	1.00	1.26
header	1	ٱللَّهِ	اللَّهِ	1.00	0.94	rec	1.30	1.66
header	2	ٱلرَّحۡمَٰنِ	الرَّحْمَـٰعَنِ	0.88	0.97	rec	1.70	2.66
header	3	ٱلرَّحِيمِ	الرَّحِيمِ	1.00	1.00	rec	2.70	4.18
1	0	الٓرۚ	الر	1.00	0.99	rec	4.92	8.36
1	1	كِتَٰبٌ	كِتَابٌ	1.00	1.00	rec	9.84	10.56
1	2	أُحْكِمَتْ	أُحْكِمَتْ	1.00	1.00	rec	10.92	11.86
1	3	ءَايَٰتُهُۥ	آيَاتُهُ	0.83	1.00	rec	11.94	13.16
1	4	ثُمَّ	ثُمَّ	1.00	1.00	rec	13.58	14.46
1	5	فُصِّلَتْ	فُصِّلَتْ	1.00	1.00	rec	14.60	15.44
1	6	مِن	مِنْ	1.00	1.00	rec	15.52	15.80
1	7	لَّدُنْ	لَدُنْ	1.00	1.00	rec	15.88	16.38
1	8	حَكِيمٍ	حَكِيمٍ	1.00	1.00	rec	16.48	17.32
1	9	خَبِيرٍ	خَبِيرٍ	1.00	1.00	rec	17.70	19.20
2	0	أَلَّا	أَلَّا	1.00	0.97	rec	20.36	20.76
2	1	تَعْبُدُوٓا۟	تَعْبُدُوا	1.00	0.96	rec	21.10	21.76
2	2	إِلَّا	إِلَّا	1.00	1.00	rec	22.14	22.64
2	3	ٱللَّهَۚ	اللَّهَ	1.00	0.96	rec	22.68	23.54
2	4	إِنَّنِى	إِنَّنِي	1.00	1.00	rec	23.96	25.18
2	5	لَكُم	لَكُمْ	1.00	1.00	rec	25.56	26.40
2	6	مِّنْهُ	مِنْهُ	1.00	1.00	rec	26.46	26.92
2	7	نَذِيرٌۭ	نَذِيرٌ	1.00	1.00	rec	27.06	27.92
2	8	وَبَشِيرٌۭ	وَبَشِيرٌ	1.00	1.00	rec	28.64	30.06
3	0	وَأَنِ	وَأَنِ	1.00	1.00	rec	30.96	31.36
3	1	ٱسْتَغْفِرُوا۟	اسْتَغْفِرُوا	1.00	0.94	rec	31.40	32.28
3	2	رَبَّكُمْ	رَبَّكُمْ	1.00	0.99	rec	32.56	33.28
3	3	ثُمَّ	ثُمَّ	1.00	1.00	rec	33.40	33.96
3	4	تُوبُوٓا۟	تُوبُوا	1.00	0.98	rec	34.14	34.72
3	5	إِلَيْهِ	إِلَيْهِ	1.00	1.00	rec	35.56	36.18
3	6	يُمَتِّعْكُم	يُمَ+تِعْكُمْ	1.00	0.77	rec	36.30	37.76
3	7	مَّتَٰعًا	مَتَاعًا	1.00	1.00	rec	37.82	38.66
3	8	حَسَنًا	حَسَنًا	1.00	1.00	rec	39.00	39.52
3	9	إِلَىٰٓ	إِلَىٰ	1.00	1.00	rec	39.80	40.12
3	10	أَجَلٍۢ	أَجَلٍ	1.00	0.96	rec	40.60	41.00
3	11	مُّسَمًّۭى	مُسَمًّى	1.00	0.92	rec	41.48	42.92
3	12	وَيُؤْتِ	وَيُؤْتِ	1.00	1.00	rec	43.98	44.52
3	13	كُلَّ	كُلَّ	1.00	1.00	rec	44.68	45.04
3	14	ذِى	ذِي	1.00	1.00	rec	45.16	45.28
3	15	فَضْلٍۢ	فَضْلٍ	1.00	1.00	rec	45.58	46.06
3	16	فَضْلَهُۥۖ	فَضْلَهٍ	1.00	0.90	rec	47.04	47.72
3	17	وَإِن	وَإِنْ	1.00	1.00	rec	48.38	49.34
3	18	تَوَلَّوْا۟	تَوَلَّوْا	1.00	1.00	rec	49.46	50.22
3	19	فَإِنِّىٓ	فَإِنِّيَ	1.00	1.00	rec	50.38	51.52
3	20	أَخَافُ	أَخَافُ	1.00	1.00	rec	51.64	52.42
3	21	عَلَيْكُمْ	عَلَيْكُمْ	1.00	1.00	rec	52.54	53.56
3	22	عَذَابَ	عَذَابَ	1.00	1.00	rec	53.64	54.26
3	23	يَوْمٍۢ	يَوْمٍ	1.00	1.00	rec	54.36	54.82
3	24	كَبِيرٍ	كَبِيرٍ	1.00	1.00	rec	55.48	56.66
4	0	إِلَى	إِلَى	1.00	1.00	rec	57.16	57.42
4	1	ٱللَّهِ	اللَّهِ	1.00	1.00	rec	57.46	58.36
4	2	مَرْجِعُكُمْۖ	مَرْجِعُكُمْ	1.00	1.00	rec	58.52	59.66
4	3	وَهُوَ	وَهُوَ	1.00	1.00	rec	59.76	60.20
4	4	عَلَىٰ	عَلَىٰ	1.00	1.00	rec	60.32	60.64
4	5	كُلِّ	كُلِّ	1.00	1.00	rec	60.98	61.36
4	6	شَىْءٍۢ	شَيْءٍ	1.00	1.00	rec	61.54	61.98
4	7	قَدِيرٌ	قَدِيرٌ	1.00	1.00	rec	62.74	63.76
5	0	أَلَآ	أَلَا	1.00	1.00	rec	64.26	64.58
5	1	إِنَّهُمْ	إِنَّهُمْ	1.00	1.00	rec	64.84	65.90
5	2	يَثْنُونَ	يَذْنُونَ	0.80	0.94	rec	66.00	66.98
5	3	صُدُورَهُمْ	صُدُورَهُمْ	1.00	1.00	rec	67.14	68.26
5	4	لِيَسْتَخْفُوا۟	لِيَسْتَحْفُوا	0.88	0.95	rec	68.32	69.32
5	5	مِنْهُۚ	مِنْهُ	1.00	1.00	rec	69.66	70.00
5	6	أَلَا	أَلَا	1.00	0.92	rec	70.68	71.02
5	7	حِينَ	حِيينَ	0.75	0.93	rec	71.42	71.94
5	8	يَسْتَغْشُونَ	يَسْتَغْشُونَ	1.00	0.99	rec	72.06	73.30
5	9	ثِيَابَهُمْ	ثِيَابَهُمْ	1.00	1.00	rec	73.50	74.66
5	10	يَعْلَمُ	يَعْلَمُ	1.00	1.00	rec	74.76	75.36
5	11	مَا	مَا	1.00	1.00	rec	75.52	75.64
5	12	يُسِرُّونَ	يُسِرُّونَ	1.00	1.00	rec	75.86	76.96
5	13	وَمَا	وَمَا	1.00	1.00	rec	77.08	77.44
5	14	يُعْلِنُونَۚ	يُعْلِنُونَ	1.00	1.00	rec	77.82	79.62
5	15	إِنَّهُۥ	إِنَّهُ	1.00	1.00	rec	80.18	81.18
5	16	عَلِيمٌۢ	عَلِيمٌ	1.00	1.00	rec	81.50	82.18
5	17	بِذَاتِ	بِذَاتِ	1.00	1.00	rec	82.80	83.60
5	18	ٱلصُّدُورِ	السُّدُورِ	0.83	0.93	rec	83.66	85.36
6	0	وَمَا	وَمَا	1.00	1.00	rec	87.56	87.86
6	1	مِن	مِنْ	1.00	1.00	rec	88.12	88.56
6	2	دَآبَّةٍۢ	دَابَّةٍ	1.00	1.00	rec	88.68	91.44
6	3	فِى	فِي	1.00	1.00	rec	92.06	92.16
6	4	ٱلْأَرْضِ	الْأَرْضِ	1.00	1.00	rec	92.22	92.90
6	5	إِلَّا	إِلَّا	1.00	1.00	rec	93.06	93.56
6	6	عَلَى	عَلَى	1.00	1.00	rec	93.86	94.12
6	7	ٱللَّهِ	اللَّهِ	1.00	1.00	rec	94.18	95.00
6	8	رِزْقُهَا	رِزْقُهَا	1.00	1.00	rec	95.14	95.84
6	9	وَيَعْلَمُ	وَيَعْلَمُ	1.00	1.00	rec	96.28	97.08
6	10	مُسْتَقَرَّهَا	مُسْتَقَرَّهَا	1.00	1.00	rec	97.22	98.42
6	11	وَمُسْتَوْدَعَهَاۚ	وَمُسْتَوْدَعَهَا	1.00	1.00	rec	98.78	100.28
6	12	كُلٌّۭ	كُلٌّ	1.00	0.98	rec	101.66	102.04
6	13	فِى	فِي	1.00	1.00	rec	102.66	102.80
6	14	كِتَٰبٍۢ	كِتَابٍ	1.00	1.00	rec	103.06	104.04
6	15	مُّبِينٍۢ	مُبِينٍ	1.00	1.00	rec	104.44	105.90
7	0	وَهُوَ	وَهُوَ	1.00	1.00	rec	106.46	106.78
7	1	ٱلَّذِى	الَّذِي	1.00	1.00	rec	106.84	107.30
7	2	خَلَقَ	خَلَقَ	1.00	1.00	rec	107.72	108.26
7	3	ٱلسَّمَٰوَٰتِ	السَّمَاوَاتِ	1.00	0.97	rec	108.30	109.84
7	4	وَٱلْأَرْضَ	وَالْأَرْضَ	1.00	1.00	rec	110.00	110.88
7	5	فِى	فِي	1.00	1.00	rec	111.08	111.22
7	6	سِتَّةِ	سِتَّةِ	1.00	1.00	rec	111.56	112.24
7	7	أَيَّامٍۢ	أَيَّامٍ	1.00	0.98	rec	112.38	113.74
7	8	وَكَانَ	وَكَانَ	1.00	1.00	rec	114.72	115.52
7	9	عَرْشُهُۥ	عَرْشُهُ	1.00	0.98	rec	115.64	116.38
7	10	عَلَى	عَلَى	1.00	1.00	rec	116.68	116.92
7	11	ٱلْمَآءِ	الْمَاءِ	1.00	1.00	rec	116.96	118.34
7	12	لِيَبْلُوَكُمْ	لِيَبْلُوَكُمْ	1.00	1.00	rec	118.48	119.70
7	13	أَيُّكُمْ	أَيُّكُمْ	1.00	1.00	rec	119.82	120.66
7	14	أَحْسَنُ	أَحْسَنُ	1.00	0.93	rec	120.78	121.42
7	15	عَمَلًۭاۗ	عَمَلًا	1.00	1.00	rec	121.60	122.08
7	16	وَلَئِن	وَلَئِنْ	1.00	1.00	rec	123.08	123.98
7	17	قُلْتَ	قُلْتَ	1.00	1.00	rec	124.08	124.50
7	18	إِنَّكُم	إِنَّكُمْ	1.00	1.00	rec	124.62	126.14
7	19	مَّبْعُوثُونَ	مَبْعُوثُونَ	1.00	1.00	rec	126.20	127.48
7	20	مِنۢ	مِنْ	1.00	1.00	rec	127.58	127.98
7	21	بَعْدِ	بَعْدِ	1.00	1.00	rec	128.06	128.40
7	22	ٱلْمَوْتِ	الْمَوْتِ	1.00	1.00	rec	128.46	129.08
7	23	لَيَقُولَنَّ	لَيَقُولَنَّ	1.00	1.00	rec	129.20	130.48
7	24	ٱلَّذِينَ	الَّذِينَ	1.00	1.00	rec	130.52	131.24
7	25	كَفَرُوٓا۟	كَفَرُوا	1.00	0.90	rec	131.40	131.90
7	26	إِنْ	إِنْ	1.00	1.00	rec	132.26	132.58
7	27	هَٰذَآ	هَـٰذَا	1.00	1.00	rec	132.66	133.32
7	28	إِلَّا	إِلَّا	1.00	1.00	rec	133.94	134.38
7	29	سِحْرٌۭ	سِحْرٌ	1.00	1.00	rec	134.64	135.08
7	30	مُّبِينٌۭ	مُبِينٌ	1.00	1.00	rec	135.62	137.00
8	0	وَلَئِنْ	وَلَئِنْ	1.00	1.00	rec	137.70	138.28
8	1	أَخَّرْنَا	أَخَّرْنَا	1.00	0.99	rec	138.36	139.06
8	2	عَنْهُمُ	عَنْهُمُ	1.00	1.00	rec	139.30	139.90
8	3	ٱلْعَذَابَ	الْعَذَابَ	1.00	1.00	rec	139.98	140.96
8	4	إِلَىٰٓ	إِلَىٰ	1.00	1.00	rec	141.10	141.44
8	5	أُمَّةٍۢ	أُمَّةٍ	1.00	1.00	rec	141.74	142.56
8	6	مَّعْدُودَةٍۢ	مَعْدُودَةٍ	1.00	1.00	rec	143.16	144.18
8	7	لَّيَقُولُنَّ	لَيَقُولُنَّ	1.00	1.00	rec	144.42	145.82
8	8	مَا	مَا	1.00	1.00	rec	145.96	146.08
8	9	يَحْبِسُهُۥٓۗ	يَحْبِسُهُ	1.00	1.00	rec	146.44	147.28
8	10	أَلَا	أَلَا	1.00	1.00	rec	148.10	148.44
8	11	يَوْمَ	يَوْمَ	1.00	1.00	rec	148.86	149.34
8	12	يَأْتِيهِمْ	يَأْتِيهِمْ	1.00	1.00	rec	149.50	150.88
8	13	لَيْسَ	لَيْسَ	1.00	1.00	rec	150.96	151.54
8	14	مَصْرُوفًا	مَصْرُوفًا	1.00	1.00	rec	151.70	152.74
8	15	عَنْهُمْ	عَنْهُمْ	1.00	1.00	rec	153.10	153.98
8	16	وَحَاقَ	وَحَاقَ	1.00	1.00	rec	154.50	155.28
8	17	بِهِم	بِهِمْ	1.00	1.00	rec	155.42	156.70
8	18	مَّا	مَا	1.00	1.00	rec	156.76	156.90
8	19	كَانُوا۟	كَانُوا	1.00	1.00	rec	157.30	157.90
8	20	بِهِۦ	بِهِ	1.00	1.00	rec	158.36	158.66
8	21	يَسْتَهْزِءُونَ	يَسْتَهْزِئُونَ	0.88	1.00	rec	159.12	161.56
9	0	وَلَئِنْ	وَلَئِنْ	1.00	1.00	rec	162.40	162.92
9	1	أَذَقْنَا	أَذَقْنَا	1.00	0.97	rec	162.98	163.64
9	2	ٱلْإِنسَٰنَ	الْإِنْسَعَانَ	0.88	0.99	rec	163.70	165.34
9	3	مِنَّا	مِنَّا	1.00	0.98	rec	165.46	166.16
9	4	رَحْمَةًۭ	رَحْمَةً	1.00	1.00	rec	166.50	167.16
9	5	ثُمَّ	ثُمَّ	1.00	1.00	rec	167.68	168.30
9	6	نَزَعْنَٰهَا	نَزَعْنَاهَا	1.00	1.00	rec	168.42	169.46
9	7	مِنْهُ	مِنْهُ	1.00	1.00	rec	169.80	170.24
9	8	إِنَّهُۥ	إِنَّهُ	1.00	1.00	rec	170.42	171.30
9	9	لَيَـُٔوسٌۭ	لَيَئُوسٌ	0.80	1.00	rec	171.66	172.50
9	10	كَفُورٌۭ	كَفُورٌ	1.00	1.00	rec	173.16	174.38
10	0	وَلَئِنْ	وَلَئِنْ	1.00	1.00	rec	175.12	175.66
10	1	أَذَقْنَٰهُ	أَذَقْنَاهُ	1.00	0.99	rec	175.72	176.64
10	2	نَعْمَآءَ	نَعْمَاءَ	1.00	1.00	rec	176.76	178.22
10	3	بَعْدَ	بَعْدَ	1.00	1.00	rec	178.34	178.72
10	4	ضَرَّآءَ	ضَرَّاءَ	1.00	1.00	rec	178.84	180.74
10	5	مَسَّتْهُ	مَسَّتْهُ	1.00	1.00	rec	180.84	181.58
10	6	لَيَقُولَنَّ	لَيَقُولَنَّ	1.00	0.95	rec	181.78	183.16
10	7	ذَهَبَ	ذَهَبَ	1.00	1.00	rec	183.28	183.72
10	8	ٱلسَّيِّـَٔاتُ	السَّيِّئَاتُ	0.86	1.00	rec	183.78	185.14
10	9	عَنِّىٓۚ	عَنِّي	1.00	1.00	rec	185.26	186.06
10	10	إِنَّهُۥ	إِنَّهُ	1.00	0.99	rec	186.90	187.78
10	11	لَفَرِحٌۭ	لَفَرِحٌ	1.00	1.00	rec	188.02	188.66
10	12	فَخُورٌ	فَخُورٌ	1.00	1.00	rec	189.20	190.46
11	0	إِلَّا	إِلَّا	1.00	1.00	rec	191.04	191.40
11	1	ٱلَّذِينَ	الَّذِينَ	1.00	1.00	rec	191.44	191.98
11	2	صَبَرُوا۟	صَبَرُوا	1.00	0.94	rec	192.12	192.56
11	3	وَعَمِلُوا۟	وَعَمِلُوا	1.00	1.00	rec	192.70	193.24
11	4	ٱلصَّٰلِحَٰتِ	الصَّالِحَاتِ	1.00	0.99	rec	193.28	194.38
11	5	أُو۟لَٰٓئِكَ	أُولَـٰئِكَ	1.00	1.00	rec	194.48	196.24
11	6	لَهُم	لَهُمْ	1.00	1.00	rec	196.32	197.06
11	7	مَّغْفِرَةٌۭ	غْفِرَةٌ	0.80	0.98	rec	197.34	197.92
11	8	وَأَجْرٌۭ	وَأَجْرٌ	1.00	0.97	rec	198.52	199.10
11	9	كَبِيرٌۭ	كَبِيرٌ	1.00	1.00	rec	199.68	200.88
12	0	فَلَعَلَّكَ	فَلَعَلَّكَ	1.00	1.00	rec	201.54	202.38
12	1	تَارِكٌۢ	تَعْرِكٌ	0.75	0.99	rec	202.54	203.14
12	2	بَعْضَ	بَعْضَ	1.00	1.00	rec	203.72	204.10
12	3	مَا	مَا	1.00	1.00	rec	204.22	204.34
12	4	يُوحَىٰٓ	يُوحَىٰ	1.00	1.00	rec	204.60	205.14
12	5	إِلَيْكَ	إِلَيْكَ	1.00	1.00	rec	205.76	206.36
12	6	وَضَآئِقٌۢ	وَضَائِقٌ	1.00	1.00	rec	206.48	208.42
12	7	بِهِۦ	بِهِ	1.00	1.00	rec	209.16	209.46
12	8	صَدْرُكَ	صَدْرُكَ	1.00	1.00	rec	209.72	210.32
12	9	أَن	أَنْ	1.00	1.00	rec	210.84	211.10
12	10	يَقُولُوا۟	يَقُولُوا	1.00	1.00	rec	211.16	211.80
12	11	لَوْلَآ	لَوْلَا	1.00	1.00	rec	212.08	212.56
12	12	أُنزِلَ	أُنْزِلَ	1.00	1.00	rec	212.82	213.64
12	13	عَلَيْهِ	عَلَيْهِ	1.00	1.00	rec	213.76	214.32
12	14	كَنزٌ	كَنْزٌ	1.00	1.00	rec	214.52	215.18
12	15	أَوْ	أَوْ	1.00	1.00	rec	215.46	215.68
12	16	جَآءَ	جَاءَ	1.00	1.00	rec	215.80	217.52
12	17	مَعَهُۥ	مَعَهُ	1.00	1.00	rec	217.62	218.10
12	18	مَلَكٌۚ	مَلَكٌ	1.00	1.00	rec	218.32	218.84
12	19	إِنَّمَآ	إِنَّمَا	1.00	0.99	rec	219.30	220.22
12	20	أَنتَ	أَنْتَ	1.00	1.00	rec	220.44	221.30
12	21	نَذِيرٌۭۚ	نَذِيرٌ	1.00	1.00	rec	221.42	222.22
12	22	وَٱللَّهُ	وَاللَّهُ	1.00	0.99	rec	222.68	223.58
12	23	عَلَىٰ	عَلَىٰ	1.00	1.00	rec	223.74	224.06
12	24	كُلِّ	كُلِّ	1.00	0.98	rec	224.38	224.78
12	25	شَىْءٍۢ	شَيْءٍ	1.00	1.00	rec	224.96	225.40
12	26	وَكِيلٌ	وَكِيلٌ	1.00	1.00	rec	225.84	226.94
13	0	أَمْ	أَمْ	1.00	1.00	rec	227.38	227.58
13	1	يَقُولُونَ	يَقُولُونَ	1.00	1.00	rec	227.68	228.76
13	2	ٱفْتَرَىٰهُۖ	افْتَرِيهِ	0.86	0.99	rec	228.80	229.78
13	3	قُلْ	قُلْ	1.00	1.00	rec	230.26	230.50
13	4	فَأْتُوا۟	فَأْتُوا	1.00	1.00	rec	230.60	231.04
13	5	بِعَشْرِ	بِعَشْرِ	1.00	1.00	rec	231.22	231.82
13	6	سُوَرٍۢ	سُوَلٍ	0.67	0.94	rec	232.00	232.44
13	7	مِّثْلِهِۦ	مِثْلِهِ	1.00	1.00	rec	232.94	233.58
13	8	مُفْتَرَيَٰتٍۢ	مُفْتَرَيَاتٍ	1.00	1.00	rec	233.98	235.24
13	9	وَٱدْعُوا۟	وَادْعُوا	1.00	1.00	rec	235.60	236.10
13	10	مَنِ	مَنِ	1.00	1.00	rec	236.42	236.64
13	11	ٱسْتَطَعْتُم	اسْتَطَعْتُمْ	1.00	1.00	rec	236.70	238.02
13	12	مِّن	مِنْ	1.00	1.00	rec	238.08	238.48
13	13	دُونِ	دُونِ	1.00	1.00	rec	238.58	239.14
13	14	ٱللَّهِ	اللَّهِ	1.00	0.99	rec	239.20	239.86
13	15	إِن	إِنْ	1.00	1.00	rec	240.04	240.66
13	16	كُنتُمْ	كُنْتُمْ	1.00	1.00	rec	240.76	241.62
13	17	صَٰدِقِينَ	صَادِقِينَ	1.00	1.00	rec	241.74	243.74
14	0	فَإِلَّمْ	فَإِنْ+لَمْ	0.80	0.97	rec	244.22	244.82
14	1	يَسْتَجِيبُوا۟	يَسْتَجِيبُوا	1.00	1.00	rec	244.88	245.98
14	2	لَكُمْ	لَكُمْ	1.00	1.00	rec	246.30	246.96
14	3	فَٱعْلَمُوٓا۟	فَاعْلَمُوا	1.00	0.95	rec	247.08	247.72
14	4	أَنَّمَآ	أَنَّ+مَا	1.00	0.99	rec	248.00	248.98
14	5	أُنزِلَ	أُنْزِلَ	1.00	1.00	rec	249.28	250.32
14	6	بِعِلْمِ	بِعِلْمِ	1.00	1.00	rec	250.44	251.00
14	7	ٱللَّهِ	اللَّهِ	1.00	0.85	rec	251.08	251.72
14	8	وَأَن	وَأَنْ	1.00	1.00	rec	252.32	252.78
14	9	لَّآ	لَا	1.00	1.00	rec	252.86	252.98
14	10	إِلَٰهَ	إِلَـٰهَ	1.00	1.00	rec	253.30	253.92
14	11	إِلَّا	إِلَّا	1.00	1.00	rec	254.02	254.48
14	12	هُوَۖ	هُوَ	1.00	1.00	rec	254.86	255.12
14	13	فَهَلْ	فَهَلْ	1.00	1.00	rec	255.28	255.80
14	14	أَنتُم	أَنْتُمْ	1.00	1.00	rec	255.88	257.12
14	15	مُّسْلِمُونَ	مُسْلِمُونَ	1.00	1.00	rec	257.16	258.78
15	0	مَن	مَنْ	1.00	1.00	rec	259.52	260.18
15	1	كَانَ	كَانَ	1.00	0.94	rec	260.30	260.88
15	2	يُرِيدُ	يُرِيدُ	1.00	1.00	rec	260.96	261.58
15	3	ٱلْحَيَوٰةَ	الْحَيَاةَ	0.86	1.00	rec	261.64	262.54
15	4	ٱلدُّنْيَا	الدُّنْيَا	1.00	1.00	rec	262.60	263.24
15	5	وَزِينَتَهَا	وَزِينَتَهَا	1.00	1.00	rec	263.52	264.58
15	6	نُوَفِّ	نُوَفِّ	1.00	1.00	rec	264.98	265.58
15	7	إِلَيْهِمْ	إِلَيْهِمْ	1.00	1.00	rec	265.70	266.54
15	8	أَعْمَٰلَهُمْ	أَعْمَالَهُمْ	1.00	1.00	rec	266.64	267.88
15	9	فِيهَا	فِيهَا	1.00	1.00	rec	268.02	268.56
15	10	وَهُمْ	وَهُمْ	1.00	1.00	rec	269.42	269.88
15	11	فِيهَا	فِيهَا	1.00	1.00	rec	270.02	270.46
15	12	لَا	لَا	1.00	1.00	rec	270.76	270.88
15	13	يُبْخَسُونَ	يُبْخَسُونَ	1.00	1.00	rec	271.10	272.88
16	0	أُو۟لَٰٓئِكَ	أُولَـٰئِكَ	1.00	1.00	rec	273.56	275.22
16	1	ٱلَّذِينَ	الَّذِينَ	1.00	1.00	rec	275.26	275.96
16	2	لَيْسَ	لَيْسَ	1.00	1.00	rec	276.08	276.52
16	3	لَهُمْ	لَهُمْ	1.00	1.00	rec	276.62	277.06
16	4	فِى	فِي	1.00	1.00	rec	277.16	277.24
16	5	ٱلْءَاخِرَةِ	الْآخِرَةِ	0.86	1.00	rec	277.30	278.42
16	6	إِلَّا	إِلَّا	1.00	1.00	rec	278.54	278.98
16	7	ٱلنَّارُۖ	النَّارُ	1.00	0.98	rec	279.02	280.34
16	8	وَحَبِطَ	وَحَبِطَ	1.00	1.00	rec	280.84	281.62
16	9	مَا	مَعَ	0.50	0.92	rec	281.76	282.12
16	10	صَنَعُوا۟	صَنَعُوا	1.00	1.00	rec	282.28	282.86
16	11	فِيهَا	فِيهَا	1.00	1.00	rec	283.28	283.94
16	12	وَبَٰطِلٌۭ	وَبَاطِلٌ	1.00	1.00	rec	284.40	285.46
16	13	مَّا	مَا	1.00	1.00	rec	286.10	286.22
16	14	كَانُوا۟	كَانُوا	1.00	1.00	rec	286.62	287.18
16	15	يَعْمَلُونَ	يَعْمَلُونَ	1.00	1.00	rec	287.68	289.26
17	0	أَفَمَن	أَفَمَنْ	1.00	1.00	rec	290.06	291.34
17	1	كَانَ	كَعَانَ	0.75	0.98	rec	291.48	292.16
17	2	عَلَىٰ	عَلَىٰ	1.00	0.93	rec	292.30	292.64
17	3	بَيِّنَةٍۢ	بَيِّنَةٍ	1.00	0.99	rec	292.98	293.90
17	4	مِّن	مِنْ	1.00	1.00	rec	294.56	294.82
17	5	رَّبِّهِۦ	رَبِّهِ	1.00	1.00	rec	294.90	295.54
17	6	وَيَتْلُوهُ	وَيَتْلُوهُ	1.00	1.00	rec	295.98	297.18
17	7	شَاهِدٌۭ	شَاهِدٌ	1.00	1.00	rec	297.42	298.28
17	8	مِّنْهُ	مِنْهُ	1.00	1.00	rec	299.00	299.46
17	9	وَمِن	وَمِنْ	1.00	1.00	rec	299.60	300.46
17	10	قَبْلِهِۦ	قَبْلِهِ	1.00	1.00	rec	300.58	301.28
17	11	كِتَٰبُ	كِتَابُ	1.00	1.00	rec	301.66	302.24
17	12	مُوسَىٰٓ	مُوسَىٰ	1.00	1.00	rec	302.38	302.98
17	13	إِمَامًۭا	إِمَامًا	1.00	1.00	rec	303.50	304.36
17	14	وَرَحْمَةًۚ	وَرَحْمَةً	1.00	1.00	rec	304.84	305.60
17	15	أُو۟لَٰٓئِكَ	أُولَـٰئِكَ	1.00	1.00	rec	306.84	308.98
17	16	يُؤْمِنُونَ	يُؤْمِنُونَ	1.00	1.00	rec	309.06	310.10
17	17	بِهِۦۚ	بِهِ	1.00	1.00	rec	310.22	310.48
17	18	وَمَن	وَمَنْ	1.00	1.00	rec	311.40	312.36
17	19	يَكْفُرْ	يَكْفُرُ	1.00	0.92	rec	312.40	313.00
17	20	بِهِۦ	بِهِ	1.00	1.00	rec	313.10	313.38
17	21	مِنَ	مِنَ	1.00	1.00	rec	313.78	314.02
17	22	ٱلْأَحْزَابِ	الْأَحْزَابِ	1.00	1.00	rec	314.06	315.20
17	23	فَٱلنَّارُ	فَالنَّارُ	1.00	0.99	rec	315.40	316.66
17	24	مَوْعِدُهُۥۚ	مَوْعِدُهُ	1.00	1.00	rec	316.78	317.60
17	25	فَلَا	فَلَا	1.00	1.00	rec	318.36	318.64
17	26	تَكُ	تَكُ	1.00	1.00	rec	318.98	319.26
17	27	فِى	فِي	1.00	1.00	rec	319.42	319.56
17	28	مِرْيَةٍۢ	مِلْيَةٍ	0.75	0.95	rec	319.80	320.34
17	29	مِّنْهُۚ	مِنْهُ	1.00	1.00	rec	320.74	321.14
17	30	إِنَّهُ	إِنَّهُ	1.00	1.00	rec	321.26	322.14
17	31	ٱلْحَقُّ	الْحَقُّ	1.00	1.00	rec	322.20	322.84
17	32	مِن	مِنْ	1.00	1.00	rec	322.94	323.16
17	33	رَّبِّكَ	رَبِّكَ	1.00	1.00	rec	323.24	323.96
17	34	وَلَٰكِنَّ	وَلَـٰكِنَّ	1.00	1.00	rec	324.56	326.06
17	35	أَكْثَرَ	أَكْثَرَ	1.00	1.00	rec	326.16	326.76
17	36	ٱلنَّاسِ	النَّاسِ	1.00	0.99	rec	326.80	327.66
17	37	لَا	لَا	1.00	1.00	rec	327.78	327.92
17	38	يُؤْمِنُونَ	يُؤْمِنُونَ	1.00	1.00	rec	328.16	329.84
18	0	وَمَنْ	وَمَنْ	1.00	1.00	rec	330.68	331.14
18	1	أَظْلَمُ	أَظْلَمُ	1.00	0.93	rec	331.24	331.86
18	2	مِمَّنِ	مِمَّنِ	1.00	1.00	rec	331.98	332.84
18	3	ٱفْتَرَىٰ	افْتَرَىٰ	1.00	0.94	rec	332.86	333.38
18	4	عَلَى	عَلَى	1.00	1.00	rec	333.60	333.84
18	5	ٱللَّهِ	اللَّهِ	1.00	0.96	rec	333.88	334.54
18	6	كَذِبًاۚ	كَذِبًا	1.00	1.00	rec	334.72	335.22
18	7	أُو۟لَٰٓئِكَ	أُولَـٰئِكَ	1.00	0.98	rec	336.30	338.64
18	8	يُعْرَضُونَ	يُعْرَضُونَ	1.00	1.00	rec	338.74	339.68
18	9	عَلَىٰ	عَلَىٰ	1.00	1.00	rec	339.78	340.08
18	10	رَبِّهِمْ	رَبِّهِمْ	1.00	1.00	rec	340.28	341.12
18	11	وَيَقُولُ	وَيَقُولُ	1.00	0.96	rec	341.88	342.64
18	12	ٱلْأَشْهَٰدُ	الْأَشْهَادُ	1.00	0.98	rec	342.72	343.56
18	13	هَٰٓؤُلَآءِ	هَـٰؤُلَاءِ	1.00	1.00	rec	343.70	345.68
18	14	ٱلَّذِينَ	الَّذِينَ	1.00	1.00	rec	345.74	346.32
18	15	كَذَبُوا۟	كَذَبُوا	1.00	1.00	rec	346.48	346.96
18	16	عَلَىٰ	عَلَىٰ	1.00	1.00	rec	347.20	347.48
18	17	رَبِّهِمْۚ	رَبِّهِمْ	1.00	1.00	rec	347.66	348.50
18	18	أَلَا	أَلَا	1.00	1.00	rec	349.12	349.40
18	19	لَعْنَةُ	لَعْنَةُ	1.00	0.98	rec	349.66	350.28
18	20	ٱللَّهِ	اللَّهِ	1.00	1.00	rec	350.34	351.12
18	21	عَلَى	عَلَى	1.00	1.00	rec	351.26	351.50
18	22	ٱلظَّٰلِمِينَ	الظَّالِمِينَ	1.00	1.00	rec	351.54	353.60
19	0	ٱلَّذِينَ	الَّذِينَ	1.00	1.00	rec	354.32	355.20
19	1	يَصُدُّونَ	يَصُدُّونَ	1.00	0.99	rec	355.30	356.32
19	2	عَن	عَنْ	1.00	1.00	rec	356.46	357.04
19	3	سَبِيلِ	سَبِيلِ	1.00	1.00	rec	357.16	358.04
19	4	ٱللَّهِ	اللَّعهِ	0.80	0.93	rec	358.10	358.78
19	5	وَيَبْغُونَهَا	وَيَبْغُونَهَا	1.00	1.00	rec	358.94	360.28
19	6	عِوَجًۭا	عِوَجًا	1.00	1.00	rec	360.70	361.26
19	7	وَهُم	وَهُمْ	1.00	1.00	rec	362.06	363.24
19	8	بِٱلْءَاخِرَةِ	بِالْآخِرَةِ	0.88	1.00	rec	363.30	364.68
19	9	هُمْ	هُمْ	1.00	1.00	rec	364.82	365.12
19	10	كَٰفِرُونَ	كَافِرُونَ	1.00	1.00	rec	365.26	366.94
20	0	أُو۟لَٰٓئِكَ	أُولَـٰئِكَ	1.00	1.00	rec	367.50	369.52
20	1	لَمْ	لَمْ	1.00	1.00	rec	369.62	369.92
20	2	يَكُونُوا۟	يَكُونُوا	1.00	1.00	rec	369.98	370.78
20	3	مُعْجِزِينَ	مُعْجِذِينَ	0.83	0.98	rec	371.08	372.06
20	4	فِى	فِي	1.00	0.93	rec	372.20	372.30
20	5	ٱلْأَرْضِ	الْأَرْضِ	1.00	1.00	rec	372.36	373.00
20	6	وَمَا	وَمَا	1.00	1.00	rec	373.12	373.46
20	7	كَانَ	كَانَ	1.00	0.98	rec	373.78	374.20
20	8	لَهُم	لَهُمْ	1.00	1.00	rec	374.30	374.90
20	9	مِّن	مِنْ	1.00	1.00	rec	374.96	375.36
20	10	دُونِ	دُونِ	1.00	1.00	rec	375.48	376.08
20	11	ٱللَّهِ	اللَّهِ	1.00	1.00	rec	376.12	376.72
20	12	مِنْ	مِنْ	1.00	1.00	rec	376.84	377.14
20	13	أَوْلِيَآءَۘ	أَوْلِيَاءِ	1.00	0.99	rec	377.24	379.12
20	14	يُضَٰعَفُ	يُضَاعَفُ	1.00	1.00	rec	379.76	380.50
20	15	لَهُمُ	لَهُمُ	1.00	1.00	rec	380.60	381.02
20	16	ٱلْعَذَابُۚ	الْعَذَابُ	1.00	1.00	rec	381.08	382.68
20	17	مَا	مَا	1.00	1.00	rec	383.36	383.48
20	18	كَانُوا۟	كَانُوا	1.00	1.00	rec	383.84	384.38
20	19	يَسْتَطِيعُونَ	يَسْتَطِيعُونَ	1.00	1.00	rec	384.74	386.10
20	20	ٱلسَّمْعَ	السَّمْعَ	1.00	1.00	rec	386.16	386.80
20	21	وَمَا	وَمَا	1.00	1.00	rec	386.94	387.26
20	22	كَانُوا۟	كَانُوا	1.00	1.00	rec	387.64	388.32
20	23	يُبْصِرُونَ	يُبْصِرُونَ	1.00	1.00	rec	388.56	390.48
21	0	أُو۟لَٰٓئِكَ	أُولَـٰئِكَ	1.00	1.00	rec	391.26	393.16
21	1	ٱلَّذِينَ	الَّذِينَ	1.00	1.00	rec	393.22	394.00
21	2	خَسِرُوٓا۟	خَسِرُوا	1.00	1.00	rec	394.18	394.78
21	3	أَنفُسَهُمْ	أَنْفُسَهُمْ	1.00	0.97	rec	395.26	396.74
21	4	وَضَلَّ	وَضَلَّ	1.00	1.00	rec	396.84	397.44
21	5	عَنْهُم	عَنْهُمْ	1.00	1.00	rec	397.54	398.30
21	6	مَّا	مَا	1.00	1.00	rec	398.36	398.48
21	7	كَانُوا۟	كَانُوا	1.00	1.00	rec	398.86	399.44
21	8	يَفْتَرُونَ	يَفْتَرُونَ	1.00	1.00	rec	399.74	401.42
22	0	لَا	لَا	1.00	1.00	rec	402.00	402.12
22	1	جَرَمَ	جَرَمَ	1.00	1.00	rec	402.34	402.78
22	2	أَنَّهُمْ	أَنَّهُمْ	1.00	1.00	rec	402.90	404.12
22	3	فِى	فِي	1.00	1.00	rec	404.24	404.34
22	4	ٱلْءَاخِرَةِ	الْآخِرَةِ	0.86	1.00	rec	404.38	405.54
22	5	هُمُ	هُمُ	1.00	1.00	rec	405.68	405.94
22	6	ٱلْأَخْسَرُونَ	الْأَخْسَرُونَ	1.00	1.00	rec	406.02	408.02
23	0	إِنَّ	إِنَّ	1.00	1.00	rec	408.64	409.46
23	1	ٱلَّذِينَ	الَّذِينَ	1.00	1.00	rec	409.52	410.10
23	2	ءَامَنُوا۟	آمَنُوا	0.83	1.00	rec	410.20	410.80
23	3	وَعَمِلُوا۟	وَعَمِلُوا	1.00	0.94	rec	411.02	411.60
23	4	ٱلصَّٰلِحَٰتِ	الصَّالِحَاتِ	1.00	1.00	rec	411.66	412.92
23	5	وَأَخْبَتُوٓا۟	وَأَخْبَتُوا	1.00	0.99	rec	413.02	413.88
23	6	إِلَىٰ	إِلَىٰ	1.00	1.00	rec	414.48	414.76
23	7	رَبِّهِمْ	رَبِّهِمْ	1.00	0.99	rec	414.98	415.88
23	8	أُو۟لَٰٓئِكَ	أُولَـٰئِكَ	1.00	0.99	rec	416.42	418.58
23	9	أَصْحَٰبُ	أَصْحَابُ	1.00	1.00	rec	418.70	419.36
23	10	ٱلْجَنَّةِۖ	الْجَنَّةِ	1.00	0.99	rec	419.42	420.72
23	11	هُمْ	هُمْ	1.00	1.00	rec	420.92	421.24
23	12	فِيهَا	فِيهَا	1.00	1.00	rec	421.38	421.90
23	13	خَٰلِدُونَ	خَالِدُونَ	1.00	1.00	rec	422.22	424.08
24	0	مَثَلُ	مَثَلُ	1.00	1.00	rec	424.88	425.32
24	1	ٱلْفَرِيقَيْنِ	الْفَرِيقَيْنِ	1.00	0.99	rec	425.40	426.74
24	2	كَٱلْأَعْمَىٰ	كَالْأَعْمَىٰ	1.00	1.00	rec	426.94	427.76
24	3	وَٱلْأَصَمِّ	وَالْأَصَمِّ	1.00	0.95	rec	428.08	429.36
24	4	وَٱلْبَصِيرِ	وَالْبَصِيرِ	1.00	0.96	rec	429.50	430.48
24	5	وَٱلسَّمِيعِۚ	وَالسَّمِيعِ	1.00	1.00	rec	430.58	431.70
24	6	هَلْ	هَلْ	1.00	1.00	rec	431.88	432.16
24	7	يَسْتَوِيَانِ	يَسْتَوِيَعَنِ	0.86	0.94	rec	432.24	433.44
24	8	مَثَلًاۚ	مَثَلًا	1.00	1.00	rec	433.56	434.10
24	9	أَفَلَا	أَفَلَا	1.00	1.00	rec	435.16	435.62
24	10	تَذَكَّرُونَ	تَذَّكَّرُونَ	1.00	0.99	rec	435.98	437.84
25	0	وَلَقَدْ	وَلَقَدْ	1.00	1.00	rec	438.86	439.48
25	1	أَرْسَلْنَا	أَرْسَلْنَا	1.00	1.00	rec	439.56	440.30
25	2	نُوحًا	نُوحًا	1.00	1.00	rec	440.54	441.00
25	3	إِلَىٰ	إِلَىٰ	1.00	1.00	rec	441.28	441.56
25	4	قَوْمِهِۦٓ	قَوْمِهِ	1.00	1.00	rec	441.80	442.42
25	5	إِنِّى	أَنِّي	1.00	1.00	rec	442.82	443.46
25	6	لَكُمْ	لَكُمْ	1.00	1.00	rec	443.72	444.22
25	7	نَذِيرٌۭ	نَذِيرٌ	1.00	1.00	rec	444.28	444.88
25	8	مُّبِينٌ	مُبِينٌ	1.00	1.00	rec	445.40	446.78
26	0	أَن	أَلَّا⌐	0.75	0.94	rec	447.84	448.03
26	1	لَّا	أَلَّا¬	0.75	0.94	rec	448.03	448.22
26	2	تَعْبُدُوٓا۟	تَعْبُدُوا	1.00	1.00	rec	448.50	449.12
26	3	إِلَّا	إِلَّا	1.00	0.99	rec	449.62	450.00
26	4	ٱللَّهَۖ	اللَّهَ	1.00	0.96	rec	450.04	450.98
26	5	إِنِّىٓ	إِنِّيَ	1.00	1.00	rec	451.74	452.52
26	6	أَخَافُ	أَخَافُ	1.00	1.00	rec	452.66	453.36
26	7	عَلَيْكُمْ	عَلَيْكُمْ	1.00	1.00	rec	453.48	454.26
26	8	عَذَابَ	عَذَابَ	1.00	1.00	rec	454.34	454.88
26	9	يَوْمٍ	يَوْمٍ	1.00	1.00	rec	455.00	455.52
26	10	أَلِيمٍۢ	أَلِيمٍ	1.00	1.00	rec	455.86	457.02
27	0	فَقَالَ	فَقَالَ	1.00	1.00	rec	457.74	458.46
27	1	ٱلْمَلَأُ	الْمَلَأُ	1.00	1.00	rec	458.52	459.08
27	2	ٱلَّذِينَ	الَّذِينَ	1.00	0.98	rec	459.14	459.80
27	3	كَفَرُوا۟	كَفَرُوا	1.00	1.00	rec	459.98	460.48
27	4	مِن	مِنْ	1.00	1.00	rec	460.76	461.42
27	5	قَوْمِهِۦ	قَوْمِهِ	1.00	1.00	rec	461.54	462.18
27	6	مَا	مَعَ	0.50	1.00	rec	462.54	462.84
27	7	نَرَىٰكَ	نَرِاكَ	0.80	0.94	rec	463.00	463.70
27	8	إِلَّا	إِلَّا	1.00	1.00	rec	463.84	464.28
27	9	بَشَرًۭا	بَشَرًا	1.00	1.00	rec	464.52	465.02
27	10	مِّثْلَنَا	مِثْلَنَا	1.00	1.00	rec	465.82	466.48
27	11	وَمَا	وَمَع	0.67	0.87	rec	467.64	467.96
27	12	نَرَىٰكَ	نَرِيكَ	0.80	1.00	rec	468.24	468.86
27	13	ٱتَّبَعَكَ	اتَّبَعَكَ	1.00	0.98	rec	468.90	469.82
27	14	إِلَّا	إِلَّا	1.00	0.99	rec	469.96	470.36
27	15	ٱلَّذِينَ	الَّذِينَ	1.00	1.00	rec	470.40	471.20
27	16	هُمْ	هُمْ	1.00	1.00	rec	471.34	471.66
27	17	أَرَاذِلُنَا	أَرَاذِلُونَا	0.88	0.96	rec	471.76	472.98
27	18	بَادِىَ	بَعدِ	0.50	1.00	rec	473.28	473.84
27	19	ٱلرَّأْىِ	أَنرَأْعِ	0.60	0.75	rec	473.96	474.70
27	20	وَمَا	وَمَا	1.00	1.00	rec	475.60	475.90
27	21	نَرَىٰ	نَرِع	0.50	0.86	rec	476.18	476.46
27	22	لَكُمْ	لَكُمْ	1.00	1.00	rec	476.68	477.16
27	23	عَلَيْنَا	عَلَيْنَا	1.00	1.00	rec	477.26	477.88
27	24	مِن	مِنْ	1.00	1.00	rec	478.10	478.50
27	25	فَضْلٍۭ	فَضْلٍ	1.00	1.00	rec	478.64	479.08
27	26	بَلْ	بَلْ	1.00	1.00	rec	479.80	480.08
27	27	نَظُنُّكُمْ	نَظُنُّكُمْ	1.00	0.98	rec	480.16	481.64
27	28	كَٰذِبِينَ	كَاذِبِينَ	1.00	1.00	rec	481.82	483.58
28	0	قَالَ	قَالَ	1.00	1.00	rec	484.52	484.86
28	1	يَٰقَوْمِ	يَا+قَوْمِ	1.00	1.00	rec	484.96	485.84
28	2	أَرَءَيْتُمْ	أَرَأَيْتُمْ	0.83	1.00	rec	485.98	487.24
28	3	إِن	إِنْ	1.00	1.00	rec	487.32	488.08
28	4	كُنتُ	كُنْتُ	1.00	1.00	rec	488.22	489.26
28	5	عَلَىٰ	عَلَىٰ	1.00	1.00	rec	489.38	489.72
28	6	بَيِّنَةٍۢ	بَيِّنَةٍ	1.00	1.00	rec	490.08	491.06
28	7	مِّن	مِنْ	1.00	1.00	rec	491.82	492.06
28	8	رَّبِّى	رَبِّي	1.00	1.00	rec	492.14	492.60
28	9	وَءَاتَىٰنِى	وَآتَانِي	0.75	1.00	rec	492.86	494.20
28	10	رَحْمَةًۭ	رَحْمَةً	1.00	1.00	rec	494.42	495.08
28	11	مِّنْ	مِنْ	1.00	1.00	rec	495.62	495.94
28	12	عِندِهِۦ	عِنْدِهِ	1.00	1.00	rec	496.02	496.96
28	13	فَعُمِّيَتْ	فَعَمِيَتْ	1.00	1.00	rec	497.30	498.10
28	14	عَلَيْكُمْ	عَلَيْكُمْ	1.00	1.00	rec	498.16	499.04
28	15	أَنُلْزِمُكُمُوهَا	أَنُلْزِمُكُمُوهَا	1.00	0.99	rec	502.06	503.70
28	16	وَأَنتُمْ	وَأَنْتُمْ	1.00	1.00	rec	504.02	505.08
28	17	لَهَا	لَهَا	1.00	1.00	rec	505.16	505.46
28	18	كَٰرِهُونَ	كَارِهُونَ	1.00	1.00	rec	505.84	507.36
29	0	وَيَٰقَوْمِ	وَيَا+قَوْمِ	1.00	1.00	rec	508.14	508.96
29	1	لَآ	لَا	1.00	1.00	rec	509.10	509.20
29	2	أَسْـَٔلُكُمْ	أَسْأَلُكُمْ	0.83	0.96	rec	509.52	510.58
29	3	عَلَيْهِ	عَلَيْهِ	1.00	1.00	rec	510.66	511.26
29	4	مَالًاۖ	مَالًا	1.00	1.00	rec	511.40	511.90
29	5	إِنْ	إِنْ	1.00	1.00	rec	512.88	513.12
29	6	أَجْرِىَ	أَجْرِيَ	1.00	1.00	rec	513.22	513.88
29	7	إِلَّا	إِلَّا	1.00	1.00	rec	513.98	514.44
29	8	عَلَى	عَلَى	1.00	1.00	rec	514.82	515.08
29	9	ٱللَّهِۚ	اللَّهِ	1.00	0.99	rec	515.12	515.98
29	10	وَمَآ	وَمَا	1.00	1.00	rec	516.72	517.02
29	11	أَنَا۠	أَنَا	1.00	1.00	rec	517.36	517.62
29	12	بِطَارِدِ	بِطَارِدِ	1.00	0.98	rec	517.70	518.60
29	13	ٱلَّذِينَ	الَّذِينَ	1.00	1.00	rec	518.66	519.42
29	14	ءَامَنُوٓا۟ۚ	آمَنُوا	0.83	1.00	rec	519.54	520.20
29	15	إِنَّهُم	إِنَّهُمْ	1.00	1.00	rec	520.60	521.86
29	16	مُّلَٰقُوا۟	مُلَاقُو	0.83	0.99	rec	521.90	522.60
29	17	رَبِّهِمْ	رَبِّهِمْ	1.00	1.00	rec	522.96	523.88
29	18	وَلَٰكِنِّىٓ	وَلَـٰكِنِّيَ	1.00	0.97	rec	524.54	526.20
29	19	أَرَىٰكُمْ	عْرِئْكُمْ	0.50	0.96	rec	526.38	527.34
29	20	قَوْمًۭا	قَوْمًا	1.00	0.98	rec	527.48	527.88
29	21	تَجْهَلُونَ	تَجْهَلُونَ	1.00	1.00	rec	528.58	530.42
30	0	وَيَٰقَوْمِ	وَيَا+قَوْمِ	1.00	1.00	rec	531.24	532.56
30	1	مَن	مَنْ	1.00	1.00	rec	532.74	533.56
30	2	يَنصُرُنِى	يَنْصُرُنِي	1.00	1.00	rec	533.60	534.88
30	3	مِنَ	مِنَ	1.00	1.00	rec	535.20	535.46
30	4	ٱللَّهِ	اللَّهِ	1.00	1.00	rec	535.50	536.38
30	5	إِن		0.00	0.50	forced	536.54	537.28
30	6	طَرَدتُّهُمْۚ	أْتُهُمْ	0.50	0.84	rec	537.90	538.50
30	7	أَفَلَا	أَفَلَا	1.00	1.00	rec	538.60	539.14
30	8	تَذَكَّرُونَ	تَذَّكَّرُونَ	1.00	1.00	rec	539.52	541.40
31	0	وَلَآ	وَلَا	1.00	1.00	rec	542.14	542.44
31	1	أَقُولُ	أَقُولُ	1.00	1.00	rec	542.66	543.32
31	2	لَكُمْ	لَكُمْ	1.00	1.00	rec	543.44	544.00
31	3	عِندِى	عِنْدِي	1.00	1.00	rec	544.12	544.84
31	4	خَزَآئِنُ	خَزَائِنُ	1.00	1.00	rec	545.24	547.40
31	5	ٱللَّهِ	اللَّهِ	1.00	0.98	rec	547.46	548.22
31	6	وَلَآ	وَلَا	1.00	1.00	rec	548.38	548.74
31	7	أَعْلَمُ	أَعْلَمُ	1.00	1.00	rec	549.04	549.64
31	8	ٱلْغَيْبَ	الْغَيْبَ	1.00	1.00	rec	549.72	550.46
31	9	وَلَآ	وَلَا	1.00	1.00	rec	550.60	550.96
31	10	أَقُولُ	أَقُولُ	1.00	1.00	rec	551.26	551.94
31	11	إِنِّى	إِنِّي	1.00	1.00	rec	552.12	553.00
31	12	مَلَكٌۭ	مَلَكٌ	1.00	1.00	rec	553.36	553.92
31	13	وَلَآ	وَلَا	1.00	1.00	rec	554.80	555.12
31	14	أَقُولُ	أَقُولُ	1.00	1.00	rec	555.36	556.04
31	15	لِلَّذِينَ	لِلَّذِينَ	1.00	1.00	rec	560.02	560.94
31	16	تَزْدَرِىٓ	تَزْبَرِي	0.80	0.99	rec	561.12	561.82
31	17	أَعْيُنُكُمْ	أَعْيُنُكُمْ	1.00	1.00	rec	562.10	563.26
31	18	لَن	لَنْ	1.00	1.00	rec	563.38	564.06
31	19	يُؤْتِيَهُمُ	يُؤْتِيَهُمُ	1.00	1.00	rec	564.10	565.22
31	20	ٱللَّهُ	اللَّهُ	1.00	0.97	rec	565.30	566.18
31	21	خَيْرًاۖ	خَيْرًا	1.00	1.00	rec	566.42	566.96
31	22	ٱللَّهُ	اللَّهُ	1.00	1.00	rec	568.06	568.54
31	23	أَعْلَمُ	أَعْلَمُ	1.00	1.00	rec	568.68	569.18
31	24	بِمَا	بِمَا	1.00	1.00	rec	569.32	569.62
31	25	فِىٓ	فِي	1.00	1.00	rec	569.90	570.04
31	26	أَنفُسِهِمْۖ	أَنْفُسِهِمْ	1.00	1.00	rec	570.28	572.04
31	27	إِنِّىٓ	إِنِّيَ	1.00	1.00	rec	572.56	573.54
31	28	إِذًۭا	إِذًا	1.00	1.00	rec	573.68	573.98
31	29	لَّمِنَ	لَمِنَرَ	0.75	0.96	rec	574.24	574.78
31	30	ٱلظَّٰلِمِينَ	لظَّالِمِينَ	0.88	0.97	rec	574.86	576.92
32	0	قَالُوا۟	قَالُوا	1.00	1.00	rec	577.90	578.42
32	1	يَٰنُوحُ	يَا+نُوحُ	1.00	1.00	rec	578.66	579.64
32	2	قَدْ	قَدْ	1.00	1.00	rec	579.80	580.08
32	3	جَٰدَلْتَنَا	يَادَلْتَنَا	0.86	0.99	rec	580.14	581.18
32	4	فَأَكْثَرْتَ	فَأَكْثَرْتَ	1.00	1.00	rec	581.56	582.42
32	5	جِدَٰلَنَا	جِدَالَنَا	1.00	0.99	rec	582.56	583.48
32	6	فَأْتِنَا	فَأْتِنَا	1.00	1.00	rec	583.82	584.46
32	7	بِمَا	بِمَا	1.00	1.00	rec	584.72	585.04
32	8	تَعِدُنَآ	تَعِدُنَا	1.00	1.00	rec	585.34	586.10
32	9	إِن	إِنْ	1.00	1.00	rec	586.44	587.10
32	10	كُنتَ	كُنْتَ	1.00	1.00	rec	587.24	588.06
32	11	مِنَ	مِنَ	1.00	1.00	rec	588.18	588.42
32	12	ٱلصَّٰدِقِينَ	الصَّادِقِينَ	1.00	1.00	rec	588.48	590.84
33	0	قَالَ	قَالَ	1.00	1.00	rec	591.64	592.00
33	1	إِنَّمَا	إِنَّمَا	1.00	1.00	rec	592.12	593.04
33	2	يَأْتِيكُم	يَأْتِيكُمْ	1.00	1.00	rec	593.48	595.20
33	3	بِهِ	بِهِ	1.00	1.00	rec	595.26	595.52
33	4	ٱللَّهُ	اللَّهُ	1.00	0.92	rec	595.58	596.22
33	5	إِن	إِنْ	1.00	1.00	rec	596.36	596.84
33	6	شَآءَ	شَاءَ	1.00	1.00	rec	596.96	598.62
33	7	وَمَآ	وَمَا	1.00	1.00	rec	598.74	599.08
33	8	أَنتُم	أَنْتُمْ	1.00	1.00	rec	599.32	600.64
33	9	بِمُعْجِزِينَ	بِمُعْجِزِينَ	1.00	1.00	rec	600.70	602.54
34	0	وَلَا	وَلَا	1.00	1.00	rec	603.24	603.56
34	1	يَنفَعُكُمْ	يَنْفَعُكُمْ	1.00	1.00	rec	603.82	605.56
34	2	نُصْحِىٓ	نُصْحِيَ	1.00	1.00	rec	605.66	606.28
34	3	إِنْ	إِنْ	1.00	1.00	rec	606.40	606.66
34	4	أَرَدتُّ	أَرَدْتُ	1.00	1.00	rec	606.72	607.36
34	5	أَنْ	أَنْ	1.00	1.00	rec	607.54	607.84
34	6	أَنصَحَ	أَنْصَحَ	1.00	1.00	rec	607.90	609.04
34	7	لَكُمْ	لَكُمْ	1.00	0.99	rec	609.16	609.74
34	8	إِن	إِنْ	1.00	1.00	rec	609.86	610.44
34	9	كَانَ	كَانَ	1.00	1.00	rec	610.60	611.14
34	10	ٱللَّهُ	اللَّهُ	1.00	1.00	rec	611.20	611.98
34	11	يُرِيدُ	يُرِيدُ	1.00	1.00	rec	612.12	612.80
34	12	أَن	أَنْ	1.00	1.00	rec	612.96	613.62
34	13	يُغْوِيَكُمْۚ	يُغْوِيَكُمْ	1.00	1.00	rec	613.66	614.98
34	14	هُوَ	هُوَ	1.00	1.00	rec	615.50	615.72
34	15	رَبُّكُمْ	رَبُّكُمْ	1.00	1.00	rec	615.80	616.62
34	16	وَإِلَيْهِ	وَإِلَيْهِ	1.00	1.00	rec	616.70	617.56
34	17	تُرْجَعُونَ	تُرْجَعُونَ	1.00	1.00	rec	617.74	619.64
35	0	أَمْ	أَمْ	1.00	1.00	rec	620.20	620.42
35	1	يَقُولُونَ	يَقُولُونَ	1.00	1.00	rec	620.50	621.52
35	2	ٱفْتَرَىٰهُۖ	افْتَرِيهِ	0.86	0.98	rec	621.58	622.72
35	3	قُلْ	قُلْ	1.00	1.00	rec	623.38	623.54
35	4	إِنِ	إِنِ	1.00	1.00	rec	623.60	623.78
35	5	ٱفْتَرَيْتُهُۥ	افْتَرَيْتُهُ	1.00	1.00	rec	623.82	625.00
35	6	فَعَلَىَّ	فَعَلَيَّ	1.00	0.99	rec	625.48	626.34
35	7	إِجْرَامِى	إِجْرَامِي	1.00	1.00	rec	626.46	627.50
35	8	وَأَنَا۠	وَأَنَا	1.00	1.00	rec	627.80	628.30
35	9	بَرِىٓءٌۭ	بْرِيءٌ	1.00	0.92	rec	628.42	629.84
35	10	مِّمَّا	مِمَّا	1.00	1.00	rec	630.72	631.70
35	11	تُجْرِمُونَ	تُجْدِمُونَ	0.83	0.96	rec	632.10	633.74
36	0	وَأُوحِىَ	وَأُوحِيَ	1.00	1.00	rec	634.48	635.40
36	1	إِلَىٰ	إِلَىٰ	1.00	1.00	rec	635.50	635.82
36	2	نُوحٍ	نُوحٍ	1.00	1.00	rec	636.06	636.68
36	3	أَنَّهُۥ	أَنَّهُ	1.00	1.00	rec	637.04	637.74
36	4	لَن	لَنْ	1.00	1.00	rec	638.14	638.76
36	5	يُؤْمِنَ	يُؤْمِنَ	1.00	1.00	rec	638.78	639.36
36	6	مِن	مِنْ	1.00	1.00	rec	639.48	640.16
36	7	قَوْمِكَ	قَوْمِكَ	1.00	1.00	rec	640.28	640.98
36	8	إِلَّا	إِلَّا	1.00	1.00	rec	641.08	641.56
36	9	مَن	مَنْ	1.00	0.99	rec	641.92	642.44
36	10	قَدْ	قَدْ	1.00	1.00	rec	642.54	642.80
36	11	ءَامَنَ	آمَنَ	0.75	1.00	rec	642.94	643.72
36	12	فَلَا	فَلَا	1.00	1.00	rec	644.22	644.50
36	13	تَبْتَئِسْ	تَبْتَئِسْ	1.00	1.00	rec	644.80	645.80
36	14	بِمَا	بِمَا	1.00	1.00	rec	645.88	646.18
36	15	كَانُوا۟	كَانُوا	1.00	1.00	rec	646.52	647.12
36	16	يَفْعَلُونَ	يَفْعَلُونَ	1.00	1.00	rec	647.58	649.36
37	0	وَٱصْنَعِ	وَاصْنَعِ	1.00	1.00	rec	649.96	650.58
37	1	ٱلْفُلْكَ	الْفُلْكَ	1.00	1.00	rec	650.64	651.46
37	2	بِأَعْيُنِنَا	بِأَعْيُنِنَا	1.00	1.00	rec	651.60	652.70
37	3	وَوَحْيِنَا	وَوَحْيِنَا	1.00	1.00	rec	653.20	654.18
37	4	وَلَا	وَلَا	1.00	0.88	rec	654.50	654.82
37	5	تُخَٰطِبْنِى	تُخَاطِبْنِي	1.00	1.00	rec	655.10	656.38
37	6	فِى	فِي	1.00	1.00	rec	656.76	656.88
37	7	ٱلَّذِينَ	الَّذِينَ	1.00	1.00	rec	656.92	657.94
37	8	ظَلَمُوٓا۟ۚ	ظَلَمُوا	1.00	0.95	rec	658.10	658.60
37	9	إِنَّهُم	إِنَّهُمْ	1.00	0.99	rec	664.14	665.80
37	10	مُّغْرَقُونَ	مُغْرَقُونَ	1.00	1.00	rec	665.86	667.66
38	0	وَيَصْنَعُ	وَيَصْنَعُ	1.00	1.00	rec	669.50	670.20
38	1	ٱلْفُلْكَ	الْفُلْكَ	1.00	1.00	rec	670.26	670.98
38	2	وَكُلَّمَا	وَكُلَّمَا	1.00	1.00	rec	671.08	672.02
38	3	مَرَّ	مَرَّ	1.00	1.00	rec	672.34	672.74
38	4	عَلَيْهِ	عَلَيْهِ	1.00	1.00	rec	672.88	673.50
38	5	مَلَأٌۭ	مَلَأٌ	1.00	1.00	rec	673.64	674.06
38	6	مِّن	مِنْ	1.00	1.00	rec	674.60	675.16
38	7	قَوْمِهِۦ	قَوْمِهِ	1.00	1.00	rec	675.30	675.96
38	8	سَخِرُوا۟	سَخِرُوا	1.00	0.99	rec	676.28	676.84
38	9	مِنْهُۚ	مِنْهُ	1.00	1.00	rec	677.12	677.46
38	10	قَالَ	قَالَ	1.00	1.00	rec	678.32	678.68
38	11	إِن	إِنْ	1.00	1.00	rec	678.80	679.54
38	12	تَسْخَرُوا۟	تَسْخَرُوا	1.00	1.00	rec	679.68	680.36
38	13	مِنَّا	مِنَّا	1.00	1.00	rec	680.70	681.50
38	14	فَإِنَّا	فَإِنَّا	1.00	1.00	rec	681.90	682.86
38	15	نَسْخَرُ	نَسْخَرُ	1.00	1.00	rec	683.26	683.96
38	16	مِنكُمْ	مِنْكُمْ	1.00	1.00	rec	684.14	685.34
38	17	كَمَا	كَمَا	1.00	0.91	rec	685.48	685.80
38	18	تَسْخَرُونَ	تَسْخَرُونَ	1.00	1.00	rec	686.22	687.92
39	0	فَسَوْفَ	فَسَوْفَ	1.00	1.00	rec	688.26	688.84
39	1	تَعْلَمُونَ	تَعْلَمُونَ	1.00	1.00	rec	689.02	690.16
39	2	مَن	مَنْ	1.00	1.00	rec	690.28	691.30
39	3	يَأْتِيهِ	يَأْتِيهِ	1.00	1.00	rec	691.34	692.26
39	4	عَذَابٌۭ	عَذَابٌ	1.00	1.00	rec	692.44	693.18
39	5	يُخْزِيهِ	يُخْزِيهِ	1.00	1.00	rec	693.78	694.76
39	6	وَيَحِلُّ	وَيَحِلُّ	1.00	1.00	rec	694.88	695.72
39	7	عَلَيْهِ	عَلَيْهِ	1.00	1.00	rec	695.86	696.54
39	8	عَذَابٌۭ	عَذَابٌ	1.00	1.00	rec	696.68	697.40
39	9	مُّقِيمٌ	مُقِيمٌ	1.00	0.99	rec	697.98	699.50
40	0	حَتَّىٰٓ	حَتَّىٰ	1.00	1.00	rec	700.42	700.86
40	1	إِذَا	إِذَا	1.00	1.00	rec	701.30	701.62
40	2	جَآءَ	جَا	0.67	0.93	rec	701.90	702.02
40	3	أَمْرُنَا	أَمْرُنَا	1.00	1.00	rec	703.12	703.80
40	4	وَفَارَ	وَفَارَ	1.00	0.99	rec	704.06	704.80
40	5	ٱلتَّنُّورُ	التَّنُّورِ	1.00	0.99	rec	704.86	706.84
40	6	قُلْنَا	قُلْنَاحْمِلْ⌐	0.88	0.96	rec	707.44	707.76
40	7	ٱحْمِلْ	قُلْنَاحْمِلْ¬	0.88	0.96	rec	707.76	708.08
40	8	فِيهَا	فِيهَا	1.00	1.00	rec	708.18	708.70
40	9	مِن	مِنْ	1.00	1.00	rec	709.16	709.64
40	10	كُلٍّۢ	كُلِّ	1.00	1.00	rec	709.74	710.16
40	11	زَوْجَيْنِ	زَوْجَيْنِ	1.00	0.99	rec	710.32	711.20
40	12	ٱثْنَيْنِ	اثْنَيْنِ	1.00	1.00	rec	711.26	711.98
40	13	وَأَهْلَكَ	وَأَهْلَكَ	1.00	1.00	rec	712.12	713.00
40	14	إِلَّا	إِلَّا	1.00	1.00	rec	713.12	713.56
40	15	مَن	مَنْ	1.00	0.93	rec	713.82	714.28
40	16	سَبَقَ	سَبَقَ	1.00	1.00	rec	714.40	714.94
40	17	عَلَيْهِ	عَلَيْهِ	1.00	1.00	rec	715.04	715.78
40	18	ٱلْقَوْلُ	الْقَوْلُ	1.00	1.00	rec	715.82	716.58
40	19	وَمَنْ	وَمَنْ	1.00	1.00	rec	716.72	717.18
40	20	ءَامَنَۚ	آمَنُ	0.75	0.90	rec	717.26	718.16
40	21	وَمَآ	وَمَا	1.00	1.00	rec	719.36	719.70
40	22	ءَامَنَ	آمَنَ	0.75	1.00	rec	720.00	720.62
40	23	مَعَهُۥٓ	مَعَهُ	1.00	1.00	rec	720.74	721.26
40	24	إِلَّا	إِلَّا	1.00	1.00	rec	721.80	722.26
40	25	قَلِيلٌۭ	قَلِيلٌ	1.00	1.00	rec	722.54	723.76
41	0	وَقَالَ	وَقَالَ	1.00	0.99	rec	724.44	725.20
41	1	ٱرْكَبُوا۟	ارْكَبُوا	1.00	0.96	rec	725.26	725.82
41	2	فِيهَا	فِيهَا	1.00	1.00	rec	726.12	726.64
41	3	بِسْمِ	بِسْمِ	1.00	1.00	rec	727.02	727.38
41	4	ٱللَّهِ	اللَّهِ	1.00	0.92	rec	727.42	728.08
41	5	مَجْر۪ىٰهَا	مُجْرِاهَا	0.86	0.94	rec	728.20	729.00
41	6	وَمُرْسَىٰهَآۚ	وَمُرْسَاهَا	0.88	1.00	rec	729.32	730.52
41	7	إِنَّ	إِنَّ	1.00	1.00	rec	731.42	732.26
41	8	رَبِّى	رَبِّي	1.00	1.00	rec	732.38	732.80
41	9	لَغَفُورٌۭ	لَغَفُورٌ	1.00	1.00	rec	733.06	734.10
41	10	رَّحِيمٌۭ	رَحِيمٌ	1.00	1.00	rec	734.32	735.98
42	0	وَهِىَ	وَهْيَ	1.00	0.90	rec	736.68	737.04
42	1	تَجْرِى	تَجْرِي	1.00	1.00	rec	737.20	737.66
42	2	بِهِمْ	بِهِمْ	1.00	1.00	rec	738.02	738.56
42	3	فِى	فِي	1.00	1.00	rec	738.72	738.84
42	4	مَوْجٍۢ	مَوْجٍ	1.00	1.00	rec	739.16	739.64
42	5	كَٱلْجِبَالِ	كَالْجِبَالِ	1.00	0.99	rec	740.32	741.68
42	6	وَنَادَىٰ	وَنَادَىٰ	1.00	1.00	rec	742.24	743.10
42	7	نُوحٌ	نُوحٌ	1.00	1.00	rec	743.48	744.06
42	8	ٱبْنَهُۥ	ابْنَهُ	1.00	1.00	rec	744.30	744.88
42	9	وَكَانَ	وَكَانَ	1.00	1.00	rec	745.26	746.04
42	10	فِى	فِي	1.00	1.00	rec	746.22	746.36
42	11	مَعْزِلٍۢ	مَعْزِلٍ	1.00	0.98	rec	746.76	747.58
42	12	يَٰبُنَىَّ	يَا+بُنَيِّرُ	0.83	1.00	rec	748.06	749.26
42	13	ٱرْكَب		0.00	0.17	forced	749.30	749.64
42	14	مَّعَنَا	مَعَنَا	1.00	1.00	rec	750.20	750.76
42	15	وَلَا	وَلَا	1.00	1.00	rec	751.12	751.44
42	16	تَكُن	تَكُنْ	1.00	1.00	rec	751.78	752.80
42	17	مَّعَ	مَعَ	1.00	0.89	rec	752.86	753.12
42	18	ٱلْكَٰفِرِينَ	الْكَافِرِينَ	1.00	0.99	rec	753.18	755.40
43	0	قَالَ	قَالَ	1.00	1.00	rec	756.14	756.62
43	1	سَـَٔاوِىٓ	سَآوِي	1.00	1.00	rec	756.78	757.62
43	2	إِلَىٰ	إِلَىٰ	1.00	0.99	rec	758.10	758.42
43	3	جَبَلٍۢ	جَبَلِيَّ	0.75	0.88	rec	758.72	759.84
43	4	يَعْصِمُنِى	سِمُنِي	0.50	0.97	rec	760.22	760.78
43	5	مِنَ	مِنَ	1.00	1.00	rec	761.20	761.44
43	6	ٱلْمَآءِۚ	الْمَاءِ	1.00	1.00	rec	761.48	763.32
43	7	قَالَ	قَالَ	1.00	1.00	rec	763.84	764.12
43	8	لَا	لَا	1.00	1.00	rec	764.24	764.34
43	9	عَاصِمَ	عَاصِمَ	1.00	1.00	rec	764.54	765.34
43	10	ٱلْيَوْمَ	الْيَوْمَ	1.00	1.00	rec	765.38	766.10
43	11	مِنْ	مِنْ	1.00	1.00	rec	766.22	766.48
43	12	أَمْرِ	أَمْرِ	1.00	1.00	rec	766.56	766.96
43	13	ٱللَّهِ	اللَّهِ	1.00	1.00	rec	767.02	767.70
43	14	إِلَّا	إِلَّا	1.00	1.00	rec	767.82	768.26
43	15	مَن	مَنْ	1.00	1.00	rec	768.62	768.84
43	16	رَّحِمَۚ	رَحِممٌ	0.75	0.92	rec	768.92	769.62
43	17	وَحَالَ	وَحَالَ	1.00	1.00	rec	770.10	770.84
43	18	بَيْنَهُمَا	بَيْنَهُمَا	1.00	1.00	rec	770.96	771.74
43	19	ٱلْمَوْجُ	الْمَوْجُ	1.00	1.00	rec	771.78	772.44
43	20	فَكَانَ	فَكَانَ	1.00	1.00	rec	772.62	773.48
43	21	مِنَ	مِنَ	1.00	1.00	rec	773.58	773.82
43	22	ٱلْمُغْرَقِينَ	الْمُغْرَقِينَ	1.00	0.96	rec	773.88	776.12
44	0	وَقِيلَ	وَقِلَ	0.75	1.00	rec	776.66	777.12
44	1	يَٰٓأَرْضُ	يَا+أَرْضُ	1.00	1.00	rec	777.24	778.04
44	2	ٱبْلَعِى	ابْلَ	0.60	0.96	rec	778.10	778.38
44	3	مَآءَكِ	إِيمَاءَكِ	0.67	0.99	rec	778.52	781.04
44	4	وَيَٰسَمَآءُ	وَيَا+سَمَاءُ	1.00	1.00	rec	781.16	783.80
44	5	أَقْلِعِى	وَاقْلِعِي	0.83	0.95	rec	783.94	784.64
44	6	وَغِيضَ	وَغِيضَ	1.00	0.95	rec	784.92	785.58
44	7	ٱلْمَآءُ	الْمَاءُ	1.00	1.00	rec	785.64	787.32
44	8	وَقُضِىَ	وَقُضِيَ	1.00	1.00	rec	787.42	788.18
44	9	ٱلْأَمْرُ	الْأَمْرُ	1.00	1.00	rec	788.22	788.92
44	10	وَٱسْتَوَتْ	وَاسْتَوَتْ	1.00	0.98	rec	789.12	789.98
44	11	عَلَى	عَلَى	1.00	1.00	rec	790.06	790.34
44	12	ٱلْجُودِىِّۖ	الْجُودِيُّ	1.00	0.93	rec	790.36	791.58
44	13	وَقِيلَ	وَقِيلَ	1.00	1.00	rec	792.22	792.82
44	14	بُعْدًۭا	بُعْدًا	1.00	1.00	rec	792.96	793.42
44	15	لِّلْقَوْمِ	لِلْقَوْمِ	1.00	0.96	rec	793.72	794.76
44	16	ٱلظَّٰلِمِينَ	الظَّالِمِينَ	1.00	1.00	rec	794.84	796.74
45	0	وَنَادَىٰ	وَنَادَىٰ	1.00	1.00	rec	797.20	798.10
45	1	نُوحٌۭ	نُوحٌ	1.00	1.00	rec	798.42	799.10
45	2	رَّبَّهُۥ	رَبَّهُ	1.00	0.96	rec	799.36	800.04
45	3	فَقَالَ	فَقَالَ	1.00	1.00	rec	800.64	801.26
45	4	رَبِّ	رَبِّ	1.00	1.00	rec	801.40	801.78
45	5	إِنَّ	إِنَّ	1.00	1.00	rec	801.90	802.68
45	6	ٱبْنِى	ابْنِي	1.00	1.00	rec	802.76	803.14
45	7	مِنْ	مِنْ	1.00	1.00	rec	803.58	803.94
45	8	أَهْلِى	أَهْلِهِ	0.75	0.94	rec	804.04	804.78
45	9	وَإِنَّ	وَإِنَّ	1.00	1.00	rec	804.92	806.14
45	10	وَعْدَكَ	وَعْدَكَ	1.00	1.00	rec	806.26	806.88
45	11	ٱلْحَقُّ	الْحَقُّ	1.00	0.99	rec	806.94	807.68
45	12	وَأَنتَ	وَأَنْتَ	1.00	1.00	rec	807.80	808.92
45	13	أَحْكَمُ	أَحْكَمُ	1.00	1.00	rec	809.00	809.58
45	14	ٱلْحَٰكِمِينَ	الْحَاكِمِينَ	1.00	1.00	rec	809.66	811.82
46	0	قَالَ	قَالَ	1.00	1.00	rec	812.84	813.14
46	1	يَٰنُوحُ	يَا+نُوحُ	1.00	1.00	rec	813.22	813.96
46	2	إِنَّهُۥ	إِنَّهُ	1.00	1.00	rec	814.10	815.02
46	3	لَيْسَ	لَيْسَ	1.00	1.00	rec	815.44	815.86
46	4	مِنْ	مِنْ	1.00	1.00	rec	815.96	816.22
46	5	أَهْلِكَۖ	أَهْلِكَ	1.00	1.00	rec	816.30	816.98
46	6	إِنَّهُۥ	إِنَّهُ	1.00	0.95	rec	817.08	817.90
46	7	عَمَلٌ	عَمَلٌ	1.00	1.00	rec	818.26	818.72
46	8	غَيْرُ	غَيْرُ	1.00	1.00	rec	819.06	819.42
46	9	صَٰلِحٍۢۖ	صَالِحٍ	1.00	1.00	rec	819.58	820.38
46	10	فَلَا	فَلَا	1.00	1.00	rec	820.96	821.22
46	11	تَسْـَٔلْنِ	تَسْأَلْنِي	0.67	1.00	rec	821.50	822.38
46	12	مَا	مَعَ	0.50	0.98	rec	822.74	823.08
46	13	لَيْسَ	لَيْسَ	1.00	1.00	rec	823.22	823.76
46	14	لَكَ	لَكَ	1.00	1.00	rec	823.90	824.22
46	15	بِهِۦ	بِهِ	1.00	1.00	rec	824.38	824.68
46	16	عِلْمٌۖ	عِلْمٌ	1.00	1.00	rec	825.22	825.56
46	17	إِنِّىٓ	إِنِّيَ	1.00	1.00	rec	826.10	827.20
46	18	أَعِظُكَ	أَعِظُكَ	1.00	1.00	rec	827.34	828.14
46	19	أَن	أَنْ	1.00	1.00	rec	828.28	829.20
46	20	تَكُونَ	تَكُونَ	1.00	1.00	rec	829.30	830.26
46	21	مِنَ	مِنَ	1.00	1.00	rec	830.36	830.62
46	22	ٱلْجَٰهِلِينَ	الْجَاهِلِينَ	1.00	1.00	rec	830.66	832.54
47	0	قَالَ	قَالَ	1.00	1.00	rec	833.08	833.40
47	1	رَبِّ	رَبِّ	1.00	1.00	rec	833.52	833.86
47	2	إِنِّىٓ	إِنِّيَ	1.00	0.99	rec	834.00	835.08
47	3	أَعُوذُ	أَعُوذُ	1.00	1.00	rec	835.24	836.04
47	4	بِكَ	بِكَ	1.00	1.00	rec	836.18	836.52
47	5	أَنْ	أَنْ	1.00	1.00	rec	836.66	836.98
47	6	أَسْـَٔلَكَ	أَسْأَلَكَ	0.80	1.00	rec	837.06	837.96
47	7	مَا	مَا	1.00	0.88	rec	838.12	838.26
47	8	لَيْسَ	لَيْسَ	1.00	1.00	rec	838.64	839.22
47	9	لِى	لِي	1.00	1.00	rec	839.36	839.48
47	10	بِهِۦ	بِهِ	1.00	1.00	rec	839.82	840.14
47	11	عِلْمٌۭۖ	عِلْمٌ	1.00	1.00	rec	840.54	840.86
47	12	وَإِلَّا	وَإِلَّا	1.00	0.92	rec	841.66	842.32
47	13	تَغْفِرْ	تَغْفِرْ	1.00	0.98	rec	842.76	843.46
47	14	لِى	لِي	1.00	1.00	rec	843.54	843.66
47	15	وَتَرْحَمْنِىٓ	وَتَرْحَمْنِي	1.00	1.00	rec	843.92	845.04
47	16	أَكُن	أَكُنْ	1.00	1.00	rec	845.82	846.58
47	17	مِّنَ	مِنَ	1.00	1.00	rec	846.64	846.86
47	18	ٱلْخَٰسِرِينَ	الْخَاسِرِينَ	1.00	0.99	rec	846.92	849.06
48	0	قِيلَ	قِيلَ	1.00	1.00	rec	849.72	850.04
48	1	يَٰنُوحُ	يَا+نُوحُ	1.00	1.00	rec	850.12	850.86
48	2	ٱهْبِطْ	اهْبِطْ	1.00	0.97	rec	850.92	851.38
48	3	بِسَلَٰمٍۢ	بِسَلَامٍ	1.00	1.00	rec	851.44	852.40
48	4	مِّنَّا	مِنَّا	1.00	1.00	rec	852.72	853.30
48	5	وَبَرَكَٰتٍ	وَبَرَكَاتٍ	1.00	1.00	rec	853.50	854.68
48	6	عَلَيْكَ	عَلَيْكَ	1.00	0.99	rec	854.92	856.18
48	7	وَعَلَىٰٓ	وَعَلَىٰ	1.00	0.99	rec	859.02	859.58
48	8	أُمَمٍۢ	أُمَمٍ	1.00	1.00	rec	859.90	860.42
48	9	مِّمَّن	مِمَّنْ	1.00	1.00	rec	861.04	862.60
48	10	مَّعَكَۚ	مَعَكَ	1.00	1.00	rec	862.66	863.22
48	11	وَأُمَمٌۭ	وَأُمَمٌ	1.00	1.00	rec	863.36	864.06
48	12	سَنُمَتِّعُهُمْ	سَنُمَتِّعُوهُمْ	0.88	0.97	rec	864.78	866.36
48	13	ثُمَّ	ثُمَّ	1.00	1.00	rec	866.50	867.10
48	14	يَمَسُّهُم	يَمَسُّوهُمْ	0.83	1.00	rec	867.22	868.44
48	15	مِّنَّا	مِنَّا	1.00	1.00	rec	868.50	869.14
48	16	عَذَابٌ	عَذَابٌ	1.00	1.00	rec	869.38	870.14
48	17	أَلِيمٌۭ	أَلِيمٌ	1.00	1.00	rec	870.50	871.68
49	0	تِلْكَ	تِلْكَ	1.00	1.00	rec	872.44	872.78
49	1	مِنْ	مِنْ	1.00	1.00	rec	872.88	873.12
49	2	أَنۢبَآءِ	أَنْبَاءِ	1.00	1.00	rec	873.20	875.50
49	3	ٱلْغَيْبِ	الْغَيْبِ	1.00	1.00	rec	875.54	876.30
49	4	نُوحِيهَآ	نُوحِيهَا	1.00	1.00	rec	876.44	877.38
49	5	إِلَيْكَۖ	إِلَيْكَ	1.00	0.89	rec	877.90	878.62
49	6	مَا	مَعَ	0.50	0.94	rec	879.32	879.54
49	7	كُنتَ	كُنْتَ	1.00	1.00	rec	879.68	880.72
49	8	تَعْلَمُهَآ	تَعْلَمُهَا	1.00	1.00	rec	880.86	881.70
49	9	أَنتَ	أَنْتَ	1.00	1.00	rec	882.14	882.80
49	10	وَلَا	وَلَا	1.00	1.00	rec	882.90	883.18
49	11	قَوْمُكَ	قَوْمُكَ	1.00	1.00	rec	883.44	884.10
49	12	مِن	مِنْ	1.00	1.00	rec	884.20	884.70
49	13	قَبْلِ	قَبْلِ	1.00	1.00	rec	884.82	885.26
49	14	هَٰذَاۖ	هَـٰذَا	1.00	1.00	rec	885.40	886.04
49	15	فَٱصْبِرْۖ	فَاصْبِرْ	1.00	1.00	rec	886.84	887.36
49	16	إِنَّ	إِنَّ	1.00	1.00	rec	887.42	888.10
49	17	ٱلْعَٰقِبَةَ	الْعَاقِبَةَ	1.00	0.98	rec	888.16	889.30
49	18	لِلْمُتَّقِينَ	لِلْمُتَّقِينَ	1.00	1.00	rec	889.40	891.44
50	0	وَإِلَىٰ	وَإِلَىٰ	1.00	1.00	rec	892.92	893.40
50	1	عَادٍ	عَادٍ	1.00	1.00	rec	893.62	894.12
50	2	أَخَاهُمْ	أَخَاهُمْ	1.00	1.00	rec	894.40	895.38
50	3	هُودًۭاۚ	هُودًا	1.00	1.00	rec	895.48	896.02
50	4	قَالَ	قَالَ	1.00	1.00	rec	896.66	897.16
50	5	يَٰقَوْمِ	يَا+قَوْمِ	1.00	1.00	rec	897.28	898.12
50	6	ٱعْبُدُوا۟	اعْبُدُوا	1.00	1.00	rec	898.18	898.68
50	7	ٱللَّهَ	اللَّهَ	1.00	1.00	rec	898.72	899.30
50	8	مَا	مَا	1.00	1.00	rec	899.44	899.56
50	9	لَكُم	لَكُمْ	1.00	1.00	rec	899.76	900.40
50	10	مِّنْ	مِنْ	1.00	1.00	rec	900.46	900.74
50	11	إِلَٰهٍ	إِلَـٰهٍ	1.00	1.00	rec	900.80	901.56
50	12	غَيْرُهُۥٓۖ	غَيْرُهُ	1.00	1.00	rec	901.94	902.48
50	13	إِنْ	إِنْ	1.00	1.00	rec	903.14	903.40
50	14	أَنتُمْ	أَنْتُمْ	1.00	1.00	rec	903.46	904.54
50	15	إِلَّا	إِلَّا	1.00	0.99	rec	904.64	905.06
50	16	مُفْتَرُونَ	فْتَرُونَ	0.83	0.88	rec	905.60	906.94
51	0	يَٰقَوْمِ	يَا+قَوْمِ	1.00	1.00	rec	907.68	908.40
51	1	لَآ	لَا	1.00	1.00	rec	908.54	908.66
51	2	أَسْـَٔلُكُمْ	أَسْأَلُكُمْ	0.83	1.00	rec	908.96	909.84
51	3	عَلَيْهِ	عَلَيْهِ	1.00	1.00	rec	909.92	910.48
51	4	أَجْرًاۖ	أَدْرًا	0.75	0.97	rec	910.60	911.00
51	5	إِنْ	إِنْ	1.00	1.00	rec	911.74	911.94
51	6	أَجْرِىَ	أَجْرِيَ	1.00	1.00	rec	912.02	912.56
51	7	إِلَّا	إِلَّا	1.00	1.00	rec	912.68	913.10
51	8	عَلَى	عَلَى	1.00	1.00	rec	913.30	913.56
51	9	ٱلَّذِى	الَّذِي	1.00	1.00	rec	913.60	914.10
51	10	فَطَرَنِىٓۚ	فَطَرَنِي	1.00	1.00	rec	914.42	915.20
51	11	أَفَلَا	أَفَلَاعْ	0.80	0.86	rec	915.54	916.68
51	12	تَعْقِلُونَ	حِلُونَ	0.50	0.97	rec	916.90	918.32
52	0	وَيَٰقَوْمِ	وَيَا+قَوْمِ	1.00	0.99	rec	919.02	919.94
52	1	ٱسْتَغْفِرُوا۟	اسْتَغْفِرُوا	1.00	0.98	rec	920.00	920.76
52	2	رَبَّكُمْ	رَبَّكُمْ	1.00	1.00	rec	920.96	921.70
52	3	ثُمَّ	ثُمَّ	1.00	0.93	rec	921.82	922.26
52	4	تُوبُوٓا۟	تُوبُوا	1.00	1.00	rec	922.42	922.90
52	5	إِلَيْهِ	إِلَيْهِ	1.00	1.00	rec	923.54	924.16
52	6	يُرْسِلِ	يُرْسِلِ	1.00	1.00	rec	924.28	924.80
52	7	ٱلسَّمَآءَ	السَّمَاءَ	1.00	1.00	rec	924.86	926.70
52	8	عَلَيْكُم	عَلَيْكُمْ	1.00	1.00	rec	926.78	927.82
52	9	مِّدْرَارًۭا	مِدْرَارًا	1.00	0.98	rec	927.88	928.66
52	10	وَيَزِدْكُمْ	وَيَزِدْكُمْ	1.00	1.00	rec	934.52	935.40
52	11	قُوَّةً	قُوَّةً	1.00	1.00	rec	935.52	936.10
52	12	إِلَىٰ	إِلَىٰ	1.00	1.00	rec	936.36	936.64
52	13	قُوَّتِكُمْ	قُوَّتِكُمْ	1.00	1.00	rec	936.94	937.82
52	14	وَلَا	وَلَا	1.00	1.00	rec	937.92	938.18
52	15	تَتَوَلَّوْا۟	تَتَوَلَّوْا	1.00	0.92	rec	938.40	939.28
52	16	مُجْرِمِينَ	مُجْرِمِينَ	1.00	1.00	rec	939.44	940.84
53	0	قَالُوا۟	قَالُوا	1.00	1.00	rec	941.68	942.14
53	1	يَٰهُودُ	يَا+هُودُ	1.00	1.00	rec	942.36	943.14
53	2	مَا	مَا	1.00	1.00	rec	943.26	943.38
53	3	جِئْتَنَا	جِئْتَنَا	1.00	1.00	rec	943.60	944.18
53	4	بِبَيِّنَةٍۢ	بِبَيِّنَةٍ	1.00	1.00	rec	944.38	945.38
53	5	وَمَا	وَمَا	1.00	1.00	rec	946.06	946.38
53	6	نَحْنُ	نَحْنُ	1.00	1.00	rec	946.58	946.94
53	7	بِتَارِكِىٓ	بِتَارِكِي	1.00	1.00	rec	947.06	948.00
53	8	ءَالِهَتِنَا	آلِهَتِنَا	0.86	1.00	rec	948.34	949.38
53	9	عَن	عَنْ	1.00	1.00	rec	949.68	950.36
53	10	قَوْلِكَ	قَوْلِكَ	1.00	0.99	rec	950.44	951.10
53	11	وَمَا	وَمَا	1.00	1.00	rec	951.20	951.54
53	12	نَحْنُ	نَحْنُ	1.00	1.00	rec	951.80	952.18
53	13	لَكَ	لَكَ	1.00	1.00	rec	952.30	952.60
53	14	بِمُؤْمِنِينَ	بِمُؤْمِنِينَ	1.00	1.00	rec	952.68	954.54
54	0	إِن	إِنْ	1.00	1.00	rec	955.30	955.86
54	1	نَّقُولُ	نَقُولُ	1.00	1.00	rec	955.90	956.52
54	2	إِلَّا	إِلَّا	1.00	0.98	rec	956.66	957.06
54	3	ٱعْتَرَىٰكَ	اعْتَرِاكَ	0.86	0.96	rec	957.08	957.96
54	4	بَعْضُ	بَعْضُ	1.00	0.92	rec	958.10	958.48
54	5	ءَالِهَتِنَا	آعلِهَتِنَا	0.71	0.99	rec	958.62	959.64
54	6	بِسُوٓءٍۢۗ	بِلسُوءٍ	0.80	0.94	rec	959.88	961.38
54	7	قَالَ	قَالَ	1.00	1.00	rec	961.90	962.26
54	8	إِنِّىٓ	إِنِّي	1.00	1.00	rec	962.38	962.98
54	9	أُشْهِدُ	أُشْهِدُ	1.00	1.00	rec	963.36	963.96
54	10	ٱللَّهَ	اللَّهَ	1.00	1.00	rec	964.02	964.68
54	11	وَٱشْهَدُوٓا۟	وَاشْهَدُوا	1.00	0.99	rec	964.80	965.46
54	12	أَنِّى	أَنِّي	1.00	1.00	rec	965.90	966.44
54	13	بَرِىٓءٌۭ	بَنِيءٌ	0.75	0.79	rec	966.76	968.00
54	14	مِّمَّا	مِمَّا	1.00	1.00	rec	968.66	969.40
54	15	تُشْرِكُونَ	تُشْرِكُونَ	1.00	1.00	rec	969.62	970.46
54	16	مِن	مِنْ	1.00	1.00	rec	970.56	971.34
54	17	دُونِهِۦۖ	دُونِهِ	1.00	1.00	rec	971.42	972.00
54	18	فَكِيدُونِي	فَكِيدُونِي	1.00	1.00	rec	972.94	974.22
54	19	جَمِيعٗا	جَمِيعًا	1.00	1.00	rec	974.74	975.64
54	20	ثُمَّ	ثُمَّ	1.00	1.00	rec	976.16	976.78
54	21	لَا	لَا	1.00	1.00	rec	976.92	977.04
54	22	تُنظِرُونِ	تُنْظِرُونِ	1.00	1.00	rec	977.46	979.10
55	0	إِنِّى	إِنِّي	1.00	1.00	rec	979.62	980.30
55	1	تَوَكَّلْتُ	تَوَكَّلْتُ	1.00	1.00	rec	980.64	981.50
55	2	عَلَى	عَلَى	1.00	1.00	rec	981.62	981.82
55	3	ٱللَّهِ	اللَّهِ	1.00	1.00	rec	981.86	982.40
55	4	رَبِّى	رَبِّي	1.00	1.00	rec	982.50	982.90
55	5	وَرَبِّكُمۚ	وَرَبِّكُمْ	1.00	1.00	rec	983.22	984.26
55	6	مَّا	مَا	1.00	0.84	rec	984.76	984.90
55	7	مِن	مِنْ	1.00	1.00	rec	985.12	985.44
55	8	دَآبَّةٍ	دَابَّةٍ	1.00	1.00	rec	985.52	987.72
55	9	إِلَّا	إِلَّا	1.00	1.00	rec	988.00	988.42
55	10	هُوَ	هُوَ	1.00	1.00	rec	988.66	988.90
55	11	ءَاخِذٌۢ	آخِذٌ	0.75	1.00	rec	989.04	989.64
55	12	بِنَاصِيَتِهَآۚ	بِنَاصِيَتِهَا	1.00	1.00	rec	990.18	991.44
55	13	إِنَّ	إِنَّ	1.00	1.00	rec	992.22	992.66
55	14	رَبِّى	رَبِّي	1.00	1.00	rec	992.78	993.18
55	15	عَلَىٰ	عَلَىٰ	1.00	1.00	rec	993.52	993.82
55	16	صِرَٰطٍۢ	صِرَاطٍ	1.00	1.00	rec	994.12	994.72
55	17	مُّسْتَقِيمٍۢ	مُسْتَقِيمٍ	1.00	1.00	rec	995.54	997.36
56	0	فَإِن	فَإِنْ	1.00	1.00	rec	998.00	998.80
56	1	تَوَلَّوْا۟	تَوَلَّوْا	1.00	0.97	rec	998.92	999.66
56	2	فَقَدْ	فَقَدْ	1.00	1.00	rec	999.92	1000.48
56	3	أَبْلَغْتُكُم	أَبْلَغْتُكُمْ	1.00	1.00	rec	1000.64	1002.28
56	4	مَّآ	مَا	1.00	0.98	rec	1002.34	1002.48
56	5	أُرْسِلْتُ	أُرْسِلْتُ	1.00	1.00	rec	1003.26	1004.12
56	6	بِهِۦٓ	بِهِ	1.00	1.00	rec	1004.26	1004.60
56	7	إِلَيْكُمْۚ	إِلَيْكُمْ	1.00	1.00	rec	1005.28	1006.26
56	8	وَيَسْتَخْلِفُ	وَيَسْتَخْلِفُ	1.00	0.99	rec	1006.82	1007.92
56	9	رَبِّى	رَبِّي	1.00	1.00	rec	1008.06	1008.48
56	10	قَوْمًا	قَوْمًا	1.00	1.00	rec	1008.80	1009.30
56	11	غَيْرَكُمْ	غَيْرَكُمْ	1.00	1.00	rec	1009.60	1010.38
56	12	وَلَا	وَلَا	1.00	0.94	rec	1010.48	1010.78
56	13	تَضُرُّونَهُۥ	تَضُرُّونَهُ	1.00	1.00	rec	1011.10	1012.22
56	14	شَيْـًٔاۚ	شَيْئًا	0.75	1.00	rec	1012.74	1013.26
56	15	إِنَّ	إِنَّ	1.00	1.00	rec	1014.16	1014.92
56	16	رَبِّى	رَبِّي	1.00	1.00	rec	1015.04	1015.46
56	17	عَلَىٰ	عَلَىٰ	1.00	1.00	rec	1015.74	1016.04
56	18	كُلِّ	كُلِّ	1.00	1.00	rec	1016.34	1016.76
56	19	شَىْءٍ	شَيْءٍ	1.00	1.00	rec	1016.92	1017.34
56	20	حَفِيظٌۭ	حَفِيظٌ	1.00	1.00	rec	1017.70	1018.96
57	0	وَلَمَّا	وَلَمَّا	1.00	1.00	rec	1019.60	1020.32
57	1	جَآءَ	جَاءَ	1.00	0.96	rec	1020.66	1021.46
57	2	أَمْرُنَا	مْرُنَا	0.80	1.00	rec	1021.60	1022.06
57	3	نَجَّيْنَا	نَجَّيْنَا	1.00	1.00	rec	1022.30	1023.12
57	4	هُودًۭا	هُودًا	1.00	1.00	rec	1023.44	1023.98
57	5	وَٱلَّذِينَ	وَالَّذِينَ	1.00	1.00	rec	1024.52	1025.38
57	6	ءَامَنُوا۟	آمَنُوا	0.83	1.00	rec	1025.50	1026.18
57	7	مَعَهُۥ	مَعَهُ	1.00	1.00	rec	1026.44	1026.90
57	8	بِرَحْمَةٍۢ	بِرَحْمَةٍ	1.00	1.00	rec	1027.18	1027.92
57	9	مِّنَّا	مِنَّا	1.00	0.89	rec	1028.52	1029.32
57	10	وَنَجَّيْنَٰهُم	وَنَجَّيْنَاهُمْ	1.00	1.00	rec	1030.20	1032.12
57	11	مِّنْ	مِنْ	1.00	1.00	rec	1032.18	1032.46
57	12	عَذَابٍ	عَذَابٍ	1.00	1.00	rec	1032.54	1033.42
57	13	غَلِيظٍۢ	غَلِيظٍ	1.00	1.00	rec	1033.94	1035.24
58	0	وَتِلْكَ	وَتِلْكَ	1.00	1.00	rec	1036.02	1036.46
58	1	عَادٌۭۖ	عَادٌ	1.00	1.00	rec	1036.56	1037.02
58	2	جَحَدُوا۟	جَحَدُوا	1.00	1.00	rec	1037.70	1038.26
58	3	بِـَٔايَٰتِ	بِآيَاتِ	1.00	1.00	rec	1038.54	1039.62
58	4	رَبِّهِمْ	رَبِّهِمْ	1.00	0.98	rec	1039.72	1040.52
58	5	وَعَصَوْا۟	وَعَصَوْا	1.00	1.00	rec	1040.64	1041.32
58	6	رُسُلَهُۥ	رُسُلَهُ	1.00	1.00	rec	1041.42	1042.06
58	7	وَٱتَّبَعُوٓا۟	وَاتَّبَعُوا	1.00	1.00	rec	1044.70	1045.60
58	8	أَمْرَ	أَمْرَ	1.00	1.00	rec	1046.32	1046.70
58	9	كُلِّ	كُلِّ	1.00	1.00	rec	1046.92	1047.34
58	10	جَبَّارٍ	جَبَّارٍ	1.00	0.94	rec	1047.48	1048.22
58	11	عَنِيدٍۢ	عَنِيدٍ	1.00	1.00	rec	1048.52	1049.48
59	0	وَأُتْبِعُوا۟	وَأُتْبِعُوا	1.00	0.98	rec	1050.08	1050.94
59	1	فِى	فِي	1.00	1.00	rec	1051.42	1051.56
59	2	هَٰذِهِ	هَـٰذِهِ	1.00	1.00	rec	1051.94	1052.74
59	3	ٱلدُّنْيَا	الدُّنْيَا	1.00	0.99	rec	1052.82	1053.64
59	4	لَعْنَةًۭ	لَعْنَةً	1.00	1.00	rec	1054.04	1054.78
59	5	وَيَوْمَ	وَيَوْمَ	1.00	1.00	rec	1055.74	1056.54
59	6	ٱلْقِيَٰمَةِۗ	الْقِيَامَةِ	1.00	1.00	rec	1056.60	1057.72
59	7	أَلَآ	أَلَا	1.00	1.00	rec	1058.42	1058.72
59	8	إِنَّ	إِنَّ	1.00	1.00	rec	1058.92	1059.92
59	9	عَادًۭا	عَادًا	1.00	1.00	rec	1060.04	1060.48
59	10	كَفَرُوا۟	كَفَرُوا	1.00	1.00	rec	1061.12	1061.64
59	11	رَبَّهُمْۗ	رَبَّهُمْ	1.00	1.00	rec	1061.88	1062.82
59	12	أَلَا	أَلَا	1.00	1.00	rec	1063.40	1063.70
59	13	بُعْدًۭا	بُعْدًا	1.00	1.00	rec	1064.04	1064.44
59	14	لِّعَادٍۢ	لِعَادٍ	1.00	1.00	rec	1064.72	1065.58
59	15	قَوْمِ	قَوْمِ	1.00	1.00	rec	1066.44	1066.82
59	16	هُودٍۢ	هُودٍ	1.00	1.00	rec	1066.98	1068.22
60	0	وَإِلَىٰ	وَإِلَىٰ	1.00	0.99	rec	1068.88	1069.28
60	1	ثَمُودَ	ثَمُودَ	1.00	1.00	rec	1069.54	1070.18
60	2	أَخَاهُمْ	أَخَاهُمْ	1.00	1.00	rec	1070.28	1071.30
60	3	صَٰلِحًۭاۚ	صَالِحًا	1.00	1.00	rec	1071.44	1072.14
60	4	قَالَ	قَالَ	1.00	1.00	rec	1073.08	1073.40
60	5	يَٰقَوْمِ	يَا+قَوْمِ	1.00	1.00	rec	1073.52	1074.42
60	6	ٱعْبُدُوا۟	اعْبُدُوا	1.00	0.99	rec	1074.50	1075.02
60	7	ٱللَّهَ	اللَّهَ	1.00	1.00	rec	1075.08	1075.76
60	8	مَا	مَعَ	0.50	1.00	rec	1075.94	1076.24
60	9	لَكُم	لَكُمْ	1.00	1.00	rec	1076.42	1077.24
60	10	مِّنْ	مِنْ	1.00	1.00	rec	1077.30	1077.58
60	11	إِلَٰهٍ	إِلَـٰهٍ	1.00	1.00	rec	1077.64	1078.48
60	12	غَيْرُهُۥۖ	غَيْرُهُ	1.00	1.00	rec	1078.84	1079.50
60	13	هُوَ	هُوَ	1.00	1.00	rec	1080.12	1080.36
60	14	أَنشَأَكُم	أَنْشَأَكُمْ	1.00	0.99	rec	1080.50	1082.40
60	15	مِّنَ	مِنَ	1.00	1.00	rec	1082.46	1082.70
60	16	ٱلْأَرْضِ	الْأَرْضِ	1.00	1.00	rec	1082.74	1083.44
60	17	وَٱسْتَعْمَرَكُمْ	وَاسْتَعْمَرَكُمْ	1.00	1.00	rec	1083.56	1084.96
60	18	فِيهَا	فِيهَا	1.00	1.00	rec	1085.12	1085.66
60	19	فَٱسْتَغْفِرُوهُ	فَاسْتَغْفِرُوهُ	1.00	0.99	rec	1086.04	1087.48
60	20	ثُمَّ	ثُمَّ	1.00	1.00	rec	1089.40	1089.82
60	21	تُوبُوٓا۟	تُوبُوا	1.00	1.00	rec	1090.00	1090.56
60	22	إِلَيْهِۚ	إِلَيْهِ	1.00	1.00	rec	1091.18	1092.16
60	23	إِنَّ	إِنَّ	1.00	1.00	rec	1092.68	1093.42
60	24	رَبِّى	رَبِّي	1.00	1.00	rec	1093.54	1093.98
60	25	قَرِيبٌۭ	قَرِيبٌ	1.00	0.99	rec	1094.38	1095.12
60	26	مُّجِيبٌۭ	مُلِيبٌ	0.75	0.98	rec	1095.90	1097.02
61	0	قَالُوا۟	قَالُوا	1.00	0.97	rec	1097.98	1098.50
61	1	يَٰصَٰلِحُ	يَا+صَالِحُ	1.00	1.00	rec	1098.80	1100.04
61	2	قَدْ	قَدَ	1.00	0.94	rec	1100.24	1100.50
61	3	كُنتَ	كُنْتَ	1.00	1.00	rec	1100.70	1101.58
61	4	فِينَا	فِينَا	1.00	1.00	rec	1101.78	1102.36
61	5	مَرْجُوًّۭا	مَرْجُوًّا	1.00	0.98	rec	1102.70	1103.44
61	6	قَبْلَ	قَبْلَ	1.00	1.00	rec	1103.94	1104.36
61	7	هَٰذَآۖ	هَـٰذَا	1.00	0.99	rec	1104.50	1105.00
61	8	أَتَنْهَىٰنَآ	أَتَنْهَانَا	0.88	1.00	rec	1105.86	1106.88
61	9	أَن	أَنْ	1.00	1.00	rec	1107.18	1107.50
61	10	نَّعْبُدَ	نَعْبُدَ	1.00	1.00	rec	1107.56	1108.12
61	11	مَا	مَا	1.00	1.00	rec	1108.24	1108.38
61	12	يَعْبُدُ	يَعْبُدُ	1.00	1.00	rec	1108.62	1109.18
61	13	ءَابَآؤُنَا	آبَاؤُنَا	0.86	1.00	rec	1109.34	1111.50
61	14	وَإِنَّنَا	وَإِنَّ+نَعَ	0.80	0.91	rec	1112.28	1113.56
61	15	لَفِى	لَ+فِي	1.00	1.00	rec	1113.70	1114.08
61	16	شَكٍّۢ	شَكٍّ	1.00	0.99	rec	1114.34	1114.84
61	17	مِّمَّا	مِمَّا	1.00	0.93	rec	1115.50	1116.18
61	18	تَدْعُونَآ	تَدْعُونَا	1.00	1.00	rec	1116.54	1117.48
61	19	إِلَيْهِ	إِلَيْهِ	1.00	1.00	rec	1118.08	1118.64
61	20	مُرِيبٍۢ	مُرِيبٍ	1.00	0.97	rec	1118.78	1119.92
62	0	قَالَ	قَالَ	1.00	1.00	rec	1120.84	1121.24
62	1	يَٰقَوْمِ	يَا+قَوْمِ	1.00	1.00	rec	1121.36	1122.42
62	2	أَرَءَيْتُمْ	أَرَأَيْتُمْ	0.83	1.00	rec	1122.58	1123.78
62	3	إِن	إِنْ	1.00	1.00	rec	1123.88	1124.52
62	4	كُنتُ	كُنْتُ	1.00	1.00	rec	1124.66	1125.74
62	5	عَلَىٰ	عَلَىٰ	1.00	1.00	rec	1125.86	1126.22
62	6	بَيِّنَةٍۢ	بَيِّنَةٍ	1.00	1.00	rec	1126.62	1127.50
62	7	مِّن	مِنْ	1.00	1.00	rec	1128.36	1128.58
62	8	رَّبِّى	رَبِّي	1.00	1.00	rec	1128.66	1129.12
62	9	وَءَاتَىٰنِى	وَآتَانِي	0.75	1.00	rec	1129.44	1130.76
62	10	مِنْهُ	مِنْهُ	1.00	1.00	rec	1131.10	1131.58
62	11	رَحْمَةًۭ	رَحْمَةٌ	1.00	1.00	rec	1131.72	1132.28
62	12	فَمَن	فَمَنْ	1.00	1.00	rec	1133.32	1134.24
62	13	يَنصُرُنِى	يَنْصُرُنِي	1.00	0.99	rec	1134.28	1135.58
62	14	مِنَ	مِنَ	1.00	1.00	rec	1135.86	1136.14
62	15	ٱللَّهِ	اللَّهِ	1.00	1.00	rec	1136.20	1137.08
62	16	إِنْ	إِنْ	1.00	1.00	rec	1137.24	1137.62
62	17	عَصَيْتُهُۥۖ	عَصَيْتُهُ	1.00	0.99	rec	1137.70	1138.70
62	18	فَمَا	فَمَا	1.00	1.00	rec	1139.08	1139.40
62	19	تَزِيدُونَنِى	تَزِيدُونَنِي	1.00	1.00	rec	1139.74	1141.02
62	20	غَيْرَ	غَيْرَتْهُ	0.60	0.93	rec	1141.28	1142.02
62	21	تَخْسِيرٍۢ	سير	0.60	0.99	rec	1142.26	1143.34
63	0	وَيَٰقَوْمِ	وَيَا+قَوْمِ	1.00	1.00	rec	1144.10	1145.22
63	1	هَٰذِهِۦ	هَـٰذِهِ	1.00	1.00	rec	1145.36	1146.08
63	2	نَاقَةُ	نَاقَةُ	1.00	1.00	rec	1146.38	1147.04
63	3	ٱللَّهِ	اللَّهِ	1.00	1.00	rec	1147.10	1147.78
63	4	لَكُمْ	لَكُمْ	1.00	1.00	rec	1147.88	1148.36
63	5	ءَايَةًۭ	آْيَةً	0.75	0.98	rec	1148.46	1149.08
63	6	فَذَرُوهَا	فَذَرُوهَا	1.00	1.00	rec	1149.70	1150.60
63	7	تَأْكُلْ	تَأْكُلْ	1.00	1.00	rec	1150.94	1151.58
63	8	فِىٓ	فِي	1.00	1.00	rec	1151.72	1151.86
63	9	أَرْضِ	أَرْضِ	1.00	0.98	rec	1152.70	1153.14
63	10	ٱللَّهِ	اللَّهِ	1.00	0.98	rec	1153.20	1153.96
63	11	وَلَا	وَلَا	1.00	1.00	rec	1158.96	1159.26
63	12	تَمَسُّوهَا	تَمَسُّوهَا	1.00	1.00	rec	1159.52	1160.52
63	13	بِسُوٓءٍۢ	بِسُوءٍ	1.00	0.95	rec	1160.88	1162.58
63	14	فَيَأْخُذَكُمْ	فَيَأْخُذَكُمْ	1.00	1.00	rec	1163.16	1164.44
63	15	عَذَابٌۭ	عَذَابٌ	1.00	1.00	rec	1164.52	1165.20
63	16	قَرِيبٌۭ	قَرِيبٌ	1.00	1.00	rec	1165.98	1167.04
64	0	فَعَقَرُوهَا	فَعَقَرُوهَا	1.00	1.00	rec	1168.02	1169.12
64	1	فَقَالَ	فَقَالَ	1.00	1.00	rec	1169.44	1170.08
64	2	تَمَتَّعُوا۟	تَمَتَّعُوا	1.00	1.00	rec	1170.26	1170.98
64	3	فِى	فِي	1.00	1.00	rec	1171.28	1171.42
64	4	دَارِكُمْ	دَارِكُمْ	1.00	1.00	rec	1171.66	1172.46
64	5	ثَلَٰثَةَ	ثَلَاثَةَ	1.00	1.00	rec	1172.56	1173.50
64	6	أَيَّامٍۢۖ	أَيَّامٍ	1.00	0.99	rec	1173.64	1175.06
64	7	ذَٰلِكَ	ذَٰلِكَ	1.00	0.97	rec	1175.80	1176.58
64	8	وَعْدٌ	وَعْدٌ	1.00	1.00	rec	1176.70	1177.12
64	9	غَيْرُ	غَيْرُ	1.00	1.00	rec	1177.52	1178.00
64	10	مَكْذُوبٍۢ	مَكْذُوبٍ	1.00	1.00	rec	1178.14	1179.58
65	0	فَلَمَّا	فَلَمَّا	1.00	1.00	rec	1180.26	1180.86
65	1	جَآءَ	جَاءَ	1.00	1.00	rec	1181.12	1182.14
65	2	أَمْرُنَا	مْرُنَا	0.80	1.00	rec	1182.26	1182.74
65	3	نَجَّيْنَا	نَجَّيْنَا	1.00	1.00	rec	1183.04	1183.76
65	4	صَٰلِحًۭا	صَالِحًا	1.00	1.00	rec	1184.00	1184.76
65	5	وَٱلَّذِينَ	وَالَّذِينَ	1.00	0.96	rec	1185.18	1185.94
65	6	ءَامَنُوا۟	آمَنُوا	0.83	1.00	rec	1186.04	1186.70
65	7	مَعَهُۥ	مَعَهُ	1.00	1.00	rec	1186.94	1187.42
65	8	بِرَحْمَةٍۢ	بِرَحْمَةٍ	1.00	1.00	rec	1187.66	1188.52
65	9	مِّنَّا	مِنَّا	1.00	1.00	rec	1189.22	1190.24
65	10	وَمِنْ	وَمِنْ	1.00	0.86	rec	1193.96	1194.42
65	11	خِزْىِ	خِزْيِ	1.00	0.98	rec	1194.56	1195.10
65	12	يَوْمِئِذٍۗ	يَوْمِئِذْ	1.00	0.94	rec	1195.34	1196.24
65	13	إِنَّ	إِنَّ	1.00	1.00	rec	1196.86	1197.72
65	14	رَبَّكَ	رَبَّكَ	1.00	1.00	rec	1197.84	1198.44
65	15	هُوَ	هُوَ	1.00	1.00	rec	1198.60	1198.84
65	16	ٱلْقَوِىُّ	الْقَوِيُّ	1.00	1.00	rec	1198.88	1199.74
65	17	ٱلْعَزِيزُ	الْعَزِيزُ	1.00	1.00	rec	1199.80	1201.40
66	0	وَأَخَذَ	وَأَخَذَ	1.00	1.00	rec	1202.24	1202.88
66	1	ٱلَّذِينَ	الَّذِينَ	1.00	1.00	rec	1202.96	1203.78
66	2	ظَلَمُوا۟	ظَلَمُوا	1.00	1.00	rec	1203.96	1204.52
66	3	ٱلصَّيْحَةُ	الصَّيْحَةُ	1.00	1.00	rec	1204.58	1205.58
66	4	فَأَصْبَحُوا۟	فَأَصْبَحُوا	1.00	1.00	rec	1205.78	1206.72
66	5	فِى	فِي	1.00	1.00	rec	1207.10	1207.26
66	6	دِيَٰرِهِمْ	دِيَارِهِمْ	1.00	0.99	rec	1207.60	1208.72
66	7	جَٰثِمِينَ	جَاثِمِينَ	1.00	1.00	rec	1208.82	1209.94
67	0	كَأَن	كَأَنْ	1.00	1.00	rec	1210.14	1210.64
67	1	لَّمْ	لَمْ	1.00	1.00	rec	1210.72	1211.00
67	2	يَغْنَوْا۟	يَغْنَوْا	1.00	1.00	rec	1211.10	1211.76
67	3	فِيهَآۗ	فِيهَا	1.00	1.00	rec	1211.96	1212.52
67	4	أَلَآ	أَلَا	1.00	1.00	rec	1213.64	1213.96
67	5	إِنَّ	إِنَّ	1.00	1.00	rec	1214.20	1214.94
67	6	ثَمُودَا۟	ثَمُودَ+ان	0.83	0.73	rec	1215.12	1216.68
67	7	كَفَرُوا۟	كَفَرُوا	1.00	1.00	rec	1216.84	1217.40
67	8	رَبَّهُمْۗ	رَبَّهُمْ	1.00	0.96	rec	1217.68	1218.54
67	9	أَلَا	أَلَا	1.00	1.00	rec	1218.66	1218.96
67	10	بُعْدًۭا	بُعْدًا	1.00	1.00	rec	1219.30	1219.72
67	11	لِّثَمُودَ	لِثَمُودَ	1.00	0.98	rec	1219.96	1221.38
68	0	وَلَقَدْ	وَلَقَدْ	1.00	1.00	rec	1222.12	1222.92
68	1	جَآءَتْ	جَاءَتْ	1.00	1.00	rec	1223.00	1224.96
68	2	رُسُلُنَآ	رُسْلُنَا	1.00	1.00	rec	1225.04	1225.84
68	3	إِبْرَٰهِيمَ	إِبْرَاهِيمَ	1.00	1.00	rec	1226.48	1227.78
68	4	بِٱلْبُشْرَىٰ	بِالْبُشْرِىٰ	1.00	0.91	rec	1227.92	1228.90
68	5	قَالُوا۟	قَالُوا	1.00	0.97	rec	1230.10	1230.60
68	6	سَلَٰمًۭاۖ	سَلَامًا	1.00	0.99	rec	1230.88	1231.66
68	7	قَالَ	قَالَ	1.00	1.00	rec	1232.30	1232.72
68	8	سَلَٰمٌۭۖ	سَلَامٌ	1.00	1.00	rec	1232.90	1233.70
68	9	فَمَا	فَمَا	1.00	1.00	rec	1234.12	1234.46
68	10	لَبِثَ	لَبِثَ	1.00	1.00	rec	1234.78	1235.34
68	11	أَن	أَنْ	1.00	0.99	rec	1235.48	1235.88
68	12	جَآءَ	جَاءَ	1.00	1.00	rec	1236.00	1237.34
68	13	بِعِجْلٍ	بِعِجْلٍ	1.00	1.00	rec	1237.46	1238.08
68	14	حَنِيذٍۢ	حَنِيذٍ	1.00	0.99	rec	1238.44	1239.66
69	0	فَلَمَّا	فَلَمَّا	1.00	1.00	rec	1240.42	1241.50
69	1	رَءَآ		0.00	0.19	forced	1241.76	1242.30
69	2	أَيْدِيَهُمْ	أَيْدِيَهُمْ	1.00	1.00	rec	1242.36	1243.32
69	3	لَا	لَا	1.00	1.00	rec	1243.40	1243.52
69	4	تَصِلُ	تَصِلُ	1.00	1.00	rec	1243.82	1244.28
69	5	إِلَيْهِ	إِلَيْهِ	1.00	1.00	rec	1244.40	1245.00
69	6	نَكِرَهُمْ	نَكِرَهُمْ	1.00	1.00	rec	1245.12	1245.96
69	7	وَأَوْجَسَ	وَأَوْجَسَ	1.00	1.00	rec	1246.06	1246.90
69	8	مِنْهُمْ	مِنْهُمْ	1.00	1.00	rec	1247.00	1247.60
69	9	خِيفَةًۭۚ	خِيفَةٌ	1.00	1.00	rec	1247.76	1248.52
69	10	قَالُوا۟	قَالُوا	1.00	1.00	rec	1249.26	1249.78
69	11	لَا	لَا	1.00	1.00	rec	1250.10	1250.22
69	12	تَخَفْ	تَخَفْ	1.00	1.00	rec	1250.72	1251.28
69	13	إِنَّآ	إِنَّا	1.00	0.96	rec	1251.34	1252.24
69	14	أُرْسِلْنَآ	أُرْسِلْنَا	1.00	1.00	rec	1252.52	1253.38
69	15	إِلَىٰ	إِلَىٰ	1.00	1.00	rec	1253.92	1254.24
69	16	قَوْمِ	قَوْمِ	1.00	1.00	rec	1254.58	1254.94
69	17	لُوطٍۢ	لُوطٍ	1.00	0.99	rec	1255.04	1255.72
70	0	وَٱمْرَأَتُهُۥ	وَامْرَأَتُهُ	1.00	1.00	rec	1256.48	1257.66
70	1	قَآئِمَةٌۭ	قَائِمَةٌ	1.00	1.00	rec	1258.12	1260.60
70	2	فَضَحِكَتْ	فَضَحِكَتْ	1.00	1.00	rec	1261.40	1262.34
70	3	فَبَشَّرْنَٰهَا	فَبَشَّرْنَاهَا	1.00	1.00	rec	1262.40	1263.78
70	4	بِإِسْحَٰقَ	بِإِسْحَاقٍ	1.00	1.00	rec	1264.14	1265.62
70	5	وَمِن	وَمِنْ	1.00	1.00	rec	1269.28	1270.04
70	6	وَرَآءِ	وَرَاءِ	1.00	0.94	rec	1270.10	1271.28
70	7	إِسْحَٰقَ	اسْحَاقَ	1.00	1.00	rec	1271.32	1272.28
70	8	يَعْقُوبَ	يَعْقُوبُ	1.00	0.96	rec	1272.46	1273.78
71	0	قَالَتْ	قَالَتْ	1.00	1.00	rec	1274.48	1275.10
71	1	يَٰوَيْلَتَىٰٓ	يَا+وَيْلَتَىٰ	1.00	1.00	rec	1275.16	1276.24
71	2	ءَأَلِدُ	آلِدُ	0.75	1.00	rec	1276.72	1277.70
71	3	وَأَنَا۠	وَأَنَا	1.00	0.92	rec	1277.82	1278.30
71	4	عَجُوزٌۭ	عَجُوزٌ	1.00	1.00	rec	1278.42	1279.22
71	5	وَهَٰذَا	وَهَـٰذَا	1.00	1.00	rec	1279.74	1280.56
71	6	بَعْلِى	بَعْلِي	1.00	1.00	rec	1280.94	1281.44
71	7	شَيْخًاۖ	شَيْخًا	1.00	1.00	rec	1281.88	1282.48
71	8	إِنَّ	إِنَّ	1.00	1.00	rec	1283.70	1284.64
71	9	هَٰذَا	هَـٰذَا	1.00	0.99	rec	1284.78	1285.44
71	10	لَشَىْءٌ	لَشَيْءٌ	1.00	1.00	rec	1285.78	1286.54
71	11	عَجِيبٌۭ	عَجِيبٌ	1.00	1.00	rec	1286.90	1288.18
72	0	قَالُوٓا۟	قَالُوا	1.00	1.00	rec	1288.90	1289.38
72	1	أَتَعْجَبِينَ	أَتَعْجَبِينَ	1.00	1.00	rec	1289.94	1290.96
72	2	مِنْ	مِنْ	1.00	1.00	rec	1291.08	1291.38
72	3	أَمْرِ	أَمْرِ	1.00	1.00	rec	1291.46	1291.84
72	4	ٱللَّهِۖ	اللَّهِ	1.00	1.00	rec	1291.90	1292.88
72	5	رَحْمَتُ	رَحْمَتُ	1.00	1.00	rec	1293.46	1294.02
72	6	ٱللَّهِ	اللَّهِ	1.00	1.00	rec	1294.06	1294.72
72	7	وَبَرَكَٰتُهُۥ	وَبَرَكَاتُهُ	1.00	1.00	rec	1294.82	1296.00
72	8	عَلَيْكُمْ	عَلَيْكُمْ	1.00	1.00	rec	1296.28	1297.12
72	9	أَهْلَ	أَهْلَ	1.00	1.00	rec	1297.22	1297.56
72	10	ٱلْبَيْتِۚ	الْبَيْتِ	1.00	1.00	rec	1297.62	1298.74
72	11	إِنَّهُۥ	إِنَّهُ	1.00	1.00	rec	1299.18	1300.22
72	12	حَمِيدٌۭ	حَمِيدٌ	1.00	1.00	rec	1300.62	1301.40
72	13	مَّجِيدٌۭ	مَجِيدٌ	1.00	0.99	rec	1301.84	1303.00
73	0	فَلَمَّا	فَلَمَّا	1.00	1.00	rec	1304.14	1305.08
73	1	ذَهَبَ	ذَهَبَ	1.00	1.00	rec	1305.38	1305.90
73	2	عَنْ	عَنْ	1.00	1.00	rec	1306.02	1306.32
73	3	إِبْرَٰهِيمَ	إِبْرَاهِيمَ	1.00	1.00	rec	1306.40	1307.76
73	4	ٱلرَّوْعُ	الرَّوْعُ	1.00	0.94	rec	1307.82	1308.52
73	5	وَجَآءَتْهُ	وَجَاءَتْهُ	1.00	1.00	rec	1308.66	1310.46
73	6	ٱلْبُشْرَىٰ	الْبُشْرِي	0.86	0.89	rec	1310.56	1311.34
73	7	يُجَٰدِلُنَا	يُجَادِلُنَا	1.00	0.98	rec	1311.74	1312.90
73	8	فِى	فِي	1.00	1.00	rec	1313.28	1313.44
73	9	قَوْمِ	قَوْمِ	1.00	1.00	rec	1313.76	1314.22
73	10	لُوطٍ	لُوطٍ	1.00	1.00	rec	1314.36	1315.44
74	0	إِنَّ	إِنَّ	1.00	1.00	rec	1316.30	1317.20
74	1	إِبْرَٰهِيمَ	إِبْرَاهِيمَ	1.00	0.95	rec	1317.32	1318.64
74	2	لَحَلِيمٌ	لَحَلِيمٌ	1.00	1.00	rec	1318.76	1319.72
74	3	أَوَّٰهٌۭ	أَوَّاهٌ	1.00	1.00	rec	1320.10	1320.86
74	4	مُّنِيبٌۭ	مُنِيبٌ	1.00	1.00	rec	1321.58	1322.74
75	0	يَٰٓإِبْرَٰهِيمُ	يَا+إِبْرَاهِيمُ	1.00	1.00	rec	1323.76	1325.50
75	1	أَعْرِضْ	أَعْرِضْ	1.00	1.00	rec	1325.74	1326.50
75	2	عَنْ	عَنْ	1.00	1.00	rec	1326.56	1326.96
75	3	هَٰذَآۖ	هَـٰذَا	1.00	1.00	rec	1327.04	1327.72
75	4	إِنَّهُۥ	إِنَّهُ	1.00	0.98	rec	1328.06	1328.98
75	5	قَدْ	قَدْ	1.00	1.00	rec	1329.36	1329.64
75	6	جَآءَ		0.00	0.26	forced	1329.72	1330.32
75	7	أَمْرُ	مْرُ	0.67	1.00	rec	1330.42	1330.64
75	8	رَبِّكَۖ	رَبِّكَ	1.00	1.00	rec	1330.74	1331.38
75	9	وَإِنَّهُمْ	وَإِنَّهُمْ	1.00	0.99	rec	1331.48	1332.84
75	10	ءَاتِيهِمْ	آتِيهِمْ	0.83	1.00	rec	1332.96	1334.12
75	11	عَذَابٌ	عَذَابٌ	1.00	1.00	rec	1334.24	1334.92
75	12	غَيْرُ	غَيْرُ	1.00	1.00	rec	1335.32	1335.82
75	13	مَرْدُودٍۢ	مَرْدُودٍ	1.00	1.00	rec	1335.98	1337.24
76	0	وَلَمَّا	وَلَمَّا	1.00	0.94	rec	1338.36	1339.12
76	1	جَآءَتْ	جَاءَتْ	1.00	1.00	rec	1339.40	1341.04
76	2	رُسُلُنَا	رُسْلُنَا	1.00	0.92	rec	1341.14	1341.86
76	3	لُوطًۭا	لُوطًا	1.00	1.00	rec	1342.16	1342.78
76	4	سِىٓءَ	سِيءَ	1.00	1.00	rec	1343.58	1344.90
76	5	بِهِمْ	بِهِمْ	1.00	1.00	rec	1345.02	1345.46
76	6	وَضَاقَ	وَضَاقَ	1.00	1.00	rec	1345.58	1346.44
76	7	بِهِمْ	بِهِمْ	1.00	1.00	rec	1346.58	1347.14
76	8	ذَرْعًۭا	ذَرْعًا	1.00	1.00	rec	1347.28	1347.78
76	9	وَقَالَ	وَقَالَ	1.00	1.00	rec	1348.44	1349.20
76	10	هَٰذَا	هَـٰذَا	1.00	1.00	rec	1349.36	1349.90
76	11	يَوْمٌ	يَوْمٌ	1.00	1.00	rec	1350.18	1350.62
76	12	عَصِيبٌۭ	عَصِيبٌ	1.00	1.00	rec	1351.00	1352.34
77	0	وَجَآءَهُۥ	وَجَاءَهُ	1.00	1.00	rec	1353.24	1355.02
77	1	قَوْمُهُۥ	قَوْمُهُ	1.00	1.00	rec	1355.34	1355.98
77	2	يُهْرَعُونَ	يُهْرَعُونَ	1.00	1.00	rec	1356.22	1357.12
77	3	إِلَيْهِ	إِلَيْهِ	1.00	1.00	rec	1357.22	1357.82
77	4	وَمِن	وَمِنْ	1.00	1.00	rec	1357.94	1358.52
77	5	قَبْلُ	قَبْلُ	1.00	1.00	rec	1358.62	1359.06
77	6	كَانُوا۟	كَانُوا	1.00	0.98	rec	1359.26	1359.74
77	7	يَعْمَلُونَ	يَعْمَلُونَ	1.00	1.00	rec	1360.04	1361.08
77	8	ٱلسَّيِّـَٔاتِۚ	السَّيِّئَاتِ	0.86	1.00	rec	1361.12	1362.86
77	9	قَالَ	قَالَ	1.00	1.00	rec	1363.64	1364.10
77	10	يَٰقَوْمِ	يَا+قَوْمِ	1.00	1.00	rec	1364.24	1365.22
77	11	هَٰٓؤُلَآءِ	هَـٰؤُلَاءِ	1.00	1.00	rec	1365.50	1368.00
77	12	بَنَاتِى	بَنَاتِيهُنَّ⌐	1.00	0.99	rec	1368.12	1369.72
77	13	هُنَّ	بَنَاتِيهُنَّ¬	1.00	0.99	rec	1369.72	1370.36
77	14	أَطْهَرُ	أَطْهَرُ	1.00	1.00	rec	1370.50	1371.26
77	15	لَكُمْۖ	لَكُمْ	1.00	1.00	rec	1371.44	1372.10
77	16	فَٱتَّقُوا۟	فَاتَّقُوا	1.00	0.93	rec	1373.04	1373.64
77	17	ٱللَّهَ	اللَّهَ	1.00	1.00	rec	1373.72	1374.42
77	18	وَلَا	وَلَا	1.00	1.00	rec	1374.54	1374.84
77	19	تُخْزُونِ	تُخْزُونِي	0.83	1.00	rec	1375.12	1376.02
77	20	فِى	فِي	1.00	1.00	rec	1376.60	1376.74
77	21	ضَيْفِىٓۖ	ضَيْفِي	1.00	1.00	rec	1377.08	1377.64
77	22	أَلَيْسَ	أَلَيْسَ	1.00	1.00	rec	1378.48	1379.16
77	23	مِنكُمْ	مِنْكُمْ	1.00	1.00	rec	1379.30	1380.32
77	24	رَجُلٌۭ	رَجُلٌ	1.00	1.00	rec	1380.40	1380.82
77	25	رَّشِيدٌۭ	رَشِيدٌ	1.00	1.00	rec	1381.02	1382.56
78	0	قَالُوا۟	قَالُوا	1.00	1.00	rec	1383.26	1383.58
78	1	لَقَدْ	لَقَدْ	1.00	1.00	rec	1383.70	1384.08
78	2	عَلِمْتَ	عَلِمْتَ	1.00	1.00	rec	1384.16	1384.64
78	3	مَا	مَع	0.50	0.97	rec	1384.74	1384.88
78	4	لَنَا	لَنَا	1.00	1.00	rec	1385.06	1385.32
78	5	فِى	فِي	1.00	1.00	rec	1385.54	1385.68
78	6	بَنَاتِكَ	بَنَاتِكَ	1.00	1.00	rec	1385.78	1386.54
78	7	مِنْ	مِنْ	1.00	1.00	rec	1386.64	1386.86
78	8	حَقٍّۢ	حَقٍّ	1.00	1.00	rec	1386.98	1387.38
78	9	وَإِنَّكَ	وَإِنَّكَ	1.00	1.00	rec	1387.86	1388.84
78	10	لَتَعْلَمُ	لَتَعْلَمُ	1.00	1.00	rec	1388.92	1389.68
78	11	مَا	مَا	1.00	1.00	rec	1389.84	1389.96
78	12	نُرِيدُ	نُرِيدُ	1.00	1.00	rec	1390.18	1391.26
79	0	قَالَ	قَالَ	1.00	0.90	rec	1391.98	1392.28
79	1	لَوْ	لَوْ	1.00	1.00	rec	1392.40	1392.58
79	2	أَنَّ	عَنَّ	0.50	0.89	rec	1392.66	1393.18
79	3	لِى	لِي	1.00	1.00	rec	1393.30	1393.40
79	4	بِكُمْ	بِكُمْ	1.00	1.00	rec	1393.68	1394.12
79	5	قُوَّةً	قُوَّةً	1.00	1.00	rec	1394.24	1394.92
79	6	أَوْ	أَوْ	1.00	1.00	rec	1395.20	1395.44
79	7	ءَاوِىٓ	آعوِي	0.50	0.91	rec	1395.52	1396.10
79	8	إِلَىٰ	إِلَىٰ	1.00	1.00	rec	1396.58	1396.88
79	9	رُكْنٍۢ	رُكْنٍ	1.00	1.00	rec	1397.14	1397.54
79	10	شَدِيدٍۢ	شَدِيدٍ	1.00	0.96	rec	1398.24	1399.34
80	0	قَالُوا۟	قَالُوا	1.00	1.00	rec	1400.10	1400.64
80	1	يَٰلُوطُ	يَا+لُوطُ	1.00	1.00	rec	1400.92	1401.80
80	2	إِنَّا	إِنَّا	1.00	1.00	rec	1401.94	1402.60
80	3	رُسُلُ	رُسُلُ	1.00	1.00	rec	1402.88	1403.36
80	4	رَبِّكَ	رَبِّكَ	1.00	1.00	rec	1403.46	1404.08
80	5	لَن	لَنْ	1.00	1.00	rec	1404.18	1404.58
80	6	يَصِلُوٓا۟	يَصِلُوا	1.00	0.98	rec	1404.60	1405.16
80	7	إِلَيْكَۖ	إِلَيْكَ	1.00	1.00	rec	1405.62	1406.60
80	8	فَأَسْرِ	فَأَسْرِ	1.00	1.00	rec	1407.34	1407.94
80	9	بِأَهْلِكَ	بِأَهْلِكَ	1.00	1.00	rec	1408.10	1409.06
80	10	بِقِطْعٍۢ	بِقِطْعٍ	1.00	0.98	rec	1409.22	1409.94
80	11	مِّنَ	مِنَ	1.00	1.00	rec	1410.72	1410.96
80	12	ٱلَّيْلِ	اللَّيْلِ	0.80	1.00	rec	1411.02	1411.68
80	13	وَلَا	وَلَا	1.00	0.98	rec	1411.84	1412.18
80	14	يَلْتَفِتْ	يَلْتَفِتْ	1.00	1.00	rec	1412.48	1413.40
80	15	مِنكُمْ	مِنْكُمْ	1.00	1.00	rec	1413.48	1414.58
80	16	أَحَدٌ	أَحَدٌ	1.00	1.00	rec	1414.68	1415.18
80	17	إِلَّا	إِلَّا	1.00	1.00	rec	1415.50	1415.98
80	18	ٱمْرَأَتَكَۖ	امْرَأَتُكَ	1.00	0.99	rec	1416.02	1417.08
80	19	إِنَّهُۥ	إِنَّهُ	1.00	1.00	rec	1417.22	1418.28
80	20	مُصِيبُهَا	مُصِيبُهَا	1.00	1.00	rec	1418.60	1419.54
80	21	مَآ	مَا	1.00	0.92	rec	1419.84	1419.96
80	22	أَصَابَهُمْۚ	أَصَابَهُمْ	1.00	1.00	rec	1420.70	1422.06
80	23	إِنَّ	إِنَّ	1.00	0.99	rec	1422.76	1423.54
80	24	مَوْعِدَهُمُ	مَوْعِدَهُمُ	1.00	1.00	rec	1423.66	1424.66
80	25	ٱلصُّبْحُۚ	الصُّبْحُ	1.00	0.97	rec	1424.74	1425.42
80	26	أَلَيْسَ	أَلَيْسَ	1.00	0.92	rec	1425.96	1426.80
80	27	ٱلصُّبْحُ	الصُّبْحُ	1.00	1.00	rec	1426.88	1427.60
80	28	بِقَرِيبٍۢ	بِقَرِيبٍ	1.00	0.99	rec	1427.76	1429.40
81	0	فَلَمَّا	فَلَمَّا	1.00	1.00	rec	1430.18	1431.02
81	1	جَآءَ	جَا	0.67	1.00	rec	1431.38	1431.52
81	2	أَمْرُنَا	أَمْرُنَا	1.00	0.95	rec	1432.24	1432.84
81	3	جَعَلْنَا	جَعَلْنَا	1.00	1.00	rec	1433.12	1433.76
81	4	عَٰلِيَهَا	عَالِيَهَا	1.00	1.00	rec	1434.04	1434.92
81	5	سَافِلَهَا	سَافِلَهَا	1.00	1.00	rec	1435.30	1436.30
81	6	وَأَمْطَرْنَا	وَأَمْطَرْنَا	1.00	1.00	rec	1436.70	1437.90
81	7	عَلَيْهَا	عَلَيْهَا	1.00	0.93	rec	1438.16	1438.84
81	8	حِجَارَةًۭ	حِجَارَةً	1.00	0.99	rec	1439.16	1440.12
81	9	مِّن	مِنْ	1.00	1.00	rec	1440.44	1440.88
81	10	سِجِّيلٍۢ	سِيِّيلٍ	0.75	0.95	rec	1440.98	1441.78
81	11	مَّنضُودٍۢ	مَنْضُودٍ	1.00	1.00	rec	1442.44	1444.46
82	0	مُّسَوَّمَةً	مُسَوَّمَةً	1.00	1.00	rec	1445.24	1446.36
82	1	عِندَ	عِنْدَ	1.00	1.00	rec	1446.74	1447.72
82	2	رَبِّكَۖ	رَبِّكَ	1.00	1.00	rec	1447.82	1448.42
82	3	وَمَا	وَمَع	0.67	0.98	rec	1448.54	1448.88
82	4	هِىَ	هِيَ	1.00	1.00	rec	1449.20	1449.46
82	5	مِنَ	مِنَ	1.00	1.00	rec	1449.54	1449.78
82	6	ٱلظَّٰلِمِينَ	الظَّالِمِينَ	1.00	1.00	rec	1449.84	1451.48
82	7	بِبَعِيدٍۢ		0.00	0.02	forced	1451.60	1452.04
83	0	وَإِلَىٰ	وَإِلَىٰ	1.00	1.00	rec	1454.58	1455.04
83	1	مَدْيَنَ	مَدْيَنَ	1.00	1.00	rec	1455.28	1455.80
83	2	أَخَاهُمْ	أَخَاهُمْ	1.00	1.00	rec	1455.92	1456.78
83	3	شُعَيْبًۭاۚ	شُعَيْبًا	1.00	1.00	rec	1456.92	1457.58
83	4	قَالَ	قَالَ	1.00	1.00	rec	1458.30	1458.82
83	5	يَٰقَوْمِ	يَا+قَوْمِ	1.00	1.00	rec	1458.92	1459.74
83	6	ٱعْبُدُوا۟	اعْبُدُوا	1.00	0.99	rec	1459.80	1460.34
83	7	ٱللَّهَ	اللَّهَ	1.00	1.00	rec	1460.38	1461.02
83	8	مَا	مَا	1.00	1.00	rec	1461.18	1461.30
83	9	لَكُم	لَكُمْ	1.00	1.00	rec	1461.52	1462.58
83	10	مِّنْ	مِنْ	1.00	1.00	rec	1462.64	1462.98
83	11	إِلَٰهٍ	إِلَـٰهٍ	1.00	1.00	rec	1463.04	1463.74
83	12	غَيْرُهُۥۖ	غَيْرُهُ	1.00	1.00	rec	1464.18	1464.76
83	13	وَلَا	وَلَا	1.00	1.00	rec	1465.68	1465.96
83	14	تَنقُصُوا۟	تَنْقُصُوا	1.00	1.00	rec	1466.26	1467.60
83	15	ٱلْمِكْيَالَ	الْمِكْيَالَ	1.00	1.00	rec	1467.64	1468.60
83	16	وَٱلْمِيزَانَۚ	وَالْمِيزَانَ	1.00	1.00	rec	1468.68	1470.00
83	17	إِنِّىٓ	إِنِّيَ	1.00	0.93	rec	1470.14	1471.08
83	18	أَرَىٰكُم	أَرِيكُمْ	0.83	0.99	rec	1471.24	1472.54
83	19	بِخَيْرٍۢ	بِخَيْرٍ	1.00	1.00	rec	1482.16	1482.90
83	20	وَإِنِّىٓ	وَإِنِّيَ	1.00	1.00	rec	1483.38	1484.62
83	21	أَخَافُ	أَخَافُ	1.00	1.00	rec	1484.78	1485.54
83	22	عَلَيْكُمْ	عَلَيْكُمْ	1.00	1.00	rec	1485.66	1486.56
83	23	عَذَابَ	عَذَابَ	1.00	1.00	rec	1486.64	1487.24
83	24	يَوْمٍۢ	يَوْمٍ	1.00	1.00	rec	1487.34	1487.82
83	25	مُّحِيطٍۢ	مُحِيطٍ	1.00	1.00	rec	1488.50	1489.74
84	0	وَيَٰقَوْمِ	وَيَا+قَوْمِ	1.00	1.00	rec	1491.36	1492.42
84	1	أَوْفُوا۟	عَوْفُوا	0.80	0.93	rec	1492.56	1493.12
84	2	ٱلْمِكْيَالَ	الْمِكْيَالَ	1.00	1.00	rec	1493.16	1494.24
84	3	وَٱلْمِيزَانَ	وَالْمِيزَانَ	1.00	1.00	rec	1494.32	1495.50
84	4	بِٱلْقِسْطِۖ	بِالْقِسْطِ	1.00	1.00	rec	1495.62	1496.46
84	5	وَلَا	وَلَا	1.00	1.00	rec	1496.60	1496.90
84	6	تَبْخَسُوا۟	تَبْخَسُوا	1.00	0.94	rec	1497.16	1497.94
84	7	ٱلنَّاسَ	النَّاسَ	1.00	1.00	rec	1504.72	1505.86
84	8	أَشْيَآءَهُمْ	أَشْيَاءَهُمْ	1.00	1.00	rec	1505.96	1508.32
84	9	وَلَا	وَلَا	1.00	1.00	rec	1508.44	1508.76
84	10	تَعْثَوْا۟	تَعْثَوْا	1.00	1.00	rec	1509.08	1509.80
84	11	فِى	فِي	1.00	1.00	rec	1510.00	1510.12
84	12	ٱلْأَرْضِ	الْأَرْضِ	1.00	0.98	rec	1510.16	1510.92
84	13	مُفْسِدِينَ	مُفْسِدِينَ	1.00	1.00	rec	1511.06	1512.88
85	0	بَقِيَّتُ	بَقِيَّتُ	1.00	1.00	rec	1514.22	1515.14
85	1	ٱللَّهِ	اللَّهِ	1.00	1.00	rec	1515.20	1516.04
85	2	خَيْرٌۭ	خَيْرٌ	1.00	1.00	rec	1516.26	1516.76
85	3	لَّكُمْ	لَكُمْ	1.00	1.00	rec	1517.04	1517.62
85	4	إِن	إِنْ	1.00	1.00	rec	1517.76	1518.52
85	5	كُنتُم	كُنْتُمْ	1.00	1.00	rec	1518.66	1520.30
85	6	مُّؤْمِنِينَۚ	مُؤْمِنِينَ	1.00	1.00	rec	1520.36	1522.50
86	0	وَمَآ	وَمَا	1.00	1.00	rec	1523.70	1524.04
86	1	أَنَا۠	أَنَا	1.00	1.00	rec	1524.38	1524.64
86	2	عَلَيْكُم	عَلَيْكُمْ	1.00	1.00	rec	1524.76	1526.34
86	3	بِحَفِيظٍۢ	بِحَفِيظٍ	1.00	1.00	rec	1526.40	1528.04
87	0	قَالُوا۟	قَالُوا	1.00	0.99	rec	1530.12	1530.68
87	1	يَٰشُعَيْبُ	يَا+شُعَيْبُ	1.00	0.98	rec	1530.98	1532.24
87	2	أَصَلَوٰتُكَ	أَصَلَوَاتُكَ	1.00	1.00	rec	1532.40	1533.88
87	3	تَأْمُرُكَ	تَأْمُرُكَ	1.00	1.00	rec	1534.02	1534.88
87	4	أَن	أَنْ	1.00	1.00	rec	1535.00	1535.70
87	5	نَّتْرُكَ	نَتْرُكَ	1.00	1.00	rec	1535.76	1536.46
87	6	مَا	مَا	1.00	1.00	rec	1536.62	1536.76
87	7	يَعْبُدُ	يَعْبُدُ	1.00	1.00	rec	1537.04	1537.72
87	8	ءَابَآؤُنَآ	آبَاؤُنَا	0.86	1.00	rec	1537.92	1540.30
87	9	أَوْ	أَوْ	1.00	1.00	rec	1541.10	1541.40
87	10	أَن	أَنْ	1.00	1.00	rec	1541.50	1542.06
87	11	نَّفْعَلَ	نَفْعَلَ	1.00	1.00	rec	1542.12	1542.78
87	12	فِىٓ	فِي	1.00	1.00	rec	1543.00	1543.14
87	13	أَمْوَٰلِنَا	أَمْوَالِنَا	1.00	1.00	rec	1543.92	1545.00
87	14	مَا	مَا	1.00	1.00	rec	1552.92	1553.06
87	15	نَشَٰٓؤُا۟ۖ	نَشَاءُ	0.60	1.00	rec	1553.36	1555.30
87	16	إِنَّكَ	إِنَّكَ	1.00	0.99	rec	1555.46	1556.78
87	17	لَأَنتَ	لَأَنْتَ	1.00	1.00	rec	1556.90	1557.98
87	18	ٱلْحَلِيمُ	الْحَلِيمُ	1.00	1.00	rec	1558.06	1559.16
87	19	ٱلرَّشِيدُ	الرَّشِيدُ	1.00	1.00	rec	1559.22	1560.78
88	0	قَالَ	قَالَ	1.00	1.00	rec	1562.26	1562.78
88	1	يَٰقَوْمِ	يَا+قَوْمِ	1.00	1.00	rec	1562.90	1563.86
88	2	أَرَءَيْتُمْ	أَرَأَيْتُمْ	0.83	1.00	rec	1564.00	1565.10
88	3	إِن	إِنْ	1.00	1.00	rec	1565.22	1565.88
88	4	كُنتُ	كُنْتُ	1.00	1.00	rec	1566.00	1566.94
88	5	عَلَىٰ	عَلَىٰ	1.00	1.00	rec	1567.12	1567.42
88	6	بَيِّنَةٍۢ	بَيِّنَةٍ	1.00	0.98	rec	1567.70	1568.56
88	7	مِّن	مِنْ	1.00	1.00	rec	1569.18	1569.42
88	8	رَّبِّى	رَبِّي	1.00	0.99	rec	1569.50	1570.00
88	9	وَرَزَقَنِى	وَرَزَقْنِي	1.00	1.00	rec	1570.38	1571.42
88	10	مِنْهُ	مِنْهُ	1.00	1.00	rec	1571.76	1572.20
88	11	رِزْقًا	رِزْقًا	1.00	1.00	rec	1572.34	1572.82
88	12	حَسَنًۭاۚ	حَسَنًا	1.00	1.00	rec	1573.22	1573.82
88	13	وَمَآ	وَمَا	1.00	1.00	rec	1575.70	1576.04
88	14	أُرِيدُ	أُرِيدُ	1.00	1.00	rec	1576.28	1576.94
88	15	أَنْ	أَنْ	1.00	1.00	rec	1577.10	1577.48
88	16	أُخَالِفَكُمْ	أُخَالِفَكُمْ	1.00	1.00	rec	1577.58	1579.16
88	17	إِلَىٰ	إِلَىٰ	1.00	1.00	rec	1579.26	1579.58
88	18	مَآ	مَا	1.00	1.00	rec	1579.88	1580.00
88	19	أَنْهَىٰكُمْ	أَنْهَاكُمْ	0.86	0.97	rec	1580.38	1581.72
88	20	عَنْهُۚ	عَنْهُ	1.00	1.00	rec	1581.80	1582.18
88	21	إِنْ	إِنْ	1.00	1.00	rec	1583.18	1583.42
88	22	أُرِيدُ	أُرِيدُ	1.00	1.00	rec	1583.48	1584.14
88	23	إِلَّا	إِلَّا	1.00	1.00	rec	1584.32	1584.82
88	24	ٱلْإِصْلَٰحَ	الْإِصْلَاحَ	1.00	1.00	rec	1584.86	1586.14
88	25	مَا	مَا	1.00	1.00	rec	1586.28	1586.40
88	26	ٱسْتَطَعْتُۚ	اسْتَطَعْتُ	1.00	1.00	rec	1586.44	1587.38
88	27	وَمَا	وَمَا	1.00	1.00	rec	1587.56	1587.92
88	28	تَوْفِيقِىٓ	تَوْفِيقِيَ	1.00	1.00	rec	1588.32	1589.54
88	29	إِلَّا	إِلَّا	1.00	1.00	rec	1589.70	1590.22
88	30	بِٱللَّهِۚ	بِاللَّهِ	1.00	1.00	rec	1590.62	1591.86
88	31	عَلَيْهِ	عَلَيْهِ	1.00	1.00	rec	1592.86	1593.54
88	32	تَوَكَّلْتُ	تَوَكَّلْتُ	1.00	1.00	rec	1593.74	1594.78
88	33	وَإِلَيْهِ	وَإِلَيْهِ	1.00	1.00	rec	1594.90	1595.86
88	34	أُنِيبُ	أُنِيبُ	1.00	1.00	rec	1596.02	1597.26
89	0	وَيَٰقَوْمِ	وَيَا+قَوْمِ	1.00	1.00	rec	1598.30	1599.58
89	1	لَا	لَا	1.00	1.00	rec	1599.76	1599.88
89	2	يَجْرِمَنَّكُمْ	يَجْرِمَنَّكُمْ	1.00	0.96	rec	1600.20	1602.18
89	3	شِقَاقِىٓ	شِقَاقِيَ	1.00	1.00	rec	1602.30	1603.48
89	4	أَن	أَنْ	1.00	1.00	rec	1603.66	1604.40
89	5	يُصِيبَكُم	يُصِيبَكُمْ	1.00	1.00	rec	1604.44	1606.04
89	6	مِّثْلُ	مِثْلُ	1.00	1.00	rec	1606.10	1606.52
89	7	مَآ	مَا	1.00	1.00	rec	1606.72	1606.84
89	8	أَصَابَ	أَصَابَ	1.00	1.00	rec	1607.34	1608.16
89	9	قَوْمَ	قَوْمَ	1.00	1.00	rec	1608.36	1608.76
89	10	نُوحٍ	نُوحٍ	1.00	1.00	rec	1608.90	1609.40
89	11	أَوْ	أَوْ	1.00	1.00	rec	1609.76	1610.00
89	12	قَوْمَ	قَوْمَ	1.00	1.00	rec	1610.14	1610.54
89	13	هُودٍ	هُودٍ	1.00	1.00	rec	1610.70	1611.22
89	14	أَوْ	أَوْ	1.00	1.00	rec	1611.60	1611.88
89	15	قَوْمَ	قَوْمَ	1.00	1.00	rec	1612.04	1612.48
89	16	صَٰلِحٍۢۚ	صَالِحٍ	1.00	1.00	rec	1612.68	1613.54
89	17	وَمَا	وَمَا	1.00	1.00	rec	1614.38	1614.72
89	18	قَوْمُ	قَوْمُ	1.00	1.00	rec	1615.08	1615.56
89	19	لُوطٍۢ	لُوطٍ	1.00	1.00	rec	1615.74	1616.24
89	20	مِّنكُم	مِنْكُمْ	1.00	1.00	rec	1616.88	1618.44
89	21	بِبَعِيدٍۢ	بِبَعِيدٍ	1.00	1.00	rec	1618.50	1619.98
90	0	وَٱسْتَغْفِرُوا۟	وَاسْتَغْفِرُوا	1.00	1.00	rec	1621.04	1621.98
90	1	رَبَّكُمْ	رَبَّكُمْ	1.00	0.94	rec	1622.24	1623.08
90	2	ثُمَّ	ثُمَّ	1.00	1.00	rec	1623.20	1623.94
90	3	تُوبُوٓا۟	تُوبُوا	1.00	0.99	rec	1624.12	1624.68
90	4	إِلَيْهِۚ	إِلَيْهِ	1.00	0.97	rec	1625.54	1626.56
90	5	إِنَّ	إِنَّ	1.00	1.00	rec	1627.28	1628.14
90	6	رَبِّى	رَبِّي	1.00	1.00	rec	1628.30	1628.78
90	7	رَحِيمٌۭ	رَحِيمٌ	1.00	1.00	rec	1629.02	1629.86
90	8	وَدُودٌۭ	وَدُودٌ	1.00	1.00	rec	1630.66	1631.94
91	0	قَالُوا۟	قَالُوا	1.00	1.00	rec	1632.98	1633.58
91	1	يَٰشُعَيْبُ	يَا+شُعَيْبُ	1.00	1.00	rec	1633.90	1635.32
91	2	مَا	مَانَهُ⌐	0.67	0.96	rec	1635.54	1635.77
91	3	نَفْقَهُ	مَانَهُ¬	0.67	0.96	rec	1635.77	1636.22
91	4	كَثِيرًۭا	كَثِيرًا	1.00	1.00	rec	1637.04	1637.78
91	5	مِّمَّا	مِمَّا	1.00	1.00	rec	1638.36	1639.16
91	6	تَقُولُ	تَقُولُ	1.00	0.99	rec	1639.54	1640.76
91	7	وَإِنَّا	وَإِنَّا	1.00	1.00	rec	1641.38	1642.48
91	8	لَنَرَىٰكَ	لَنَرِيكَ	0.83	1.00	rec	1642.88	1643.84
91	9	فِينَا	فِينَا	1.00	1.00	rec	1644.00	1644.64
91	10	ضَعِيفًۭاۖ	ضَعِيفًا	1.00	0.96	rec	1644.96	1645.88
91	11	وَلَوْلَا	وَلَوْلَا	1.00	1.00	rec	1646.86	1647.60
91	12	رَهْطُكَ	رَهْطُكَ	1.00	0.96	rec	1648.00	1648.80
91	13	لَرَجَمْنَٰكَۖ	لَرَجَمْنَاكَ	1.00	1.00	rec	1648.94	1650.40
91	14	وَمَآ	وَمَا	1.00	1.00	rec	1650.54	1650.94
91	15	أَنتَ	أَنْتَ	1.00	1.00	rec	1651.44	1652.34
91	16	عَلَيْنَا	عَلَيْنَا	1.00	1.00	rec	1652.48	1653.32
91	17	بِعَزِيزٍۢ	بِعَزِيزٍ	1.00	1.00	rec	1653.62	1655.10
92	0	قَالَ	قَالَ	1.00	1.00	rec	1656.04	1656.54
92	1	يَٰقَوْمِ	يَا+قَوْمِ	1.00	1.00	rec	1656.66	1657.74
92	2	أَرَهْطِىٓ	أَرَهْطِيَ	1.00	0.99	rec	1658.00	1659.00
92	3	أَعَزُّ	أَعَزُّ	1.00	1.00	rec	1659.14	1659.84
92	4	عَلَيْكُم	عَلَيْكُمْ	1.00	1.00	rec	1659.98	1661.48
92	5	مِّنَ	مِنَ	1.00	1.00	rec	1661.54	1661.78
92	6	ٱللَّهِ	اللَّهِ	1.00	1.00	rec	1661.82	1663.00
92	7	وَٱتَّخَذْتُمُوهُ	وَاتَّخَذْتُمُوهُ	1.00	1.00	rec	1663.96	1665.42
92	8	وَرَآءَكُمْ	وَرَاءَكُمْ	1.00	1.00	rec	1665.62	1668.02
92	9	ظِهْرِيًّاۖ	ظِهْرِيًّا	1.00	1.00	rec	1668.12	1669.16
92	10	إِنَّ	إِنَّ	1.00	1.00	rec	1670.34	1671.26
92	11	رَبِّى	رَبِّي	1.00	1.00	rec	1671.40	1671.88
92	12	بِمَا	بِمَا	1.00	1.00	rec	1672.20	1672.54
92	13	تَعْمَلُونَ	تَعْمَلُونَ	1.00	1.00	rec	1672.92	1674.10
92	14	مُحِيطٌۭ	مُحِيطٌ	1.00	1.00	rec	1674.24	1675.78
93	0	وَيَٰقَوْمِ	وَيَا+قَوْمِ	1.00	1.00	rec	1677.02	1678.32
93	1	ٱعْمَلُوا۟	اعْمَلُوا	1.00	1.00	rec	1678.38	1678.96
93	2	عَلَىٰ	عَلَىٰ	1.00	1.00	rec	1679.30	1679.60
93	3	مَكَانَتِكُمْ	مَكَانَتِكُمْ	1.00	1.00	rec	1679.84	1681.28
93	4	إِنِّى	إِنِّي	1.00	1.00	rec	1681.40	1682.68
93	5	عَٰمِلٌۭۖ	عَامِلٌ	1.00	1.00	rec	1683.04	1683.86
93	6	سَوْفَ	سَوْفَ	1.00	1.00	rec	1684.74	1685.30
93	7	تَعْلَمُونَ	تَعْلَمُونَ	1.00	1.00	rec	1685.46	1686.50
93	8	مَن	مَنْ	1.00	1.00	rec	1686.64	1687.38
93	9	يَأْتِيهِ	يَأْتِيهِ	1.00	1.00	rec	1687.42	1688.30
93	10	عَذَابٌۭ	عَذَابٌ	1.00	1.00	rec	1688.48	1689.18
93	11	يُخْزِيهِ	يُخْزِيهِ	1.00	1.00	rec	1689.82	1690.74
93	12	وَمَنْ	وَمَنْ	1.00	1.00	rec	1690.92	1691.46
93	13	هُوَ	هُوَ	1.00	1.00	rec	1691.52	1691.76
93	14	كَٰذِبٌۭۖ	كَاذِبٌ	1.00	0.97	rec	1691.98	1692.80
93	15	وَٱرْتَقِبُوٓا۟	وَارْتَقِبُوا	1.00	1.00	rec	1697.16	1698.24
93	16	إِنِّى	إِنِّي	1.00	1.00	rec	1698.80	1699.66
93	17	مَعَكُمْ	مَعَكُمْ	1.00	0.99	rec	1700.02	1700.80
93	18	رَقِيبٌۭ	رَقِيبٌ	1.00	1.00	rec	1700.90	1702.28
94	0	وَلَمَّا	وَلَمَّا	1.00	1.00	rec	1704.48	1705.38
94	1	جَآءَ	جَا	0.67	1.00	rec	1705.68	1705.82
94	2	أَمْرُنَا	أَ+مْرُنَا	1.00	0.98	rec	1706.46	1707.18
94	3	نَجَّيْنَا	نَجَّيْنَا	1.00	1.00	rec	1707.46	1708.24
94	4	شُعَيْبًۭا	شُعَيْبًا	1.00	1.00	rec	1708.58	1709.38
94	5	وَٱلَّذِينَ	وَالَّذِينَ	1.00	0.99	rec	1709.92	1710.84
94	6	ءَامَنُوا۟	آمَنُوا	0.83	0.99	rec	1711.00	1711.64
94	7	مَعَهُۥ	مَعَهُ	1.00	1.00	rec	1711.90	1712.40
94	8	بِرَحْمَةٍۢ	بِرَحْمَةٍ	1.00	1.00	rec	1712.74	1713.60
94	9	مِّنَّا	مِنَّا	1.00	0.98	rec	1714.26	1715.28
94	10	وَأَخَذَتِ	وَأَخَذَتِ	1.00	1.00	rec	1716.46	1717.34
94	11	ٱلَّذِينَ	الَّذِينَ	1.00	1.00	rec	1717.40	1718.28
94	12	ظَلَمُوا۟	ظَلَمُوا	1.00	1.00	rec	1718.42	1718.94
94	13	ٱلصَّيْحَةُ	الصَّيْحَةُ	1.00	0.99	rec	1719.00	1720.00
94	14	فَأَصْبَحُوا۟	فَأَصْبَحُوا	1.00	0.94	rec	1720.24	1721.24
94	15	فِى	فِي	1.00	1.00	rec	1721.62	1721.76
94	16	دِيَٰرِهِمْ	دِيَارِهِمْ	1.00	0.98	rec	1722.06	1723.24
94	17	جَٰثِمِينَ	جَاثِمِينَ	1.00	0.95	rec	1723.36	1725.30
95	0	كَأَن	كَأَنْ	1.00	1.00	rec	1726.14	1726.62
95	1	لَّمْ	لَمْ	1.00	1.00	rec	1726.70	1727.02
95	2	يَغْنَوْا۟	يَغْنَوْا	1.00	1.00	rec	1727.12	1727.82
95	3	فِيهَآۗ	فِيهَا	1.00	1.00	rec	1728.08	1728.60
95	4	أَلَا	أَلَا	1.00	1.00	rec	1729.68	1730.00
95	5	بُعْدًۭا	بُعْدًا	1.00	1.00	rec	1730.46	1730.98
95	6	لِّمَدْيَنَ	لِمَدْيَنَ	1.00	1.00	rec	1731.30	1732.26
95	7	كَمَا	كَمَا	1.00	1.00	rec	1732.50	1732.84
95	8	بَعِدَتْ	بَعِدٌ	0.75	0.96	rec	1733.22	1733.70
95	9	ثَمُودُ	ثَمُودُ	1.00	0.99	rec	1734.04	1735.26
96	0	وَلَقَدْ	وَلَقَدْ	1.00	1.00	rec	1736.18	1736.90
96	1	أَرْسَلْنَا	أَرْسَلْنَا	1.00	1.00	rec	1737.02	1737.88
96	2	مُوسَىٰ	مُوسَىٰ	1.00	1.00	rec	1738.16	1738.68
96	3	بِـَٔايَٰتِنَا	بِآيَاتِنَا	1.00	1.00	rec	1738.94	1740.18
96	4	وَسُلْطَٰنٍۢ	وَسُلْطَانٍ	1.00	1.00	rec	1740.46	1741.78
96	5	مُّبِينٍ	مُبِينٍ	1.00	1.00	rec	1742.58	1743.92
97	0	إِلَىٰ	إِلَىٰ	1.00	1.00	rec	1744.96	1745.28
97	1	فِرْعَوْنَ	فِرْعَوْنَ	1.00	1.00	rec	1745.70	1746.74
97	2	وَمَلَإِي۟هِۦ	وَمَلَئِهِ	0.67	1.00	rec	1746.86	1747.86
97	3	فَٱتَّبَعُوٓا۟	فَاتَّبَعُوا	1.00	1.00	rec	1748.32	1749.24
97	4	أَمْرَ	أَمْرَ	1.00	1.00	rec	1749.94	1750.36
97	5	فِرْعَوْنَۖ	فِرْعَوْنَ	1.00	1.00	rec	1750.54	1751.44
97	6	وَمَآ	وَمَا	1.00	1.00	rec	1751.58	1751.96
97	7	أَمْرُ	أَمْرُ	1.00	1.00	rec	1752.62	1753.04
97	8	فِرْعَوْنَ	فِرْعَوْنَ	1.00	1.00	rec	1753.26	1754.20
97	9	بِرَشِيدٍۢ	بِرَشِيدٍ	1.00	1.00	rec	1754.32	1755.80
98	0	يَقْدُمُ	يَقَدْ	0.75	1.00	rec	1756.80	1757.30
98	1	قَوْمَهُۥ	مُقَوْمَهُ	0.80	1.00	rec	1757.42	1758.50
98	2	يَوْمَ	يَوْمَ	1.00	1.00	rec	1759.00	1759.46
98	3	ٱلْقِيَٰمَةِ	الْقِيَامَةِ	1.00	1.00	rec	1759.52	1760.86
98	4	فَأَوْرَدَهُمُ	فَأَوْرَدَهُمُ	1.00	1.00	rec	1761.06	1762.52
98	5	ٱلنَّارَۖ	النَّارَ	1.00	0.96	rec	1762.60	1763.64
98	6	وَبِئْسَ	سَالْوِرْدُ⌐	0.67	0.94	rec	1764.52	1764.91
98	7	ٱلْوِرْدُ	سَالْوِرْدُ¬	0.67	0.94	rec	1764.91	1765.40
98	8	ٱلْمَوْرُودُ	الْمَوْرُودُ	1.00	1.00	rec	1765.48	1767.46
99	0	وَأُتْبِعُوا۟	وَأُتْبِعُوا	1.00	0.95	rec	1768.44	1769.28
99	1	فِى	فِي	1.00	1.00	rec	1769.80	1769.94
99	2	هَٰذِهِۦ	هَـٰذِهِ	1.00	1.00	rec	1770.38	1771.28
99	3	لَعْنَةًۭ	لَعْنَةً	1.00	1.00	rec	1771.76	1772.56
99	4	وَيَوْمَ	وَيَوْمَ	1.00	1.00	rec	1773.48	1774.26
99	5	ٱلْقِيَٰمَةِۚ	الْقِيَامَةِ	1.00	1.00	rec	1774.32	1775.74
99	6	بِئْسَ	سَالرِّفْدُ⌐	0.75	0.95	rec	1776.32	1776.63
99	7	ٱلرِّفْدُ	سَالرِّفْدُ¬	0.75	0.95	rec	1776.63	1777.16
99	8	ٱلْمَرْفُودُ	الْمَرْفُودُ	1.00	1.00	rec	1777.24	1778.98
100	0	ذَٰلِكَ	ذَٰلِكَ	1.00	1.00	rec	1779.76	1780.42
100	1	مِنْ	مِنْ	1.00	1.00	rec	1780.54	1780.88
100	2	أَنۢبَآءِ	أَنْبَاءِ	1.00	1.00	rec	1780.96	1783.60
100	3	ٱلْقُرَىٰ	الْقُدِىٰ	0.83	0.95	rec	1783.66	1784.34
100	4	نَقُصُّهُۥ	نَقُصُّهُ	1.00	1.00	rec	1784.64	1785.60
100	5	عَلَيْكَۖ	عَلَيْكَ	1.00	0.99	rec	1785.90	1787.22
100	6	مِنْهَا	مِنْهَا	1.00	1.00	rec	1787.92	1788.46
100	7	قَآئِمٌۭ	قَائِمٌ	1.00	1.00	rec	1788.84	1790.74
100	8	وَحَصِيدٌۭ	وَحَصِيدٌ	1.00	1.00	rec	1791.34	1793.16
101	0	وَمَا	وَمَا	1.00	1.00	rec	1795.18	1795.50
101	1	ظَلَمْنَٰهُمْ	ظَلَمْنَاهُمْ	1.00	0.95	rec	1795.80	1796.96
101	2	وَلَٰكِن	وَلَـٰكِنْ	1.00	1.00	rec	1797.04	1798.42
101	3	ظَلَمُوٓا۟	ظَلَمُوا	1.00	1.00	rec	1798.50	1799.00
101	4	أَنفُسَهُمْۖ	أَنْفُسَهُمْ	1.00	1.00	rec	1799.54	1801.44
101	5	فَمَآ	فَمَا	1.00	1.00	rec	1802.14	1802.50
101	6	أَغْنَتْ	أَغْنَتْ	1.00	1.00	rec	1802.94	1803.70
101	7	عَنْهُمْ	عَنْهُمْ	1.00	1.00	rec	1803.78	1804.60
101	8	ءَالِهَتُهُمُ	آلِهَتُهُمُ	0.86	1.00	rec	1804.72	1806.24
101	9	ٱلَّتِى	الَّتِي	1.00	1.00	rec	1806.32	1806.94
101	10	يَدْعُونَ	يَدْعُونَ	1.00	0.97	rec	1807.24	1808.10
101	11	مِن	مِنْ	1.00	1.00	rec	1808.24	1808.80
101	12	دُونِ	دُونِ	1.00	1.00	rec	1808.90	1809.36
101	13	ٱللَّهِ	اللَّهِ	1.00	1.00	rec	1809.42	1810.18
101	14	مِن	مِنْ	1.00	1.00	rec	1810.36	1810.96
101	15	شَىْءٍۢ	شَيْءٍ	1.00	1.00	rec	1811.10	1811.62
101	16	لَّمَّا	لَمَّا	1.00	1.00	rec	1811.94	1812.70
101	17	جَآءَ	جَاءَ	1.00	0.95	rec	1813.04	1814.00
101	18	أَمْرُ	مْرُ	0.67	1.00	rec	1814.12	1814.42
101	19	رَبِّكَۖ	رَبِّكَ	1.00	0.99	rec	1814.54	1815.32
101	20	وَمَا	وَمَا	1.00	1.00	rec	1816.18	1816.52
101	21	زَادُوهُمْ	زَادُوهُمْ	1.00	1.00	rec	1816.92	1818.26
101	22	غَيْرَ	غَيْرَتٌ	0.75	0.94	rec	1818.38	1819.16
101	23	تَتْبِيبٍۢ		0.00	0.06	forced	1819.18	1820.64
102	0	وَكَذَٰلِكَ	وَكَذَٰلِكَ	1.00	1.00	rec	1821.80	1823.02
102	1	أَخْذُ	أَخْذُ	1.00	1.00	rec	1823.18	1823.66
102	2	رَبِّكَ	رَبِّكَ	1.00	1.00	rec	1823.82	1824.50
102	3	إِذَآ	إِذَا	1.00	1.00	rec	1824.66	1825.06
102	4	أَخَذَ	أَخَذَ	1.00	1.00	rec	1825.50	1826.06
102	5	ٱلْقُرَىٰ	الْقُدِىٰ	0.83	0.93	rec	1826.12	1826.76
102	6	وَهِىَ	وَهِيَ	1.00	1.00	rec	1827.02	1827.48
102	7	ظَٰلِمَةٌۚ	ظَالِمَةٌ	1.00	1.00	rec	1827.64	1828.60
102	8	إِنَّ	إِنَّ	1.00	1.00	rec	1829.18	1830.26
102	9	أَخْذَهُۥٓ	أَخْذَهُ	1.00	1.00	rec	1830.38	1831.12
102	10	أَلِيمٌۭ	أَلِيمٌ	1.00	1.00	rec	1831.50	1832.20
102	11	شَدِيدٌ	شَدِيدٌ	1.00	1.00	rec	1833.02	1834.20
103	0	إِنَّ	إِنَّ	1.00	0.99	rec	1834.92	1835.80
103	1	فِى	فِي	1.00	1.00	rec	1835.96	1836.10
103	2	ذَٰلِكَ	ذَٰلِكَ	1.00	1.00	rec	1836.40	1837.16
103	3	لَءَايَةًۭ	لَآيَةً	0.80	1.00	rec	1837.28	1838.14
103	4	لِّمَنْ	لِمَنْ	1.00	1.00	rec	1838.42	1838.92
103	5	خَافَ	خَافَ	1.00	1.00	rec	1839.06	1839.70
103	6	عَذَابَ	عَذَابَ	1.00	1.00	rec	1839.84	1840.56
103	7	ٱلْءَاخِرَةِۚ	الْآخِرَةِ	0.86	1.00	rec	1840.62	1841.98
103	8	ذَٰلِكَ	ذَٰلِكَ	1.00	1.00	rec	1843.08	1843.74
103	9	يَوْمٌۭ	يَوْمٌ	1.00	1.00	rec	1843.86	1844.40
103	10	مَّجْمُوعٌۭ	مَجْمُوعٌ	1.00	1.00	rec	1845.22	1846.14
103	11	لَّهُ	لَهُ	1.00	1.00	rec	1846.40	1846.68
103	12	ٱلنَّاسُ	النَّاسُ	1.00	0.98	rec	1846.74	1847.86
103	13	وَذَٰلِكَ	وَذَٰلِكَ	1.00	1.00	rec	1848.00	1849.10
103	14	يَوْمٌۭ	يَوْمٌ	1.00	1.00	rec	1849.22	1849.80
103	15	مَّشْهُودٌۭ	مَشْهُودٌ	1.00	1.00	rec	1850.48	1852.02
104	0	وَمَا	وَمَا	1.00	1.00	rec	1852.86	1853.20
104	1	نُؤَخِّرُهُۥٓ	نُؤَخِّرُوهُ	0.83	0.99	rec	1853.52	1854.74
104	2	إِلَّا	إِلَّا	1.00	1.00	rec	1855.22	1855.66
104	3	لِأَجَلٍۢ	لِأَجْلٍ	1.00	0.98	rec	1855.94	1856.60
104	4	مَّعْدُودٍۢ	مَعْدُودٍ	1.00	1.00	rec	1857.30	1858.76
105	0	يَوْمَ	يَوْمَ	1.00	1.00	rec	1859.56	1859.94
105	1	يَأْتِ	يَأْتِ	1.00	1.00	rec	1860.06	1860.44
105	2	لَا	لَا	1.00	1.00	rec	1860.56	1860.64
105	3	تَكَلَّمُ	تَكَلَّمُ	1.00	1.00	rec	1860.94	1861.76
105	4	نَفْسٌ	نَفْسٌ	1.00	1.00	rec	1861.92	1862.38
105	5	إِلَّا	إِلَّا	1.00	1.00	rec	1862.70	1863.20
105	6	بِإِذْنِهِۦۚ	بِإِذْنِهِ	1.00	1.00	rec	1863.52	1864.38
105	7	فَمِنْهُمْ	فَمِنْهُمْ	1.00	1.00	rec	1865.08	1865.84
105	8	شَقِىٌّۭ	شَقِيٌّ	1.00	1.00	rec	1865.98	1866.66
105	9	وَسَعِيدٌۭ	وَسَعِيدٌ	1.00	1.00	rec	1867.48	1868.84
106	0	فَأَمَّا	فَأَمَّا	1.00	1.00	rec	1869.70	1870.62
106	1	ٱلَّذِينَ	الَّذِينَ	1.00	0.99	rec	1870.66	1871.54
106	2	شَقُوا۟	شَقُوا	1.00	0.99	rec	1871.72	1872.14
106	3	فَفِى	فَفِي	1.00	1.00	rec	1872.52	1872.90
106	4	ٱلنَّارِ	النَّارِ	1.00	1.00	rec	1872.94	1874.60
106	5	لَهُمْ	لَهُمْ	1.00	1.00	rec	1880.82	1881.38
106	6	فِيهَا	فِيهَا	1.00	1.00	rec	1881.52	1882.04
106	7	زَفِيرٌۭ	زَفِيرٌ	1.00	1.00	rec	1882.40	1883.28
106	8	وَشَهِيقٌ	وَشَهِيقٌ	1.00	1.00	rec	1883.88	1885.48
107	0	خَٰلِدِينَ	خَالِدِينَ	1.00	1.00	rec	1886.24	1887.26
107	1	فِيهَا	فِيهَا	1.00	1.00	rec	1887.44	1887.98
107	2	مَا	مَا	1.00	1.00	rec	1888.38	1888.52
107	3	دَامَتِ	دَامَتِ	1.00	0.97	rec	1888.78	1889.44
107	4	ٱلسَّمَٰوَٰتُ	السَّمَاوَاتُ	1.00	1.00	rec	1889.52	1890.88
107	5	وَٱلْأَرْضُ	وَالْأَرْضُ	1.00	1.00	rec	1890.96	1891.80
107	6	إِلَّا	إِلَّا	1.00	1.00	rec	1891.96	1892.42
107	7	مَا	مَا	1.00	1.00	rec	1892.66	1892.80
107	8	شَآءَ	شَاءَ	1.00	1.00	rec	1893.14	1895.32
107	9	رَبُّكَۚ	رَبُّكَ	1.00	0.94	rec	1895.44	1896.14
107	10	إِنَّ	إِنَّ	1.00	1.00	rec	1896.76	1897.66
107	11	رَبَّكَ	رَبَّكَ	1.00	1.00	rec	1897.78	1898.46
107	12	فَعَّالٌۭ	فَعَّالٌ	1.00	1.00	rec	1898.64	1899.54
107	13	لِّمَا	لِمَا	1.00	1.00	rec	1899.84	1900.16
107	14	يُرِيدُ	يُرِيدُ	1.00	1.00	rec	1900.58	1901.90
108	0	وَأَمَّا	وَأَمَّا	1.00	0.92	rec	1902.80	1903.82
108	1	ٱلَّذِينَ	الَّذِينَ	1.00	0.96	rec	1903.86	1904.74
108	2	سُعِدُوا۟	سَعِدُوا	1.00	1.00	rec	1904.92	1905.54
108	3	فَفِى	فَفِي	1.00	1.00	rec	1905.90	1906.26
108	4	ٱلْجَنَّةِ	الْجَنَّةِ	1.00	0.99	rec	1906.30	1908.32
108	5	خَٰلِدِينَ	خَالِدِينَ	1.00	1.00	rec	1909.04	1910.16
108	6	فِيهَا	فِيهَا	1.00	1.00	rec	1910.36	1910.98
108	7	مَا	مَعَ	0.50	0.98	rec	1911.36	1911.66
108	8	دَامَتِ	دَعمَتِ	0.75	0.99	rec	1911.82	1912.58
108	9	ٱلسَّمَٰوَٰتُ	السَّمَاوَاتُ	1.00	0.99	rec	1912.64	1914.14
108	10	وَٱلْأَرْضُ	وَالْأَرْضُ	1.00	1.00	rec	1914.24	1915.10
108	11	إِلَّا	إِلَّا	1.00	1.00	rec	1915.28	1915.78
108	12	مَا	مَا	1.00	1.00	rec	1916.08	1916.20
108	13	شَآءَ	شَاءَ	1.00	1.00	rec	1916.60	1918.70
108	14	رَبُّكَۖ	رَبُّكَ	1.00	1.00	rec	1918.82	1919.54
108	15	عَطَآءً	عَطَاءً	1.00	0.99	rec	1920.12	1922.46
108	16	غَيْرَ	غَيْرَ	1.00	1.00	rec	1922.86	1923.34
108	17	مَجْذُوذٍۢ	مَجْذُوذٍ	1.00	1.00	rec	1923.48	1924.96
109	0	فَلَا	فَلَا	1.00	1.00	rec	1925.88	1926.14
109	1	تَكُ	تَكُ	1.00	0.95	rec	1926.38	1926.66
109	2	فِى	فِي	1.00	1.00	rec	1926.90	1927.02
109	3	مِرْيَةٍۢ	مِرْيَةٍ	1.00	1.00	rec	1927.26	1927.88
109	4	مِّمَّا	مِمَّا	1.00	1.00	rec	1928.66	1929.60
109	5	يَعْبُدُ	يَعْبُدُ	1.00	1.00	rec	1929.94	1930.62
109	6	هَٰٓؤُلَآءِۚ	هَـٰؤُلَاءِ	1.00	1.00	rec	1930.84	1933.06
109	7	مَا	مَا	1.00	1.00	rec	1933.88	1934.00
109	8	يَعْبُدُونَ	يَعْبُدُونَ	1.00	0.96	rec	1934.26	1935.24
109	9	إِلَّا	إِلَّا	1.00	1.00	rec	1935.34	1935.78
109	10	كَمَا	كَمَا	1.00	1.00	rec	1936.12	1936.46
109	11	يَعْبُدُ	يَعْبُدُ	1.00	1.00	rec	1936.74	1937.42
109	12	ءَابَآؤُهُم	آبَاؤُهُمْ	0.86	1.00	rec	1937.62	1940.72
109	13	مِّن	مِنْ	1.00	1.00	rec	1940.78	1941.48
109	14	قَبْلُۚ	قَبْلُ	1.00	1.00	rec	1941.58	1942.04
109	15	وَإِنَّا	وَإِنَّ	0.75	0.99	rec	1942.72	1943.92
109	16	لَمُوَفُّوهُمْ	عَعْلَمُوَفُّوُهُمْ	0.78	0.93	rec	1944.02	1946.24
109	17	نَصِيبَهُمْ	نَصِيبَهُمْ	1.00	1.00	rec	1946.34	1947.56
109	18	غَيْرَ	غَيْرَ	1.00	1.00	rec	1947.68	1948.18
109	19	مَنقُوصٍۢ	مَنْقُوصٍ	1.00	1.00	rec	1948.32	1950.52
110	0	وَلَقَدْ	وَلَقَدْ	1.00	1.00	rec	1952.16	1952.80
110	1	ءَاتَيْنَا	آتَيْنَا	0.83	1.00	rec	1952.90	1953.88
110	2	مُوسَى	مُوسَى	1.00	1.00	rec	1954.18	1954.74
110	3	ٱلْكِتَٰبَ	الْكِتَابَ	1.00	1.00	rec	1954.80	1955.88
110	4	فَٱخْتُلِفَ	فَاخْتُلِفَ	1.00	1.00	rec	1956.08	1957.02
110	5	فِيهِۚ	فِيهِ	1.00	1.00	rec	1957.20	1958.04
110	6	وَلَوْلَا	وَلَوْلَا	1.00	1.00	rec	1958.82	1959.54
110	7	كَلِمَةٌۭ	كَلِمَةٌ	1.00	1.00	rec	1959.90	1960.68
110	8	سَبَقَتْ	سَبَقَتْ	1.00	1.00	rec	1961.56	1962.42
110	9	مِن	مِنْ	1.00	1.00	rec	1962.52	1962.78
110	10	رَّبِّكَ	رَبِّكَ	1.00	1.00	rec	1962.86	1963.56
110	11	لَقُضِىَ	لَقُضِيَ	1.00	1.00	rec	1963.70	1964.46
110	12	بَيْنَهُمْۚ	بَيْنَهُمْ	1.00	0.98	rec	1964.60	1965.54
110	13	وَإِنَّهُمْ	وَإِنَّهُمْ	1.00	1.00	rec	1968.54	1969.96
110	14	لَفِى	لَفِي	1.00	1.00	rec	1970.02	1970.40
110	15	شَكٍّۢ	شَكٍّ	1.00	0.99	rec	1970.66	1971.14
110	16	مِّنْهُ	مِنْهُ	1.00	1.00	rec	1972.00	1972.46
110	17	مُرِيبٍۢ	مُلِيبٍ	0.75	0.91	rec	1972.60	1974.00
111	0	وَإِنَّ	وَإِنَّ	1.00	0.98	rec	1974.96	1975.94
111	1	كُلًّۭا	كُلًّا	1.00	1.00	rec	1976.14	1976.60
111	2	لَّمَّا	لَمَا	1.00	1.00	rec	1976.86	1977.18
111	3	لَيُوَفِّيَنَّهُمْ	لَيُوَفِّيَنَّهُمْ	1.00	1.00	rec	1977.52	1979.48
111	4	رَبُّكَ	رَبُّكَ	1.00	1.00	rec	1979.56	1980.18
111	5	أَعْمَٰلَهُمْۚ	أَعْمَالَهُمْ	1.00	1.00	rec	1980.32	1981.82
111	6	إِنَّهُۥ	إِنَّهُ	1.00	0.92	rec	1982.42	1983.64
111	7	بِمَا	بِمَا	1.00	1.00	rec	1984.00	1984.34
111	8	يَعْمَلُونَ	يَعْمَلُونَ	1.00	1.00	rec	1984.66	1985.88
111	9	خَبِيرٌۭ	خَبِيرٌ	1.00	1.00	rec	1986.08	1987.44
112	0	فَٱسْتَقِمْ	فَاسْتَقِمْكَمَا⌐	1.00	1.00	rec	1988.26	1989.15
112	1	كَمَآ	فَاسْتَقِمْكَمَا¬	1.00	1.00	rec	1989.15	1989.60
112	2	أُمِرْتَ	أُمِرْتَ	1.00	1.00	rec	1989.98	1990.76
112	3	وَمَن	وَمَنْ	1.00	1.00	rec	1990.92	1991.90
112	4	تَابَ	تَعَابَ	0.75	0.99	rec	1992.04	1992.74
112	5	مَعَكَ	مَعَكَ	1.00	1.00	rec	1992.88	1993.46
112	6	وَلَا	وَلَا	1.00	1.00	rec	1993.58	1993.94
112	7	تَطْغَوْا۟ۚ	تَطْغَوْا	1.00	0.94	rec	1996.98	1997.76
112	8	إِنَّهُۥ	إِنَّهُ	1.00	0.93	rec	1997.90	1999.00
112	9	بِمَا	بِمَا	1.00	1.00	rec	1999.36	1999.70
112	10	تَعْمَلُونَ	تَعْمَلُونَ	1.00	1.00	rec	2000.02	2001.30
112	11	بَصِيرٌۭ	بَصِيرٌ	1.00	1.00	rec	2001.44	2002.86
113	0	وَلَا	وَلَا	1.00	1.00	rec	2004.00	2004.30
113	1	تَرْكَنُوٓا۟	تَرْكَنُوا	1.00	1.00	rec	2004.62	2005.32
113	2	إِلَى	إِلَى	1.00	1.00	rec	2005.94	2006.20
113	3	ٱلَّذِينَ	الَّذِينَ	1.00	1.00	rec	2006.24	2007.08
113	4	ظَلَمُوا۟	ظَلَمُوا	1.00	0.94	rec	2007.24	2007.76
113	5	فَتَمَسَّكُمُ	فَتَمَسَّكُمُ	1.00	0.96	rec	2008.08	2009.42
113	6	ٱلنَّارُ	النَّارُ	1.00	0.95	rec	2009.50	2011.52
113	7	وَمَا	وَمَا	1.00	1.00	rec	2012.36	2012.68
113	8	لَكُم	لَكُمْ	1.00	1.00	rec	2012.98	2013.88
113	9	مِّن	مِنْ	1.00	1.00	rec	2013.94	2014.62
113	10	دُونِ	دُونِ	1.00	1.00	rec	2014.72	2015.22
113	11	ٱللَّهِ	اللَّهِ	1.00	1.00	rec	2015.28	2016.02
113	12	مِنْ	مِنْ	1.00	1.00	rec	2016.20	2016.54
113	13	أَوْلِيَآءَ	أَوْلِيَاءَ	1.00	1.00	rec	2016.64	2018.96
113	14	ثُمَّ	ثُمَّ	1.00	1.00	rec	2019.16	2020.04
113	15	لَا	لَا	1.00	1.00	rec	2020.20	2020.34
113	16	تُنصَرُونَ	تُنْصَرُونَ	1.00	0.99	rec	2020.68	2023.18
114	0	وَأَقِمِ	وَأَقِمِ	1.00	1.00	rec	2024.36	2025.06
114	1	ٱلصَّلَوٰةَ	الصَّلَاعةَ	0.71	0.91	rec	2025.14	2026.24
114	2	طَرَفَىِ	طَرَفَيِ	1.00	0.98	rec	2026.44	2027.16
114	3	ٱلنَّهَارِ	النَّهَارِ	1.00	0.92	rec	2027.24	2028.86
114	4	وَزُلَفًۭا	وَزُلَفًا	1.00	1.00	rec	2029.00	2029.86
114	5	مِّنَ	مِنَ	1.00	1.00	rec	2030.64	2030.88
114	6	ٱلَّيْلِۚ	اللَّيْلِ	0.80	0.99	rec	2030.92	2032.16
114	7	إِنَّ	إِنَّ	1.00	1.00	rec	2032.90	2033.76
114	8	ٱلْحَسَنَٰتِ	الْحَسَنَاتِ	1.00	1.00	rec	2033.80	2035.12
114	9	يُذْهِبْنَ	يُذْهِبْنَ	1.00	0.98	rec	2035.28	2036.20
114	10	ٱلسَّيِّـَٔاتِۚ	السِّيَ+جئاتٍ	0.75	0.73	rec	2036.24	2038.28
114	11	ذَٰلِكَ	ذَٰلِكَ	1.00	0.95	rec	2038.94	2039.72
114	12	ذِكْرَىٰ	ذِكْرِي	0.80	0.96	rec	2039.86	2040.32
114	13	لِلذَّٰكِرِينَ	لذَّاكِرِينَ	0.88	0.98	rec	2040.96	2043.02
115	0	وَٱصْبِرْ	وَاصْبِرْ	1.00	1.00	rec	2043.88	2044.54
115	1	فَإِنَّ	فَإِنَّ	1.00	0.97	rec	2044.66	2045.70
115	2	ٱللَّهَ	اللَّهَ	1.00	0.94	rec	2045.76	2046.46
115	3	لَا	لَا	1.00	1.00	rec	2046.62	2046.74
115	4	يُضِيعُ	يُضِيعُ	1.00	1.00	rec	2047.10	2047.78
115	5	أَجْرَ	أَجْرَ	1.00	1.00	rec	2047.96	2048.38
115	6	ٱلْمُحْسِنِينَ	الْمُحْحِ+حسِنِينَ	0.80	0.75	rec	2048.46	2050.80
116	0	فَلَوْلَا	فَلَوْلَا	1.00	1.00	rec	2052.64	2053.36
116	1	كَانَ	كَانَ	1.00	1.00	rec	2053.68	2054.16
116	2	مِنَ	مِنَ	1.00	1.00	rec	2054.28	2054.52
116	3	ٱلْقُرُونِ	الْقُرُونِ	1.00	1.00	rec	2054.56	2055.40
116	4	مِن	مِنْ	1.00	1.00	rec	2055.54	2056.24
116	5	قَبْلِكُمْ	قَبَلِكُمْ	1.00	0.97	rec	2056.36	2057.28
116	6	أُو۟لُوا۟	أُولُو	0.80	1.00	rec	2057.36	2057.64
116	7	بَقِيَّةٍۢ	بَقِيَّةٍ	1.00	1.00	rec	2057.94	2058.94
116	8	يَنْهَوْنَ	يَنْهَوْنَ	1.00	1.00	rec	2059.68	2060.48
116	9	عَنِ	عَنِ	1.00	1.00	rec	2060.58	2060.84
116	10	ٱلْفَسَادِ	الْفَسَادِ	1.00	0.97	rec	2060.90	2061.86
116	11	فِى	فِي	1.00	1.00	rec	2062.02	2062.12
116	12	ٱلْأَرْضِ	الْأَرْضِ	1.00	0.93	rec	2062.16	2062.88
116	13	إِلَّا	إِلَّا	1.00	1.00	rec	2063.02	2063.54
116	14	قَلِيلًۭا	قَلِيلًا	1.00	1.00	rec	2063.86	2064.64
116	15	مِّمَّنْ	مِمَّنْ	1.00	0.98	rec	2065.36	2066.54
116	16	أَنجَيْنَا	أَنْجَيْنَا	1.00	1.00	rec	2066.60	2068.08
116	17	مِنْهُمْۗ	مِنْهُمْ	1.00	1.00	rec	2068.50	2069.36
116	18	وَٱتَّبَعَ	وَاتَّبَعَ	1.00	1.00	rec	2070.28	2071.04
116	19	ٱلَّذِينَ	الَّذِينَ	1.00	1.00	rec	2071.12	2071.90
116	20	ظَلَمُوا۟	ظَلَمُوا	1.00	1.00	rec	2072.06	2072.54
116	21	مَآ	مَا	1.00	1.00	rec	2072.82	2072.94
116	22	أُتْرِفُوا۟	أُتْرِفُوا	1.00	1.00	rec	2073.24	2073.94
116	23	فِيهِ	فِيهِ	1.00	1.00	rec	2074.24	2074.76
116	24	وَكَانُوا۟	وَكَانُوا	1.00	1.00	rec	2074.92	2075.82
116	25	مُجْرِمِينَ	مُجْرِمِينَ	1.00	1.00	rec	2076.16	2077.80
117	0	وَمَا	وَمَا	1.00	1.00	rec	2079.52	2079.82
117	1	كَانَ	كَانَ	1.00	1.00	rec	2080.10	2080.58
117	2	رَبُّكَ	رَبُّكَ	1.00	1.00	rec	2080.72	2081.32
117	3	لِيُهْلِكَ	لِيُهْلِكَ	1.00	1.00	rec	2081.44	2082.34
117	4	ٱلْقُرَىٰ	الْقُدَىٰ	0.83	0.95	rec	2082.38	2082.98
117	5	بِظُلْمٍۢ	بِظُلْمٍ	1.00	1.00	rec	2083.24	2083.96
117	6	وَأَهْلُهَا	وَأَهْلُهَا	1.00	1.00	rec	2084.62	2085.48
117	7	مُصْلِحُونَ	مُصْلِحُونَ	1.00	1.00	rec	2085.84	2087.86
118	0	وَلَوۡ	وَلَوْ	1.00	1.00	rec	2088.86	2089.26
118	1	شَآءَ	شَاءَ	1.00	1.00	rec	2089.44	2091.12
118	2	رَبُّكَ	رَبُّكَ	1.00	1.00	rec	2091.24	2091.86
118	3	لَجَعَلَ	لَجَعَلَ	1.00	1.00	rec	2092.00	2092.68
118	4	اَ۬لنَّاسَ	النَّاسَ	1.00	1.00	rec	2092.74	2094.06
118	5	أُمَّةٗ	أُمَّةً	1.00	1.00	rec	2094.18	2095.22
118	6	وَٰحِدَةٗۖ	وَاحِدَةً	1.00	1.00	rec	2096.26	2097.28
118	7	وَلَا	وَلَا	1.00	1.00	rec	2098.22	2098.52
118	8	يَزَالُونَ	يَزَالُونَ	1.00	0.98	rec	2098.72	2099.86
118	9	مُخۡتَلِفِينَ	مُخْتَلِفِينَ	1.00	1.00	rec	2099.98	2101.36
118	10	إِلَّا	إِلَّا	1.00	1.00	rec	2101.50	2102.02
118	11	مَن	مَنْ	1.00	1.00	rec	2102.44	2102.68
118	12	رَّحِمَ	رَحِمَ	1.00	1.00	rec	2102.76	2103.30
118	13	رَبُّكَۚ	رَبُّكَ	1.00	1.00	rec	2103.44	2104.16
118	14	وَلِذَٰلِكَ	وَلِذَٰلِكَ	1.00	1.00	rec	2104.30	2105.56
118	15	خَلَقَهُمْۗ	خَلَقَهُمْ	1.00	1.00	rec	2105.74	2106.86
118	16	وَتَمَّتْ	وَتَمَّتْ	1.00	0.95	rec	2107.66	2109.28
118	17	كَلِمَةُ	كَلِمَتُ	0.75	1.00	rec	2109.36	2110.08
118	18	رَبِّكَ	رَبِّكَ	1.00	1.00	rec	2110.20	2110.90
118	19	لَأَمْلَأَنَّ	لَأَمْلَأَنَّ	1.00	1.00	rec	2111.02	2112.56
118	20	جَهَنَّمَ	جَهَنَّمَ	1.00	1.00	rec	2112.70	2113.92
118	21	مِنَ	مِنَ	1.00	0.95	rec	2114.04	2114.28
118	22	ٱلْجِنَّةِ	الْجِنَّةِ	1.00	1.00	rec	2114.34	2115.72
118	23	وَٱلنَّاسِ	وَالنِّيسِ	0.83	0.93	rec	2115.84	2117.22
118	24	أَجْمَعِينَ	أَجْمَعِينَ	1.00	1.00	rec	2117.40	2119.16
119	0	وَكُلًّۭا	وَكُلًّا	1.00	1.00	rec	2120.22	2120.90
119	1	نَّقُصُّ	نَقُصُّ	1.00	1.00	rec	2121.60	2122.30
119	2	عَلَيْكَ	عَلَيْكَ	1.00	1.00	rec	2122.50	2123.20
119	3	مِنْ	مِنْ	1.00	1.00	rec	2123.34	2123.62
119	4	أَنۢبَآءِ	أَنْبَاءِ	1.00	1.00	rec	2123.70	2126.14
119	5	ٱلرُّسُلِ	الرُّسُلِ	1.00	1.00	rec	2126.22	2127.00
119	6	مَا	مَا	1.00	1.00	rec	2127.20	2127.34
119	7	نُثَبِّتُ	نُثَبِّتُ	1.00	1.00	rec	2127.70	2128.82
119	8	بِهِۦ	بِهِ	1.00	1.00	rec	2129.00	2129.28
119	9	فُؤَادَكَۚ	فُؤَادَكَ	1.00	1.00	rec	2129.78	2130.92
119	10	وَجَآءَكَ	وَجَاءَكَ	1.00	1.00	rec	2131.72	2133.98
119	11	فِى	فِي	1.00	1.00	rec	2134.18	2134.32
119	12	هَٰذِهِ	هَـٰذِهِ	1.00	1.00	rec	2134.64	2135.42
119	13	ٱلْحَقُّ	الْحَكُ	0.75	0.84	rec	2135.48	2135.96
119	14	وَمَوْعِظَةٌۭ	قهُوَ+مَوْعِظَةٌ	0.75	0.69	rec	2136.20	2137.56
119	15	وَذِكْرَىٰ	وَذِكْرِي	0.83	0.93	rec	2138.16	2138.88
119	16	لِلْمُؤْمِنِينَ	لِلْمُؤْمِنِينَ	1.00	1.00	rec	2139.26	2141.18
120	0	وَقُل	وَقُلْ	1.00	1.00	rec	2142.14	2142.62
120	1	لِّلَّذِينَ	لِلَّذِينَ	1.00	1.00	rec	2142.70	2143.60
120	2	لَا	لَا	1.00	1.00	rec	2143.72	2143.82
120	3	يُؤْمِنُونَ	يُؤْمِنُونَ	1.00	1.00	rec	2144.16	2145.12
120	4	ٱعْمَلُوا۟	اعْمَلُوا	1.00	1.00	rec	2145.16	2145.72
120	5	عَلَىٰ	عَلَىٰ	1.00	1.00	rec	2146.00	2146.28
120	6	مَكَانَتِكُمْ	مَكَانَتِكُمْ	1.00	1.00	rec	2146.50	2147.92
120	7	إِنَّا	إِنَّا	1.00	0.91	rec	2148.02	2149.18
120	8	عَٰمِلُونَ	عَامِلُونَ	1.00	1.00	rec	2149.50	2151.26
121	0	وَٱنتَظِرُوٓا۟	وَانْتَظِرُوا	1.00	1.00	rec	2152.16	2153.76
121	1	إِنَّا	إِنَّا	1.00	1.00	rec	2154.38	2155.08
121	2	مُنتَظِرُونَ	مُنْتَظِرُونَ	1.00	1.00	rec	2155.50	2158.08
122	0	وَلِلَّهِ	وَلِلَّهِ	1.00	1.00	rec	2159.04	2160.14
122	1	غَيْبُ	غَيْبُ	1.00	1.00	rec	2160.32	2160.82
122	2	ٱلسَّمَٰوَٰتِ	السَّمَاوَاتِ	1.00	0.99	rec	2160.90	2162.30
122	3	وَٱلْأَرْضِ	وَالْأَرْضِ	1.00	1.00	rec	2162.42	2163.34
122	4	وَإِلَيْهِ	وَإِلَيْهِ	1.00	1.00	rec	2163.46	2164.38
122	5	يُرْجَعُ	يَرْجِعُ	1.00	1.00	rec	2164.52	2165.18
122	6	ٱلْأَمْرُ	الْأَمْرُ	1.00	1.00	rec	2165.26	2165.94
122	7	كُلُّهُۥ	كُلُّهُ	1.00	1.00	rec	2166.14	2166.76
122	8	فَٱعْبُدْهُ	فَاعْبُدْهُ	1.00	1.00	rec	2167.46	2168.20
122	9	وَتَوَكَّلْ	وَتَوَكَّلْ	1.00	1.00	rec	2168.32	2169.38
122	10	عَلَيْهِۚ	عَلَيْهِ	1.00	0.99	rec	2169.46	2170.54
122	11	وَمَا	وَمَا	1.00	1.00	rec	2171.16	2171.48
122	12	رَبُّكَ	رَبُّكَ	1.00	1.00	rec	2171.82	2172.46
122	13	بِغَٰفِلٍ	بِغَافِلٍ	1.00	1.00	rec	2172.58	2173.60
122	14	عَمَّا	عَمَّا	1.00	0.98	rec	2173.94	2174.98
122	15	تَعْمَلُونَ	يَعْمَلُونَ	0.83	0.99	rec	2175.44	2177.64

# recognised but not in the text (repeats are listed in the json)
extra			فَعَمِيَتْ		1.00		500.16	501.02
extra			عَلَيْكُمْ		1.00		501.08	501.96
extra			إِنْطَبَتْ		0.91		536.54	537.80
extra			إِنِّي		1.00		556.18	556.98
extra			مَلَكٌ		1.00		557.26	557.84
extra			وَلَا		1.00		558.56	558.88
extra			أَقُولُ		1.00		559.22	559.88
extra			وَلَا		1.00		659.68	659.98
extra			تُخَاطِبْنِي		1.00		660.22	661.48
extra			فِي		1.00		661.90	662.00
extra			الَّذِينَ		1.00		662.04	662.90
extra			ظَلَمُوا		0.97		663.06	663.62
extra			كَمْ		0.98		749.46	750.14
extra			وَبَرَكَاتٍ		0.99		857.02	858.02
extra			عَلَيْكَ		1.00		858.28	858.92
extra			يُرْسِلِ		1.00		929.90	930.30
extra			السَّمَاءَ		1.00		930.36	932.08
extra			عَلَيْكُمْ		1.00		932.18	933.18
extra			مِدْرَارًا		1.00		933.24	934.12
extra			وَعَصَوْا		1.00		1042.78	1043.50
extra			رُسُلَهُ		1.00		1043.62	1044.36
extra			فَاسْتَغْفِرُوهُ		1.00		1088.08	1089.22
extra			فَذَرُوهَا		1.00		1154.80	1155.70
extra			تَأْكُلْ		1.00		1156.20	1156.84
extra			فِي		1.00		1156.96	1157.10
extra			أَرْضِ		1.00		1157.52	1157.94
extra			اللَّهِ		1.00		1158.00	1158.84
extra			بِرَحْمَةٍ		1.00		1191.52	1192.24
extra			مِنَّا		1.00		1192.78	1193.62
extra			رَأِي		0.90		1241.76	1242.06
extra			فَبَشِّرْنَاهَا		0.96		1266.68	1267.88
extra			بِإِسْحَاقَ		1.00		1268.16	1269.16
extra			يَاأَ		0.95		1329.72	1330.32
extra			بِخَيْدٍ		1.00		1472.60	1473.46
extra			وَإِنِّيَ		1.00		1473.98	1475.42
extra			أَخَافُ		1.00		1475.54	1476.48
extra			عَلَيْكُمْ		1.00		1476.62	1477.72
extra			إِنِّيَ		1.00		1478.88	1480.58
extra			أَرِيكُمْ		0.98		1480.74	1482.10
extra			النَّعَسَ		0.91		1497.98	1499.10
extra			أَشْيَاءَهُمْ		1.00		1499.20	1501.76
extra			وَلَا		1.00		1503.24	1503.54
extra			تَبْخَسُوا		1.00		1503.88	1504.66
extra			مَعَ		1.00		1545.36	1545.72
extra			نَشَاءُ		1.00		1545.88	1547.62
extra			أَوْ		1.00		1549.00	1549.34
extra			أَنْ		1.00		1549.44	1550.08
extra			نَفْعَلَ		1.00		1550.14	1550.82
extra			فِي		1.00		1551.02	1551.16
extra			أَمْوَالِنَا		1.00		1551.56	1552.64
extra			قَوُ		0.82		1636.48	1636.76
extra			وَمَنْ		1.00		1694.42	1694.94
extra			هُوَ		1.00		1695.02	1695.26
extra			كَاذِبٌ		0.92		1695.50	1696.40
extra			ب		0.96		1819.48	1819.50
extra			فَعَمَّا		0.96		1875.66	1876.96
extra			الَّذِينَ		1.00		1877.02	1877.94
extra			شَقُوا		1.00		1878.14	1878.54
extra			فَفِي		1.00		1879.04	1879.38
extra			النَّارِ		1.00		1879.42	1880.68
extra			لَقُضِيَ		1.00		1966.52	1967.24
extra			بَيْنَهُمْ		1.00		1967.40	1968.44
extra			تَضْغَوْا		0.96		1994.42	1995.20
extra			وَلَا		1.00		1996.20	1996.54
